V_SITE_ID,V_TIME,D_PVI_CAPA,D_PERIOD_GEN_KWH,D_TOT_GEN_KWH,D_TEMP,D_HUMIDITY,D_PRESSURE,D_DEW,D_UVI,D_CLOUDS,D_VISIBILITY,D_WIND_SPEED,D_WIND_DEG,V_GPS_Y,V_GPS_X,__SRC__,TIME
KR10025001,2025092510,968.375,105.2,463708.13,23.38,94.0,1019.0,22.36,0.0,100.0,6302.0,2.75,183.0,36.0372673,126.6898854,MASTER,2025092510
KR10025001,2025092511,968.375,225.53000000000003,463933.66,23.32,93.0,1019.0,22.12,0.0,100.0,10000.0,3.57,182.0,36.0372673,126.6898854,MASTER,2025092511
KR10025001,2025092512,968.375,235.0,464168.66,23.37,92.0,1019.0,22.0,0.0,100.0,10000.0,3.6,182.0,36.0372673,126.6898854,MASTER,2025092512
KR10025001,2025092513,968.375,146.06999999999996,464314.7299999999,23.62,91.0,1019.0,22.06,0.0,100.0,10000.0,3.06,197.0,36.0372673,126.6898854,MASTER,2025092513
KR10025001,2025092514,968.375,183.46000000000004,464498.19,24.68,84.0,1018.0,21.79,0.0,100.0,10000.0,3.01,219.0,36.0372673,126.6898854,MASTER,2025092514
KR10025001,2025092515,968.375,292.42,464790.61,24.65,85.0,1018.0,21.96,0.0,100.0,10000.0,1.53,164.0,36.0372673,126.6898854,MASTER,2025092515
KR10025001,2025092516,968.375,200.5900000000001,464991.2,24.64,85.0,1018.0,21.95,0.0,100.0,10000.0,1.35,156.0,36.0372673,126.6898854,MASTER,2025092516
KR10025001,2025092517,968.375,99.93000000000004,465091.13,24.46,87.0,1018.0,22.15,0.0,100.0,10000.0,0.85,153.0,36.0372673,126.6898854,MASTER,2025092517
KR10025001,2025092518,968.375,4.590000000000002,465095.72,23.88,94.0,1018.0,22.85,0.0,100.0,10000.0,0.44,133.0,36.0372673,126.6898854,MASTER,2025092518
KR10025001,2025092519,968.375,0.0,465095.72,23.79,95.0,1018.0,22.94,0.0,100.0,10000.0,0.53,85.0,36.0372673,126.6898854,MASTER,2025092519
KR10025001,2025092520,968.375,0.0,465095.72,23.6,95.0,1018.0,22.75,0.0,100.0,10000.0,1.38,107.0,36.0372673,126.6898854,MASTER,2025092520
KR10025001,2025092521,968.375,0.0,465095.72,23.33,95.0,1019.0,22.48,0.0,100.0,10000.0,1.13,122.0,36.0372673,126.6898854,MASTER,2025092521
KR10025001,2025092522,968.375,0.0,465095.72,22.94,96.0,1019.0,22.27,0.0,100.0,10000.0,1.23,105.0,36.0372673,126.6898854,MASTER,2025092522
KR10025001,2025092523,968.375,0.0,465095.72,22.19,96.0,1019.0,21.53,0.0,100.0,10000.0,0.96,41.0,36.0372673,126.6898854,MASTER,2025092523
KR10025001,2025092600,968.375,0.0,465095.72,22.0,96.0,1019.0,21.45,0.0,100.0,10000.0,1.38,22.0,36.0372673,126.6898854,MASTER,2025092600
KR10025001,2025092601,968.375,0.0,465095.72,22.02,96.0,1019.0,21.39,0.0,100.0,10000.0,1.68,16.0,36.0372673,126.6898854,MASTER,2025092601
KR10025001,2025092602,968.375,0.0,465095.72,21.98,95.0,1019.0,21.1,0.0,100.0,10000.0,1.86,19.0,36.0372673,126.6898854,MASTER,2025092602
KR10025001,2025092603,968.375,0.0,465095.72,21.66,93.0,1019.0,20.46,0.0,100.0,10000.0,2.38,21.0,36.0372673,126.6898854,MASTER,2025092603
KR10025001,2025092604,968.375,0.0,465095.72,21.2,91.0,1019.0,19.34,0.0,100.0,10000.0,2.78,10.0,36.0372673,126.6898854,MASTER,2025092604
KR10025001,2025092605,968.375,0.0,465095.72,20.83,87.0,1019.0,18.0,0.0,100.0,10000.0,2.81,27.0,36.0372673,126.6898854,MASTER,2025092605
KR10025001,2025092606,968.375,2.1500000000000004,465097.87,19.87,85.0,1019.0,17.28,0.0,83.0,10000.0,2.17,35.0,36.0372673,126.6898854,MASTER,2025092606
KR10025001,2025092607,968.375,86.63000000000002,465184.5,19.88,84.0,1019.0,17.1,0.0,84.0,10000.0,2.44,31.0,36.0372673,126.6898854,MASTER,2025092607
KR10025001,2025092608,968.375,229.06,465413.56,20.4,83.0,1019.0,17.42,0.0,87.0,10000.0,2.17,38.0,36.0372673,126.6898854,MASTER,2025092608
KR10025001,2025092609,968.375,443.34,465856.9000000001,21.71,80.0,1020.0,18.11,0.0,89.0,10000.0,2.41,32.0,36.0372673,126.6898854,MASTER,2025092609
KR10025001,2025092610,968.375,317.3,466174.2,23.53,73.0,1020.0,18.41,0.0,97.0,10000.0,2.39,36.0,36.0372673,126.6898854,MASTER,2025092610
KR10025001,2025092611,968.375,769.0900000000001,466943.29,25.83,63.0,1020.0,16.39,0.0,91.0,10000.0,2.43,28.0,36.0372673,126.6898854,MASTER,2025092611
KR10025001,2025092612,968.375,633.84,467577.13,26.54,58.0,1019.0,15.97,0.0,95.0,10000.0,1.9,24.0,36.0372673,126.6898854,MASTER,2025092612
KR10025001,2025092613,968.375,629.74,468206.87000000005,27.04,57.0,1019.0,15.93,0.0,97.0,10000.0,1.29,328.0,36.0372673,126.6898854,MASTER,2025092613
KR10025001,2025092614,968.375,448.32,468655.19,27.72,56.0,1018.0,16.17,0.0,98.0,10000.0,1.48,293.0,36.0372673,126.6898854,MASTER,2025092614
KR10025001,2025092615,968.375,656.95,469312.14,27.49,59.0,1018.0,16.83,0.0,98.0,10000.0,2.56,290.0,36.0372673,126.6898854,MASTER,2025092615
KR10025001,2025092616,968.375,292.26000000000005,469604.4,26.58,69.0,1018.0,18.17,0.0,100.0,10000.0,4.11,292.0,36.0372673,126.6898854,MASTER,2025092616
KR10025001,2025092617,968.375,77.74999999999999,469682.15,25.4,76.0,1018.0,18.7,0.0,100.0,10000.0,3.87,305.0,36.0372673,126.6898854,MASTER,2025092617
KR10025001,2025092618,968.375,2.77,469684.92,24.34,75.0,1018.0,19.62,0.0,100.0,10000.0,3.36,315.0,36.0372673,126.6898854,MASTER,2025092618
KR10025001,2025092619,968.375,0.0,469684.92,24.18,74.0,1018.0,19.25,0.0,100.0,10000.0,3.06,339.0,36.0372673,126.6898854,MASTER,2025092619
KR10025001,2025092620,968.375,0.0,469684.92,23.87,74.0,1018.0,18.96,0.0,100.0,10000.0,2.98,1.0,36.0372673,126.6898854,MASTER,2025092620
KR10025001,2025092621,968.375,0.0,469684.92,23.39,73.0,1019.0,18.28,0.0,100.0,10000.0,3.08,7.0,36.0372673,126.6898854,MASTER,2025092621
KR10025001,2025092622,968.375,0.0,469684.92,22.71,72.0,1020.0,17.41,0.0,100.0,10000.0,1.74,325.0,36.0372673,126.6898854,MASTER,2025092622
KR10025001,2025092623,968.375,0.0,469684.92,22.32,72.0,1019.0,15.47,0.0,100.0,10000.0,1.78,30.0,36.0372673,126.6898854,MASTER,2025092623
KR10025001,2025092700,968.375,0.0,469684.92,21.52,72.0,1019.0,15.09,0.0,100.0,10000.0,1.29,71.0,36.0372673,126.6898854,MASTER,2025092700
KR10025001,2025092701,968.375,0.0,469684.92,21.65,72.0,1019.0,15.12,0.0,100.0,10000.0,1.85,103.0,36.0372673,126.6898854,MASTER,2025092701
KR10025001,2025092702,968.375,0.0,469684.92,21.47,71.0,1019.0,15.07,0.0,100.0,10000.0,2.0,115.0,36.0372673,126.6898854,MASTER,2025092702
KR10025001,2025092703,968.375,0.0,469684.92,21.18,74.0,1019.0,15.38,0.0,100.0,10000.0,1.8,92.0,36.0372673,126.6898854,MASTER,2025092703
KR10025001,2025092704,968.375,0.0,469684.92,20.98,75.0,1019.0,15.43,0.0,100.0,10000.0,1.45,32.0,36.0372673,126.6898854,MASTER,2025092704
KR10025001,2025092705,968.375,0.0,469684.92,21.51,74.0,1019.0,14.96,0.0,100.0,10000.0,1.43,56.0,36.0372673,126.6898854,MASTER,2025092705
KR10025001,2025092706,968.375,2.87,469687.79,20.74,87.0,1018.0,18.5,0.0,73.0,10000.0,2.34,65.0,36.0372673,126.6898854,MASTER,2025092706
KR10025001,2025092707,968.375,90.29000000000002,469778.08,20.75,88.0,1018.0,18.69,0.0,75.0,10000.0,2.21,67.0,36.0372673,126.6898854,MASTER,2025092707
KR10025001,2025092708,968.375,235.05,470013.13,21.09,85.0,1018.0,18.47,0.0,78.0,10000.0,2.11,78.0,36.0372673,126.6898854,MASTER,2025092708
KR10025001,2025092709,968.375,441.18,470454.31,22.03,81.0,1019.0,18.62,0.0,81.0,10000.0,2.01,70.0,36.0372673,126.6898854,MASTER,2025092709
KR10025001,2025092710,968.375,377.99000000000007,470832.3,22.56,76.0,1019.0,18.12,0.0,95.0,10000.0,2.23,90.0,36.0372673,126.6898854,MASTER,2025092710
KR10025001,2025092711,968.375,784.6,471616.9000000001,24.25,67.0,1019.0,17.2,0.0,100.0,10000.0,2.09,142.0,36.0372673,126.6898854,MASTER,2025092711
KR10025001,2025092712,968.375,548.4300000000001,472165.33,25.19,64.0,1018.0,17.26,0.0,100.0,10000.0,1.98,199.0,36.0372673,126.6898854,MASTER,2025092712
KR10025001,2025092713,968.375,434.98,472600.3099999999,25.72,65.0,1018.0,17.83,0.0,100.0,10000.0,2.15,245.0,36.0372673,126.6898854,MASTER,2025092713
KR10025001,2025092714,968.375,262.75,472863.06000000006,25.38,69.0,1018.0,18.31,0.0,100.0,10000.0,2.18,260.0,36.0372673,126.6898854,MASTER,2025092714
KR10025001,2025092715,968.375,152.03999999999994,473015.1,24.75,75.0,1017.0,18.89,0.0,100.0,10000.0,2.6,268.0,36.0372673,126.6898854,MASTER,2025092715
KR10025001,2025092716,968.375,55.2,473070.3,24.25,80.0,1017.0,19.42,0.0,100.0,10000.0,2.12,281.0,36.0372673,126.6898854,MASTER,2025092716
KR10025001,2025092717,968.375,3.6100000000000008,473073.91,24.11,83.0,1016.0,19.72,0.0,100.0,10000.0,1.68,291.0,36.0372673,126.6898854,MASTER,2025092717
KR10025001,2025092718,968.375,0.0,473073.91,24.27,82.0,1016.0,21.0,0.0,99.0,10000.0,2.58,292.0,36.0372673,126.6898854,MASTER,2025092718
KR10025001,2025092719,968.375,0.0,473073.91,24.14,83.0,1016.0,21.07,0.0,99.0,10000.0,2.58,300.0,36.0372673,126.6898854,MASTER,2025092719
KR10025001,2025092720,968.375,0.0,473073.91,23.73,83.0,1016.0,20.67,0.0,99.0,10000.0,1.29,307.0,36.0372673,126.6898854,MASTER,2025092720
KR10025001,2025092721,968.375,0.0,473073.91,23.96,83.0,1016.0,20.9,0.0,100.0,10000.0,0.68,266.0,36.0372673,126.6898854,MASTER,2025092721
KR10025001,2025092722,968.375,0.0,473073.91,23.83,85.0,1016.0,21.16,0.0,100.0,10000.0,0.58,273.0,36.0372673,126.6898854,MASTER,2025092722
KR10025001,2025092723,968.375,0.0,473073.91,23.32,87.0,1016.0,19.53,0.0,100.0,10000.0,0.72,228.0,36.0372673,126.6898854,MASTER,2025092723
KR10025001,2025092800,968.375,0.0,473073.91,23.25,88.0,1015.0,19.59,0.0,100.0,10000.0,0.21,197.0,36.0372673,126.6898854,MASTER,2025092800
KR10025001,2025092801,968.375,0.0,473073.91,23.1,88.0,1015.0,19.68,0.0,100.0,10000.0,1.64,160.0,36.0372673,126.6898854,MASTER,2025092801
KR10025001,2025092802,968.375,0.0,473073.91,23.01,89.0,1014.0,19.55,0.0,100.0,10000.0,1.61,137.0,36.0372673,126.6898854,MASTER,2025092802
KR10025001,2025092803,968.375,0.0,473073.91,22.98,90.0,1014.0,19.48,0.0,100.0,10000.0,1.93,128.0,36.0372673,126.6898854,MASTER,2025092803
KR10025001,2025092804,968.375,0.0,473073.91,23.14,90.0,1013.0,19.52,0.0,100.0,10000.0,2.0,151.0,36.0372673,126.6898854,MASTER,2025092804
KR10025001,2025092805,968.375,0.0,473073.91,23.0,92.0,1013.0,19.75,0.0,100.0,10000.0,3.07,201.0,36.0372673,126.6898854,MASTER,2025092805
KR10025001,2025092806,968.375,0.0,473073.91,22.76,92.0,1012.0,21.39,0.0,100.0,10000.0,1.85,176.0,36.0372673,126.6898854,MASTER,2025092806
KR10025001,2025092807,968.375,0.0,473073.91,22.74,93.0,1012.0,21.55,0.0,100.0,10000.0,2.0,144.0,36.0372673,126.6898854,MASTER,2025092807
KR10025001,2025092808,968.375,0.0,473073.91,22.52,93.0,1012.0,21.33,0.0,100.0,7110.0,2.44,138.0,36.0372673,126.6898854,MASTER,2025092808
KR10025001,2025092809,968.375,0.0,473073.91,22.02,95.0,1011.0,21.18,0.0,100.0,2397.0,1.06,244.0,36.0372673,126.6898854,MASTER,2025092809
KR10025001,2025092810,968.375,0.0,473073.91,21.58,97.0,1011.0,21.08,0.0,100.0,1251.0,2.26,228.0,36.0372673,126.6898854,MASTER,2025092810
KR10025001,2025092811,968.375,0.0,473073.91,21.2,97.0,1011.0,20.91,0.0,100.0,2864.0,1.45,255.0,36.0372673,126.6898854,MASTER,2025092811
KR10025001,2025092812,968.375,0.0,473073.91,21.25,96.0,1011.0,20.65,0.0,100.0,10000.0,3.03,313.0,36.0372673,126.6898854,MASTER,2025092812
KR10025001,2025092813,968.375,0.0,473073.91,20.91,93.0,1010.0,19.96,0.0,100.0,10000.0,3.6,318.0,36.0372673,126.6898854,MASTER,2025092813
KR10025001,2025092814,968.375,0.0,473073.91,20.63,94.0,1011.0,19.49,0.0,100.0,10000.0,4.01,321.0,36.0372673,126.6898854,MASTER,2025092814
KR10025001,2025092815,968.375,0.0,473073.91,20.54,92.0,1010.0,18.99,0.0,100.0,10000.0,3.43,316.0,36.0372673,126.6898854,MASTER,2025092815
KR10025001,2025092816,968.375,0.0,473073.91,20.72,91.0,1010.0,18.69,0.0,100.0,10000.0,3.73,311.0,36.0372673,126.6898854,MASTER,2025092816
KR10025001,2025092817,968.375,0.0,473073.91,21.0,89.0,1011.0,18.22,0.0,100.0,10000.0,4.68,318.0,36.0372673,126.6898854,MASTER,2025092817
KR10025001,2025092818,968.375,0.0,473073.91,21.77,88.0,1011.0,19.69,0.0,100.0,10000.0,3.97,321.0,36.0372673,126.6898854,MASTER,2025092818
KR10025001,2025092819,968.375,0.0,473073.91,21.7,88.0,1011.0,19.63,0.0,100.0,10000.0,3.89,329.0,36.0372673,126.6898854,MASTER,2025092819
KR10025001,2025092820,968.375,0.0,473073.91,21.5,87.0,1011.0,19.25,0.0,100.0,10000.0,3.63,331.0,36.0372673,126.6898854,MASTER,2025092820
KR10025001,2025092821,968.375,0.0,473073.91,21.18,87.0,1012.0,18.93,0.0,99.0,10000.0,2.47,337.0,36.0372673,126.6898854,MASTER,2025092821
KR10025001,2025092822,968.375,0.0,473073.91,20.89,86.0,1013.0,18.46,0.0,100.0,10000.0,2.52,333.0,36.0372673,126.6898854,MASTER,2025092822
KR10025001,2025092823,968.375,0.0,473073.91,20.72,86.0,1013.0,16.97,0.0,100.0,10000.0,2.83,326.0,36.0372673,126.6898854,MASTER,2025092823
KR10025001,2025092900,968.375,0.0,473073.91,20.73,87.0,1012.0,17.01,0.0,100.0,10000.0,2.07,325.0,36.0372673,126.6898854,MASTER,2025092900
KR10025001,2025092901,968.375,0.0,473073.91,20.58,86.0,1012.0,17.14,0.0,100.0,10000.0,1.5,340.0,36.0372673,126.6898854,MASTER,2025092901
KR10025001,2025092902,968.375,0.0,473073.91,20.78,86.0,1013.0,16.95,0.0,100.0,10000.0,1.84,330.0,36.0372673,126.6898854,MASTER,2025092902
KR10025001,2025092903,968.375,0.0,473073.91,20.65,86.0,1012.0,16.85,0.0,100.0,10000.0,0.9,3.0,36.0372673,126.6898854,MASTER,2025092903
KR10025001,2025092904,968.375,0.0,473073.91,20.49,86.0,1013.0,16.77,0.0,100.0,10000.0,2.27,323.0,36.0372673,126.6898854,MASTER,2025092904
KR10025001,2025092905,968.375,0.0,473073.91,20.55,86.0,1013.0,16.78,0.0,100.0,10000.0,1.32,1.0,36.0372673,126.6898854,MASTER,2025092905
KR10025001,2025092906,968.375,2.29,473076.2,20.53,84.0,1013.0,17.73,0.0,100.0,10000.0,3.45,332.0,36.0372673,126.6898854,MASTER,2025092906
KR10025001,2025092907,968.375,90.50000000000004,473166.7,20.52,84.0,1013.0,17.72,0.0,100.0,10000.0,3.06,340.0,36.0372673,126.6898854,MASTER,2025092907
KR10025001,2025092908,968.375,198.25,473364.95,20.86,83.0,1013.0,17.87,0.0,100.0,10000.0,3.19,354.0,36.0372673,126.6898854,MASTER,2025092908
KR10025001,2025092909,968.375,360.92,473725.87,21.57,79.0,1014.0,17.77,0.0,100.0,10000.0,2.91,360.0,36.0372673,126.6898854,MASTER,2025092909
KR10025001,2025092910,968.375,412.19000000000005,474138.06,21.3,75.0,1014.0,16.69,0.0,100.0,10000.0,2.38,358.0,36.0372673,126.6898854,MASTER,2025092910
KR10025001,2025092911,968.375,608.3900000000001,474746.45,22.67,68.0,1014.0,16.12,0.0,95.0,10000.0,1.85,338.0,36.0372673,126.6898854,MASTER,2025092911
KR10025001,2025092912,968.375,669.9100000000001,475416.36,23.07,64.0,1013.0,15.89,0.0,97.0,10000.0,2.52,305.0,36.0372673,126.6898854,MASTER,2025092912
KR10025001,2025092913,968.375,545.9200000000001,475962.28,23.65,63.0,1013.0,15.96,0.0,97.0,10000.0,3.37,299.0,36.0372673,126.6898854,MASTER,2025092913
KR10025001,2025092914,968.375,421.9,476384.18000000005,23.47,65.0,1013.0,16.14,0.0,97.0,10000.0,4.25,298.0,36.0372673,126.6898854,MASTER,2025092914
KR10025001,2025092915,968.375,536.9499999999999,476921.13,23.37,66.0,1013.0,16.19,0.0,97.0,10000.0,4.54,303.0,36.0372673,126.6898854,MASTER,2025092915
KR10025001,2025092916,968.375,296.48,477217.61,22.86,69.0,1013.0,16.23,0.0,100.0,10000.0,4.64,309.0,36.0372673,126.6898854,MASTER,2025092916
KR10025001,2025092917,968.375,100.61000000000004,477318.22,22.14,73.0,1013.0,16.41,0.0,100.0,10000.0,3.95,315.0,36.0372673,126.6898854,MASTER,2025092917
KR10025001,2025092918,968.375,3.540000000000001,477321.76,22.35,73.0,1013.0,17.28,0.0,83.0,10000.0,3.42,317.0,36.0372673,126.6898854,MASTER,2025092918
KR10025001,2025092919,968.375,0.0,477321.76,22.2,73.0,1013.0,17.13,0.0,80.0,10000.0,3.47,315.0,36.0372673,126.6898854,MASTER,2025092919
KR10025001,2025092920,968.375,0.0,477321.76,21.93,74.0,1013.0,17.09,0.0,72.0,10000.0,2.76,322.0,36.0372673,126.6898854,MASTER,2025092920
KR10025001,2025092921,968.375,0.0,477321.76,21.49,74.0,1014.0,16.66,0.0,61.0,10000.0,2.34,340.0,36.0372673,126.6898854,MASTER,2025092921
KR10025001,2025092922,968.375,0.0,477321.76,20.92,76.0,1014.0,16.53,0.0,29.0,10000.0,1.97,357.0,36.0372673,126.6898854,MASTER,2025092922
KR10025001,2025092923,968.375,0.0,477321.76,19.72,79.0,1014.0,13.87,0.0,10.0,10000.0,1.84,15.0,36.0372673,126.6898854,MASTER,2025092923
KR10025001,2025093000,968.375,0.0,477321.76,19.38,81.0,1014.0,13.84,0.0,39.0,10000.0,1.28,32.0,36.0372673,126.6898854,MASTER,2025093000
KR10025001,2025093001,968.375,0.0,477321.76,18.97,83.0,1014.0,13.83,0.0,52.0,10000.0,1.53,62.0,36.0372673,126.6898854,MASTER,2025093001
KR10025001,2025093002,968.375,0.0,477321.76,18.77,84.0,1014.0,13.99,0.0,62.0,10000.0,1.13,74.0,36.0372673,126.6898854,MASTER,2025093002
KR10025001,2025093003,968.375,0.0,477321.76,18.21,86.0,1014.0,13.87,0.0,63.0,10000.0,1.24,89.0,36.0372673,126.6898854,MASTER,2025093003
KR10025001,2025093004,968.375,0.0,477321.76,18.27,88.0,1014.0,14.04,0.0,100.0,10000.0,1.71,87.0,36.0372673,126.6898854,MASTER,2025093004
KR10025001,2025093005,968.375,0.0,477321.76,18.21,88.0,1014.0,14.06,0.0,100.0,10000.0,1.72,85.0,36.0372673,126.6898854,MASTER,2025093005
KR10025001,2025093006,968.375,5.300000000000001,477327.06000000006,18.57,88.0,1013.0,16.55,0.0,96.0,10000.0,1.88,92.0,36.0372673,126.6898854,MASTER,2025093006
KR10025001,2025093007,968.375,106.76000000000002,477433.82000000007,18.62,89.0,1013.0,16.77,0.0,96.0,10000.0,1.9,81.0,36.0372673,126.6898854,MASTER,2025093007
KR10025001,2025093008,968.375,205.13,477638.95,19.05,87.0,1013.0,16.84,0.0,97.0,10000.0,1.16,98.0,36.0372673,126.6898854,MASTER,2025093008
KR10025001,2025093009,968.375,308.85,477947.79999999993,19.88,84.0,1014.0,17.1,0.0,97.0,10000.0,1.78,110.0,36.0372673,126.6898854,MASTER,2025093009
KR10025001,2025093010,968.375,457.75,478405.5500000001,21.23,80.0,1014.0,17.64,0.0,99.0,10000.0,1.82,134.0,36.0372673,126.6898854,MASTER,2025093010
KR10025001,2025093011,968.375,592.5699999999999,478998.12,22.68,74.0,1014.0,16.15,0.0,100.0,10000.0,1.41,136.0,36.0372673,126.6898854,MASTER,2025093011
KR10025001,2025093012,968.375,505.04,479503.16,23.32,69.0,1013.0,15.91,0.0,100.0,10000.0,1.04,211.0,36.0372673,126.6898854,MASTER,2025093012
KR10025001,2025093013,968.375,504.93000000000006,480008.09,23.58,68.0,1013.0,15.66,0.0,100.0,10000.0,1.85,268.0,36.0372673,126.6898854,MASTER,2025093013
KR10025001,2025093014,968.375,502.33,480510.4200000001,23.9,66.0,1012.0,15.5,0.0,100.0,10000.0,2.13,247.0,36.0372673,126.6898854,MASTER,2025093014
KR10025001,2025093015,968.375,256.17,480766.59,24.14,65.0,1012.0,15.38,0.0,100.0,10000.0,2.48,252.0,36.0372673,126.6898854,MASTER,2025093015
KR10025001,2025093016,968.375,199.07000000000005,480965.6600000001,23.92,67.0,1012.0,15.44,0.0,100.0,10000.0,2.65,268.0,36.0372673,126.6898854,MASTER,2025093016
KR10025001,2025093017,968.375,98.31999999999998,481063.98,23.39,73.0,1012.0,15.9,0.0,98.0,10000.0,3.05,289.0,36.0372673,126.6898854,MASTER,2025093017
KR10025001,2025093018,968.375,4.050000000000002,481068.0299999999,22.45,75.0,1012.0,17.8,0.0,58.0,10000.0,2.52,316.0,36.0372673,126.6898854,MASTER,2025093018
KR10025001,2025093019,968.375,0.0,481068.0299999999,22.28,75.0,1012.0,17.64,0.0,57.0,10000.0,1.65,331.0,36.0372673,126.6898854,MASTER,2025093019
KR10025001,2025093020,968.375,0.0,481068.0299999999,21.9,75.0,1012.0,17.27,0.0,54.0,10000.0,1.63,327.0,36.0372673,126.6898854,MASTER,2025093020
KR10025001,2025093021,968.375,0.0,481068.0299999999,21.51,76.0,1013.0,17.1,0.0,48.0,10000.0,1.17,1.0,36.0372673,126.6898854,MASTER,2025093021
KR10025001,2025093022,968.375,0.0,481068.0299999999,20.82,78.0,1013.0,16.85,0.0,16.0,10000.0,1.35,33.0,36.0372673,126.6898854,MASTER,2025093022
KR10025001,2025093023,968.375,0.0,481068.0299999999,19.64,80.0,1013.0,14.01,0.0,5.0,10000.0,1.28,58.0,36.0372673,126.6898854,MASTER,2025093023
KR10025001,2025100100,968.375,0.0,481068.0299999999,19.67,82.0,1013.0,13.98,0.0,3.0,10000.0,1.45,63.0,36.0372673,126.6898854,MASTER,2025100100
KR10025001,2025100101,968.375,0.0,481068.0299999999,19.62,83.0,1013.0,13.99,0.0,2.0,10000.0,1.37,75.0,36.0372673,126.6898854,MASTER,2025100101
KR10025001,2025100102,968.375,0.0,481068.0299999999,19.11,84.0,1013.0,13.9,0.0,2.0,10000.0,1.4,72.0,36.0372673,126.6898854,MASTER,2025100102
KR10025001,2025100103,968.375,0.0,481068.0299999999,18.91,86.0,1013.0,13.88,0.0,2.0,10000.0,1.68,79.0,36.0372673,126.6898854,MASTER,2025100103
KR10025001,2025100104,968.375,0.0,481068.0299999999,18.63,86.0,1013.0,13.79,0.0,0.0,10000.0,1.34,70.0,36.0372673,126.6898854,MASTER,2025100104
KR10025001,2025100105,968.375,0.0,481068.0299999999,18.56,87.0,1013.0,13.73,0.0,0.0,10000.0,1.93,68.0,36.0372673,126.6898854,MASTER,2025100105
KR10025001,2025100106,968.375,5.55,481073.58,18.13,89.0,1014.0,16.29,0.0,0.0,10000.0,1.89,75.0,36.0372673,126.6898854,MASTER,2025100106
KR10025001,2025100107,968.375,60.3,481133.88000000006,18.16,90.0,1014.0,16.49,0.0,0.0,10000.0,1.69,88.0,36.0372673,126.6898854,MASTER,2025100107
KR10025001,2025100108,968.375,185.34,481319.22,18.73,87.0,1014.0,16.52,0.0,0.0,10000.0,1.59,81.0,36.0372673,126.6898854,MASTER,2025100108
KR10025001,2025100109,968.375,427.31,481746.53,19.77,82.0,1014.0,16.61,0.0,0.0,10000.0,1.59,88.0,36.0372673,126.6898854,MASTER,2025100109
KR10025001,2025100110,968.375,578.28,482324.81,21.49,76.0,1015.0,17.08,0.0,73.0,10000.0,1.01,74.0,36.0372673,126.6898854,MASTER,2025100110
KR10025001,2025100111,968.375,709.4200000000001,483034.23,23.56,66.0,1015.0,15.28,0.0,95.0,10000.0,0.65,353.0,36.0372673,126.6898854,MASTER,2025100111
KR10025001,2025100112,968.375,732.78,483767.01,24.24,62.0,1015.0,14.97,0.0,97.0,10000.0,1.15,263.0,36.0372673,126.6898854,MASTER,2025100112
KR10025001,2025100113,968.375,655.5500000000001,484422.56000000006,24.4,62.0,1014.0,15.01,0.0,98.0,10000.0,2.41,272.0,36.0372673,126.6898854,MASTER,2025100113
KR10025001,2025100114,968.375,626.0500000000001,485048.61,24.75,61.0,1014.0,14.92,0.0,98.0,10000.0,2.41,288.0,36.0372673,126.6898854,MASTER,2025100114
KR10025001,2025100115,968.375,483.1000000000001,485531.71,24.54,60.0,1014.0,14.68,0.0,98.0,10000.0,2.42,296.0,36.0372673,126.6898854,MASTER,2025100115
KR10025001,2025100116,968.375,269.68999999999994,485801.4,24.52,60.0,1014.0,14.47,0.0,14.0,10000.0,1.99,299.0,36.0372673,126.6898854,MASTER,2025100116
KR10025001,2025100117,968.375,84.38000000000004,485885.78,23.57,67.0,1014.0,15.46,0.0,22.0,10000.0,2.76,292.0,36.0372673,126.6898854,MASTER,2025100117
KR10025001,2025100118,968.375,3.900000000000001,485889.68,22.94,71.0,1014.0,17.4,0.0,62.0,10000.0,2.01,304.0,36.0372673,126.6898854,MASTER,2025100118
KR10025001,2025100119,968.375,0.0,485889.68,22.79,72.0,1014.0,17.48,0.0,59.0,10000.0,1.71,298.0,36.0372673,126.6898854,MASTER,2025100119
KR10025001,2025100120,968.375,0.0,485889.68,22.46,73.0,1015.0,17.38,0.0,58.0,10000.0,1.97,294.0,36.0372673,126.6898854,MASTER,2025100120
KR10025001,2025100121,968.375,0.0,485889.68,21.99,73.0,1015.0,16.93,0.0,61.0,10000.0,1.7,332.0,36.0372673,126.6898854,MASTER,2025100121
KR10025001,2025100122,968.375,0.0,485889.68,20.07,74.0,1016.0,15.3,0.0,92.0,10000.0,1.37,5.0,36.0372673,126.6898854,MASTER,2025100122
KR10025001,2025100123,968.375,0.0,485889.68,18.89,73.0,1017.0,13.94,0.0,100.0,10000.0,1.45,25.0,36.0372673,126.6898854,MASTER,2025100123
KR10025001,2025100200,968.375,0.0,485889.68,18.51,72.0,1016.0,13.61,0.0,100.0,10000.0,1.24,42.0,36.0372673,126.6898854,MASTER,2025100200
KR10025001,2025100201,968.375,0.0,485889.68,18.33,72.0,1016.0,13.47,0.0,100.0,10000.0,1.8,68.0,36.0372673,126.6898854,MASTER,2025100201
KR10025001,2025100202,968.375,0.0,485889.68,17.83,75.0,1016.0,13.4,0.0,100.0,10000.0,1.82,97.0,36.0372673,126.6898854,MASTER,2025100202
KR10025001,2025100203,968.375,0.0,485889.68,17.96,75.0,1017.0,13.45,0.0,100.0,10000.0,1.45,105.0,36.0372673,126.6898854,MASTER,2025100203
KR10025001,2025100204,968.375,0.0,485889.68,17.93,74.0,1017.0,13.45,0.0,100.0,10000.0,1.48,88.0,36.0372673,126.6898854,MASTER,2025100204
KR10025001,2025100205,968.375,0.0,485889.68,17.95,74.0,1017.0,13.41,0.0,100.0,10000.0,1.57,83.0,36.0372673,126.6898854,MASTER,2025100205
KR10025001,2025100206,968.375,2.64,485892.32,17.75,76.0,1017.0,13.47,0.0,100.0,10000.0,1.79,74.0,36.0372673,126.6898854,MASTER,2025100206
KR10025001,2025100207,968.375,12.260000000000009,485904.58,18.29,76.0,1017.0,13.99,0.0,100.0,10000.0,1.39,72.0,36.0372673,126.6898854,MASTER,2025100207
KR10025001,2025100208,968.375,54.12,485958.7,19.19,75.0,1017.0,14.66,0.0,100.0,10000.0,1.74,91.0,36.0372673,126.6898854,MASTER,2025100208
KR10025001,2025100209,968.375,163.46999999999997,486122.17,19.92,74.0,1017.0,15.15,0.0,100.0,10000.0,2.15,77.0,36.0372673,126.6898854,MASTER,2025100209
KR10025001,2025100210,968.375,193.03,486315.2,21.66,70.0,1018.0,15.96,0.0,100.0,10000.0,2.15,58.0,36.0372673,126.6898854,MASTER,2025100210
KR10025001,2025100211,968.375,350.62,486665.8199999999,23.79,67.0,1018.0,16.33,0.0,100.0,10000.0,2.62,52.0,36.0372673,126.6898854,MASTER,2025100211
KR10025001,2025100212,968.375,483.74,487149.56,24.23,68.0,1017.0,16.61,0.0,100.0,10000.0,2.67,55.0,36.0372673,126.6898854,MASTER,2025100212
KR10025001,2025100213,968.375,442.77,487592.33,24.46,71.0,1017.0,16.99,0.0,100.0,10000.0,2.45,47.0,36.0372673,126.6898854,MASTER,2025100213
KR10025001,2025100214,968.375,185.74,487778.07,24.58,70.0,1017.0,17.08,0.0,100.0,10000.0,2.09,18.0,36.0372673,126.6898854,MASTER,2025100214
KR10025001,2025100215,968.375,138.59000000000012,487916.66,24.39,74.0,1017.0,17.79,0.0,100.0,10000.0,0.66,322.0,36.0372673,126.6898854,MASTER,2025100215
KR10025001,2025100216,968.375,93.59,488010.25,23.96,77.0,1018.0,17.71,0.0,100.0,10000.0,1.4,310.0,36.0372673,126.6898854,MASTER,2025100216
KR10025001,2025100217,968.375,15.440000000000008,488025.69,23.77,74.0,1018.0,17.03,0.0,100.0,10000.0,2.06,248.0,36.0372673,126.6898854,MASTER,2025100217
KR10025001,2025100218,968.375,0.11,488025.8000000001,23.28,81.0,1017.0,19.84,0.0,100.0,10000.0,0.9,288.0,36.0372673,126.6898854,MASTER,2025100218
KR10025001,2025100219,968.375,0.0,488025.8000000001,23.24,80.0,1017.0,19.6,0.0,100.0,10000.0,1.75,344.0,36.0372673,126.6898854,MASTER,2025100219
KR10025001,2025100220,968.375,0.0,78738.8,23.06,82.0,1017.0,19.82,0.0,100.0,8023.0,2.14,252.0,36.0372673,126.6898854,MASTER,2025100220
KR10025001,2025100221,968.375,0.0,78738.8,22.73,83.0,1018.0,19.69,0.0,100.0,10000.0,2.44,265.0,36.0372673,126.6898854,MASTER,2025100221
KR10025001,2025100222,968.375,0.0,78738.8,22.36,82.0,1018.0,19.14,0.0,100.0,10000.0,2.63,298.0,36.0372673,126.6898854,MASTER,2025100222
KR10025001,2025100223,968.375,0.0,78738.8,21.97,81.0,1018.0,16.26,0.0,100.0,10000.0,2.33,221.0,36.0372673,126.6898854,MASTER,2025100223
KR10025001,2025100300,968.375,0.0,78738.8,20.75,92.0,1018.0,16.82,0.0,100.0,9032.0,3.71,195.0,36.0372673,126.6898854,MASTER,2025100300
KR10025001,2025100301,968.375,0.0,78738.8,19.91,92.0,1019.0,15.8,0.0,100.0,9690.0,2.82,191.0,36.0372673,126.6898854,MASTER,2025100301
KR10025001,2025100302,968.375,0.0,78738.8,19.37,94.0,1019.0,15.76,0.0,100.0,10000.0,0.38,98.0,36.0372673,126.6898854,MASTER,2025100302
KR10025001,2025100303,968.375,0.0,78738.8,19.33,95.0,1018.0,15.91,0.0,100.0,10000.0,2.91,103.0,36.0372673,126.6898854,MASTER,2025100303
KR10025001,2025100304,968.375,0.0,488025.8000000001,19.36,96.0,1017.0,16.19,0.0,100.0,8596.0,3.42,74.0,36.0372673,126.6898854,MASTER,2025100304
KR10025001,2025100305,968.375,0.0,488025.8000000001,19.61,97.0,1017.0,16.52,0.0,100.0,10000.0,4.41,73.0,36.0372673,126.6898854,MASTER,2025100305
KR10025001,2025100306,968.375,0.33,488026.13000000006,20.15,93.0,1016.0,18.98,0.0,100.0,10000.0,5.11,73.0,36.0372673,126.6898854,MASTER,2025100306
KR10025001,2025100307,968.375,23.24000000000001,488049.37,20.11,94.0,1016.0,19.11,0.0,100.0,10000.0,4.03,63.0,36.0372673,126.6898854,MASTER,2025100307
KR10025001,2025100308,968.375,47.79,488097.16,19.83,94.0,1016.0,18.84,0.0,100.0,4082.0,5.11,73.0,36.0372673,126.6898854,MASTER,2025100308
KR10025001,2025100309,968.375,106.64,488203.8000000001,19.76,95.0,1017.0,18.94,0.0,100.0,7682.0,4.94,82.0,36.0372673,126.6898854,MASTER,2025100309
KR10025001,2025100310,968.375,130.04000000000002,488333.84,19.73,93.0,1016.0,18.57,0.0,100.0,10000.0,4.96,81.0,36.0372673,126.6898854,MASTER,2025100310
KR10025001,2025100311,968.375,172.27,488506.11,19.11,93.0,1016.0,16.05,0.0,100.0,10000.0,6.0,68.0,36.0372673,126.6898854,MASTER,2025100311
KR10025001,2025100312,968.375,163.76000000000008,488669.87,19.61,90.0,1015.0,15.86,0.0,100.0,10000.0,5.33,61.0,36.0372673,126.6898854,MASTER,2025100312
KR10025001,2025100313,968.375,106.59,488776.46,19.13,91.0,1015.0,15.43,0.0,100.0,10000.0,5.22,60.0,36.0372673,126.6898854,MASTER,2025100313
KR10025001,2025100314,968.375,127.20000000000005,488903.66,18.98,91.0,1014.0,15.45,0.0,100.0,10000.0,4.89,66.0,36.0372673,126.6898854,MASTER,2025100314
KR10025001,2025100315,968.375,56.90999999999998,488960.57,18.9,92.0,1013.0,15.76,0.0,100.0,10000.0,4.47,54.0,36.0372673,126.6898854,MASTER,2025100315
KR10025001,2025100316,968.375,35.999999999999986,488996.57,19.14,94.0,1013.0,15.81,0.0,100.0,10000.0,4.47,53.0,36.0372673,126.6898854,MASTER,2025100316
KR10025001,2025100317,968.375,7.910000000000004,489004.48,18.65,94.0,1013.0,15.96,0.0,100.0,10000.0,4.61,57.0,36.0372673,126.6898854,MASTER,2025100317
KR10025001,2025100318,968.375,0.27,489004.75000000006,20.28,93.0,1013.0,19.11,0.0,100.0,5375.0,4.64,53.0,36.0372673,126.6898854,MASTER,2025100318
KR10025001,2025100319,968.375,0.0,489004.75000000006,20.3,94.0,1013.0,19.3,0.0,100.0,10000.0,5.19,62.0,36.0372673,126.6898854,MASTER,2025100319
KR10025001,2025100320,968.375,0.0,489004.75000000006,20.36,93.0,1013.0,19.19,0.0,100.0,10000.0,4.53,65.0,36.0372673,126.6898854,MASTER,2025100320
KR10025001,2025100321,968.375,0.0,489004.75000000006,20.29,94.0,1014.0,19.29,0.0,100.0,10000.0,4.46,66.0,36.0372673,126.6898854,MASTER,2025100321
KR10025001,2025100322,968.375,0.0,489004.75000000006,20.15,93.0,1014.0,18.98,0.0,100.0,10000.0,4.32,60.0,36.0372673,126.6898854,MASTER,2025100322
KR10025001,2025100323,968.375,0.0,489004.75000000006,19.91,94.0,1014.0,16.97,0.0,100.0,10000.0,4.69,58.0,36.0372673,126.6898854,MASTER,2025100323
KR10025001,2025100400,968.375,0.0,489004.75000000006,19.87,94.0,1013.0,16.79,0.0,100.0,10000.0,4.62,53.0,36.0372673,126.6898854,MASTER,2025100400
KR10025001,2025100401,968.375,0.0,489004.75000000006,20.08,94.0,1013.0,16.74,0.0,100.0,10000.0,4.8,61.0,36.0372673,126.6898854,MASTER,2025100401
KR10025001,2025100402,968.375,0.0,489004.75000000006,20.38,93.0,1013.0,16.88,0.0,100.0,10000.0,4.47,63.0,36.0372673,126.6898854,MASTER,2025100402
KR10025001,2025100403,968.375,0.0,489004.75000000006,20.48,94.0,1012.0,17.03,0.0,100.0,10000.0,3.88,70.0,36.0372673,126.6898854,MASTER,2025100403
KR10025001,2025100404,968.375,0.0,489004.75000000006,20.52,94.0,1013.0,17.15,0.0,100.0,10000.0,2.79,61.0,36.0372673,126.6898854,MASTER,2025100404
KR10025001,2025100405,968.375,0.0,489004.75000000006,20.47,94.0,1013.0,17.28,0.0,100.0,10000.0,2.98,57.0,36.0372673,126.6898854,MASTER,2025100405
KR10025001,2025100406,968.375,1.64,489006.3900000001,20.66,94.0,1013.0,19.66,0.0,100.0,10000.0,2.91,79.0,36.0372673,126.6898854,MASTER,2025100406
KR10025001,2025100407,968.375,18.610000000000014,489025.00000000006,20.67,95.0,1013.0,19.84,0.0,100.0,10000.0,2.71,79.0,36.0372673,126.6898854,MASTER,2025100407
KR10025001,2025100408,968.375,84.19000000000003,489109.19,20.82,94.0,1013.0,19.82,0.0,100.0,10000.0,2.3,70.0,36.0372673,126.6898854,MASTER,2025100408
KR10025001,2025100409,968.375,100.01999999999998,489209.21,21.28,93.0,1014.0,20.1,0.0,100.0,10000.0,2.25,72.0,36.0372673,126.6898854,MASTER,2025100409
KR10025001,2025100410,968.375,127.52000000000008,489336.73,20.76,91.0,1014.0,19.24,0.0,100.0,10000.0,2.29,67.0,36.0372673,126.6898854,MASTER,2025100410
KR10025001,2025100411,968.375,204.11,489540.84,21.96,89.0,1014.0,19.3,0.0,100.0,10000.0,2.27,65.0,36.0372673,126.6898854,MASTER,2025100411
KR10025001,2025100412,968.375,347.2800000000001,489888.12000000005,22.71,87.0,1013.0,19.72,0.0,100.0,10000.0,2.24,68.0,36.0372673,126.6898854,MASTER,2025100412
KR10025001,2025100413,968.375,380.7,490268.82,23.43,84.0,1013.0,20.33,0.0,100.0,10000.0,1.77,18.0,36.0372673,126.6898854,MASTER,2025100413
KR10025001,2025100414,968.375,383.26,490652.08,23.77,82.0,1013.0,20.53,0.0,99.0,10000.0,2.07,348.0,36.0372673,126.6898854,MASTER,2025100414
KR10025001,2025100415,968.375,198.43000000000004,490850.51,24.43,81.0,1012.0,20.6,0.0,98.0,10000.0,2.2,345.0,36.0372673,126.6898854,MASTER,2025100415
KR10025001,2025100416,968.375,59.93999999999999,490910.45,24.55,80.0,1012.0,20.5,0.0,67.0,10000.0,1.37,353.0,36.0372673,126.6898854,MASTER,2025100416
KR10025001,2025100417,968.375,32.80999999999998,490943.26,23.82,83.0,1013.0,20.64,0.0,71.0,10000.0,1.85,316.0,36.0372673,126.6898854,MASTER,2025100417
KR10025001,2025100418,968.375,0.31,490943.57,22.65,90.0,1013.0,20.93,0.0,91.0,10000.0,1.87,354.0,36.0372673,126.6898854,MASTER,2025100418
KR10025001,2025100419,968.375,0.0,490943.57,22.52,91.0,1013.0,20.98,0.0,92.0,10000.0,1.64,8.0,36.0372673,126.6898854,MASTER,2025100419
KR10025001,2025100420,968.375,0.0,490943.57,22.36,91.0,1013.0,20.82,0.0,93.0,10000.0,1.21,22.0,36.0372673,126.6898854,MASTER,2025100420
KR10025001,2025100421,968.375,0.0,490943.57,22.09,92.0,1014.0,20.73,0.0,94.0,10000.0,0.56,52.0,36.0372673,126.6898854,MASTER,2025100421
KR10025001,2025100422,968.375,0.0,490943.57,21.71,92.0,1015.0,20.35,0.0,98.0,10000.0,1.07,318.0,36.0372673,126.6898854,MASTER,2025100422
KR10025001,2025100423,968.375,0.0,490943.57,21.09,93.0,1014.0,19.14,0.0,100.0,10000.0,1.07,348.0,36.0372673,126.6898854,MASTER,2025100423
KR10025001,2025100500,968.375,0.0,490943.57,20.88,93.0,1014.0,18.94,0.0,94.0,10000.0,0.57,302.0,36.0372673,126.6898854,MASTER,2025100500
KR10025001,2025100501,968.375,0.0,490943.57,20.9,94.0,1015.0,19.06,0.0,96.0,10000.0,1.54,313.0,36.0372673,126.6898854,MASTER,2025100501
KR10025001,2025100502,968.375,0.0,490943.57,20.79,94.0,1014.0,18.93,0.0,90.0,10000.0,1.27,8.0,36.0372673,126.6898854,MASTER,2025100502
KR10025001,2025100503,968.375,0.0,490943.57,20.79,94.0,1014.0,18.88,0.0,92.0,10000.0,0.77,109.0,36.0372673,126.6898854,MASTER,2025100503
KR10025001,2025100504,968.375,0.0,490943.57,20.81,94.0,1014.0,18.99,0.0,100.0,10000.0,0.45,94.0,36.0372673,126.6898854,MASTER,2025100504
KR10025001,2025100505,968.375,0.0,490943.57,20.68,94.0,1014.0,19.06,0.0,100.0,10000.0,0.77,99.0,36.0372673,126.6898854,MASTER,2025100505
KR10025001,2025100506,968.375,0.3,490943.87,21.03,93.0,1014.0,19.85,0.0,100.0,10000.0,1.0,142.0,36.0372673,126.6898854,MASTER,2025100506
KR10025001,2025100507,968.375,10.000000000000009,490953.87000000005,21.04,93.0,1014.0,19.86,0.0,100.0,10000.0,1.29,145.0,36.0372673,126.6898854,MASTER,2025100507
KR10025001,2025100508,968.375,68.38000000000002,491022.25000000006,21.21,92.0,1014.0,19.86,0.0,100.0,10000.0,0.51,235.0,36.0372673,126.6898854,MASTER,2025100508
KR10025001,2025100509,968.375,128.52999999999997,491150.78,21.59,92.0,1015.0,20.23,0.0,100.0,10000.0,0.72,218.0,36.0372673,126.6898854,MASTER,2025100509
KR10025001,2025100510,968.375,234.89,491385.67,22.08,92.0,1016.0,20.72,0.0,100.0,10000.0,0.5,190.0,36.0372673,126.6898854,MASTER,2025100510
KR10025001,2025100511,968.375,332.61999999999995,491718.29,22.24,92.0,1016.0,19.84,0.0,100.0,10000.0,1.21,246.0,36.0372673,126.6898854,MASTER,2025100511
KR10025001,2025100512,968.375,580.7900000000001,492299.08,22.5,89.0,1015.0,19.76,0.0,100.0,10000.0,1.26,258.0,36.0372673,126.6898854,MASTER,2025100512
KR10025001,2025100513,968.375,490.18,492789.26,22.67,90.0,1014.0,19.79,0.0,100.0,10000.0,1.0,256.0,36.0372673,126.6898854,MASTER,2025100513
KR10025001,2025100514,968.375,516.18,493305.44000000006,23.44,82.0,1014.0,19.91,0.0,99.0,10000.0,1.95,269.0,36.0372673,126.6898854,MASTER,2025100514
KR10025001,2025100515,968.375,392.34,493697.78,23.52,82.0,1013.0,19.81,0.0,99.0,10000.0,2.24,273.0,36.0372673,126.6898854,MASTER,2025100515
KR10025001,2025100516,968.375,141.0500000000001,493838.83,22.97,86.0,1013.0,19.83,0.0,100.0,10000.0,3.09,283.0,36.0372673,126.6898854,MASTER,2025100516
KR10025001,2025100517,968.375,41.17999999999995,493880.01,22.59,87.0,1014.0,19.76,0.0,89.0,10000.0,2.98,296.0,36.0372673,126.6898854,MASTER,2025100517
KR10025001,2025100518,968.375,0.31,493880.32,22.55,92.0,1014.0,21.18,0.0,79.0,10000.0,3.46,303.0,36.0372673,126.6898854,MASTER,2025100518
KR10025001,2025100519,968.375,0.0,493880.32,22.45,93.0,1014.0,21.26,0.0,76.0,10000.0,2.47,312.0,36.0372673,126.6898854,MASTER,2025100519
KR10025001,2025100520,968.375,0.0,493880.32,22.11,92.0,1014.0,20.75,0.0,72.0,10000.0,2.22,315.0,36.0372673,126.6898854,MASTER,2025100520
KR10025001,2025100521,968.375,0.0,493880.32,21.71,92.0,1015.0,20.35,0.0,63.0,10000.0,1.65,314.0,36.0372673,126.6898854,MASTER,2025100521
KR10025001,2025100522,968.375,0.0,79634.11,21.22,92.0,1015.0,19.87,0.0,25.0,10000.0,0.89,346.0,36.0372673,126.6898854,MASTER,2025100522
KR10025001,2025100523,968.375,0.0,79634.11,20.6,92.0,1015.0,18.54,0.0,11.0,10000.0,1.7,345.0,36.0372673,126.6898854,MASTER,2025100523
KR10025001,2025100600,968.375,0.0,79634.11,20.43,92.0,1015.0,18.35,0.0,29.0,10000.0,1.06,77.0,36.0372673,126.6898854,MASTER,2025100600
KR10025001,2025100601,968.375,0.0,79634.11,20.68,91.0,1015.0,18.49,0.0,47.0,10000.0,0.83,46.0,36.0372673,126.6898854,MASTER,2025100601
KR10025001,2025100602,968.375,0.0,79634.11,20.71,91.0,1014.0,18.32,0.0,56.0,10000.0,0.7,105.0,36.0372673,126.6898854,MASTER,2025100602
KR10025001,2025100603,968.375,0.0,493880.32,20.65,91.0,1015.0,18.36,0.0,62.0,10000.0,0.28,49.0,36.0372673,126.6898854,MASTER,2025100603
KR10025001,2025100604,968.375,0.0,493880.32,20.63,91.0,1015.0,18.41,0.0,100.0,10000.0,0.44,87.0,36.0372673,126.6898854,MASTER,2025100604
KR10025001,2025100605,968.375,0.0,493880.32,20.56,91.0,1015.0,18.44,0.0,100.0,10000.0,0.41,116.0,36.0372673,126.6898854,MASTER,2025100605
KR10025001,2025100606,968.375,2.06,493882.38,20.46,92.0,1015.0,19.12,0.0,100.0,10000.0,1.79,77.0,36.0372673,126.6898854,MASTER,2025100606
KR10025001,2025100607,968.375,18.94000000000001,493901.32,20.44,92.0,1015.0,19.1,0.0,100.0,10000.0,2.1,95.0,36.0372673,126.6898854,MASTER,2025100607
KR10025001,2025100608,968.375,49.85999999999999,493951.17999999993,20.57,91.0,1015.0,19.05,0.0,100.0,10000.0,1.88,100.0,36.0372673,126.6898854,MASTER,2025100608
KR10025001,2025100609,968.375,80.35,494031.53,20.87,90.0,1015.0,19.17,0.0,100.0,10000.0,2.44,99.0,36.0372673,126.6898854,MASTER,2025100609
KR10025001,2025100610,968.375,107.53000000000006,494139.06,21.88,84.0,1015.0,19.06,0.0,94.0,10000.0,2.59,119.0,36.0372673,126.6898854,MASTER,2025100610
KR10025001,2025100611,968.375,243.74,494382.8,23.37,75.0,1015.0,19.1,0.0,84.0,10000.0,2.86,142.0,36.0372673,126.6898854,MASTER,2025100611
KR10025001,2025100612,968.375,156.29000000000002,494539.0900000001,23.24,74.0,1014.0,19.01,0.0,90.0,10000.0,2.46,156.0,36.0372673,126.6898854,MASTER,2025100612
KR10025001,2025100613,968.375,104.85000000000004,494643.94,23.16,76.0,1014.0,19.17,0.0,92.0,10000.0,1.86,215.0,36.0372673,126.6898854,MASTER,2025100613
KR10025001,2025100614,968.375,72.52000000000001,494716.4600000001,22.01,84.0,1014.0,19.12,0.0,94.0,10000.0,1.39,281.0,36.0372673,126.6898854,MASTER,2025100614
KR10025001,2025100615,968.375,28.31999999999997,494744.78,21.1,87.0,1013.0,19.23,0.0,95.0,10000.0,0.34,3.0,36.0372673,126.6898854,MASTER,2025100615
KR10025001,2025100616,968.375,11.110000000000008,494755.89,20.7,88.0,1013.0,19.49,0.0,100.0,10000.0,1.18,111.0,36.0372673,126.6898854,MASTER,2025100616
KR10025001,2025100617,968.375,4.090000000000001,494759.9799999999,20.4,91.0,1014.0,19.67,0.0,100.0,10000.0,0.7,128.0,36.0372673,126.6898854,MASTER,2025100617
KR10025001,2025100618,968.375,0.0,494759.9799999999,20.5,92.0,1014.0,19.16,0.0,100.0,10000.0,0.47,288.0,36.0372673,126.6898854,MASTER,2025100618
KR10025001,2025100619,968.375,0.0,494759.9799999999,20.45,93.0,1014.0,19.28,0.0,100.0,10000.0,1.07,101.0,36.0372673,126.6898854,MASTER,2025100619
KR10025001,2025100620,968.375,0.0,494759.9799999999,20.19,94.0,1014.0,19.19,0.0,100.0,10000.0,1.9,107.0,36.0372673,126.6898854,MASTER,2025100620
KR10025001,2025100621,968.375,0.0,494759.9799999999,19.86,95.0,1014.0,19.04,0.0,100.0,10000.0,3.46,90.0,36.0372673,126.6898854,MASTER,2025100621
KR10025001,2025100622,968.375,0.0,494759.9799999999,19.52,96.0,1014.0,18.87,0.0,100.0,10000.0,4.43,52.0,36.0372673,126.6898854,MASTER,2025100622
KR10025001,2025100623,968.375,0.0,494759.9799999999,19.02,98.0,1014.0,18.66,0.0,100.0,3319.0,4.69,55.0,36.0372673,126.6898854,MASTER,2025100623
KR10025001,2025100700,968.375,0.0,494759.9799999999,18.99,98.0,1014.0,18.9,0.0,100.0,10000.0,3.78,62.0,36.0372673,126.6898854,MASTER,2025100700
KR10025001,2025100701,968.375,0.0,494759.9799999999,19.79,97.0,1013.0,19.6,0.0,100.0,10000.0,2.99,81.0,36.0372673,126.6898854,MASTER,2025100701
KR10025001,2025100702,968.375,0.0,494759.9799999999,19.91,96.0,1013.0,19.64,0.0,100.0,9174.0,3.17,76.0,36.0372673,126.6898854,MASTER,2025100702
KR10025001,2025100703,968.375,0.0,494759.9799999999,19.85,96.0,1013.0,19.52,0.0,100.0,10000.0,3.57,84.0,36.0372673,126.6898854,MASTER,2025100703
KR10025001,2025100704,968.375,0.0,494759.9799999999,19.81,96.0,1013.0,19.41,0.0,100.0,10000.0,3.99,86.0,36.0372673,126.6898854,MASTER,2025100704
KR10025001,2025100705,968.375,0.0,494759.9799999999,19.72,96.0,1013.0,19.33,0.0,100.0,10000.0,3.85,83.0,36.0372673,126.6898854,MASTER,2025100705
KR10025001,2025100706,968.375,1.0,494760.98,20.08,96.0,1013.0,19.42,0.0,100.0,10000.0,2.49,118.0,36.0372673,126.6898854,MASTER,2025100706
KR10025001,2025100707,968.375,19.900000000000013,494780.88000000006,20.12,95.0,1013.0,19.29,0.0,100.0,10000.0,2.62,126.0,36.0372673,126.6898854,MASTER,2025100707
KR10025001,2025100708,968.375,85.47,494866.35,20.32,95.0,1013.0,19.49,0.0,100.0,10000.0,2.68,143.0,36.0372673,126.6898854,MASTER,2025100708
KR10025001,2025100709,968.375,19.05,79808.5,20.76,93.0,1014.0,19.59,0.0,99.0,10000.0,3.6,169.0,36.0372673,126.6898854,MASTER,2025100709
KR10025001,2025100710,968.375,24.359999999999992,79832.86,21.18,89.0,1015.0,19.3,0.0,95.0,10000.0,4.42,191.0,36.0372673,126.6898854,MASTER,2025100710
KR10025001,2025100711,968.375,33.89,79866.75,21.63,88.0,1015.0,20.77,0.0,94.0,10000.0,4.71,206.0,36.0372673,126.6898854,MASTER,2025100711
KR10025001,2025100712,968.375,34.47,79901.22,22.35,85.0,1014.0,20.65,0.0,90.0,10000.0,5.16,215.0,36.0372673,126.6898854,MASTER,2025100712
KR10025001,2025100713,968.375,50.35,79951.57,22.29,83.0,1014.0,20.45,0.0,88.0,10000.0,5.56,220.0,36.0372673,126.6898854,MASTER,2025100713
KR10025001,2025100714,968.375,49.06000000000001,80000.63,22.33,81.0,1013.0,20.08,0.0,84.0,10000.0,5.6,216.0,36.0372673,126.6898854,MASTER,2025100714
KR10025001,2025100715,968.375,20.71,80021.34,22.23,80.0,1013.0,19.94,0.0,79.0,10000.0,5.61,215.0,36.0372673,126.6898854,MASTER,2025100715
KR10025001,2025100716,968.375,7.500000000000001,80028.84,22.21,83.0,1013.0,19.94,0.0,24.0,10000.0,5.3,222.0,36.0372673,126.6898854,MASTER,2025100716
KR10025001,2025100717,968.375,3.3599999999999985,80032.2,22.05,87.0,1013.0,20.18,0.0,24.0,10000.0,4.05,209.0,36.0372673,126.6898854,MASTER,2025100717
KR10025001,2025100718,968.375,0.06,80032.26,21.61,92.0,1014.0,20.25,0.0,67.0,10000.0,1.59,252.0,36.0372673,126.6898854,MASTER,2025100718
KR10025001,2025100719,968.375,0.0,80032.26,21.6,93.0,1014.0,20.42,0.0,68.0,10000.0,2.15,276.0,36.0372673,126.6898854,MASTER,2025100719
KR10025001,2025100720,968.375,0.0,80032.26,21.57,93.0,1014.0,20.39,0.0,72.0,10000.0,0.56,259.0,36.0372673,126.6898854,MASTER,2025100720
KR10025001,2025100721,968.375,0.0,80032.26,21.45,94.0,1015.0,20.44,0.0,76.0,10000.0,1.02,125.0,36.0372673,126.6898854,MASTER,2025100721
KR10025001,2025100722,968.375,0.0,80032.26,21.55,93.0,1015.0,20.37,0.0,92.0,10000.0,0.89,113.0,36.0372673,126.6898854,MASTER,2025100722
KR10025001,2025100723,968.375,0.0,80032.26,21.47,94.0,1015.0,20.29,0.0,99.0,10000.0,0.97,63.0,36.0372673,126.6898854,MASTER,2025100723
KR10025001,2025100800,968.375,0.0,80032.26,21.36,94.0,1015.0,20.06,0.0,99.0,10000.0,1.32,37.0,36.0372673,126.6898854,MASTER,2025100800
KR10025001,2025100801,968.375,0.0,80032.26,21.16,94.0,1015.0,19.94,0.0,99.0,10000.0,1.63,31.0,36.0372673,126.6898854,MASTER,2025100801
KR10025001,2025100802,968.375,0.0,80032.26,21.06,94.0,1015.0,19.61,0.0,99.0,10000.0,1.93,26.0,36.0372673,126.6898854,MASTER,2025100802
KR10025001,2025100803,968.375,0.0,80032.26,20.82,93.0,1015.0,19.32,0.0,99.0,10000.0,1.95,24.0,36.0372673,126.6898854,MASTER,2025100803
KR10025001,2025100804,968.375,0.0,80032.26,20.71,92.0,1015.0,19.15,0.0,100.0,10000.0,2.37,22.0,36.0372673,126.6898854,MASTER,2025100804
KR10025001,2025100805,968.375,0.0,80032.26,20.7,91.0,1015.0,19.0,0.0,100.0,10000.0,2.62,22.0,36.0372673,126.6898854,MASTER,2025100805
KR10025001,2025100806,968.375,0.1399999999999999,80032.4,20.15,92.0,1015.0,18.81,0.0,99.0,10000.0,2.74,24.0,36.0372673,126.6898854,MASTER,2025100806
KR10025001,2025100807,968.375,5.130000000000003,80037.53,20.21,91.0,1015.0,18.69,0.0,99.0,10000.0,2.69,24.0,36.0372673,126.6898854,MASTER,2025100807
KR10025001,2025100808,968.375,18.450000000000003,80055.98,20.58,91.0,1015.0,19.06,0.0,99.0,10000.0,2.62,15.0,36.0372673,126.6898854,MASTER,2025100808
KR10025001,2025100809,968.375,22.23,80078.21,21.4,90.0,1016.0,19.69,0.0,100.0,10000.0,2.84,20.0,36.0372673,126.6898854,MASTER,2025100809
KR10025001,2025100810,968.375,34.970000000000006,80113.18000000001,22.41,87.0,1017.0,20.14,0.0,100.0,10000.0,2.96,20.0,36.0372673,126.6898854,MASTER,2025100810
KR10025001,2025100811,968.375,61.44,80174.62,23.98,82.0,1017.0,18.95,0.0,100.0,10000.0,3.23,4.0,36.0372673,126.6898854,MASTER,2025100811
KR10025001,2025100812,968.375,50.27999999999999,80224.9,24.7,80.0,1016.0,19.14,0.0,100.0,10000.0,3.48,20.0,36.0372673,126.6898854,MASTER,2025100812
KR10025001,2025100813,968.375,59.47,80284.37,25.9,76.0,1016.0,19.55,0.0,92.0,10000.0,3.32,31.0,36.0372673,126.6898854,MASTER,2025100813
KR10025001,2025100814,968.375,45.7,80330.07,26.86,72.0,1015.0,19.67,0.0,81.0,10000.0,3.24,27.0,36.0372673,126.6898854,MASTER,2025100814
KR10025001,2025100815,968.375,60.290000000000006,80390.36,26.93,70.0,1014.0,19.51,0.0,72.0,10000.0,3.44,30.0,36.0372673,126.6898854,MASTER,2025100815
KR10025001,2025100816,968.375,36.73,80427.09,26.67,71.0,1014.0,19.57,0.0,16.0,10000.0,3.5,32.0,36.0372673,126.6898854,MASTER,2025100816
KR10025001,2025100817,968.375,10.659999999999997,80437.75,26.03,75.0,1015.0,19.86,0.0,9.0,10000.0,3.2,41.0,36.0372673,126.6898854,MASTER,2025100817
KR10025001,2025100818,968.375,0.1399999999999999,80437.89,24.85,79.0,1015.0,20.96,0.0,8.0,10000.0,3.06,38.0,36.0372673,126.6898854,MASTER,2025100818
KR10025001,2025100819,968.375,0.0,80437.89,24.7,80.0,1015.0,21.02,0.0,7.0,10000.0,3.66,33.0,36.0372673,126.6898854,MASTER,2025100819
KR10025001,2025100820,968.375,0.0,80437.89,24.33,81.0,1015.0,20.86,0.0,6.0,10000.0,4.74,44.0,36.0372673,126.6898854,MASTER,2025100820
KR10025001,2025100821,968.375,0.0,80437.89,22.98,82.0,1016.0,19.74,0.0,5.0,10000.0,4.97,41.0,36.0372673,126.6898854,MASTER,2025100821
KR10025001,2025100822,968.375,0.0,80437.89,21.95,84.0,1016.0,19.12,0.0,2.0,10000.0,5.0,44.0,36.0372673,126.6898854,MASTER,2025100822
KR10025001,2025100823,968.375,0.0,80437.89,20.41,86.0,1016.0,17.65,0.0,0.0,10000.0,4.59,50.0,36.0372673,126.6898854,MASTER,2025100823
KR10025001,2025100900,968.375,0.0,80437.89,20.16,88.0,1016.0,17.63,0.0,0.0,10000.0,3.66,59.0,36.0372673,126.6898854,MASTER,2025100900
KR10025001,2025100901,968.375,0.0,80437.89,20.01,89.0,1017.0,17.67,0.0,0.0,10000.0,3.09,70.0,36.0372673,126.6898854,MASTER,2025100901
KR10025001,2025100902,968.375,0.0,80437.89,19.88,89.0,1017.0,17.69,0.0,6.0,10000.0,2.59,68.0,36.0372673,126.6898854,MASTER,2025100902
KR10025001,2025100903,968.375,0.0,80437.89,20.19,87.0,1016.0,17.81,0.0,20.0,10000.0,2.49,67.0,36.0372673,126.6898854,MASTER,2025100903
KR10025001,2025100904,968.375,0.0,80437.89,20.22,87.0,1017.0,17.88,0.0,99.0,10000.0,2.38,75.0,36.0372673,126.6898854,MASTER,2025100904
KR10025001,2025100905,968.375,0.0,80437.89,20.22,87.0,1017.0,17.96,0.0,100.0,10000.0,2.2,78.0,36.0372673,126.6898854,MASTER,2025100905
KR10025001,2025100906,968.375,0.4199999999999999,80438.31,19.96,88.0,1017.0,17.91,0.0,43.0,10000.0,2.46,70.0,36.0372673,126.6898854,MASTER,2025100906
KR10025001,2025100907,968.375,7.770000000000001,80446.08,19.98,87.0,1017.0,17.75,0.0,46.0,10000.0,2.25,64.0,36.0372673,126.6898854,MASTER,2025100907
KR10025001,2025100908,968.375,36.890000000000015,80482.97,20.18,87.0,1017.0,17.95,0.0,53.0,10000.0,2.14,68.0,36.0372673,126.6898854,MASTER,2025100908
KR10025001,2025100909,968.375,73.76,80556.73,21.41,86.0,1018.0,18.97,0.0,60.0,10000.0,2.11,62.0,36.0372673,126.6898854,MASTER,2025100909
KR10025001,2025100910,968.375,85.23999999999998,80641.97,22.16,83.0,1019.0,19.14,0.0,89.0,10000.0,1.93,60.0,36.0372673,126.6898854,MASTER,2025100910
KR10025001,2025100911,968.375,105.39,80747.36,23.13,79.0,1018.0,18.1,0.0,100.0,10000.0,1.87,63.0,36.0372673,126.6898854,MASTER,2025100911
KR10025001,2025100912,968.375,107.39999999999996,80854.76,23.83,76.0,1018.0,18.33,0.0,96.0,10000.0,1.9,59.0,36.0372673,126.6898854,MASTER,2025100912
KR10025001,2025100913,968.375,106.76999999999998,80961.53,23.98,74.0,1018.0,18.36,0.0,97.0,10000.0,1.92,44.0,36.0372673,126.6898854,MASTER,2025100913
KR10025001,2025100914,968.375,72.86000000000001,81034.39,23.85,74.0,1017.0,18.43,0.0,98.0,10000.0,1.91,15.0,36.0372673,126.6898854,MASTER,2025100914
KR10025001,2025100915,968.375,39.03,81073.42,23.75,76.0,1017.0,18.59,0.0,99.0,10000.0,2.36,2.0,36.0372673,126.6898854,MASTER,2025100915
KR10025001,2025100916,968.375,38.58,81112.0,22.94,79.0,1017.0,18.83,0.0,100.0,10000.0,2.7,0.0,36.0372673,126.6898854,MASTER,2025100916
KR10025001,2025100917,968.375,4.369999999999997,81116.37,22.2,80.0,1017.0,18.46,0.0,100.0,10000.0,2.36,13.0,36.0372673,126.6898854,MASTER,2025100917
KR10025001,2025100918,968.375,0.05,81116.42,22.44,79.0,1018.0,18.62,0.0,26.0,10000.0,2.23,11.0,36.0372673,126.6898854,MASTER,2025100918
KR10025001,2025100919,968.375,0.0,81116.42,22.29,80.0,1018.0,18.67,0.0,25.0,10000.0,2.6,20.0,36.0372673,126.6898854,MASTER,2025100919
KR10025001,2025100920,968.375,0.0,81116.42,21.94,80.0,1018.0,18.33,0.0,23.0,10000.0,2.52,22.0,36.0372673,126.6898854,MASTER,2025100920
KR10025001,2025100921,968.375,0.0,81116.42,21.58,80.0,1019.0,17.98,0.0,25.0,10000.0,2.24,28.0,36.0372673,126.6898854,MASTER,2025100921
KR10025001,2025100922,968.375,0.0,81116.42,21.22,79.0,1019.0,17.43,0.0,76.0,10000.0,2.72,36.0,36.0372673,126.6898854,MASTER,2025100922
KR10025001,2025100923,968.375,0.0,81116.42,20.71,80.0,1019.0,15.46,0.0,85.0,10000.0,2.29,40.0,36.0372673,126.6898854,MASTER,2025100923
KR10025001,2025101000,968.375,0.0,81116.42,20.66,82.0,1019.0,15.65,0.0,83.0,10000.0,2.19,39.0,36.0372673,126.6898854,MASTER,2025101000
KR10025001,2025101001,968.375,0.0,81116.42,20.41,84.0,1019.0,15.87,0.0,78.0,10000.0,2.15,43.0,36.0372673,126.6898854,MASTER,2025101001
KR10025001,2025101002,968.375,0.0,81116.42,20.27,87.0,1019.0,15.85,0.0,68.0,10000.0,2.28,47.0,36.0372673,126.6898854,MASTER,2025101002
KR10025001,2025101003,968.375,0.0,81116.42,20.17,87.0,1018.0,15.62,0.0,63.0,10000.0,2.59,50.0,36.0372673,126.6898854,MASTER,2025101003
KR10025001,2025101004,968.375,0.0,182320.61,20.03,86.0,1018.0,15.41,0.0,37.0,10000.0,2.59,53.0,36.0372673,126.6898854,MASTER,2025101004
KR10025001,2025101005,968.375,0.0,182320.61,20.27,85.0,1018.0,15.39,0.0,40.0,10000.0,2.48,72.0,36.0372673,126.6898854,MASTER,2025101005
KR10025001,2025101006,968.375,1.1999999999999995,281321.61,20.9,84.0,1018.0,18.1,0.0,25.0,10000.0,2.35,80.0,36.0372673,126.6898854,MASTER,2025101006
KR10025001,2025101007,968.375,31.430000000000003,330951.64,20.87,84.0,1018.0,18.07,0.0,24.0,10000.0,2.38,86.0,36.0372673,126.6898854,MASTER,2025101007
KR10025001,2025101008,968.375,94.57,379651.09,20.96,82.0,1018.0,17.77,0.0,23.0,10000.0,2.52,97.0,36.0372673,126.6898854,MASTER,2025101008
KR10025001,2025101009,968.375,147.14,479314.44000000006,21.42,77.0,1019.0,17.22,0.0,20.0,10000.0,2.41,101.0,36.0372673,126.6898854,MASTER,2025101009
KR10025001,2025101010,968.375,414.4099999999999,479728.85,22.26,71.0,1018.0,16.75,0.0,9.0,10000.0,2.5,116.0,36.0372673,126.6898854,MASTER,2025101010
KR10025001,2025101011,968.375,572.77,504944.54,23.15,65.0,1018.0,15.99,0.0,9.0,10000.0,1.76,149.0,36.0372673,126.6898854,MASTER,2025101011
KR10025001,2025101012,968.375,666.6,505611.14,23.07,65.0,1018.0,16.55,0.0,7.0,10000.0,1.65,212.0,36.0372673,126.6898854,MASTER,2025101012
KR10025001,2025101013,968.375,264.77,505875.91,23.39,67.0,1018.0,17.16,0.0,7.0,10000.0,2.26,244.0,36.0372673,126.6898854,MASTER,2025101013
KR10025001,2025101014,968.375,53.13,81569.04000000001,23.79,69.0,1017.0,17.67,0.0,7.0,10000.0,2.99,264.0,36.0372673,126.6898854,MASTER,2025101014
KR10025001,2025101015,968.375,40.5,81609.54,23.74,72.0,1017.0,17.81,0.0,9.0,10000.0,2.92,273.0,36.0372673,126.6898854,MASTER,2025101015
KR10025001,2025101016,968.375,28.8,81638.34,23.7,73.0,1016.0,17.7,0.0,8.0,10000.0,2.1,276.0,36.0372673,126.6898854,MASTER,2025101016
KR10025001,2025101017,968.375,5.719999999999996,81644.06,23.67,75.0,1017.0,17.66,0.0,10.0,10000.0,1.77,262.0,36.0372673,126.6898854,MASTER,2025101017
KR10025001,2025101018,968.375,0.06,81644.12,21.71,78.0,1016.0,17.71,0.0,95.0,10000.0,1.49,231.0,36.0372673,126.6898854,MASTER,2025101018
KR10025001,2025101019,968.375,0.0,81644.12,21.69,79.0,1016.0,17.89,0.0,93.0,10000.0,1.46,229.0,36.0372673,126.6898854,MASTER,2025101019
KR10025001,2025101020,968.375,0.0,81644.12,21.67,79.0,1016.0,17.87,0.0,87.0,10000.0,1.44,219.0,36.0372673,126.6898854,MASTER,2025101020
KR10025001,2025101021,968.375,0.0,81644.12,21.67,80.0,1017.0,18.07,0.0,78.0,10000.0,1.02,194.0,36.0372673,126.6898854,MASTER,2025101021
KR10025001,2025101022,968.375,0.0,81644.12,21.8,80.0,1017.0,18.2,0.0,37.0,10000.0,1.32,186.0,36.0372673,126.6898854,MASTER,2025101022
KR10025001,2025101023,968.375,0.0,81644.12,21.75,81.0,1017.0,16.86,0.0,28.0,10000.0,1.69,186.0,36.0372673,126.6898854,MASTER,2025101023
KR10025001,2025101100,968.375,0.0,81644.12,21.86,82.0,1016.0,16.92,0.0,26.0,10000.0,1.6,170.0,36.0372673,126.6898854,MASTER,2025101100
KR10025001,2025101101,968.375,0.0,81644.12,21.87,83.0,1016.0,16.92,0.0,24.0,10000.0,1.96,162.0,36.0372673,126.6898854,MASTER,2025101101
KR10025001,2025101102,968.375,0.0,81644.12,21.75,85.0,1016.0,17.06,0.0,21.0,10000.0,1.68,159.0,36.0372673,126.6898854,MASTER,2025101102
KR10025001,2025101103,968.375,0.0,81644.12,21.55,86.0,1015.0,17.13,0.0,19.0,10000.0,1.34,141.0,36.0372673,126.6898854,MASTER,2025101103
KR10025001,2025101104,968.375,0.0,81644.12,21.41,88.0,1015.0,17.13,0.0,5.0,10000.0,1.05,136.0,36.0372673,126.6898854,MASTER,2025101104
KR10025001,2025101105,968.375,0.0,81644.12,21.28,89.0,1015.0,17.23,0.0,4.0,10000.0,1.25,132.0,36.0372673,126.6898854,MASTER,2025101105
KR10025001,2025101106,968.375,0.5700000000000001,81644.69,21.38,88.0,1015.0,19.31,0.0,1.0,10000.0,1.45,142.0,36.0372673,126.6898854,MASTER,2025101106
KR10025001,2025101107,968.375,11.060000000000004,81655.75,21.4,89.0,1015.0,19.51,0.0,1.0,10000.0,1.63,147.0,36.0372673,126.6898854,MASTER,2025101107
KR10025001,2025101108,968.375,37.97,81693.72,21.82,86.0,1015.0,19.37,0.0,1.0,10000.0,1.14,144.0,36.0372673,126.6898854,MASTER,2025101108
KR10025001,2025101109,968.375,67.32000000000001,81761.04000000001,22.57,82.0,1015.0,19.34,0.0,1.0,10000.0,1.35,159.0,36.0372673,126.6898854,MASTER,2025101109
KR10025001,2025101110,968.375,88.30000000000001,81849.34,23.8,76.0,1015.0,19.32,0.0,0.0,10000.0,1.53,190.0,36.0372673,126.6898854,MASTER,2025101110
KR10025001,2025101111,968.375,103.54999999999998,81952.89,25.33,69.0,1014.0,17.72,0.0,0.0,10000.0,2.14,225.0,36.0372673,126.6898854,MASTER,2025101111
KR10025001,2025101112,968.375,109.28,82062.17,25.91,67.0,1014.0,17.66,0.0,0.0,10000.0,2.96,249.0,36.0372673,126.6898854,MASTER,2025101112
KR10025001,2025101113,968.375,103.7,82165.87,25.89,66.0,1013.0,17.45,0.0,0.0,10000.0,3.46,251.0,36.0372673,126.6898854,MASTER,2025101113
KR10025001,2025101114,968.375,89.55999999999999,82255.43,24.69,67.0,1013.0,17.51,0.0,0.0,10000.0,3.74,255.0,36.0372673,126.6898854,MASTER,2025101114
KR10025001,2025101115,968.375,68.04999999999998,82323.48000000001,24.72,69.0,1012.0,17.62,0.0,0.0,10000.0,3.79,256.0,36.0372673,126.6898854,MASTER,2025101115
KR10025001,2025101116,968.375,38.23000000000001,82361.70999999999,23.81,73.0,1012.0,18.03,0.0,0.0,10000.0,3.66,265.0,36.0372673,126.6898854,MASTER,2025101116
KR10025001,2025101117,968.375,8.149999999999991,82369.86,23.38,80.0,1013.0,18.84,0.0,0.0,10000.0,2.89,254.0,36.0372673,126.6898854,MASTER,2025101117
KR10025001,2025101118,968.375,0.03,82369.89,22.96,85.0,1012.0,20.3,0.0,0.0,10000.0,2.4,226.0,36.0372673,126.6898854,MASTER,2025101118
KR10025001,2025101119,968.375,0.0,82369.89,22.83,86.0,1012.0,20.37,0.0,0.0,10000.0,2.74,209.0,36.0372673,126.6898854,MASTER,2025101119
KR10025001,2025101120,968.375,0.0,82369.89,22.6,87.0,1012.0,20.33,0.0,0.0,10000.0,2.85,205.0,36.0372673,126.6898854,MASTER,2025101120
KR10025001,2025101121,968.375,0.0,82369.89,22.26,89.0,1012.0,20.36,0.0,0.0,10000.0,2.93,198.0,36.0372673,126.6898854,MASTER,2025101121
KR10025001,2025101122,968.375,0.0,82369.89,21.82,91.0,1012.0,20.29,0.0,13.0,10000.0,2.86,200.0,36.0372673,126.6898854,MASTER,2025101122
KR10025001,2025101123,968.375,0.0,82369.89,21.82,93.0,1012.0,19.77,0.0,35.0,10000.0,2.82,198.0,36.0372673,126.6898854,MASTER,2025101123
KR10025001,2025101200,968.375,0.0,82369.89,22.5,93.0,1012.0,20.02,0.0,46.0,10000.0,3.02,198.0,36.0372673,126.6898854,MASTER,2025101200
KR10025001,2025101201,968.375,0.0,82369.89,22.93,94.0,1012.0,20.18,0.0,58.0,10000.0,2.57,215.0,36.0372673,126.6898854,MASTER,2025101201
KR10025001,2025101202,968.375,0.0,82369.89,23.02,95.0,1012.0,20.43,0.0,66.0,10000.0,1.87,235.0,36.0372673,126.6898854,MASTER,2025101202
KR10025001,2025101203,968.375,0.0,82369.89,23.03,95.0,1012.0,20.56,0.0,72.0,10000.0,1.58,262.0,36.0372673,126.6898854,MASTER,2025101203
KR10025001,2025101204,968.375,0.0,102881.66,23.0,95.0,1012.0,20.45,0.0,99.0,10000.0,2.31,305.0,36.0372673,126.6898854,MASTER,2025101204
KR10025001,2025101205,968.375,0.0,203476.48,22.95,94.0,1011.0,20.09,0.0,100.0,10000.0,2.23,320.0,36.0372673,126.6898854,MASTER,2025101205
KR10025001,2025101206,968.375,0.0,303229.44,22.02,93.0,1012.0,20.84,0.0,100.0,10000.0,2.36,308.0,36.0372673,126.6898854,MASTER,2025101206
KR10025001,2025101207,968.375,0.0,404354.74,22.02,93.0,1012.0,20.84,0.0,100.0,10000.0,2.47,313.0,36.0372673,126.6898854,MASTER,2025101207
KR10025001,2025101208,968.375,0.0,429369.24,21.95,92.0,1012.0,20.59,0.0,100.0,10000.0,2.94,308.0,36.0372673,126.6898854,MASTER,2025101208
KR10025001,2025101209,968.375,0.0,429369.24,21.77,91.0,1013.0,20.24,0.0,100.0,10000.0,2.67,316.0,36.0372673,126.6898854,MASTER,2025101209
KR10025001,2025101210,968.375,0.0,429369.24,21.28,87.0,1014.0,19.03,0.0,99.0,10000.0,2.73,319.0,36.0372673,126.6898854,MASTER,2025101210
KR10025001,2025101211,968.375,0.0,429369.24,21.36,87.0,1013.0,18.98,0.0,100.0,10000.0,2.12,320.0,36.0372673,126.6898854,MASTER,2025101211
KR10025001,2025101212,968.375,0.0,429369.24,22.1,86.0,1013.0,18.78,0.0,100.0,10000.0,2.18,281.0,36.0372673,126.6898854,MASTER,2025101212
KR10025001,2025101213,968.375,0.0,429369.24,22.16,83.0,1013.0,18.41,0.0,100.0,10000.0,2.63,293.0,36.0372673,126.6898854,MASTER,2025101213
KR10025001,2025101214,968.375,0.0,429369.24,22.69,79.0,1013.0,18.23,0.0,96.0,10000.0,3.82,295.0,36.0372673,126.6898854,MASTER,2025101214
KR10025001,2025101215,968.375,0.0,429369.24,22.39,78.0,1012.0,17.91,0.0,90.0,10000.0,4.07,301.0,36.0372673,126.6898854,MASTER,2025101215
KR10025001,2025101216,968.375,2.54,429371.78,22.29,77.0,1013.0,17.49,0.0,23.0,10000.0,3.17,302.0,36.0372673,126.6898854,MASTER,2025101216
KR10025001,2025101217,968.375,15.12000000000001,429386.9,21.48,79.0,1013.0,17.36,0.0,14.0,10000.0,3.19,299.0,36.0372673,126.6898854,MASTER,2025101217
KR10025001,2025101218,968.375,0.2,429387.1,21.3,82.0,1013.0,18.1,0.0,40.0,10000.0,2.57,296.0,36.0372673,126.6898854,MASTER,2025101218
KR10025001,2025101219,968.375,0.0,429387.1,21.25,83.0,1013.0,18.25,0.0,38.0,10000.0,2.09,307.0,36.0372673,126.6898854,MASTER,2025101219
KR10025001,2025101220,968.375,0.0,429387.1,21.02,83.0,1013.0,18.02,0.0,34.0,10000.0,0.25,7.0,36.0372673,126.6898854,MASTER,2025101220
KR10025001,2025101221,968.375,0.0,429387.1,20.91,84.0,1014.0,18.11,0.0,30.0,10000.0,0.36,203.0,36.0372673,126.6898854,MASTER,2025101221
KR10025001,2025101222,968.375,0.0,429387.1,20.7,85.0,1015.0,18.09,0.0,15.0,10000.0,0.72,268.0,36.0372673,126.6898854,MASTER,2025101222
KR10025001,2025101223,968.375,0.0,429387.1,20.17,85.0,1015.0,16.61,0.0,9.0,10000.0,0.66,308.0,36.0372673,126.6898854,MASTER,2025101223
KR10025001,2025101300,968.375,0.0,429387.1,20.08,86.0,1015.0,16.5,0.0,8.0,10000.0,0.77,124.0,36.0372673,126.6898854,MASTER,2025101300
KR10025001,2025101301,968.375,0.0,429387.1,20.01,87.0,1014.0,16.43,0.0,7.0,10000.0,0.87,130.0,36.0372673,126.6898854,MASTER,2025101301
KR10025001,2025101302,968.375,0.0,429387.1,19.82,88.0,1015.0,16.32,0.0,5.0,10000.0,0.85,93.0,36.0372673,126.6898854,MASTER,2025101302
KR10025001,2025101303,968.375,0.0,429387.1,20.25,86.0,1015.0,16.61,0.0,22.0,10000.0,0.46,279.0,36.0372673,126.6898854,MASTER,2025101303
KR10025001,2025101304,968.375,0.0,429387.1,20.31,86.0,1014.0,16.65,0.0,86.0,10000.0,0.76,132.0,36.0372673,126.6898854,MASTER,2025101304
KR10025001,2025101305,968.375,0.0,429387.1,19.83,88.0,1015.0,16.64,0.0,80.0,10000.0,0.51,105.0,36.0372673,126.6898854,MASTER,2025101305
KR10025001,2025101306,968.375,1.2000000000000002,429388.3000000001,19.83,90.0,1014.0,18.14,0.0,55.0,10000.0,1.78,132.0,36.0372673,126.6898854,MASTER,2025101306
KR10025001,2025101307,968.375,39.77,429428.07,19.87,90.0,1014.0,18.18,0.0,57.0,10000.0,1.08,124.0,36.0372673,126.6898854,MASTER,2025101307
KR10025001,2025101308,968.375,59.860000000000014,429487.93,20.07,89.0,1014.0,18.2,0.0,61.0,10000.0,1.08,139.0,36.0372673,126.6898854,MASTER,2025101308
KR10025001,2025101309,968.375,93.35,429581.28,20.51,88.0,1015.0,18.45,0.0,68.0,10000.0,1.46,166.0,36.0372673,126.6898854,MASTER,2025101309
KR10025001,2025101310,968.375,23.36,429604.64,21.03,90.0,1015.0,19.33,0.0,91.0,10000.0,1.46,209.0,36.0372673,126.6898854,MASTER,2025101310
KR10025001,2025101311,968.375,0.0,760784.0499999999,21.65,86.0,1015.0,18.72,0.0,98.0,10000.0,2.2,178.0,36.0372673,126.6898854,MASTER,2025101311
KR10025001,2025101312,968.375,0.0,760784.0499999999,21.82,87.0,1014.0,19.34,0.0,100.0,10000.0,2.92,186.0,36.0372673,126.6898854,MASTER,2025101312
KR10025001,2025101313,968.375,0.0,760784.0499999999,22.64,85.0,1014.0,19.95,0.0,95.0,10000.0,5.2,213.0,36.0372673,126.6898854,MASTER,2025101313
KR10025001,2025101314,968.375,4.050000000000001,185449.63,22.6,87.0,1013.0,20.24,0.0,96.0,10000.0,5.67,216.0,36.0372673,126.6898854,MASTER,2025101314
KR10025001,2025101315,968.375,25.840000000000003,512328.23999999993,22.72,87.0,1013.0,20.58,0.0,93.0,10000.0,6.45,227.0,36.0372673,126.6898854,MASTER,2025101315
KR10025001,2025101316,968.375,18.45000000000001,512346.69000000006,21.78,94.0,1013.0,20.67,0.0,94.0,9252.0,5.08,252.0,36.0372673,126.6898854,MASTER,2025101316
KR10025001,2025101317,968.375,1.2200000000000002,512347.91,21.16,98.0,1013.0,20.11,0.0,97.0,4412.0,4.06,309.0,36.0372673,126.6898854,MASTER,2025101317
KR10025001,2025101318,968.375,0.0,512347.91,22.01,95.0,1013.0,21.17,0.0,100.0,10000.0,3.02,253.0,36.0372673,126.6898854,MASTER,2025101318
KR10025001,2025101319,968.375,0.0,512347.91,21.94,96.0,1013.0,21.27,0.0,100.0,10000.0,2.42,297.0,36.0372673,126.6898854,MASTER,2025101319
KR10025001,2025101320,968.375,0.0,512347.91,21.87,96.0,1013.0,21.2,0.0,100.0,10000.0,1.29,270.0,36.0372673,126.6898854,MASTER,2025101320
KR10025001,2025101321,968.375,0.0,512347.91,21.7,96.0,1014.0,21.03,0.0,100.0,10000.0,2.37,261.0,36.0372673,126.6898854,MASTER,2025101321
KR10025001,2025101322,968.375,0.0,512347.91,21.61,96.0,1015.0,20.94,0.0,100.0,10000.0,2.12,266.0,36.0372673,126.6898854,MASTER,2025101322
KR10025001,2025101323,968.375,0.0,512347.91,21.53,96.0,1014.0,19.73,0.0,100.0,10000.0,1.81,266.0,36.0372673,126.6898854,MASTER,2025101323
KR10025001,2025101400,968.375,0.0,512347.91,21.34,95.0,1014.0,19.66,0.0,100.0,10000.0,1.14,220.0,36.0372673,126.6898854,MASTER,2025101400
KR10025001,2025101401,968.375,0.0,512347.91,21.04,95.0,1014.0,19.56,0.0,100.0,10000.0,0.68,267.0,36.0372673,126.6898854,MASTER,2025101401
KR10025001,2025101402,968.375,0.0,512347.91,20.8,96.0,1014.0,19.49,0.0,100.0,10000.0,2.22,296.0,36.0372673,126.6898854,MASTER,2025101402
KR10025001,2025101403,968.375,0.0,512347.91,20.57,95.0,1014.0,19.03,0.0,100.0,10000.0,1.83,7.0,36.0372673,126.6898854,MASTER,2025101403
KR10025001,2025101404,968.375,0.0,512347.91,20.03,96.0,1014.0,18.2,0.0,100.0,6666.0,2.3,29.0,36.0372673,126.6898854,MASTER,2025101404
KR10025001,2025101405,968.375,0.0,512347.91,19.8,96.0,1014.0,17.56,0.0,100.0,8796.0,2.5,36.0,36.0372673,126.6898854,MASTER,2025101405
KR10025001,2025101406,968.375,0.16,512348.07,19.95,94.0,1015.0,18.96,0.0,100.0,10000.0,3.37,50.0,36.0372673,126.6898854,MASTER,2025101406
KR10025001,2025101407,968.375,20.370000000000008,512368.44000000006,19.75,94.0,1015.0,18.76,0.0,100.0,10000.0,3.09,44.0,36.0372673,126.6898854,MASTER,2025101407
KR10025001,2025101408,968.375,106.98000000000005,512475.4199999999,19.55,93.0,1015.0,18.39,0.0,100.0,10000.0,2.76,44.0,36.0372673,126.6898854,MASTER,2025101408
KR10025001,2025101409,968.375,158.47000000000003,512633.89,19.4,92.0,1016.0,18.07,0.0,100.0,10000.0,2.67,52.0,36.0372673,126.6898854,MASTER,2025101409
KR10025001,2025101410,968.375,269.37,512903.26,19.75,90.0,1016.0,18.06,0.0,100.0,10000.0,3.55,50.0,36.0372673,126.6898854,MASTER,2025101410
KR10025001,2025101411,968.375,279.85,513183.1100000001,20.73,86.0,1016.0,16.51,0.0,100.0,10000.0,3.92,57.0,36.0372673,126.6898854,MASTER,2025101411
KR10025001,2025101412,968.375,204.9600000000001,513388.07000000007,21.34,84.0,1016.0,16.82,0.0,99.0,10000.0,4.27,54.0,36.0372673,126.6898854,MASTER,2025101412
KR10025001,2025101413,968.375,126.36000000000008,513514.43000000005,22.08,81.0,1016.0,17.37,0.0,92.0,10000.0,3.4,48.0,36.0372673,126.6898854,MASTER,2025101413
KR10025001,2025101414,968.375,150.22,513664.65,22.38,80.0,1016.0,17.48,0.0,90.0,10000.0,2.83,38.0,36.0372673,126.6898854,MASTER,2025101414
KR10025001,2025101415,968.375,211.06000000000003,513875.71,22.33,80.0,1016.0,17.47,0.0,90.0,10000.0,3.3,33.0,36.0372673,126.6898854,MASTER,2025101415
KR10025001,2025101416,968.375,49.260000000000005,513924.97,21.85,82.0,1016.0,17.33,0.0,90.0,10000.0,3.86,33.0,36.0372673,126.6898854,MASTER,2025101416
KR10025001,2025101417,968.375,23.40999999999999,513948.38,21.28,85.0,1017.0,17.16,0.0,93.0,10000.0,3.91,38.0,36.0372673,126.6898854,MASTER,2025101417
KR10025001,2025101418,968.375,0.13,513948.51,21.95,78.0,1017.0,17.94,0.0,100.0,10000.0,5.37,47.0,36.0372673,126.6898854,MASTER,2025101418
KR10025001,2025101419,968.375,0.0,513948.51,21.67,79.0,1017.0,17.87,0.0,95.0,10000.0,5.29,47.0,36.0372673,126.6898854,MASTER,2025101419
KR10025001,2025101420,968.375,0.0,513948.51,21.36,81.0,1017.0,17.97,0.0,88.0,10000.0,4.68,53.0,36.0372673,126.6898854,MASTER,2025101420
KR10025001,2025101421,968.375,0.0,513948.51,21.25,83.0,1018.0,18.25,0.0,85.0,10000.0,4.17,65.0,36.0372673,126.6898854,MASTER,2025101421
KR10025001,2025101422,968.375,0.0,513948.51,20.97,84.0,1019.0,18.16,0.0,99.0,10000.0,3.97,67.0,36.0372673,126.6898854,MASTER,2025101422
KR10025001,2025101423,968.375,0.0,513948.51,19.13,85.0,1019.0,16.49,0.0,99.0,10000.0,3.72,66.0,36.0372673,126.6898854,MASTER,2025101423
KR10025001,2025101500,968.375,0.0,513948.51,19.18,86.0,1019.0,16.52,0.0,100.0,10000.0,2.95,72.0,36.0372673,126.6898854,MASTER,2025101500
KR10025001,2025101501,968.375,0.0,513948.51,19.18,86.0,1019.0,16.56,0.0,100.0,10000.0,2.9,81.0,36.0372673,126.6898854,MASTER,2025101501
KR10025001,2025101502,968.375,0.0,513948.51,19.28,86.0,1019.0,16.62,0.0,100.0,10000.0,2.66,67.0,36.0372673,126.6898854,MASTER,2025101502
KR10025001,2025101503,968.375,0.0,513948.51,18.87,87.0,1019.0,16.57,0.0,100.0,10000.0,3.21,48.0,36.0372673,126.6898854,MASTER,2025101503
KR10025001,2025101504,968.375,0.0,513948.51,18.75,86.0,1019.0,16.29,0.0,100.0,10000.0,3.4,47.0,36.0372673,126.6898854,MASTER,2025101504
KR10025001,2025101505,968.375,0.0,513948.51,18.49,85.0,1019.0,15.91,0.0,100.0,10000.0,3.09,49.0,36.0372673,126.6898854,MASTER,2025101505
KR10025001,2025101506,968.375,3.2099999999999995,513951.72,17.95,88.0,1019.0,15.93,0.0,100.0,10000.0,2.97,47.0,36.0372673,126.6898854,MASTER,2025101506
KR10025001,2025101507,968.375,83.93000000000002,514035.65,17.97,87.0,1019.0,15.78,0.0,100.0,10000.0,3.63,45.0,36.0372673,126.6898854,MASTER,2025101507
KR10025001,2025101508,968.375,201.88,514237.53,18.06,86.0,1019.0,15.68,0.0,100.0,10000.0,4.34,49.0,36.0372673,126.6898854,MASTER,2025101508
KR10025001,2025101509,968.375,354.25999999999993,514591.79,18.6,85.0,1019.0,16.03,0.0,100.0,10000.0,3.76,53.0,36.0372673,126.6898854,MASTER,2025101509
KR10025001,2025101510,968.375,288.63000000000005,514880.42,19.78,82.0,1019.0,16.62,0.0,100.0,10000.0,3.64,61.0,36.0372673,126.6898854,MASTER,2025101510
KR10025001,2025101511,968.375,514.45,515394.87,21.44,78.0,1019.0,16.64,0.0,100.0,10000.0,2.93,75.0,36.0372673,126.6898854,MASTER,2025101511
KR10025001,2025101512,968.375,204.15,515599.02,23.35,71.0,1018.0,16.63,0.0,100.0,10000.0,3.14,98.0,36.0372673,126.6898854,MASTER,2025101512
KR10025001,2025101513,968.375,244.86,515843.88,23.76,71.0,1018.0,16.38,0.0,100.0,10000.0,3.05,149.0,36.0372673,126.6898854,MASTER,2025101513
KR10025001,2025101514,968.375,107.10000000000008,515950.98,22.51,86.0,1018.0,17.05,0.0,100.0,10000.0,2.1,182.0,36.0372673,126.6898854,MASTER,2025101514
KR10025001,2025101515,968.375,49.57999999999996,516000.56,21.96,89.0,1017.0,17.05,0.0,100.0,10000.0,0.53,112.0,36.0372673,126.6898854,MASTER,2025101515
KR10025001,2025101516,968.375,38.61999999999998,516039.17999999993,21.26,88.0,1017.0,16.92,0.0,100.0,10000.0,2.47,103.0,36.0372673,126.6898854,MASTER,2025101516
KR10025001,2025101517,968.375,14.29000000000001,516053.47,20.63,89.0,1017.0,17.12,0.0,100.0,10000.0,1.96,89.0,36.0372673,126.6898854,MASTER,2025101517
KR10025001,2025101518,968.375,0.0,516053.47,20.95,88.0,1016.0,18.89,0.0,100.0,10000.0,1.93,72.0,36.0372673,126.6898854,MASTER,2025101518
KR10025001,2025101519,968.375,0.0,516053.47,20.91,87.0,1016.0,18.67,0.0,100.0,10000.0,2.24,79.0,36.0372673,126.6898854,MASTER,2025101519
KR10025001,2025101520,968.375,0.0,516053.47,20.63,88.0,1016.0,18.57,0.0,100.0,10000.0,1.37,65.0,36.0372673,126.6898854,MASTER,2025101520
KR10025001,2025101521,968.375,0.0,516053.47,20.33,89.0,1016.0,18.46,0.0,100.0,10000.0,1.3,63.0,36.0372673,126.6898854,MASTER,2025101521
KR10025001,2025101522,968.375,0.0,516053.47,20.17,89.0,1016.0,18.3,0.0,100.0,10000.0,1.55,87.0,36.0372673,126.6898854,MASTER,2025101522
KR10025001,2025101523,968.375,0.0,516053.47,20.03,91.0,1016.0,17.78,0.0,100.0,10000.0,1.87,102.0,36.0372673,126.6898854,MASTER,2025101523
KR10025001,2025101600,968.375,0.0,516053.47,20.37,92.0,1015.0,17.91,0.0,100.0,10000.0,2.7,137.0,36.0372673,126.6898854,MASTER,2025101600
KR10025001,2025101601,968.375,0.0,516053.47,20.11,93.0,1013.0,18.13,0.0,100.0,2637.0,1.32,147.0,36.0372673,126.6898854,MASTER,2025101601
KR10025001,2025101602,968.375,0.0,516053.47,20.3,98.0,1015.0,18.97,0.0,100.0,2528.0,3.54,275.0,36.0372673,126.6898854,MASTER,2025101602
KR10025001,2025101603,968.375,0.0,516053.47,20.35,98.0,1014.0,19.41,0.0,100.0,5688.0,3.24,211.0,36.0372673,126.6898854,MASTER,2025101603
KR10025001,2025101604,968.375,0.0,516053.47,20.62,98.0,1014.0,19.47,0.0,100.0,3637.0,0.27,96.0,36.0372673,126.6898854,MASTER,2025101604
KR10025001,2025101605,968.375,0.0,516053.47,19.68,98.0,1015.0,18.19,0.0,100.0,7351.0,3.51,55.0,36.0372673,126.6898854,MASTER,2025101605
KR10025001,2025101606,968.375,0.4700000000000001,516053.94,18.95,94.0,1015.0,17.96,0.0,100.0,10000.0,2.17,7.0,36.0372673,126.6898854,MASTER,2025101606
KR10025001,2025101607,968.375,30.13000000000001,516084.07,19.1,93.0,1015.0,17.94,0.0,100.0,10000.0,1.47,345.0,36.0372673,126.6898854,MASTER,2025101607
KR10025001,2025101608,968.375,181.8,516265.87,19.58,92.0,1016.0,18.25,0.0,100.0,10000.0,2.74,350.0,36.0372673,126.6898854,MASTER,2025101608
KR10025001,2025101609,968.375,324.04999999999995,516589.92,20.16,91.0,1016.0,18.64,0.0,100.0,10000.0,2.92,7.0,36.0372673,126.6898854,MASTER,2025101609
KR10025001,2025101610,968.375,376.18,516966.1,20.35,84.0,1017.0,17.56,0.0,100.0,10000.0,2.76,8.0,36.0372673,126.6898854,MASTER,2025101610
KR10025001,2025101611,968.375,345.0499999999999,517311.15,21.68,77.0,1018.0,16.72,0.0,100.0,10000.0,3.21,11.0,36.0372673,126.6898854,MASTER,2025101611
KR10025001,2025101612,968.375,335.11,517646.26,22.17,73.0,1018.0,16.46,0.0,100.0,10000.0,2.89,1.0,36.0372673,126.6898854,MASTER,2025101612
KR10025001,2025101613,968.375,304.85,517951.1099999999,22.79,71.0,1018.0,16.39,0.0,100.0,10000.0,3.25,346.0,36.0372673,126.6898854,MASTER,2025101613
KR10025001,2025101614,968.375,238.94,518190.0500000001,22.79,69.0,1018.0,16.3,0.0,100.0,10000.0,3.68,358.0,36.0372673,126.6898854,MASTER,2025101614
KR10025001,2025101615,968.375,317.28,518507.33,22.88,69.0,1018.0,16.42,0.0,91.0,10000.0,3.8,11.0,36.0372673,126.6898854,MASTER,2025101615
KR10025001,2025101616,968.375,157.08,518664.41,22.73,72.0,1019.0,16.78,0.0,54.0,10000.0,3.68,28.0,36.0372673,126.6898854,MASTER,2025101616
KR10025001,2025101617,968.375,37.21999999999998,518701.63,22.0,78.0,1019.0,17.37,0.0,30.0,10000.0,3.62,47.0,36.0372673,126.6898854,MASTER,2025101617
KR10025001,2025101618,968.375,0.04,518701.67,22.95,68.0,1019.0,16.73,0.0,20.0,10000.0,3.22,19.0,36.0372673,126.6898854,MASTER,2025101618
KR10025001,2025101619,968.375,0.0,518701.67,22.51,71.0,1019.0,16.99,0.0,32.0,10000.0,3.34,19.0,36.0372673,126.6898854,MASTER,2025101619
KR10025001,2025101620,968.375,0.0,518701.67,21.85,75.0,1019.0,17.22,0.0,37.0,10000.0,4.13,26.0,36.0372673,126.6898854,MASTER,2025101620
KR10025001,2025101621,968.375,0.0,518701.67,21.0,77.0,1020.0,16.82,0.0,39.0,10000.0,6.35,50.0,36.0372673,126.6898854,MASTER,2025101621
KR10025001,2025101622,968.375,0.0,518701.67,20.11,80.0,1021.0,16.55,0.0,4.0,10000.0,6.38,55.0,36.0372673,126.6898854,MASTER,2025101622
KR10025001,2025101623,968.375,0.0,518701.67,19.12,84.0,1021.0,15.46,0.0,0.0,10000.0,5.94,68.0,36.0372673,126.6898854,MASTER,2025101623
KR10025001,2025101700,968.375,0.0,518701.67,19.31,86.0,1021.0,15.43,0.0,0.0,10000.0,4.46,68.0,36.0372673,126.6898854,MASTER,2025101700
KR10025001,2025101701,968.375,0.0,518701.67,19.45,86.0,1021.0,15.28,0.0,0.0,10000.0,4.08,64.0,36.0372673,126.6898854,MASTER,2025101701
KR10025001,2025101702,968.375,0.0,518701.67,19.26,86.0,1021.0,14.93,0.0,0.0,10000.0,3.34,58.0,36.0372673,126.6898854,MASTER,2025101702
KR10025001,2025101703,968.375,0.0,518701.67,18.99,87.0,1022.0,14.84,0.0,1.0,10000.0,2.57,58.0,36.0372673,126.6898854,MASTER,2025101703
KR10025001,2025101704,968.375,0.0,518701.67,18.35,88.0,1022.0,14.7,0.0,25.0,10000.0,2.57,52.0,36.0372673,126.6898854,MASTER,2025101704
KR10025001,2025101705,968.375,0.0,518701.67,18.23,89.0,1022.0,14.76,0.0,35.0,10000.0,2.69,58.0,36.0372673,126.6898854,MASTER,2025101705
KR10025001,2025101706,968.375,2.38,518704.04999999993,16.95,88.0,1022.0,14.95,0.0,20.0,10000.0,2.78,66.0,36.0372673,126.6898854,MASTER,2025101706
KR10025001,2025101707,968.375,55.42,518759.47,17.22,87.0,1022.0,15.04,0.0,35.0,10000.0,2.37,70.0,36.0372673,126.6898854,MASTER,2025101707
KR10025001,2025101708,968.375,215.82,518975.29,17.82,87.0,1022.0,15.63,0.0,50.0,10000.0,2.53,75.0,36.0372673,126.6898854,MASTER,2025101708
KR10025001,2025101709,968.375,444.16,519419.45,19.24,83.0,1023.0,16.28,0.0,65.0,10000.0,2.28,75.0,36.0372673,126.6898854,MASTER,2025101709
KR10025001,2025101710,968.375,502.75,519922.20000000007,21.06,77.0,1023.0,16.87,0.0,53.0,10000.0,1.72,75.0,36.0372673,126.6898854,MASTER,2025101710
KR10025001,2025101711,968.375,569.5899999999999,520491.79,22.91,71.0,1022.0,15.56,0.0,81.0,10000.0,3.27,98.0,36.0372673,126.6898854,MASTER,2025101711
KR10025001,2025101712,968.375,425.47,520917.26000000007,23.31,69.0,1021.0,15.92,0.0,87.0,10000.0,4.29,110.0,36.0372673,126.6898854,MASTER,2025101712
KR10025001,2025101713,968.375,288.04999999999995,521205.31,23.84,67.0,1020.0,16.16,0.0,89.0,10000.0,4.4,104.0,36.0372673,126.6898854,MASTER,2025101713
KR10025001,2025101714,968.375,299.6,521504.91,24.57,63.0,1019.0,16.01,0.0,89.0,10000.0,3.81,106.0,36.0372673,126.6898854,MASTER,2025101714
KR10025001,2025101715,968.375,112.12999999999997,521617.04,24.54,61.0,1018.0,15.83,0.0,91.0,10000.0,1.83,144.0,36.0372673,126.6898854,MASTER,2025101715
KR10025001,2025101716,968.375,27.520000000000003,521644.56,23.26,70.0,1018.0,16.7,0.0,100.0,10000.0,1.39,173.0,36.0372673,126.6898854,MASTER,2025101716
KR10025001,2025101717,968.375,4.5600000000000005,521649.12,22.59,71.0,1018.0,16.52,0.0,100.0,10000.0,1.67,241.0,36.0372673,126.6898854,MASTER,2025101717
KR10025001,2025101718,968.375,0.0,521649.12,22.95,78.0,1018.0,18.91,0.0,100.0,10000.0,2.6,284.0,36.0372673,126.6898854,MASTER,2025101718
KR10025001,2025101719,968.375,0.0,521649.12,22.74,80.0,1018.0,19.11,0.0,100.0,10000.0,2.89,324.0,36.0372673,126.6898854,MASTER,2025101719
KR10025001,2025101720,968.375,0.0,521649.12,22.34,83.0,1018.0,19.31,0.0,100.0,10000.0,3.49,339.0,36.0372673,126.6898854,MASTER,2025101720
KR10025001,2025101721,968.375,0.0,521649.12,21.83,87.0,1018.0,19.57,0.0,100.0,10000.0,2.02,349.0,36.0372673,126.6898854,MASTER,2025101721
KR10025001,2025101722,968.375,0.0,521649.12,21.05,92.0,1017.0,19.7,0.0,100.0,10000.0,2.73,73.0,36.0372673,126.6898854,MASTER,2025101722
KR10025001,2025101723,968.375,0.0,521649.12,20.41,98.0,1016.0,18.0,0.0,100.0,4772.0,3.2,57.0,36.0372673,126.6898854,MASTER,2025101723
KR10025001,2025101800,968.375,0.0,521649.12,20.44,97.0,1016.0,17.93,0.0,100.0,9303.0,1.88,53.0,36.0372673,126.6898854,MASTER,2025101800
KR10025001,2025101801,968.375,0.0,521649.12,20.4,96.0,1016.0,17.8,0.0,100.0,10000.0,1.33,60.0,36.0372673,126.6898854,MASTER,2025101801
KR10025001,2025101802,968.375,0.0,521649.12,20.52,96.0,1015.0,17.83,0.0,100.0,10000.0,2.2,103.0,36.0372673,126.6898854,MASTER,2025101802
KR10025001,2025101803,968.375,0.0,521649.12,20.45,96.0,1015.0,17.87,0.0,100.0,10000.0,1.96,118.0,36.0372673,126.6898854,MASTER,2025101803
KR10025001,2025101804,968.375,0.0,521649.12,20.61,96.0,1015.0,17.93,0.0,100.0,4772.0,5.33,331.0,36.0372673,126.6898854,MASTER,2025101804
KR10025001,2025101805,968.375,0.0,521649.12,20.07,90.0,1016.0,16.09,0.0,100.0,10000.0,7.87,348.0,36.0372673,126.6898854,MASTER,2025101805
KR10025001,2025101806,968.375,0.0,521649.12,18.95,94.0,1016.0,17.96,0.0,100.0,10000.0,7.75,350.0,36.0372673,126.6898854,MASTER,2025101806
KR10025001,2025101807,968.375,0.0,521649.12,18.96,93.0,1016.0,17.8,0.0,100.0,10000.0,5.15,346.0,36.0372673,126.6898854,MASTER,2025101807
KR10025001,2025101808,968.375,0.0,521649.12,18.94,92.0,1017.0,17.61,0.0,100.0,10000.0,4.24,345.0,36.0372673,126.6898854,MASTER,2025101808
KR10025001,2025101809,968.375,0.0,521649.12,18.73,90.0,1018.0,17.06,0.0,100.0,10000.0,4.77,338.0,36.0372673,126.6898854,MASTER,2025101809
KR10025001,2025101810,968.375,0.0,521649.12,18.49,88.0,1018.0,16.47,0.0,100.0,10000.0,5.48,339.0,36.0372673,126.6898854,MASTER,2025101810
KR10025001,2025101811,968.375,0.0,521649.12,18.74,82.0,1020.0,14.8,0.0,100.0,10000.0,5.65,343.0,36.0372673,126.6898854,MASTER,2025101811
KR10025001,2025101812,968.375,0.0,521649.12,19.49,77.0,1020.0,14.47,0.0,100.0,10000.0,6.01,344.0,36.0372673,126.6898854,MASTER,2025101812
KR10025001,2025101813,968.375,0.0,521649.12,19.94,74.0,1020.0,14.17,0.0,100.0,10000.0,5.93,338.0,36.0372673,126.6898854,MASTER,2025101813
KR10025001,2025101814,968.375,0.0,521649.12,20.27,71.0,1020.0,14.06,0.0,100.0,10000.0,6.16,331.0,36.0372673,126.6898854,MASTER,2025101814
KR10025001,2025101815,968.375,0.0,521649.12,19.66,71.0,1020.0,13.63,0.0,100.0,10000.0,5.79,336.0,36.0372673,126.6898854,MASTER,2025101815
KR10025001,2025101816,968.375,0.0,521649.12,18.36,74.0,1021.0,13.53,0.0,100.0,10000.0,5.34,343.0,36.0372673,126.6898854,MASTER,2025101816
KR10025001,2025101817,968.375,0.0,521649.12,18.26,75.0,1021.0,13.12,0.0,100.0,10000.0,4.47,359.0,36.0372673,126.6898854,MASTER,2025101817
KR10025001,2025101818,968.375,0.0,521649.12,17.95,77.0,1021.0,13.86,0.0,75.0,10000.0,3.77,15.0,36.0372673,126.6898854,MASTER,2025101818
KR10025001,2025101819,968.375,0.0,521649.12,17.93,78.0,1021.0,14.04,0.0,80.0,10000.0,3.12,32.0,36.0372673,126.6898854,MASTER,2025101819
KR10025001,2025101820,968.375,0.0,521649.12,17.76,79.0,1021.0,14.07,0.0,85.0,10000.0,2.91,10.0,36.0372673,126.6898854,MASTER,2025101820
KR10025001,2025101821,968.375,0.0,521649.12,17.42,79.0,1022.0,13.74,0.0,90.0,10000.0,2.76,7.0,36.0372673,126.6898854,MASTER,2025101821
KR10025001,2025101822,968.375,0.0,521649.12,17.01,78.0,1022.0,13.15,0.0,95.0,10000.0,2.91,2.0,36.0372673,126.6898854,MASTER,2025101822
KR10025001,2025101823,968.375,0.0,521649.12,16.83,77.0,1023.0,11.14,0.0,100.0,10000.0,3.07,7.0,36.0372673,126.6898854,MASTER,2025101823
KR10025001,2025101900,968.375,0.0,521649.12,16.68,77.0,1023.0,11.0,0.0,100.0,10000.0,2.75,12.0,36.0372673,126.6898854,MASTER,2025101900
KR10025001,2025101901,968.375,0.0,521649.12,16.59,78.0,1023.0,11.06,0.0,100.0,10000.0,2.6,19.0,36.0372673,126.6898854,MASTER,2025101901
KR10025001,2025101902,968.375,0.0,521649.12,15.33,80.0,1023.0,11.23,0.0,100.0,10000.0,2.23,30.0,36.0372673,126.6898854,MASTER,2025101902
KR10025001,2025101903,968.375,0.0,521649.12,15.06,83.0,1022.0,11.66,0.0,100.0,10000.0,2.57,48.0,36.0372673,126.6898854,MASTER,2025101903
KR10025001,2025101904,968.375,0.0,521649.12,14.87,86.0,1022.0,12.01,0.0,100.0,10000.0,2.83,38.0,36.0372673,126.6898854,MASTER,2025101904
KR10025001,2025101905,968.375,0.0,521649.12,14.8,89.0,1022.0,12.24,0.0,100.0,10000.0,2.84,44.0,36.0372673,126.6898854,MASTER,2025101905
KR10025001,2025101906,968.375,0.0,521649.12,14.95,88.0,1022.0,12.98,0.0,75.0,10000.0,2.45,38.0,36.0372673,126.6898854,MASTER,2025101906
KR10025001,2025101907,968.375,0.0,521649.12,14.77,89.0,1022.0,12.98,0.0,80.0,10000.0,2.23,35.0,36.0372673,126.6898854,MASTER,2025101907
KR10025001,2025101908,968.375,0.0,521649.12,14.97,88.0,1022.0,13.0,0.0,85.0,10000.0,1.96,44.0,36.0372673,126.6898854,MASTER,2025101908
KR10025001,2025101909,968.375,0.0,521649.12,15.72,86.0,1023.0,13.39,0.0,90.0,10000.0,2.05,81.0,36.0372673,126.6898854,MASTER,2025101909
KR10025001,2025101910,968.375,0.0,521649.12,16.62,83.0,1023.0,13.72,0.0,95.0,10000.0,1.24,75.0,36.0372673,126.6898854,MASTER,2025101910
KR10025001,2025101911,968.375,0.0,521649.12,18.27,78.0,1023.0,13.86,0.0,100.0,10000.0,1.47,292.0,36.0372673,126.6898854,MASTER,2025101911
KR10025001,2025101912,968.375,0.0,521649.12,18.89,75.0,1023.0,14.07,0.0,100.0,10000.0,4.03,300.0,36.0372673,126.6898854,MASTER,2025101912
KR10025001,2025101913,968.375,0.0,521649.12,18.56,76.0,1023.0,13.95,0.0,100.0,10000.0,5.54,312.0,36.0372673,126.6898854,MASTER,2025101913
KR10025001,2025101914,968.375,0.0,521649.12,18.85,74.0,1022.0,13.57,0.0,100.0,10000.0,6.89,330.0,36.0372673,126.6898854,MASTER,2025101914
KR10025001,2025101915,968.375,0.0,521649.12,18.01,76.0,1023.0,13.23,0.0,100.0,10000.0,7.1,327.0,36.0372673,126.6898854,MASTER,2025101915
KR10025001,2025101916,968.375,0.0,521649.12,17.87,74.0,1023.0,12.47,0.0,100.0,10000.0,6.38,329.0,36.0372673,126.6898854,MASTER,2025101916
KR10025001,2025101917,968.375,0.0,521649.12,16.86,71.0,1024.0,10.96,0.0,100.0,10000.0,6.29,332.0,36.0372673,126.6898854,MASTER,2025101917
KR10025001,2025101918,968.375,0.0,521649.12,17.95,72.0,1024.0,12.83,0.0,75.0,10000.0,5.57,343.0,36.0372673,126.6898854,MASTER,2025101918
KR10025001,2025101919,968.375,0.0,521649.12,17.48,70.0,1024.0,11.96,0.0,80.0,10000.0,4.78,348.0,36.0372673,126.6898854,MASTER,2025101919
KR10025001,2025101920,968.375,0.0,521649.12,16.72,69.0,1024.0,11.01,0.0,85.0,10000.0,4.58,352.0,36.0372673,126.6898854,MASTER,2025101920
KR10025001,2025101921,968.375,0.0,521649.12,15.76,69.0,1025.0,10.09,0.0,89.0,10000.0,5.27,355.0,36.0372673,126.6898854,MASTER,2025101921
KR10025001,2025101922,968.375,0.0,521649.12,15.97,69.0,1026.0,10.29,0.0,15.0,10000.0,4.47,6.0,36.0372673,126.6898854,MASTER,2025101922
KR10025001,2025101923,968.375,0.0,521649.12,14.58,70.0,1026.0,6.81,0.0,2.0,10000.0,3.95,3.0,36.0372673,126.6898854,MASTER,2025101923
KR10025001,2025102000,968.375,0.0,521649.12,13.98,69.0,1026.0,6.27,0.0,3.0,10000.0,4.15,355.0,36.0372673,126.6898854,MASTER,2025102000
KR10025001,2025102001,968.375,0.0,521649.12,13.37,67.0,1026.0,5.13,0.0,24.0,10000.0,5.39,355.0,36.0372673,126.6898854,MASTER,2025102001
KR10025001,2025102002,968.375,0.0,521649.12,12.71,62.0,1027.0,3.33,0.0,39.0,10000.0,5.52,360.0,36.0372673,126.6898854,MASTER,2025102002
KR10025001,2025102003,968.375,0.0,521649.12,11.88,61.0,1027.0,2.39,0.0,48.0,10000.0,4.42,359.0,36.0372673,126.6898854,MASTER,2025102003
KR10025001,2025102004,968.375,0.0,521649.12,11.42,61.0,1027.0,1.97,0.0,97.0,10000.0,3.64,1.0,36.0372673,126.6898854,MASTER,2025102004
KR10025001,2025102005,968.375,0.0,521649.12,11.07,62.0,1027.0,1.72,0.0,71.0,10000.0,3.0,8.0,36.0372673,126.6898854,MASTER,2025102005
KR10025001,2025102006,968.375,0.0,521649.12,9.95,53.0,1027.0,0.82,0.0,20.0,10000.0,2.67,14.0,36.0372673,126.6898854,MASTER,2025102006
KR10025001,2025102007,968.375,0.0,521649.12,10.15,56.0,1027.0,1.78,0.0,29.0,10000.0,2.32,15.0,36.0372673,126.6898854,MASTER,2025102007
KR10025001,2025102008,968.375,225.96,521875.08,10.65,58.0,1027.0,2.74,0.0,34.0,10000.0,2.63,5.0,36.0372673,126.6898854,MASTER,2025102008
KR10025001,2025102009,968.375,458.5799999999999,522333.66,11.37,59.0,1028.0,3.65,0.0,36.0,10000.0,3.12,12.0,36.0372673,126.6898854,MASTER,2025102009
KR10025001,2025102010,968.375,611.2,522944.86,13.04,60.0,1028.0,5.46,0.0,29.0,10000.0,3.32,15.0,36.0372673,126.6898854,MASTER,2025102010
KR10025001,2025102011,968.375,699.4999999999999,523644.36,14.63,57.0,1027.0,4.62,0.0,25.0,10000.0,3.4,13.0,36.0372673,126.6898854,MASTER,2025102011
KR10025001,2025102012,968.375,727.17,524371.53,15.92,53.0,1027.0,4.84,0.0,20.0,10000.0,3.56,4.0,36.0372673,126.6898854,MASTER,2025102012
KR10025001,2025102013,968.375,654.09,525025.62,16.96,51.0,1026.0,5.07,0.0,18.0,10000.0,3.72,357.0,36.0372673,126.6898854,MASTER,2025102013
KR10025001,2025102014,968.375,377.2699999999999,525402.89,17.72,50.0,1026.0,5.33,0.0,18.0,10000.0,4.04,357.0,36.0372673,126.6898854,MASTER,2025102014
KR10025001,2025102015,968.375,270.93000000000006,525673.8200000001,18.08,52.0,1026.0,5.87,0.0,15.0,10000.0,4.46,1.0,36.0372673,126.6898854,MASTER,2025102015
KR10025001,2025102016,968.375,120.19999999999996,525794.02,17.42,56.0,1026.0,6.69,0.0,53.0,10000.0,4.45,360.0,36.0372673,126.6898854,MASTER,2025102016
KR10025001,2025102017,968.375,17.91000000000001,525811.9299999999,16.47,66.0,1026.0,8.13,0.0,34.0,10000.0,4.91,355.0,36.0372673,126.6898854,MASTER,2025102017
KR10025001,2025102018,968.375,0.01,525811.94,16.95,63.0,1026.0,9.87,0.0,75.0,10000.0,4.95,355.0,36.0372673,126.6898854,MASTER,2025102018
KR10025001,2025102019,968.375,0.0,525811.94,16.62,66.0,1026.0,10.25,0.0,63.0,10000.0,4.25,3.0,36.0372673,126.6898854,MASTER,2025102019
KR10025001,2025102020,968.375,0.0,525811.94,16.18,70.0,1027.0,10.71,0.0,51.0,10000.0,3.86,4.0,36.0372673,126.6898854,MASTER,2025102020
KR10025001,2025102021,968.375,0.0,525811.94,15.92,73.0,1027.0,11.09,0.0,41.0,10000.0,3.85,3.0,36.0372673,126.6898854,MASTER,2025102021
KR10025001,2025102022,968.375,0.0,525811.94,15.6,75.0,1028.0,11.19,0.0,52.0,10000.0,3.65,5.0,36.0372673,126.6898854,MASTER,2025102022
KR10025001,2025102023,968.375,0.0,525811.94,14.69,74.0,1028.0,6.23,0.0,57.0,10000.0,3.61,7.0,36.0372673,126.6898854,MASTER,2025102023
KR10025001,2025102100,968.375,0.0,525811.94,10.35,72.0,1028.0,5.37,0.0,52.0,10000.0,3.39,5.0,36.0372673,126.6898854,MASTER,2025102100
KR10025001,2025102101,968.375,0.0,525811.94,10.38,69.0,1028.0,4.86,0.0,65.0,10000.0,3.48,6.0,36.0372673,126.6898854,MASTER,2025102101
KR10025001,2025102102,968.375,0.0,525811.94,10.04,68.0,1029.0,4.28,0.0,71.0,10000.0,3.74,6.0,36.0372673,126.6898854,MASTER,2025102102
KR10025001,2025102103,968.375,0.0,525811.94,10.14,65.0,1029.0,3.76,0.0,76.0,10000.0,3.91,4.0,36.0372673,126.6898854,MASTER,2025102103
KR10025001,2025102104,968.375,0.0,525811.94,9.94,63.0,1029.0,3.11,0.0,100.0,10000.0,3.89,7.0,36.0372673,126.6898854,MASTER,2025102104
KR10025001,2025102105,968.375,0.0,525811.94,9.65,62.0,1029.0,2.48,0.0,100.0,10000.0,3.5,14.0,36.0372673,126.6898854,MASTER,2025102105
KR10025001,2025102106,968.375,0.59,525812.5299999999,10.95,76.0,1029.0,6.89,0.0,75.0,10000.0,3.34,11.0,36.0372673,126.6898854,MASTER,2025102106
KR10025001,2025102107,968.375,30.700000000000014,525843.23,10.73,74.0,1029.0,6.29,0.0,80.0,10000.0,2.81,4.0,36.0372673,126.6898854,MASTER,2025102107
KR10025001,2025102108,968.375,119.52,525962.75,10.83,71.0,1029.0,5.79,0.0,85.0,10000.0,3.11,4.0,36.0372673,126.6898854,MASTER,2025102108
KR10025001,2025102109,968.375,233.42000000000007,526196.17,11.16,65.0,1030.0,4.83,0.0,90.0,10000.0,3.1,360.0,36.0372673,126.6898854,MASTER,2025102109
KR10025001,2025102110,968.375,317.32000000000005,526513.49,11.77,60.0,1029.0,4.27,0.0,95.0,10000.0,3.31,3.0,36.0372673,126.6898854,MASTER,2025102110
KR10025001,2025102111,968.375,246.18,526759.6699999999,13.78,55.0,1029.0,3.94,0.0,100.0,10000.0,3.15,3.0,36.0372673,126.6898854,MASTER,2025102111
KR10025001,2025102112,968.375,49.06,84774.83,13.21,56.0,1029.0,4.52,0.0,100.0,10000.0,3.03,357.0,36.0372673,126.6898854,MASTER,2025102112
KR10025001,2025102113,968.375,54.35,84829.18,13.62,56.0,1028.0,5.05,0.0,100.0,10000.0,3.29,357.0,36.0372673,126.6898854,MASTER,2025102113
KR10025001,2025102114,968.375,235.51,527861.4900000001,13.99,56.0,1028.0,5.31,0.0,100.0,10000.0,3.6,353.0,36.0372673,126.6898854,MASTER,2025102114
KR10025001,2025102115,968.375,169.33999999999995,528030.8300000001,14.09,55.0,1028.0,5.24,0.0,100.0,10000.0,3.99,351.0,36.0372673,126.6898854,MASTER,2025102115
KR10025001,2025102116,968.375,134.48999999999998,528165.3200000001,13.85,56.0,1028.0,5.11,0.0,100.0,10000.0,4.39,357.0,36.0372673,126.6898854,MASTER,2025102116
KR10025001,2025102117,968.375,23.009999999999987,528188.33,13.91,61.0,1028.0,5.54,0.0,100.0,10000.0,4.17,0.0,36.0372673,126.6898854,MASTER,2025102117
KR10025001,2025102118,968.375,0.0,528188.33,14.95,63.0,1028.0,7.98,0.0,75.0,10000.0,3.77,3.0,36.0372673,126.6898854,MASTER,2025102118
KR10025001,2025102119,968.375,0.0,528188.33,14.91,64.0,1028.0,8.17,0.0,80.0,10000.0,3.7,9.0,36.0372673,126.6898854,MASTER,2025102119
KR10025001,2025102120,968.375,0.0,528188.33,14.68,65.0,1028.0,8.18,0.0,85.0,10000.0,3.44,4.0,36.0372673,126.6898854,MASTER,2025102120
KR10025001,2025102121,968.375,0.0,528188.33,14.43,65.0,1029.0,7.94,0.0,90.0,10000.0,2.99,8.0,36.0372673,126.6898854,MASTER,2025102121
KR10025001,2025102122,968.375,0.0,528188.33,14.14,63.0,1029.0,7.21,0.0,95.0,10000.0,3.51,12.0,36.0372673,126.6898854,MASTER,2025102122
KR10025001,2025102123,968.375,0.0,528188.33,13.75,64.0,1029.0,3.59,0.0,100.0,10000.0,3.55,11.0,36.0372673,126.6898854,MASTER,2025102123
KR10025001,2025102200,968.375,0.0,528188.33,13.75,64.0,1029.0,3.54,0.0,98.0,10000.0,3.48,12.0,36.0372673,126.6898854,MASTER,2025102200
KR10025001,2025102201,968.375,0.0,528188.33,9.76,66.0,1029.0,3.53,0.0,90.0,10000.0,3.34,10.0,36.0372673,126.6898854,MASTER,2025102201
KR10025001,2025102202,968.375,0.0,528188.33,9.52,67.0,1028.0,3.55,0.0,78.0,10000.0,3.28,10.0,36.0372673,126.6898854,MASTER,2025102202
KR10025001,2025102203,968.375,0.0,528188.33,9.34,68.0,1028.0,3.56,0.0,77.0,10000.0,3.33,18.0,36.0372673,126.6898854,MASTER,2025102203
KR10025001,2025102204,968.375,0.0,528188.33,9.04,69.0,1028.0,3.57,0.0,61.0,10000.0,2.89,21.0,36.0372673,126.6898854,MASTER,2025102204
KR10025001,2025102205,968.375,0.0,528188.33,8.95,69.0,1028.0,3.58,0.0,34.0,10000.0,2.85,19.0,36.0372673,126.6898854,MASTER,2025102205
KR10025001,2025102206,968.375,2.55,528190.88,7.95,81.0,1028.0,4.89,0.0,20.0,10000.0,3.21,20.0,36.0372673,126.6898854,MASTER,2025102206
KR10025001,2025102207,968.375,74.34000000000002,528265.22,8.23,79.0,1028.0,4.81,0.0,24.0,10000.0,2.97,29.0,36.0372673,126.6898854,MASTER,2025102207
KR10025001,2025102208,968.375,168.85,528434.07,8.95,77.0,1028.0,5.14,0.0,33.0,10000.0,2.7,29.0,36.0372673,126.6898854,MASTER,2025102208
KR10025001,2025102209,968.375,384.89,528818.96,10.47,73.0,1028.0,5.84,0.0,44.0,10000.0,3.92,27.0,36.0372673,126.6898854,MASTER,2025102209
KR10025001,2025102210,968.375,598.6099999999999,529417.57,12.5,72.0,1028.0,7.6,0.0,82.0,10000.0,4.46,43.0,36.0372673,126.6898854,MASTER,2025102210
KR10025001,2025102211,968.375,681.4699999999999,530099.04,15.3,71.0,1028.0,10.01,0.0,99.0,10000.0,4.23,42.0,36.0372673,126.6898854,MASTER,2025102211
KR10025001,2025102212,968.375,708.1399999999999,530807.1799999999,17.31,67.0,1027.0,11.03,0.0,64.0,10000.0,3.1,49.0,36.0372673,126.6898854,MASTER,2025102212
KR10025001,2025102213,968.375,663.94,531471.12,18.46,62.0,1026.0,11.07,0.0,71.0,10000.0,2.19,35.0,36.0372673,126.6898854,MASTER,2025102213
KR10025001,2025102214,968.375,567.37,532038.49,19.15,59.0,1025.0,10.86,0.0,58.0,10000.0,2.82,35.0,36.0372673,126.6898854,MASTER,2025102214
KR10025001,2025102215,968.375,413.39,532451.88,19.0,60.0,1025.0,10.97,0.0,54.0,10000.0,3.9,29.0,36.0372673,126.6898854,MASTER,2025102215
KR10025001,2025102216,968.375,185.98,532637.8600000001,18.33,66.0,1026.0,11.72,0.0,16.0,10000.0,5.21,34.0,36.0372673,126.6898854,MASTER,2025102216
KR10025001,2025102217,968.375,27.28999999999999,532665.15,16.96,73.0,1026.0,11.86,0.0,7.0,10000.0,5.0,29.0,36.0372673,126.6898854,MASTER,2025102217
KR10025001,2025102218,968.375,0.0,532665.15,19.95,60.0,1026.0,11.96,0.0,0.0,10000.0,5.45,37.0,36.0372673,126.6898854,MASTER,2025102218
KR10025001,2025102219,968.375,0.0,532665.15,18.89,64.0,1026.0,11.94,0.0,1.0,10000.0,5.2,23.0,36.0372673,126.6898854,MASTER,2025102219
KR10025001,2025102220,968.375,0.0,532665.15,17.33,70.0,1026.0,11.81,0.0,2.0,10000.0,5.2,24.0,36.0372673,126.6898854,MASTER,2025102220
KR10025001,2025102221,968.375,0.0,532665.15,15.93,76.0,1027.0,11.71,0.0,3.0,10000.0,4.64,32.0,36.0372673,126.6898854,MASTER,2025102221
KR10025001,2025102222,968.375,0.0,532665.15,14.41,83.0,1027.0,11.56,0.0,46.0,10000.0,3.99,40.0,36.0372673,126.6898854,MASTER,2025102222
KR10025001,2025102223,968.375,0.0,532665.15,12.7,91.0,1027.0,11.08,0.0,31.0,10000.0,2.84,55.0,36.0372673,126.6898854,MASTER,2025102223
KR10025001,2025102300,968.375,0.0,532665.15,12.49,91.0,1027.0,10.95,0.0,21.0,10000.0,2.25,41.0,36.0372673,126.6898854,MASTER,2025102300
KR10025001,2025102301,968.375,0.0,532665.15,12.15,92.0,1027.0,10.75,0.0,22.0,10000.0,2.42,28.0,36.0372673,126.6898854,MASTER,2025102301
KR10025001,2025102302,968.375,0.0,532665.15,12.29,90.0,1027.0,10.68,0.0,30.0,10000.0,2.37,42.0,36.0372673,126.6898854,MASTER,2025102302
KR10025001,2025102303,968.375,0.0,532665.15,12.52,89.0,1026.0,10.63,0.0,39.0,10000.0,2.39,55.0,36.0372673,126.6898854,MASTER,2025102303
KR10025001,2025102304,968.375,0.0,532665.15,12.85,87.0,1026.0,10.65,0.0,100.0,10000.0,2.18,41.0,36.0372673,126.6898854,MASTER,2025102304
KR10025001,2025102305,968.375,0.0,532665.15,12.8,87.0,1027.0,10.55,0.0,100.0,10000.0,2.14,44.0,36.0372673,126.6898854,MASTER,2025102305
KR10025001,2025102306,968.375,1.1200000000000003,532666.27,12.95,88.0,1026.0,11.01,0.0,20.0,10000.0,2.14,31.0,36.0372673,126.6898854,MASTER,2025102306
KR10025001,2025102307,968.375,46.500000000000014,532712.7699999999,12.79,89.0,1026.0,11.02,0.0,17.0,10000.0,1.74,41.0,36.0372673,126.6898854,MASTER,2025102307
KR10025001,2025102308,968.375,217.58,532930.35,13.05,87.0,1026.0,10.94,0.0,20.0,10000.0,1.61,39.0,36.0372673,126.6898854,MASTER,2025102308
KR10025001,2025102309,968.375,372.77,533303.12,14.02,83.0,1027.0,11.18,0.0,19.0,10000.0,1.95,45.0,36.0372673,126.6898854,MASTER,2025102309
KR10025001,2025102310,968.375,512.43,533815.55,15.49,78.0,1027.0,11.68,0.0,48.0,10000.0,1.72,38.0,36.0372673,126.6898854,MASTER,2025102310
KR10025001,2025102311,968.375,583.7900000000001,534399.3400000001,17.37,72.0,1026.0,11.96,0.0,58.0,10000.0,1.43,48.0,36.0372673,126.6898854,MASTER,2025102311
KR10025001,2025102312,968.375,603.73,535003.07,18.28,69.0,1026.0,12.04,0.0,67.0,10000.0,1.58,306.0,36.0372673,126.6898854,MASTER,2025102312
KR10025001,2025102313,968.375,650.3799999999999,535653.4500000001,19.06,68.0,1026.0,12.24,0.0,64.0,10000.0,3.05,287.0,36.0372673,126.6898854,MASTER,2025102313
KR10025001,2025102314,968.375,565.87,536219.32,19.03,69.0,1025.0,12.3,0.0,57.0,10000.0,3.65,286.0,36.0372673,126.6898854,MASTER,2025102314
KR10025001,2025102315,968.375,415.97,536635.2899999999,18.89,70.0,1025.0,12.25,0.0,48.0,10000.0,4.4,297.0,36.0372673,126.6898854,MASTER,2025102315
KR10025001,2025102316,968.375,186.02,536821.31,18.66,70.0,1025.0,12.13,0.0,5.0,10000.0,4.27,309.0,36.0372673,126.6898854,MASTER,2025102316
KR10025001,2025102317,968.375,25.579999999999984,536846.89,17.86,75.0,1025.0,12.54,0.0,5.0,10000.0,4.96,317.0,36.0372673,126.6898854,MASTER,2025102317
KR10025001,2025102318,968.375,0.0,536846.89,18.95,68.0,1025.0,12.92,0.0,20.0,10000.0,4.64,332.0,36.0372673,126.6898854,MASTER,2025102318
KR10025001,2025102319,968.375,0.0,536846.89,18.4,71.0,1025.0,13.05,0.0,16.0,10000.0,3.86,354.0,36.0372673,126.6898854,MASTER,2025102319
KR10025001,2025102320,968.375,0.0,536846.89,17.55,74.0,1025.0,12.87,0.0,19.0,10000.0,3.26,7.0,36.0372673,126.6898854,MASTER,2025102320
KR10025001,2025102321,968.375,0.0,536846.89,16.41,77.0,1026.0,12.37,0.0,20.0,10000.0,2.81,5.0,36.0372673,126.6898854,MASTER,2025102321
KR10025001,2025102322,968.375,0.0,536846.89,15.27,80.0,1027.0,11.84,0.0,66.0,10000.0,2.89,13.0,36.0372673,126.6898854,MASTER,2025102322
KR10025001,2025102323,968.375,0.0,536846.89,13.96,82.0,1027.0,10.84,0.0,39.0,10000.0,2.94,25.0,36.0372673,126.6898854,MASTER,2025102323
KR10025001,2025102400,968.375,0.0,536846.89,13.81,82.0,1026.0,10.63,0.0,25.0,10000.0,2.12,27.0,36.0372673,126.6898854,MASTER,2025102400
KR10025001,2025102401,968.375,0.0,536846.89,13.67,82.0,1026.0,10.47,0.0,19.0,10000.0,1.75,31.0,36.0372673,126.6898854,MASTER,2025102401
KR10025001,2025102402,968.375,0.0,536846.89,13.59,81.0,1026.0,10.37,0.0,16.0,10000.0,1.93,22.0,36.0372673,126.6898854,MASTER,2025102402
KR10025001,2025102403,968.375,0.0,536846.89,13.5,82.0,1026.0,10.31,0.0,28.0,10000.0,2.04,28.0,36.0372673,126.6898854,MASTER,2025102403
KR10025001,2025102404,968.375,0.0,536846.89,13.39,82.0,1026.0,10.27,0.0,100.0,10000.0,2.05,30.0,36.0372673,126.6898854,MASTER,2025102404
KR10025001,2025102405,968.375,0.0,536846.89,12.99,84.0,1026.0,10.17,0.0,91.0,10000.0,1.45,33.0,36.0372673,126.6898854,MASTER,2025102405
KR10025001,2025102406,968.375,1.1,536847.99,12.71,82.0,1026.0,9.72,0.0,100.0,10000.0,2.21,49.0,36.0372673,126.6898854,MASTER,2025102406
KR10025001,2025102407,968.375,45.64000000000001,536893.6300000001,13.0,83.0,1026.0,10.18,0.0,99.0,10000.0,2.1,50.0,36.0372673,126.6898854,MASTER,2025102407
KR10025001,2025102408,968.375,161.10000000000005,537054.7300000001,13.95,82.0,1026.0,10.93,0.0,99.0,10000.0,2.61,39.0,36.0372673,126.6898854,MASTER,2025102408
KR10025001,2025102409,968.375,401.2600000000001,537455.99,15.67,78.0,1027.0,11.85,0.0,94.0,10000.0,3.38,40.0,36.0372673,126.6898854,MASTER,2025102409
KR10025001,2025102410,968.375,577.87,538033.86,17.38,74.0,1026.0,12.7,0.0,100.0,10000.0,4.74,55.0,36.0372673,126.6898854,MASTER,2025102410
KR10025001,2025102411,968.375,674.78,538708.64,19.37,67.0,1026.0,11.42,0.0,74.0,10000.0,5.16,59.0,36.0372673,126.6898854,MASTER,2025102411
KR10025001,2025102412,968.375,700.0500000000001,539408.69,19.98,61.0,1025.0,11.09,0.0,74.0,10000.0,4.72,62.0,36.0372673,126.6898854,MASTER,2025102412
KR10025001,2025102413,968.375,660.51,540069.2000000001,20.4,58.0,1024.0,10.91,0.0,58.0,10000.0,4.34,63.0,36.0372673,126.6898854,MASTER,2025102413
KR10025001,2025102414,968.375,567.59,540636.79,20.67,57.0,1023.0,10.84,0.0,46.0,10000.0,4.36,61.0,36.0372673,126.6898854,MASTER,2025102414
KR10025001,2025102415,968.375,410.43,541047.22,20.13,57.0,1023.0,10.83,0.0,39.0,10000.0,4.16,52.0,36.0372673,126.6898854,MASTER,2025102415
KR10025001,2025102416,968.375,168.76,541215.98,20.08,61.0,1023.0,11.42,0.0,33.0,10000.0,4.31,43.0,36.0372673,126.6898854,MASTER,2025102416
KR10025001,2025102417,968.375,15.33000000000001,541231.31,18.46,69.0,1023.0,11.74,0.0,65.0,10000.0,4.65,43.0,36.0372673,126.6898854,MASTER,2025102417
KR10025001,2025102418,968.375,0.0,541231.31,19.95,64.0,1024.0,12.94,0.0,20.0,10000.0,3.84,17.0,36.0372673,126.6898854,MASTER,2025102418
KR10025001,2025102419,968.375,0.0,541231.31,19.06,67.0,1024.0,12.8,0.0,30.0,10000.0,3.58,22.0,36.0372673,126.6898854,MASTER,2025102419
KR10025001,2025102420,968.375,0.0,541231.31,17.77,72.0,1024.0,12.66,0.0,42.0,10000.0,2.81,20.0,36.0372673,126.6898854,MASTER,2025102420
KR10025001,2025102421,968.375,0.0,541231.31,16.74,76.0,1023.0,12.49,0.0,56.0,10000.0,1.9,33.0,36.0372673,126.6898854,MASTER,2025102421
KR10025001,2025102422,968.375,0.0,541231.31,16.02,80.0,1024.0,12.57,0.0,84.0,10000.0,1.66,11.0,36.0372673,126.6898854,MASTER,2025102422
KR10025001,2025102423,968.375,0.0,541231.31,16.19,84.0,1024.0,11.35,0.0,95.0,10000.0,1.72,31.0,36.0372673,126.6898854,MASTER,2025102423
KR10025001,2025102500,968.375,0.0,541231.31,16.43,82.0,1023.0,11.47,0.0,97.0,10000.0,1.55,70.0,36.0372673,126.6898854,MASTER,2025102500
KR10025001,2025102501,968.375,0.0,541231.31,16.63,83.0,1023.0,11.49,0.0,98.0,10000.0,0.92,63.0,36.0372673,126.6898854,MASTER,2025102501
KR10025001,2025102502,968.375,0.0,541231.31,17.05,83.0,1024.0,11.47,0.0,98.0,10000.0,1.08,358.0,36.0372673,126.6898854,MASTER,2025102502
KR10025001,2025102503,968.375,0.0,541231.31,17.02,84.0,1023.0,11.4,0.0,98.0,10000.0,1.35,21.0,36.0372673,126.6898854,MASTER,2025102503
KR10025001,2025102504,968.375,0.0,541231.31,17.05,84.0,1023.0,11.4,0.0,100.0,10000.0,1.29,17.0,36.0372673,126.6898854,MASTER,2025102504
KR10025001,2025102505,968.375,0.0,541231.31,17.03,84.0,1023.0,11.37,0.0,100.0,10000.0,1.45,49.0,36.0372673,126.6898854,MASTER,2025102505
KR10025001,2025102506,968.375,0.15,541231.4600000001,15.95,82.0,1023.0,12.88,0.0,100.0,10000.0,2.07,3.0,36.0372673,126.6898854,MASTER,2025102506
KR10025001,2025102507,968.375,17.91000000000001,541249.37,16.17,83.0,1023.0,13.28,0.0,100.0,10000.0,2.01,9.0,36.0372673,126.6898854,MASTER,2025102507
KR10025001,2025102508,968.375,125.14,541374.51,16.57,83.0,1023.0,13.67,0.0,100.0,10000.0,2.12,3.0,36.0372673,126.6898854,MASTER,2025102508
KR10025001,2025102509,968.375,308.01,541682.5199999999,17.14,79.0,1023.0,13.47,0.0,100.0,10000.0,2.44,359.0,36.0372673,126.6898854,MASTER,2025102509
KR10025001,2025102510,968.375,201.68000000000004,541884.2,17.92,74.0,1023.0,13.22,0.0,98.0,10000.0,1.99,11.0,36.0372673,126.6898854,MASTER,2025102510
KR10025001,2025102511,968.375,414.01,542298.21,18.61,70.0,1022.0,11.95,0.0,93.0,10000.0,2.25,330.0,36.0372673,126.6898854,MASTER,2025102511
KR10025001,2025102512,968.375,628.0200000000001,542926.23,19.51,69.0,1022.0,11.9,0.0,90.0,10000.0,4.07,310.0,36.0372673,126.6898854,MASTER,2025102512
KR10025001,2025102513,968.375,650.68,543576.91,19.89,67.0,1021.0,11.51,0.0,84.0,10000.0,4.71,311.0,36.0372673,126.6898854,MASTER,2025102513
KR10025001,2025102514,968.375,554.62,544131.53,19.99,64.0,1021.0,11.05,0.0,71.0,10000.0,4.68,310.0,36.0372673,126.6898854,MASTER,2025102514
KR10025001,2025102515,968.375,403.37,544534.9,19.92,63.0,1020.0,10.52,0.0,60.0,10000.0,4.45,312.0,36.0372673,126.6898854,MASTER,2025102515
KR10025001,2025102516,968.375,155.86,544690.76,18.72,63.0,1020.0,10.12,0.0,29.0,10000.0,4.58,315.0,36.0372673,126.6898854,MASTER,2025102516
KR10025001,2025102517,968.375,13.800000000000006,544704.5599999999,17.46,67.0,1020.0,10.01,0.0,64.0,10000.0,4.45,324.0,36.0372673,126.6898854,MASTER,2025102517
KR10025001,2025102518,968.375,0.0,544704.5599999999,16.95,59.0,1020.0,8.89,0.0,40.0,10000.0,4.33,345.0,36.0372673,126.6898854,MASTER,2025102518
KR10025001,2025102519,968.375,0.0,544704.5599999999,16.53,62.0,1020.0,9.23,0.0,41.0,10000.0,3.81,357.0,36.0372673,126.6898854,MASTER,2025102519
KR10025001,2025102520,968.375,0.0,544704.5599999999,15.5,64.0,1020.0,8.73,0.0,42.0,10000.0,3.19,9.0,36.0372673,126.6898854,MASTER,2025102520
KR10025001,2025102521,968.375,0.0,544704.5599999999,14.67,64.0,1020.0,7.94,0.0,46.0,10000.0,2.71,15.0,36.0372673,126.6898854,MASTER,2025102521
KR10025001,2025102522,968.375,0.0,544704.5599999999,14.57,62.0,1021.0,7.38,0.0,88.0,10000.0,2.71,5.0,36.0372673,126.6898854,MASTER,2025102522
KR10025001,2025102523,968.375,0.0,544704.5599999999,13.36,59.0,1020.0,5.24,0.0,100.0,10000.0,2.17,8.0,36.0372673,126.6898854,MASTER,2025102523
KR10025001,2025102600,968.375,0.0,544704.5599999999,13.19,58.0,1020.0,5.17,0.0,100.0,10000.0,2.7,11.0,36.0372673,126.6898854,MASTER,2025102600
KR10025001,2025102601,968.375,0.0,544704.5599999999,14.44,59.0,1020.0,5.45,0.0,100.0,10000.0,2.64,7.0,36.0372673,126.6898854,MASTER,2025102601
KR10025001,2025102602,968.375,0.0,544704.5599999999,15.25,60.0,1020.0,5.64,0.0,100.0,10000.0,2.56,356.0,36.0372673,126.6898854,MASTER,2025102602
KR10025001,2025102603,968.375,0.0,544704.5599999999,16.01,60.0,1020.0,5.77,0.0,100.0,10000.0,2.49,348.0,36.0372673,126.6898854,MASTER,2025102603
KR10025001,2025102604,968.375,0.0,544704.5599999999,13.52,60.0,1020.0,5.7,0.0,100.0,10000.0,2.57,352.0,36.0372673,126.6898854,MASTER,2025102604
KR10025001,2025102605,968.375,0.0,544704.5599999999,13.58,58.0,1020.0,5.36,0.0,100.0,10000.0,1.92,1.0,36.0372673,126.6898854,MASTER,2025102605
KR10025001,2025102606,968.375,0.03,544704.59,13.95,72.0,1020.0,8.99,0.0,100.0,10000.0,1.05,44.0,36.0372673,126.6898854,MASTER,2025102606
KR10025001,2025102607,968.375,16.41000000000001,544721.0,13.79,69.0,1020.0,8.21,0.0,100.0,10000.0,1.62,63.0,36.0372673,126.6898854,MASTER,2025102607
KR10025001,2025102608,968.375,46.46999999999999,544767.47,13.74,67.0,1020.0,7.73,0.0,100.0,10000.0,1.04,98.0,36.0372673,126.6898854,MASTER,2025102608
KR10025001,2025102609,968.375,142.72999999999996,544910.2,14.15,61.0,1019.0,6.75,0.0,100.0,10000.0,0.64,12.0,36.0372673,126.6898854,MASTER,2025102609
KR10025001,2025102610,968.375,333.75,545243.9500000001,14.75,54.0,1019.0,5.55,0.0,85.0,10000.0,1.59,341.0,36.0372673,126.6898854,MASTER,2025102610
KR10025001,2025102611,968.375,45.870000000000005,545289.82,15.47,48.0,1019.0,5.02,0.0,81.0,10000.0,2.47,324.0,36.0372673,126.6898854,MASTER,2025102611
KR10025001,2025102612,968.375,0.0,545289.82,16.32,54.0,1019.0,7.16,0.0,73.0,10000.0,4.4,309.0,36.0372673,126.6898854,MASTER,2025102612
KR10025001,2025102613,968.375,0.0,545289.82,15.13,71.0,1019.0,9.84,0.0,80.0,10000.0,5.37,312.0,36.0372673,126.6898854,MASTER,2025102613
KR10025001,2025102614,968.375,0.0,545289.82,15.28,77.0,1019.0,10.8,0.0,79.0,10000.0,4.94,311.0,36.0372673,126.6898854,MASTER,2025102614
KR10025001,2025102615,968.375,0.0,545289.82,14.66,84.0,1018.0,11.34,0.0,83.0,10000.0,4.26,325.0,36.0372673,126.6898854,MASTER,2025102615
KR10025001,2025102616,968.375,0.0,545289.82,14.8,80.0,1019.0,10.85,0.0,100.0,10000.0,4.45,335.0,36.0372673,126.6898854,MASTER,2025102616
KR10025001,2025102617,968.375,0.0,545289.82,14.61,79.0,1019.0,10.48,0.0,100.0,10000.0,3.74,338.0,36.0372673,126.6898854,MASTER,2025102617
KR10025001,2025102618,968.375,0.0,545289.82,15.95,72.0,1018.0,10.91,0.0,100.0,10000.0,2.86,324.0,36.0372673,126.6898854,MASTER,2025102618
KR10025001,2025102619,968.375,0.0,545289.82,15.65,73.0,1018.0,10.83,0.0,99.0,10000.0,3.38,306.0,36.0372673,126.6898854,MASTER,2025102619
KR10025001,2025102620,968.375,0.0,545289.82,15.02,74.0,1018.0,10.43,0.0,94.0,10000.0,3.19,311.0,36.0372673,126.6898854,MASTER,2025102620
KR10025001,2025102621,968.375,0.0,545289.82,14.47,75.0,1019.0,10.1,0.0,84.0,10000.0,3.56,305.0,36.0372673,126.6898854,MASTER,2025102621
KR10025001,2025102622,968.375,0.0,545289.82,14.14,76.0,1019.0,9.98,0.0,31.0,10000.0,3.75,301.0,36.0372673,126.6898854,MASTER,2025102622
KR10025001,2025102623,968.375,0.0,545289.82,14.02,72.0,1019.0,8.98,0.0,22.0,10000.0,6.0,318.0,36.0372673,126.6898854,MASTER,2025102623
KR10025001,2025102700,968.375,0.0,545289.82,13.94,71.0,1020.0,8.67,0.0,41.0,10000.0,8.3,323.0,36.0372673,126.6898854,MASTER,2025102700
KR10025001,2025102701,968.375,0.0,545289.82,13.17,63.0,1020.0,6.28,0.0,56.0,10000.0,8.82,331.0,36.0372673,126.6898854,MASTER,2025102701
KR10025001,2025102702,968.375,0.0,545289.82,11.61,62.0,1020.0,4.41,0.0,45.0,10000.0,7.21,340.0,36.0372673,126.6898854,MASTER,2025102702
KR10025001,2025102703,968.375,0.0,545289.82,10.7,63.0,1021.0,3.78,0.0,39.0,10000.0,6.75,347.0,36.0372673,126.6898854,MASTER,2025102703
KR10025001,2025102704,968.375,0.0,545289.82,9.87,59.0,1021.0,2.16,0.0,25.0,10000.0,6.59,350.0,36.0372673,126.6898854,MASTER,2025102704
KR10025001,2025102705,968.375,0.0,545289.82,8.93,59.0,1022.0,1.28,0.0,20.0,10000.0,5.53,358.0,36.0372673,126.6898854,MASTER,2025102705
KR10025001,2025102706,968.375,0.0,545289.82,11.95,54.0,1022.0,2.94,0.0,40.0,10000.0,5.37,354.0,36.0372673,126.6898854,MASTER,2025102706
KR10025001,2025102707,968.375,4.220000000000001,545294.0399999999,11.17,56.0,1022.0,2.73,0.0,34.0,10000.0,4.49,359.0,36.0372673,126.6898854,MASTER,2025102707
KR10025001,2025102708,968.375,218.5,545512.54,10.69,55.0,1022.0,2.03,0.0,28.0,10000.0,4.73,359.0,36.0372673,126.6898854,MASTER,2025102708
KR10025001,2025102709,968.375,452.79,545965.3300000001,10.84,51.0,1023.0,1.11,0.0,21.0,10000.0,6.2,354.0,36.0372673,126.6898854,MASTER,2025102709
KR10025001,2025102710,968.375,620.4800000000001,546585.81,11.2,47.0,1024.0,0.31,0.0,14.0,10000.0,6.84,346.0,36.0372673,126.6898854,MASTER,2025102710
KR10025001,2025102711,968.375,705.3599999999998,547291.17,11.75,46.0,1023.0,0.34,0.0,7.0,10000.0,6.98,340.0,36.0372673,126.6898854,MASTER,2025102711
KR10025001,2025102712,968.375,725.05,548016.22,12.33,45.0,1023.0,0.72,0.0,11.0,10000.0,7.21,331.0,36.0372673,126.6898854,MASTER,2025102712
KR10025001,2025102713,968.375,699.06,548715.28,12.55,46.0,1023.0,1.06,0.0,17.0,10000.0,7.78,322.0,36.0372673,126.6898854,MASTER,2025102713
KR10025001,2025102714,968.375,593.7500000000001,549309.03,12.54,47.0,1022.0,1.31,0.0,24.0,10000.0,7.83,317.0,36.0372673,126.6898854,MASTER,2025102714
KR10025001,2025102715,968.375,417.1000000000001,549726.13,12.54,47.0,1022.0,1.44,0.0,25.0,10000.0,7.31,315.0,36.0372673,126.6898854,MASTER,2025102715
KR10025001,2025102716,968.375,151.05999999999997,549877.19,12.52,49.0,1022.0,2.2,0.0,8.0,10000.0,6.59,316.0,36.0372673,126.6898854,MASTER,2025102716
KR10025001,2025102717,968.375,17.480000000000004,549894.6699999999,11.89,52.0,1023.0,2.22,0.0,14.0,10000.0,5.86,321.0,36.0372673,126.6898854,MASTER,2025102717
KR10025001,2025102718,968.375,0.0,549894.6699999999,11.95,47.0,1023.0,1.0,0.0,40.0,10000.0,3.97,327.0,36.0372673,126.6898854,MASTER,2025102718
KR10025001,2025102719,968.375,0.0,549894.6699999999,11.57,49.0,1023.0,1.23,0.0,34.0,10000.0,2.99,332.0,36.0372673,126.6898854,MASTER,2025102719
KR10025001,2025102720,968.375,0.0,549894.6699999999,11.1,51.0,1023.0,1.35,0.0,28.0,10000.0,2.84,349.0,36.0372673,126.6898854,MASTER,2025102720
KR10025001,2025102721,968.375,0.0,549894.6699999999,10.43,55.0,1024.0,1.79,0.0,26.0,10000.0,3.29,358.0,36.0372673,126.6898854,MASTER,2025102721
KR10025001,2025102722,968.375,0.0,549894.6699999999,9.64,58.0,1025.0,1.79,0.0,32.0,10000.0,3.27,356.0,36.0372673,126.6898854,MASTER,2025102722
KR10025001,2025102723,968.375,0.0,549894.6699999999,8.87,60.0,1025.0,1.41,0.0,18.0,10000.0,2.78,352.0,36.0372673,126.6898854,MASTER,2025102723
KR10025001,2025102800,968.375,0.0,549894.6699999999,8.79,60.0,1025.0,1.39,0.0,17.0,10000.0,2.68,358.0,36.0372673,126.6898854,MASTER,2025102800
KR10025001,2025102801,968.375,0.0,549894.6699999999,8.65,61.0,1025.0,1.5,0.0,27.0,10000.0,2.7,11.0,36.0372673,126.6898854,MASTER,2025102801
KR10025001,2025102802,968.375,0.0,549894.6699999999,9.26,59.0,1026.0,1.67,0.0,42.0,10000.0,2.97,26.0,36.0372673,126.6898854,MASTER,2025102802
KR10025001,2025102803,968.375,0.0,549894.6699999999,8.84,60.0,1026.0,1.36,0.0,51.0,10000.0,3.57,24.0,36.0372673,126.6898854,MASTER,2025102803
KR10025001,2025102804,968.375,0.0,549894.6699999999,7.67,63.0,1026.0,1.06,0.0,51.0,10000.0,3.73,31.0,36.0372673,126.6898854,MASTER,2025102804
KR10025001,2025102805,968.375,0.0,549894.6699999999,6.69,67.0,1026.0,0.86,0.0,31.0,10000.0,3.75,39.0,36.0372673,126.6898854,MASTER,2025102805
KR10025001,2025102806,968.375,0.7200000000000001,549895.3899999999,6.95,70.0,1027.0,1.86,0.0,20.0,10000.0,3.37,31.0,36.0372673,126.6898854,MASTER,2025102806
KR10025001,2025102807,968.375,42.09000000000002,549937.48,6.77,69.0,1027.0,1.49,0.0,18.0,10000.0,3.22,46.0,36.0372673,126.6898854,MASTER,2025102807
KR10025001,2025102808,968.375,208.75,550146.23,6.83,68.0,1027.0,1.34,0.0,15.0,10000.0,2.78,54.0,36.0372673,126.6898854,MASTER,2025102808
KR10025001,2025102809,968.375,431.14,550577.37,7.71,62.0,1028.0,0.9,0.0,12.0,10000.0,2.83,56.0,36.0372673,126.6898854,MASTER,2025102809
KR10025001,2025102810,968.375,587.76,551165.1299999999,8.92,54.0,1029.0,0.12,0.0,4.0,10000.0,2.65,49.0,36.0372673,126.6898854,MASTER,2025102810
KR10025001,2025102811,968.375,676.1199999999998,551841.25,10.38,46.0,1029.0,-0.94,0.0,0.0,10000.0,2.33,35.0,36.0372673,126.6898854,MASTER,2025102811
KR10025001,2025102812,968.375,690.4199999999998,552531.6699999999,11.22,43.0,1029.0,-1.07,0.0,0.0,10000.0,1.85,25.0,36.0372673,126.6898854,MASTER,2025102812
KR10025001,2025102813,968.375,644.4399999999999,553176.1100000001,12.04,40.0,1028.0,-1.14,0.0,0.0,10000.0,1.49,1.0,36.0372673,126.6898854,MASTER,2025102813
KR10025001,2025102814,968.375,551.32,553727.4299999999,12.66,40.0,1028.0,-0.57,0.0,0.0,10000.0,2.05,324.0,36.0372673,126.6898854,MASTER,2025102814
KR10025001,2025102815,968.375,386.8,554114.23,12.79,42.0,1028.0,0.27,0.0,0.0,10000.0,2.7,316.0,36.0372673,126.6898854,MASTER,2025102815
KR10025001,2025102816,968.375,154.04,554268.27,12.66,44.0,1028.0,0.82,0.0,4.0,10000.0,2.34,328.0,36.0372673,126.6898854,MASTER,2025102816
KR10025001,2025102817,968.375,18.23,554286.5,11.94,53.0,1028.0,2.61,0.0,4.0,10000.0,1.66,342.0,36.0372673,126.6898854,MASTER,2025102817
KR10025001,2025102818,968.375,0.0,554286.5,13.95,44.0,1028.0,1.91,0.0,0.0,10000.0,2.27,327.0,36.0372673,126.6898854,MASTER,2025102818
KR10025001,2025102819,968.375,0.0,554286.5,13.2,47.0,1028.0,2.15,0.0,0.0,10000.0,1.84,347.0,36.0372673,126.6898854,MASTER,2025102819
KR10025001,2025102820,968.375,0.0,554286.5,12.29,51.0,1028.0,2.45,0.0,0.0,10000.0,1.74,21.0,36.0372673,126.6898854,MASTER,2025102820
KR10025001,2025102821,968.375,0.0,554286.5,11.17,55.0,1029.0,2.48,0.0,1.0,10000.0,1.83,47.0,36.0372673,126.6898854,MASTER,2025102821
KR10025001,2025102822,968.375,0.0,554286.5,9.84,61.0,1029.0,2.68,0.0,0.0,10000.0,2.11,57.0,36.0372673,126.6898854,MASTER,2025102822
KR10025001,2025102823,968.375,0.0,554286.5,8.38,68.0,1030.0,2.62,0.0,0.0,10000.0,2.31,59.0,36.0372673,126.6898854,MASTER,2025102823
KR10025001,2025102900,968.375,0.0,554286.5,7.97,70.0,1030.0,2.65,0.0,0.0,10000.0,2.35,64.0,36.0372673,126.6898854,MASTER,2025102900
KR10025001,2025102901,968.375,0.0,554286.5,7.66,70.0,1030.0,2.5,0.0,0.0,10000.0,2.37,65.0,36.0372673,126.6898854,MASTER,2025102901
KR10025001,2025102902,968.375,0.0,554286.5,7.41,70.0,1030.0,2.19,0.0,0.0,10000.0,2.46,62.0,36.0372673,126.6898854,MASTER,2025102902
KR10025001,2025102903,968.375,0.0,554286.5,7.23,69.0,1030.0,1.9,0.0,0.0,10000.0,2.61,58.0,36.0372673,126.6898854,MASTER,2025102903
KR10025001,2025102904,968.375,0.0,554286.5,7.05,69.0,1030.0,1.69,0.0,0.0,10000.0,2.77,56.0,36.0372673,126.6898854,MASTER,2025102904
KR10025001,2025102905,968.375,0.0,554286.5,6.84,69.0,1030.0,1.5,0.0,0.0,10000.0,2.88,60.0,36.0372673,126.6898854,MASTER,2025102905
KR10025001,2025102906,968.375,0.5200000000000001,554287.0199999999,5.95,87.0,1030.0,3.95,0.0,0.0,10000.0,3.21,57.0,36.0372673,126.6898854,MASTER,2025102906
KR10025001,2025102907,968.375,39.81,554326.8300000001,6.07,83.0,1030.0,3.4,0.0,0.0,10000.0,3.36,54.0,36.0372673,126.6898854,MASTER,2025102907
KR10025001,2025102908,968.375,193.52,554520.3499999999,6.53,79.0,1030.0,3.16,0.0,0.0,10000.0,3.26,57.0,36.0372673,126.6898854,MASTER,2025102908
KR10025001,2025102909,968.375,411.75,554932.1,8.07,71.0,1030.0,3.14,0.0,0.0,10000.0,3.74,58.0,36.0372673,126.6898854,MASTER,2025102909
KR10025001,2025102910,968.375,275.83,555207.9299999999,10.33,63.0,1030.0,3.6,0.0,0.0,10000.0,3.97,62.0,36.0372673,126.6898854,MASTER,2025102910
KR10025001,2025102911,968.375,284.69000000000005,226833.52,13.05,54.0,1029.0,4.0,0.0,0.0,10000.0,3.97,69.0,36.0372673,126.6898854,MASTER,2025102911
KR10025001,2025102912,968.375,414.2399999999999,280518.55000000005,14.37,51.0,1029.0,4.3,0.0,0.0,10000.0,3.91,69.0,36.0372673,126.6898854,MASTER,2025102912
KR10025001,2025102913,968.375,268.47,227410.79,15.32,47.0,1028.0,3.89,0.0,0.0,10000.0,3.16,64.0,36.0372673,126.6898854,MASTER,2025102913
KR10025001,2025102914,968.375,194.9,227605.69,15.85,44.0,1027.0,3.54,0.0,0.0,10000.0,3.0,56.0,36.0372673,126.6898854,MASTER,2025102914
KR10025001,2025102915,968.375,186.21,227791.9,16.21,43.0,1027.0,3.38,0.0,0.0,10000.0,2.88,52.0,36.0372673,126.6898854,MASTER,2025102915
KR10025001,2025102916,968.375,65.66000000000001,227857.56,16.02,45.0,1027.0,3.79,0.0,0.0,10000.0,2.9,50.0,36.0372673,126.6898854,MASTER,2025102916
KR10025001,2025102917,968.375,6.7700000000000005,227864.33,14.5,53.0,1027.0,4.86,0.0,0.0,10000.0,2.39,51.0,36.0372673,126.6898854,MASTER,2025102917
KR10025001,2025102918,968.375,354.57,228319.85,16.95,39.0,1027.0,2.92,0.0,0.0,10000.0,2.68,50.0,36.0372673,126.6898854,MASTER,2025102918
KR10025001,2025102919,968.375,0.0,117041.68,16.01,43.0,1027.0,3.45,0.0,0.0,10000.0,2.65,48.0,36.0372673,126.6898854,MASTER,2025102919
KR10025001,2025102920,968.375,0.0,117041.68,14.8,47.0,1027.0,3.61,0.0,0.0,10000.0,3.06,47.0,36.0372673,126.6898854,MASTER,2025102920
KR10025001,2025102921,968.375,0.0,172495.49000000002,13.25,54.0,1028.0,4.15,0.0,0.0,10000.0,3.0,56.0,36.0372673,126.6898854,MASTER,2025102921
KR10025001,2025102922,968.375,0.0,117041.68,11.49,60.0,1028.0,4.0,0.0,0.0,10000.0,2.31,81.0,36.0372673,126.6898854,MASTER,2025102922
KR10025001,2025102923,968.375,0.0,117041.68,9.89,65.0,1028.0,3.46,0.0,39.0,10000.0,2.45,75.0,36.0372673,126.6898854,MASTER,2025102923
KR10025001,2025103000,968.375,378.56,229214.49,9.74,65.0,1027.0,3.42,0.0,59.0,10000.0,2.3,83.0,36.0372673,126.6898854,MASTER,2025103000
KR10025001,2025103001,968.375,0.01,227864.34,9.72,65.0,1028.0,3.39,0.0,69.0,10000.0,2.05,101.0,36.0372673,126.6898854,MASTER,2025103001
KR10025001,2025103002,968.375,0.0,117041.68,9.61,65.0,1028.0,3.25,0.0,75.0,10000.0,1.97,100.0,36.0372673,126.6898854,MASTER,2025103002
KR10025001,2025103003,968.375,0.0,227864.34,9.37,65.0,1028.0,3.09,0.0,80.0,10000.0,1.76,98.0,36.0372673,126.6898854,MASTER,2025103003
KR10025001,2025103004,968.375,0.0,172495.49000000002,8.97,66.0,1028.0,2.94,0.0,99.0,10000.0,1.84,89.0,36.0372673,126.6898854,MASTER,2025103004
KR10025001,2025103005,968.375,0.0,227864.34,8.83,67.0,1028.0,2.97,0.0,100.0,10000.0,2.32,94.0,36.0372673,126.6898854,MASTER,2025103005
KR10025001,2025103006,968.375,0.08,227864.42,6.95,81.0,1027.0,3.92,0.0,20.0,10000.0,2.81,84.0,36.0372673,126.6898854,MASTER,2025103006
KR10025001,2025103007,968.375,14.250000000000004,227878.67,7.19,78.0,1027.0,3.62,0.0,32.0,10000.0,2.28,85.0,36.0372673,126.6898854,MASTER,2025103007
KR10025001,2025103008,968.375,79.18,227957.85,7.85,75.0,1027.0,3.7,0.0,45.0,10000.0,2.15,90.0,36.0372673,126.6898854,MASTER,2025103008
KR10025001,2025103009,968.375,111.12,228068.97000000003,9.18,69.0,1028.0,3.8,0.0,59.0,10000.0,2.23,86.0,36.0372673,126.6898854,MASTER,2025103009
KR10025001,2025103010,968.375,1917.8800000000008,559484.52,11.26,61.0,1028.0,4.02,0.0,84.0,10000.0,2.5,85.0,36.0372673,126.6898854,MASTER,2025103010
KR10025001,2025103011,968.375,427.88000000000005,559912.4,13.67,54.0,1027.0,4.39,0.0,100.0,10000.0,2.57,67.0,36.0372673,126.6898854,MASTER,2025103011
KR10025001,2025103012,968.375,477.47,560389.87,14.51,52.0,1026.0,4.43,0.0,100.0,10000.0,2.1,58.0,36.0372673,126.6898854,MASTER,2025103012
KR10025001,2025103013,968.375,377.82,560767.6900000001,15.69,50.0,1025.0,4.54,0.0,100.0,10000.0,2.07,63.0,36.0372673,126.6898854,MASTER,2025103013
KR10025001,2025103014,968.375,241.81,561009.5,16.09,47.0,1025.0,4.29,0.0,100.0,10000.0,1.38,49.0,36.0372673,126.6898854,MASTER,2025103014
KR10025001,2025103015,968.375,142.89,561152.39,16.18,48.0,1024.0,4.7,0.0,100.0,10000.0,1.79,52.0,36.0372673,126.6898854,MASTER,2025103015
KR10025001,2025103016,968.375,65.31999999999996,561217.7100000001,16.15,53.0,1024.0,6.06,0.0,100.0,10000.0,1.57,38.0,36.0372673,126.6898854,MASTER,2025103016
KR10025001,2025103017,968.375,9.720000000000002,561227.43,15.14,57.0,1024.0,6.25,0.0,100.0,10000.0,1.81,28.0,36.0372673,126.6898854,MASTER,2025103017
KR10025001,2025103018,968.375,0.0,561227.43,15.95,51.0,1024.0,5.83,0.0,75.0,10000.0,1.02,354.0,36.0372673,126.6898854,MASTER,2025103018
KR10025001,2025103019,968.375,0.0,561227.43,15.51,53.0,1024.0,5.98,0.0,80.0,10000.0,1.61,4.0,36.0372673,126.6898854,MASTER,2025103019
KR10025001,2025103020,968.375,0.0,561227.43,14.94,55.0,1024.0,5.99,0.0,85.0,10000.0,1.75,22.0,36.0372673,126.6898854,MASTER,2025103020
KR10025001,2025103021,968.375,0.0,561227.43,14.23,57.0,1024.0,5.84,0.0,90.0,10000.0,1.3,32.0,36.0372673,126.6898854,MASTER,2025103021
KR10025001,2025103022,968.375,0.0,561227.43,13.57,59.0,1024.0,5.72,0.0,95.0,10000.0,1.3,33.0,36.0372673,126.6898854,MASTER,2025103022
KR10025001,2025103023,968.375,0.0,561227.43,12.49,62.0,1024.0,5.23,0.0,100.0,10000.0,1.95,52.0,36.0372673,126.6898854,MASTER,2025103023
KR10025001,2025103100,968.375,0.0,561227.43,12.16,63.0,1023.0,5.19,0.0,100.0,10000.0,2.16,56.0,36.0372673,126.6898854,MASTER,2025103100
KR10025001,2025103101,968.375,0.0,561227.43,11.63,64.0,1023.0,5.06,0.0,100.0,10000.0,2.13,61.0,36.0372673,126.6898854,MASTER,2025103101
KR10025001,2025103102,968.375,0.0,561227.43,11.43,65.0,1022.0,5.06,0.0,100.0,10000.0,2.61,43.0,36.0372673,126.6898854,MASTER,2025103102
KR10025001,2025103103,968.375,0.0,561227.43,11.44,65.0,1022.0,4.93,0.0,100.0,10000.0,1.95,59.0,36.0372673,126.6898854,MASTER,2025103103
KR10025001,2025103104,968.375,0.0,561227.43,11.12,65.0,1021.0,4.76,0.0,100.0,10000.0,2.46,63.0,36.0372673,126.6898854,MASTER,2025103104
KR10025001,2025103105,968.375,0.0,561227.43,10.51,67.0,1021.0,4.56,0.0,73.0,10000.0,2.49,82.0,36.0372673,126.6898854,MASTER,2025103105
KR10025001,2025103106,968.375,0.14,561227.5700000001,7.95,87.0,1020.0,5.92,0.0,20.0,10000.0,3.14,67.0,36.0372673,126.6898854,MASTER,2025103106
KR10025001,2025103107,968.375,36.97000000000001,561264.54,8.32,83.0,1020.0,5.61,0.0,34.0,10000.0,2.63,33.0,36.0372673,126.6898854,MASTER,2025103107
KR10025001,2025103108,968.375,167.14,561431.6799999999,9.13,77.0,1020.0,5.32,0.0,41.0,10000.0,2.12,26.0,36.0372673,126.6898854,MASTER,2025103108
KR10025001,2025103109,968.375,354.35,561786.03,10.88,68.0,1020.0,5.21,0.0,45.0,10000.0,2.03,36.0,36.0372673,126.6898854,MASTER,2025103109
KR10025001,2025103110,968.375,522.9300000000001,562308.96,13.36,57.0,1019.0,5.03,0.0,6.0,10000.0,2.77,24.0,36.0372673,126.6898854,MASTER,2025103110
KR10025001,2025103111,968.375,607.0399999999998,562915.9999999999,16.4,46.0,1018.0,4.77,0.0,1.0,10000.0,2.77,21.0,36.0372673,126.6898854,MASTER,2025103111
KR10025001,2025103112,968.375,628.2,563544.2,17.43,44.0,1017.0,5.04,0.0,1.0,10000.0,2.36,42.0,36.0372673,126.6898854,MASTER,2025103112
KR10025001,2025103113,968.375,584.44,564128.64,18.29,43.0,1016.0,5.43,0.0,1.0,10000.0,2.16,36.0,36.0372673,126.6898854,MASTER,2025103113
KR10025001,2025103114,968.375,396.2,564618.63,18.77,44.0,1015.0,6.13,0.0,1.0,10000.0,2.28,351.0,36.0372673,126.6898854,MASTER,2025103114
KR10025001,2025103115,968.375,313.9,564932.53,18.63,48.0,1015.0,7.11,0.0,1.0,10000.0,3.27,315.0,36.0372673,126.6898854,MASTER,2025103115
KR10025001,2025103116,968.375,115.64,565048.17,17.78,57.0,1015.0,8.76,0.0,1.0,10000.0,4.22,309.0,36.0372673,126.6898854,MASTER,2025103116
KR10025001,2025103117,968.375,10.030000000000005,565058.2,16.33,69.0,1015.0,10.33,0.0,4.0,10000.0,5.36,305.0,36.0372673,126.6898854,MASTER,2025103117
KR10025001,2025103118,968.375,0.0,565058.2,16.95,59.0,1015.0,8.89,0.0,0.0,10000.0,5.3,304.0,36.0372673,126.6898854,MASTER,2025103118
KR10025001,2025103119,968.375,0.0,565058.2,16.57,62.0,1015.0,9.27,0.0,2.0,10000.0,5.78,302.0,36.0372673,126.6898854,MASTER,2025103119
KR10025001,2025103120,968.375,0.0,565058.2,16.19,65.0,1015.0,9.61,0.0,9.0,10000.0,5.52,312.0,36.0372673,126.6898854,MASTER,2025103120
KR10025001,2025103121,968.375,0.0,565058.2,15.82,67.0,1014.0,9.71,0.0,22.0,10000.0,4.74,301.0,36.0372673,126.6898854,MASTER,2025103121
KR10025001,2025103122,968.375,0.0,565058.2,15.11,68.0,1014.0,9.25,0.0,80.0,10000.0,3.56,299.0,36.0372673,126.6898854,MASTER,2025103122
KR10025001,2025103123,968.375,0.0,565058.2,14.71,68.0,1014.0,8.83,0.0,100.0,10000.0,1.82,326.0,36.0372673,126.6898854,MASTER,2025103123
KR10025001,2025110100,968.375,0.0,565058.2,14.59,72.0,1013.0,9.48,0.0,100.0,10000.0,3.39,296.0,36.0372673,126.6898854,MASTER,2025110100
KR10025001,2025110101,968.375,0.0,565058.2,14.14,77.0,1013.0,10.04,0.0,100.0,10000.0,3.05,259.0,36.0372673,126.6898854,MASTER,2025110101
KR10025001,2025110102,968.375,0.0,565058.2,13.9,81.0,1013.0,10.64,0.0,100.0,10000.0,3.28,269.0,36.0372673,126.6898854,MASTER,2025110102
KR10025001,2025110103,968.375,0.0,565058.2,13.72,84.0,1012.0,10.95,0.0,98.0,10000.0,5.55,306.0,36.0372673,126.6898854,MASTER,2025110103
KR10025001,2025110104,968.375,0.0,565058.2,14.1,77.0,1013.0,10.12,0.0,42.0,10000.0,7.66,318.0,36.0372673,126.6898854,MASTER,2025110104
KR10025001,2025110105,968.375,0.0,565058.2,14.13,69.0,1013.0,8.42,0.0,50.0,10000.0,7.32,317.0,36.0372673,126.6898854,MASTER,2025110105
KR10025001,2025110106,968.375,0.27,565058.47,13.95,72.0,1014.0,8.99,0.0,20.0,10000.0,7.08,318.0,36.0372673,126.6898854,MASTER,2025110106
KR10025001,2025110107,968.375,44.44000000000002,565102.9099999999,13.75,70.0,1014.0,8.38,0.0,20.0,10000.0,5.85,315.0,36.0372673,126.6898854,MASTER,2025110107
KR10025001,2025110108,968.375,180.0,565282.9099999999,13.78,67.0,1014.0,7.77,0.0,19.0,10000.0,6.42,311.0,36.0372673,126.6898854,MASTER,2025110108
KR10025001,2025110109,968.375,302.57,565585.48,14.34,63.0,1015.0,7.4,0.0,16.0,10000.0,6.96,309.0,36.0372673,126.6898854,MASTER,2025110109
KR10025001,2025110110,968.375,446.3300000000001,566031.81,14.89,57.0,1015.0,6.46,0.0,4.0,10000.0,7.13,303.0,36.0372673,126.6898854,MASTER,2025110110
KR10025001,2025110111,968.375,580.13,566611.9400000001,15.52,53.0,1015.0,6.03,0.0,0.0,10000.0,7.45,299.0,36.0372673,126.6898854,MASTER,2025110111
KR10025001,2025110112,968.375,645.1299999999999,567257.07,15.91,53.0,1015.0,6.25,0.0,0.0,10000.0,7.51,295.0,36.0372673,126.6898854,MASTER,2025110112
KR10025001,2025110113,968.375,638.0500000000002,567895.12,16.17,54.0,1014.0,6.47,0.0,0.0,10000.0,7.57,291.0,36.0372673,126.6898854,MASTER,2025110113
KR10025001,2025110114,968.375,483.4699999999999,568378.59,16.22,56.0,1014.0,7.04,0.0,0.0,10000.0,7.19,288.0,36.0372673,126.6898854,MASTER,2025110114
KR10025001,2025110115,968.375,345.51,568724.1,16.14,60.0,1014.0,8.09,0.0,0.0,10000.0,6.65,287.0,36.0372673,126.6898854,MASTER,2025110115
KR10025001,2025110116,968.375,98.00000000000004,568822.1000000001,15.55,68.0,1014.0,9.35,0.0,8.0,10000.0,7.34,284.0,36.0372673,126.6898854,MASTER,2025110116
KR10025001,2025110117,968.375,4.430000000000002,568826.53,15.27,65.0,1014.0,8.46,0.0,7.0,10000.0,7.73,288.0,36.0372673,126.6898854,MASTER,2025110117
KR10025001,2025110118,968.375,0.0,568826.53,14.95,72.0,1015.0,9.95,0.0,75.0,10000.0,6.32,294.0,36.0372673,126.6898854,MASTER,2025110118
KR10025001,2025110119,968.375,0.0,568826.53,14.96,70.0,1015.0,9.54,0.0,64.0,10000.0,6.2,293.0,36.0372673,126.6898854,MASTER,2025110119
KR10025001,2025110120,968.375,0.0,568826.53,14.83,68.0,1015.0,8.99,0.0,51.0,10000.0,6.33,288.0,36.0372673,126.6898854,MASTER,2025110120
KR10025001,2025110121,968.375,0.0,568826.53,14.67,65.0,1016.0,8.17,0.0,38.0,10000.0,6.47,280.0,36.0372673,126.6898854,MASTER,2025110121
KR10025001,2025110122,968.375,0.0,568826.53,14.62,61.0,1016.0,7.19,0.0,20.0,10000.0,6.56,282.0,36.0372673,126.6898854,MASTER,2025110122
KR10025001,2025110123,968.375,0.0,568826.53,14.51,57.0,1016.0,6.13,0.0,6.0,10000.0,7.2,280.0,36.0372673,126.6898854,MASTER,2025110123
KR10025001,2025110200,968.375,0.0,568826.53,14.39,60.0,1016.0,6.74,0.0,9.0,10000.0,7.65,291.0,36.0372673,126.6898854,MASTER,2025110200
KR10025001,2025110201,968.375,0.0,568826.53,14.0,64.0,1016.0,7.24,0.0,14.0,10000.0,8.22,286.0,36.0372673,126.6898854,MASTER,2025110201
KR10025001,2025110202,968.375,0.0,568826.53,14.13,64.0,1016.0,7.36,0.0,31.0,10000.0,7.86,287.0,36.0372673,126.6898854,MASTER,2025110202
KR10025001,2025110203,968.375,0.0,568826.53,13.82,62.0,1016.0,6.66,0.0,27.0,10000.0,6.87,292.0,36.0372673,126.6898854,MASTER,2025110203
KR10025001,2025110204,968.375,0.0,568826.53,13.59,60.0,1016.0,5.82,0.0,7.0,10000.0,6.06,288.0,36.0372673,126.6898854,MASTER,2025110204
KR10025001,2025110205,968.375,0.0,568826.53,13.45,57.0,1016.0,4.98,0.0,5.0,10000.0,6.18,296.0,36.0372673,126.6898854,MASTER,2025110205
KR10025001,2025110206,968.375,0.18,568826.7100000001,13.95,54.0,1017.0,4.8,0.0,20.0,10000.0,7.01,309.0,36.0372673,126.6898854,MASTER,2025110206
KR10025001,2025110207,968.375,33.48000000000002,568860.19,13.67,57.0,1017.0,5.32,0.0,17.0,10000.0,7.01,313.0,36.0372673,126.6898854,MASTER,2025110207
KR10025001,2025110208,968.375,158.36,569018.55,13.58,56.0,1017.0,4.98,0.0,14.0,10000.0,7.14,311.0,36.0372673,126.6898854,MASTER,2025110208
KR10025001,2025110209,968.375,363.28,569381.8300000001,13.61,57.0,1018.0,5.26,0.0,12.0,10000.0,9.03,309.0,36.0372673,126.6898854,MASTER,2025110209
KR10025001,2025110210,968.375,566.1800000000001,569948.01,13.33,53.0,1019.0,3.96,0.0,10.0,10000.0,10.18,307.0,36.0372673,126.6898854,MASTER,2025110210
KR10025001,2025110211,968.375,670.3899999999999,570618.4,12.02,52.0,1020.0,2.39,0.0,7.0,10000.0,10.33,309.0,36.0372673,126.6898854,MASTER,2025110211
KR10025001,2025110212,968.375,692.75,571311.1500000001,11.82,51.0,1021.0,1.74,0.0,7.0,10000.0,9.8,307.0,36.0372673,126.6898854,MASTER,2025110212
KR10025001,2025110213,968.375,565.5599999999998,571876.71,12.07,50.0,1020.0,1.89,0.0,7.0,10000.0,9.74,308.0,36.0372673,126.6898854,MASTER,2025110213
KR10025001,2025110214,968.375,370.68,572247.3899999999,12.04,51.0,1020.0,2.01,0.0,8.0,10000.0,9.72,309.0,36.0372673,126.6898854,MASTER,2025110214
KR10025001,2025110215,968.375,192.40000000000003,572439.79,11.71,53.0,1020.0,2.15,0.0,10.0,10000.0,9.66,310.0,36.0372673,126.6898854,MASTER,2025110215
KR10025001,2025110216,968.375,64.67999999999996,572504.47,10.75,55.0,1021.0,1.85,0.0,7.0,10000.0,9.32,311.0,36.0372673,126.6898854,MASTER,2025110216
KR10025001,2025110217,968.375,6.030000000000005,572510.5,9.81,56.0,1021.0,1.4,0.0,7.0,10000.0,9.22,311.0,36.0372673,126.6898854,MASTER,2025110217
KR10025001,2025110218,968.375,0.0,572510.5,11.95,47.0,1022.0,1.0,0.0,75.0,10000.0,9.04,316.0,36.0372673,126.6898854,MASTER,2025110218
KR10025001,2025110219,968.375,0.0,572510.5,11.37,49.0,1022.0,1.05,0.0,61.0,10000.0,8.69,325.0,36.0372673,126.6898854,MASTER,2025110219
KR10025001,2025110220,968.375,0.0,572510.5,10.58,51.0,1022.0,0.87,0.0,48.0,10000.0,8.3,334.0,36.0372673,126.6898854,MASTER,2025110220
KR10025001,2025110221,968.375,0.0,572510.5,9.65,52.0,1023.0,0.28,0.0,35.0,10000.0,7.41,339.0,36.0372673,126.6898854,MASTER,2025110221
KR10025001,2025110222,968.375,0.0,572510.5,8.57,53.0,1024.0,-0.4,0.0,23.0,10000.0,6.93,345.0,36.0372673,126.6898854,MASTER,2025110222
KR10025001,2025110223,968.375,0.0,572510.5,6.98,54.0,1025.0,-1.65,0.0,8.0,10000.0,6.78,355.0,36.0372673,126.6898854,MASTER,2025110223
KR10025001,2025110300,968.375,0.0,572510.5,6.38,53.0,1026.0,-2.55,0.0,7.0,10000.0,5.93,355.0,36.0372673,126.6898854,MASTER,2025110300
KR10025001,2025110301,968.375,0.0,572510.5,6.02,53.0,1026.0,-3.02,0.0,5.0,10000.0,5.49,356.0,36.0372673,126.6898854,MASTER,2025110301
KR10025001,2025110302,968.375,0.0,572510.5,5.6,54.0,1026.0,-3.05,0.0,4.0,10000.0,4.44,359.0,36.0372673,126.6898854,MASTER,2025110302
KR10025001,2025110303,968.375,0.0,572510.5,5.22,56.0,1027.0,-3.02,0.0,3.0,10000.0,3.32,14.0,36.0372673,126.6898854,MASTER,2025110303
KR10025001,2025110304,968.375,0.0,572510.5,4.82,57.0,1027.0,-3.2,0.0,0.0,10000.0,2.8,30.0,36.0372673,126.6898854,MASTER,2025110304
KR10025001,2025110305,968.375,0.0,572510.5,4.4,57.0,1028.0,-3.34,0.0,0.0,10000.0,2.55,47.0,36.0372673,126.6898854,MASTER,2025110305
KR10025001,2025110306,968.375,0.25,572510.7500000001,5.95,56.0,1028.0,-1.9,0.0,20.0,10000.0,2.49,46.0,36.0372673,126.6898854,MASTER,2025110306
KR10025001,2025110307,968.375,37.39000000000002,572548.14,5.5,57.0,1028.0,-2.06,0.0,16.0,10000.0,2.66,46.0,36.0372673,126.6898854,MASTER,2025110307
KR10025001,2025110308,968.375,195.6,572743.74,5.33,58.0,1028.0,-2.0,0.0,12.0,10000.0,2.6,46.0,36.0372673,126.6898854,MASTER,2025110308
KR10025001,2025110309,968.375,418.6000000000001,573162.34,5.91,54.0,1029.0,-2.37,0.0,8.0,10000.0,2.58,49.0,36.0372673,126.6898854,MASTER,2025110309
KR10025001,2025110310,968.375,580.88,573743.2200000001,7.0,50.0,1030.0,-2.39,0.0,4.0,10000.0,2.67,60.0,36.0372673,126.6898854,MASTER,2025110310
KR10025001,2025110311,968.375,668.5600000000001,574411.78,8.41,47.0,1030.0,-2.45,0.0,0.0,10000.0,2.63,69.0,36.0372673,126.6898854,MASTER,2025110311
KR10025001,2025110312,968.375,679.86,575091.64,9.49,46.0,1029.0,-1.67,0.0,0.0,10000.0,2.38,70.0,36.0372673,126.6898854,MASTER,2025110312
KR10025001,2025110313,968.375,646.23,575737.87,10.62,44.0,1028.0,-1.36,0.0,0.0,10000.0,1.6,90.0,36.0372673,126.6898854,MASTER,2025110313
KR10025001,2025110314,968.375,557.4399999999999,576295.31,11.21,42.0,1028.0,-1.33,0.0,0.0,10000.0,1.52,202.0,36.0372673,126.6898854,MASTER,2025110314
KR10025001,2025110315,968.375,374.66,576669.9700000001,11.25,42.0,1028.0,-1.23,0.0,0.0,10000.0,1.78,224.0,36.0372673,126.6898854,MASTER,2025110315
KR10025001,2025110316,968.375,138.95,576808.9200000002,10.87,44.0,1028.0,-0.86,0.0,0.0,10000.0,2.28,239.0,36.0372673,126.6898854,MASTER,2025110316
KR10025001,2025110317,968.375,13.810000000000006,576822.73,9.79,52.0,1028.0,0.31,0.0,0.0,10000.0,1.63,280.0,36.0372673,126.6898854,MASTER,2025110317
KR10025001,2025110318,968.375,0.0,576822.73,10.95,46.0,1028.0,-0.18,0.0,0.0,10000.0,1.89,300.0,36.0372673,126.6898854,MASTER,2025110318
KR10025001,2025110319,968.375,0.0,576822.73,10.37,48.0,1028.0,-0.14,0.0,0.0,10000.0,1.34,349.0,36.0372673,126.6898854,MASTER,2025110319
KR10025001,2025110320,968.375,0.0,576822.73,9.76,50.0,1028.0,-0.14,0.0,0.0,10000.0,1.03,6.0,36.0372673,126.6898854,MASTER,2025110320
KR10025001,2025110321,968.375,0.0,576822.73,9.11,51.0,1028.0,-0.43,0.0,1.0,10000.0,0.81,52.0,36.0372673,126.6898854,MASTER,2025110321
KR10025001,2025110322,968.375,0.0,576822.73,8.4,53.0,1029.0,-0.54,0.0,0.0,10000.0,0.47,118.0,36.0372673,126.6898854,MASTER,2025110322
KR10025001,2025110323,968.375,0.0,576822.73,7.63,55.0,1029.0,-0.93,0.0,0.0,10000.0,0.84,97.0,36.0372673,126.6898854,MASTER,2025110323
KR10025001,2025110400,968.375,0.0,576822.73,7.39,56.0,1028.0,-0.84,0.0,1.0,10000.0,1.15,69.0,36.0372673,126.6898854,MASTER,2025110400
KR10025001,2025110401,968.375,0.0,576822.73,7.15,58.0,1028.0,-0.7,0.0,1.0,10000.0,1.58,64.0,36.0372673,126.6898854,MASTER,2025110401
KR10025001,2025110402,968.375,0.0,576822.73,6.83,60.0,1028.0,-0.47,0.0,1.0,10000.0,1.91,70.0,36.0372673,126.6898854,MASTER,2025110402
KR10025001,2025110403,968.375,0.0,576822.73,6.71,61.0,1028.0,-0.42,0.0,1.0,10000.0,1.64,66.0,36.0372673,126.6898854,MASTER,2025110403
KR10025001,2025110404,968.375,0.0,576822.73,6.58,61.0,1027.0,-0.38,0.0,3.0,10000.0,1.74,51.0,36.0372673,126.6898854,MASTER,2025110404
KR10025001,2025110405,968.375,0.0,576822.73,6.6,62.0,1027.0,-0.32,0.0,11.0,10000.0,1.66,47.0,36.0372673,126.6898854,MASTER,2025110405
KR10025001,2025110406,968.375,0.04,576822.7699999999,6.95,81.0,1027.0,3.92,0.0,75.0,10000.0,1.8,60.0,36.0372673,126.6898854,MASTER,2025110406
KR10025001,2025110407,968.375,33.64000000000001,576856.41,7.03,77.0,1027.0,3.28,0.0,71.0,10000.0,1.95,54.0,36.0372673,126.6898854,MASTER,2025110407
KR10025001,2025110408,968.375,145.75,577002.1599999999,7.42,74.0,1027.0,3.09,0.0,63.0,10000.0,1.6,54.0,36.0372673,126.6898854,MASTER,2025110408
KR10025001,2025110409,968.375,325.68000000000006,577327.8400000001,8.65,67.0,1028.0,2.87,0.0,52.0,10000.0,1.6,65.0,36.0372673,126.6898854,MASTER,2025110409
KR10025001,2025110410,968.375,339.1500000000001,577666.9899999999,10.41,60.0,1028.0,2.99,0.0,15.0,10000.0,1.51,58.0,36.0372673,126.6898854,MASTER,2025110410
KR10025001,2025110411,968.375,588.1800000000001,578255.17,12.63,53.0,1028.0,3.21,0.0,0.0,10000.0,0.38,175.0,36.0372673,126.6898854,MASTER,2025110411
KR10025001,2025110412,968.375,646.3399999999998,578901.51,13.53,52.0,1027.0,3.89,0.0,0.0,10000.0,1.34,251.0,36.0372673,126.6898854,MASTER,2025110412
KR10025001,2025110413,968.375,609.6399999999999,579511.15,13.97,53.0,1026.0,4.53,0.0,4.0,10000.0,2.4,284.0,36.0372673,126.6898854,MASTER,2025110413
KR10025001,2025110414,968.375,522.8699999999999,580034.02,14.02,54.0,1025.0,4.86,0.0,15.0,10000.0,2.68,294.0,36.0372673,126.6898854,MASTER,2025110414
KR10025001,2025110415,968.375,342.45,580376.4700000001,13.85,55.0,1025.0,5.01,0.0,19.0,10000.0,2.76,286.0,36.0372673,126.6898854,MASTER,2025110415
KR10025001,2025110416,968.375,123.93000000000002,580500.4,13.41,58.0,1026.0,5.17,0.0,47.0,10000.0,2.65,295.0,36.0372673,126.6898854,MASTER,2025110416
KR10025001,2025110417,968.375,10.730000000000004,580511.1299999999,12.47,65.0,1025.0,5.9,0.0,30.0,10000.0,2.1,308.0,36.0372673,126.6898854,MASTER,2025110417
KR10025001,2025110418,968.375,0.0,580511.1299999999,13.95,67.0,1025.0,7.93,0.0,20.0,10000.0,2.39,322.0,36.0372673,126.6898854,MASTER,2025110418
KR10025001,2025110419,968.375,0.0,580511.1299999999,13.46,66.0,1025.0,7.24,0.0,19.0,10000.0,2.04,332.0,36.0372673,126.6898854,MASTER,2025110419
KR10025001,2025110420,968.375,0.0,580511.1299999999,12.85,66.0,1025.0,6.66,0.0,18.0,10000.0,1.84,357.0,36.0372673,126.6898854,MASTER,2025110420
KR10025001,2025110421,968.375,0.0,580511.1299999999,12.11,66.0,1026.0,5.96,0.0,18.0,10000.0,2.18,24.0,36.0372673,126.6898854,MASTER,2025110421
KR10025001,2025110422,968.375,0.0,580511.1299999999,11.13,68.0,1026.0,5.45,0.0,34.0,10000.0,2.07,46.0,36.0372673,126.6898854,MASTER,2025110422
KR10025001,2025110423,968.375,0.0,580511.1299999999,9.94,70.0,1026.0,4.67,0.0,65.0,10000.0,2.27,56.0,36.0372673,126.6898854,MASTER,2025110423
KR10025001,2025110500,968.375,0.0,580511.1299999999,9.58,72.0,1026.0,4.67,0.0,78.0,10000.0,2.3,57.0,36.0372673,126.6898854,MASTER,2025110500
KR10025001,2025110501,968.375,0.0,580511.1299999999,9.29,73.0,1026.0,4.58,0.0,83.0,10000.0,2.35,59.0,36.0372673,126.6898854,MASTER,2025110501
KR10025001,2025110502,968.375,0.0,580511.1299999999,8.99,74.0,1025.0,4.52,0.0,86.0,10000.0,2.42,56.0,36.0372673,126.6898854,MASTER,2025110502
KR10025001,2025110503,968.375,0.0,580511.1299999999,8.71,75.0,1025.0,4.45,0.0,79.0,10000.0,2.52,56.0,36.0372673,126.6898854,MASTER,2025110503
KR10025001,2025110504,968.375,0.0,580511.1299999999,8.51,75.0,1024.0,4.23,0.0,25.0,10000.0,2.89,47.0,36.0372673,126.6898854,MASTER,2025110504
KR10025001,2025110505,968.375,0.0,580511.1299999999,8.39,73.0,1024.0,3.72,0.0,15.0,10000.0,2.81,43.0,36.0372673,126.6898854,MASTER,2025110505
KR10025001,2025110506,968.375,0.07,580511.2,8.3,70.0,1025.0,3.08,0.0,21.0,10000.0,2.77,43.0,36.0372673,126.6898854,MASTER,2025110506
KR10025001,2025110507,968.375,32.54000000000001,580543.74,8.19,68.0,1025.0,2.42,0.0,19.0,10000.0,2.81,49.0,36.0372673,126.6898854,MASTER,2025110507
KR10025001,2025110508,968.375,156.47000000000003,580700.21,8.9,65.0,1025.0,2.49,0.0,32.0,10000.0,2.71,48.0,36.0372673,126.6898854,MASTER,2025110508
KR10025001,2025110509,968.375,338.46000000000004,581038.6699999999,10.67,57.0,1025.0,2.51,0.0,41.0,10000.0,3.1,52.0,36.0372673,126.6898854,MASTER,2025110509
KR10025001,2025110510,968.375,477.1099999999999,581515.7799999999,12.42,51.0,1025.0,2.61,0.0,100.0,10000.0,3.56,45.0,36.0372673,126.6898854,MASTER,2025110510
KR10025001,2025110511,968.375,583.2,582098.98,13.99,48.0,1025.0,3.22,0.0,100.0,10000.0,3.23,50.0,36.0372673,126.6898854,MASTER,2025110511
KR10025001,2025110512,968.375,575.45,582674.43,15.39,47.0,1024.0,4.2,0.0,98.0,10000.0,3.37,44.0,36.0372673,126.6898854,MASTER,2025110512
KR10025001,2025110513,968.375,346.33,583020.76,16.33,47.0,1023.0,4.91,0.0,98.0,10000.0,2.94,41.0,36.0372673,126.6898854,MASTER,2025110513
KR10025001,2025110514,968.375,364.51,583385.27,16.96,47.0,1022.0,5.62,0.0,98.0,10000.0,2.8,28.0,36.0372673,126.6898854,MASTER,2025110514
KR10025001,2025110515,968.375,286.26,583671.53,17.17,48.0,1022.0,6.11,0.0,99.0,10000.0,2.87,19.0,36.0372673,126.6898854,MASTER,2025110515
KR10025001,2025110516,968.375,106.52,583778.05,17.03,52.0,1022.0,7.02,0.0,49.0,10000.0,2.42,26.0,36.0372673,126.6898854,MASTER,2025110516
KR10025001,2025110517,968.375,10.430000000000003,583788.48,15.49,60.0,1022.0,7.57,0.0,75.0,10000.0,1.93,28.0,36.0372673,126.6898854,MASTER,2025110517
KR10025001,2025110518,968.375,0.0,583788.48,14.04,63.0,1022.0,6.93,0.0,50.0,10000.0,2.42,34.0,36.0372673,126.6898854,MASTER,2025110518
KR10025001,2025110519,968.375,0.0,583788.48,13.33,64.0,1023.0,6.59,0.0,40.0,10000.0,3.0,30.0,36.0372673,126.6898854,MASTER,2025110519
KR10025001,2025110520,968.375,0.0,583788.48,12.73,66.0,1023.0,6.45,0.0,32.0,10000.0,3.08,24.0,36.0372673,126.6898854,MASTER,2025110520
KR10025001,2025110521,968.375,0.0,583788.48,12.25,67.0,1023.0,6.17,0.0,27.0,10000.0,3.02,26.0,36.0372673,126.6898854,MASTER,2025110521
KR10025001,2025110522,968.375,0.0,583788.48,11.79,67.0,1023.0,5.71,0.0,1.0,10000.0,2.92,28.0,36.0372673,126.6898854,MASTER,2025110522
KR10025001,2025110523,968.375,0.0,583788.48,11.47,66.0,1024.0,5.24,0.0,0.0,10000.0,2.8,27.0,36.0372673,126.6898854,MASTER,2025110523
KR10025001,2025110600,968.375,0.0,583788.48,11.17,66.0,1023.0,4.85,0.0,0.0,10000.0,2.75,37.0,36.0372673,126.6898854,MASTER,2025110600
KR10025001,2025110601,968.375,0.0,583788.48,10.85,65.0,1024.0,4.51,0.0,0.0,10000.0,2.4,26.0,36.0372673,126.6898854,MASTER,2025110601
KR10025001,2025110602,968.375,0.0,583788.48,10.6,65.0,1023.0,4.28,0.0,0.0,10000.0,2.69,51.0,36.0372673,126.6898854,MASTER,2025110602
KR10025001,2025110603,968.375,0.0,583788.48,10.16,66.0,1024.0,4.06,0.0,0.0,10000.0,2.53,45.0,36.0372673,126.6898854,MASTER,2025110603
KR10025001,2025110604,968.375,0.0,583788.48,9.99,66.0,1023.0,3.78,0.0,0.0,10000.0,2.28,34.0,36.0372673,126.6898854,MASTER,2025110604
KR10025001,2025110605,968.375,0.0,583788.48,9.79,66.0,1024.0,3.59,0.0,4.0,10000.0,2.67,46.0,36.0372673,126.6898854,MASTER,2025110605
KR10025001,2025110606,968.375,0.17,583788.6499999999,9.39,67.0,1024.0,3.42,0.0,3.0,10000.0,2.35,56.0,36.0372673,126.6898854,MASTER,2025110606
KR10025001,2025110607,968.375,44.710000000000015,583833.3599999999,9.37,67.0,1024.0,3.46,0.0,27.0,10000.0,2.56,42.0,36.0372673,126.6898854,MASTER,2025110607
KR10025001,2025110608,968.375,142.78000000000003,583976.14,10.04,67.0,1025.0,3.99,0.0,25.0,10000.0,2.53,32.0,36.0372673,126.6898854,MASTER,2025110608
KR10025001,2025110609,968.375,312.38000000000005,584288.5199999999,12.08,59.0,1025.0,4.21,0.0,24.0,10000.0,2.16,41.0,36.0372673,126.6898854,MASTER,2025110609
KR10025001,2025110610,968.375,507.86,584796.38,14.05,52.0,1025.0,4.33,0.0,53.0,10000.0,3.02,38.0,36.0372673,126.6898854,MASTER,2025110610
KR10025001,2025110611,968.375,513.5400000000001,585309.92,14.96,50.0,1024.0,4.43,0.0,75.0,10000.0,2.81,45.0,36.0372673,126.6898854,MASTER,2025110611
KR10025001,2025110612,968.375,570.63,585880.5499999999,16.27,45.0,1024.0,4.45,0.0,83.0,10000.0,2.2,20.0,36.0372673,126.6898854,MASTER,2025110612
KR10025001,2025110613,968.375,535.7500000000001,586416.3,17.29,44.0,1023.0,4.87,0.0,72.0,10000.0,2.12,11.0,36.0372673,126.6898854,MASTER,2025110613
KR10025001,2025110614,968.375,414.8999999999999,586831.2000000001,17.83,44.0,1023.0,5.48,0.0,75.0,10000.0,2.36,345.0,36.0372673,126.6898854,MASTER,2025110614
KR10025001,2025110615,968.375,273.0800000000001,587104.2799999999,18.27,46.0,1022.0,6.24,0.0,66.0,10000.0,2.9,18.0,36.0372673,126.6898854,MASTER,2025110615
KR10025001,2025110616,968.375,84.48000000000002,587188.7600000001,17.98,52.0,1022.0,7.86,0.0,100.0,10000.0,1.82,359.0,36.0372673,126.6898854,MASTER,2025110616
KR10025001,2025110617,968.375,8.310000000000002,587197.0700000001,16.32,60.0,1022.0,8.37,0.0,100.0,10000.0,2.11,3.0,36.0372673,126.6898854,MASTER,2025110617
KR10025001,2025110618,968.375,0.0,587197.0700000001,15.77,77.0,1023.0,11.75,,0.0,8047.0,1.54,310.0,36.0372673,126.6898854,MASTER,2025110618
KR10025001,2025110619,968.375,0.0,587197.0700000001,14.6,77.0,1023.0,10.62,,75.0,9656.0,4.12,350.0,36.0372673,126.6898854,MASTER,2025110619
KR10025001,2025110620,968.375,0.0,587197.0700000001,13.94,82.0,1023.0,10.92,,75.0,10000.0,3.09,360.0,36.0372673,126.6898854,MASTER,2025110620
KR10025001,2025110621,968.375,0.0,587197.0700000001,13.26,76.0,1024.0,9.13,,75.0,10000.0,2.06,20.0,36.0372673,126.6898854,MASTER,2025110621
KR10025001,2025110622,968.375,0.0,587197.0700000001,12.59,76.0,1024.0,8.48,,75.0,10000.0,1.54,60.0,36.0372673,126.6898854,MASTER,2025110622
KR10025001,2025110623,968.375,0.0,587197.0700000001,12.32,76.0,1024.0,8.22,,75.0,10000.0,1.54,50.0,36.0372673,126.6898854,MASTER,2025110623
KR10025001,2025110700,968.375,0.0,587197.0700000001,12.08,87.0,1024.0,9.98,,75.0,9656.0,1.03,30.0,36.0372673,126.6898854,MASTER,2025110700
KR10025001,2025110701,968.375,0.0,587197.0700000001,11.76,87.0,1024.0,9.67,,75.0,8047.0,1.54,350.0,36.0372673,126.6898854,MASTER,2025110701
KR10025001,2025110702,968.375,0.0,587197.0700000001,11.89,82.0,1024.0,8.92,,75.0,8047.0,1.54,100.0,36.0372673,126.6898854,MASTER,2025110702
KR10025001,2025110703,968.375,0.0,587197.0700000001,11.16,87.0,1025.0,9.08,,75.0,8047.0,1.03,150.0,36.0372673,126.6898854,MASTER,2025110703
KR10025001,2025110704,968.375,0.0,587197.0700000001,10.74,87.0,1024.0,8.67,,75.0,6437.0,1.03,180.0,36.0372673,126.6898854,MASTER,2025110704
KR10025001,2025110705,968.375,0.0,587197.0700000001,10.56,87.0,1024.0,8.49,,40.0,6437.0,1.03,120.0,36.0372673,126.6898854,MASTER,2025110705
KR10025001,2025110706,968.375,0.03,587197.1000000001,10.44,87.0,1024.0,8.37,,75.0,6437.0,2.57,120.0,36.0372673,126.6898854,MASTER,2025110706
KR10025001,2025110707,968.375,23.500000000000007,587220.6000000001,10.4,93.0,1025.0,9.32,,20.0,3219.0,1.54,120.0,36.0372673,126.6898854,MASTER,2025110707
KR10025001,2025110708,968.375,160.20000000000002,587380.7999999999,10.12,93.0,1025.0,9.04,,0.0,2414.0,1.54,130.0,36.0372673,126.6898854,MASTER,2025110708
KR10025001,2025110709,968.375,270.29,587651.09,11.16,87.0,1025.0,9.08,,20.0,4023.0,2.06,100.0,36.0372673,126.6898854,MASTER,2025110709
KR10025001,2025110710,968.375,468.0599999999999,588119.15,12.05,87.0,1025.0,9.96,,20.0,4023.0,1.54,0.0,36.0372673,126.6898854,MASTER,2025110710
KR10025001,2025110711,968.375,588.0,588707.15,14.07,77.0,1025.0,10.1,,5.0,,1.37,114.0,36.0372673,126.6898854,MASTER,2025110711
KR10025001,2025110712,968.375,610.68,589317.8300000001,16.17,55.0,1025.0,7.13,,20.0,4828.0,0.0,0.0,36.0372673,126.6898854,MASTER,2025110712
KR10025001,2025110713,968.375,554.6099999999999,589872.4400000001,17.11,48.0,1024.0,6.02,,20.0,4828.0,0.0,0.0,36.0372673,126.6898854,MASTER,2025110713
KR10025001,2025110714,968.375,459.02,590331.4600000001,17.85,49.0,1023.0,7.0,,0.0,4828.0,2.57,280.0,36.0372673,126.6898854,MASTER,2025110714
KR10025001,2025110715,968.375,294.64000000000004,590626.1,17.74,49.0,1023.0,6.9,,0.0,4828.0,2.57,0.0,36.0372673,126.6898854,MASTER,2025110715
KR10025001,2025110716,968.375,109.27,590735.37,17.25,52.0,1023.0,7.32,,0.0,4828.0,3.09,350.0,36.0372673,126.6898854,MASTER,2025110716
KR10025001,2025110717,968.375,11.240000000000004,590746.61,16.6,72.0,1023.0,11.54,,0.0,4828.0,2.57,340.0,36.0372673,126.6898854,MASTER,2025110717
KR10025001,2025110718,968.375,0.0,590746.61,15.55,76.0,1023.0,11.34,,2.0,,0.88,355.0,36.0372673,126.6898854,MASTER,2025110718
KR10025001,2025110719,968.375,0.0,590746.61,16.33,75.0,1023.0,11.89,,1.0,,1.62,333.0,36.0372673,126.6898854,MASTER,2025110719
KR10025001,2025110720,968.375,0.0,590746.61,14.77,80.0,1024.0,11.36,,8.0,,1.34,29.0,36.0372673,126.6898854,MASTER,2025110720
KR10025001,2025110721,968.375,0.0,590746.61,13.63,87.0,1024.0,11.51,,20.0,4828.0,2.06,170.0,36.0372673,126.6898854,MASTER,2025110721
KR10025001,2025110722,968.375,0.0,590746.61,13.83,85.0,1024.0,11.35,,39.0,,1.65,109.0,36.0372673,126.6898854,MASTER,2025110722
KR10025001,2025110723,968.375,0.0,590746.61,13.48,86.0,1024.0,11.19,,56.0,,1.7,105.0,36.0372673,126.6898854,MASTER,2025110723
KR10025001,2025110800,968.375,0.0,590746.61,,,,,,,,,,36.0372673,126.6898854,MASTER,2025110800
KR10025001,2025110801,968.375,0.0,590746.61,,,,,,,,,,36.0372673,126.6898854,MASTER,2025110801
KR10025001,2025110802,968.375,0.0,590746.61,,,,,,,,,,36.0372673,126.6898854,MASTER,2025110802
KR10025001,2025110803,968.375,0.0,590746.61,,,,,,,,,,36.0372673,126.6898854,MASTER,2025110803
KR10025001,2025110804,968.375,0.0,590746.61,,,,,,,,,,36.0372673,126.6898854,MASTER,2025110804
KR10025001,2025110805,968.375,0.0,590746.61,,,,,,,,,,36.0372673,126.6898854,MASTER,2025110805
KR10025001,2025110806,968.375,0.0,590746.61,,,,,,,,,,36.0372673,126.6898854,MASTER,2025110806
KR10025001,2025110807,968.375,5.390000000000002,590751.9999999999,,,,,,,,,,36.0372673,126.6898854,MASTER,2025110807
KR10025001,2025110808,968.375,47.72999999999999,590799.73,,,,,,,,,,36.0372673,126.6898854,MASTER,2025110808
KR10025001,2025110809,968.375,92.19999999999996,590891.93,,,,,,,,,,36.0372673,126.6898854,MASTER,2025110809
KR10025001,2025110810,968.375,199.89999999999995,591091.83,,,,,,,,,,36.0372673,126.6898854,MASTER,2025110810
KR10025001,2025110811,968.375,150.98000000000002,591242.81,,,,,,,,,,36.0372673,126.6898854,MASTER,2025110811
KR10025001,2025110812,968.375,200.17,591442.98,,,,,,,,,,36.0372673,126.6898854,MASTER,2025110812
KR10025001,2025110813,968.375,179.36,591622.34,,,,,,,,,,36.0372673,126.6898854,MASTER,2025110813
KR10025001,2025110814,968.375,169.36,591791.7,,,,,,,,,,36.0372673,126.6898854,MASTER,2025110814
KR10025001,2025110815,968.375,78.85000000000001,591870.5499999999,,,,,,,,,,36.0372673,126.6898854,MASTER,2025110815
KR10025001,2025110816,968.375,32.34999999999998,591902.8999999999,,,,,,,,,,36.0372673,126.6898854,MASTER,2025110816
KR10025001,2025110817,968.375,2.5900000000000007,591905.4899999999,,,,,,,,,,36.0372673,126.6898854,MASTER,2025110817
KR10025001,2025110818,968.375,0.0,591905.4899999999,,,,,,,,,,36.0372673,126.6898854,MASTER,2025110818
KR10025001,2025110819,968.375,0.0,591905.4899999999,,,,,,,,,,36.0372673,126.6898854,MASTER,2025110819
KR10025001,2025110820,968.375,0.0,591905.4899999999,,,,,,,,,,36.0372673,126.6898854,MASTER,2025110820
KR10025001,2025110821,968.375,0.0,591905.4899999999,,,,,,,,,,36.0372673,126.6898854,MASTER,2025110821
KR10025001,2025110822,968.375,0.0,591905.4899999999,,,,,,,,,,36.0372673,126.6898854,MASTER,2025110822
KR10025001,2025110823,968.375,0.0,591905.4899999999,,,,,,,,,,36.0372673,126.6898854,MASTER,2025110823
KR10025001,2025110900,968.375,0.0,591905.4899999999,,,,,,,,,,36.0372673,126.6898854,MASTER,2025110900
KR10025001,2025110901,968.375,0.0,591905.4899999999,,,,,,,,,,36.0372673,126.6898854,MASTER,2025110901
KR10025001,2025110902,968.375,0.0,591905.4899999999,,,,,,,,,,36.0372673,126.6898854,MASTER,2025110902
KR10025001,2025110903,968.375,0.0,591905.4899999999,,,,,,,,,,36.0372673,126.6898854,MASTER,2025110903
KR10025001,2025110904,968.375,0.0,591905.4899999999,,,,,,,,,,36.0372673,126.6898854,MASTER,2025110904
KR10025001,2025110905,968.375,0.0,591905.4899999999,,,,,,,,,,36.0372673,126.6898854,MASTER,2025110905
KR10025001,2025110906,968.375,0.0,591905.4899999999,,,,,,,,,,36.0372673,126.6898854,MASTER,2025110906
KR10025001,2025110907,968.375,28.02000000000001,591933.51,,,,,,,,,,36.0372673,126.6898854,MASTER,2025110907
KR10025001,2025110908,968.375,129.31,592062.8200000001,,,,,,,,,,36.0372673,126.6898854,MASTER,2025110908
KR10025001,2025110909,968.375,294.14,592356.9600000001,,,,,,,,,,36.0372673,126.6898854,MASTER,2025110909
KR10025001,2025110910,968.375,464.96,592821.9199999999,,,,,,,,,,36.0372673,126.6898854,MASTER,2025110910
KR10025001,2025110911,968.375,580.3500000000001,593402.27,,,,,,,,,,36.0372673,126.6898854,MASTER,2025110911
KR10025001,2025110912,968.375,611.0699999999999,594013.3400000001,,,,,,,,,,36.0372673,126.6898854,MASTER,2025110912
KR10025001,2025110913,968.375,572.28,594585.62,,,,,,,,,,36.0372673,126.6898854,MASTER,2025110913
KR10025001,2025110914,968.375,474.49,595060.11,,,,,,,,,,36.0372673,126.6898854,MASTER,2025110914
KR10025001,2025110915,968.375,298.22,595358.33,,,,,,,,,,36.0372673,126.6898854,MASTER,2025110915
KR10025001,2025110916,968.375,101.82,595460.15,,,,,,,,,,36.0372673,126.6898854,MASTER,2025110916
KR10025001,2025110917,968.375,8.430000000000003,595468.5800000001,,,,,,,,,,36.0372673,126.6898854,MASTER,2025110917
KR10025001,2025110918,968.375,0.0,595468.5800000001,,,,,,,,,,36.0372673,126.6898854,MASTER,2025110918
KR10025001,2025110919,968.375,0.0,595468.5800000001,,,,,,,,,,36.0372673,126.6898854,MASTER,2025110919
KR10025001,2025110920,968.375,0.0,595468.5800000001,,,,,,,,,,36.0372673,126.6898854,MASTER,2025110920
KR10025001,2025110921,968.375,0.0,595468.5800000001,,,,,,,,,,36.0372673,126.6898854,MASTER,2025110921
KR10025001,2025110922,968.375,0.0,595468.5800000001,,,,,,,,,,36.0372673,126.6898854,MASTER,2025110922
KR10025001,2025110923,968.375,0.0,595468.5800000001,,,,,,,,,,36.0372673,126.6898854,MASTER,2025110923
KR10025001,2025111000,968.375,0.0,595468.5800000001,,,,,,,,,,36.0372673,126.6898854,MASTER,2025111000
KR10025001,2025111001,968.375,0.0,595468.5800000001,,,,,,,,,,36.0372673,126.6898854,MASTER,2025111001
KR10025001,2025111002,968.375,0.0,595468.5800000001,,,,,,,,,,36.0372673,126.6898854,MASTER,2025111002
KR10025001,2025111003,968.375,0.0,595468.5800000001,,,,,,,,,,36.0372673,126.6898854,MASTER,2025111003
KR10025001,2025111004,968.375,0.0,595468.5800000001,,,,,,,,,,36.0372673,126.6898854,MASTER,2025111004
KR10025001,2025111005,968.375,0.0,595468.5800000001,,,,,,,,,,36.0372673,126.6898854,MASTER,2025111005
KR10025001,2025111006,968.375,0.02,595468.6,,,,,,,,,,36.0372673,126.6898854,MASTER,2025111006
KR10025001,2025111007,968.375,24.770000000000017,595493.37,,,,,,,,,,36.0372673,126.6898854,MASTER,2025111007
KR10025001,2025111008,968.375,164.82,595658.1900000001,,,,,,,,,,36.0372673,126.6898854,MASTER,2025111008
KR10025001,2025111009,968.375,379.64,596037.83,,,,,,,,,,36.0372673,126.6898854,MASTER,2025111009
KR10025001,2025111010,968.375,553.96,596591.79,,,,,,,,,,36.0372673,126.6898854,MASTER,2025111010
KR10025001,2025111011,968.375,639.9199999999998,597231.71,,,,,,,,,,36.0372673,126.6898854,MASTER,2025111011
KR10025001,2025111012,968.375,666.4100000000001,597898.12,,,,,,,,,,36.0372673,126.6898854,MASTER,2025111012
KR10025001,2025111013,968.375,639.86,598537.9800000001,,,,,,,,,,36.0372673,126.6898854,MASTER,2025111013
KR10025001,2025111014,968.375,539.1199999999999,599077.0999999999,,,,,,,,,,36.0372673,126.6898854,MASTER,2025111014
KR10025001,2025111015,968.375,346.22,599423.3200000001,,,,,,,,,,36.0372673,126.6898854,MASTER,2025111015
KR10025001,2025111016,968.375,116.48,599539.8,,,,,,,,,,36.0372673,126.6898854,MASTER,2025111016
KR10025001,2025111017,968.375,9.130000000000004,599548.93,,,,,,,,,,36.0372673,126.6898854,MASTER,2025111017
KR10025001,2025111018,968.375,0.0,599548.93,,,,,,,,,,36.0372673,126.6898854,MASTER,2025111018
KR10025001,2025111019,968.375,0.0,599548.93,,,,,,,,,,36.0372673,126.6898854,MASTER,2025111019
KR10025001,2025111020,968.375,0.0,599548.93,,,,,,,,,,36.0372673,126.6898854,MASTER,2025111020
KR10025001,2025111021,968.375,0.0,599548.93,,,,,,,,,,36.0372673,126.6898854,MASTER,2025111021
KR10025001,2025111022,968.375,0.0,599548.93,,,,,,,,,,36.0372673,126.6898854,MASTER,2025111022
KR10025001,2025111023,968.375,0.0,599548.93,,,,,,,,,,36.0372673,126.6898854,MASTER,2025111023
KR10025001,2025111100,968.375,0.0,599548.93,,,,,,,,,,36.0372673,126.6898854,MASTER,2025111100
KR10025001,2025111101,968.375,0.0,599548.93,,,,,,,,,,36.0372673,126.6898854,MASTER,2025111101
KR10025001,2025111102,968.375,0.0,599548.93,,,,,,,,,,36.0372673,126.6898854,MASTER,2025111102
KR10025001,2025111103,968.375,0.0,599548.93,,,,,,,,,,36.0372673,126.6898854,MASTER,2025111103
KR10025001,2025111104,968.375,0.0,599548.93,,,,,,,,,,36.0372673,126.6898854,MASTER,2025111104
KR10025001,2025111105,968.375,0.0,599548.93,,,,,,,,,,36.0372673,126.6898854,MASTER,2025111105
KR10025001,2025111106,968.375,0.0,599548.93,,,,,,,,,,36.0372673,126.6898854,MASTER,2025111106
KR10025001,2025111107,968.375,25.66000000000001,599574.5900000001,,,,,,,,,,36.0372673,126.6898854,MASTER,2025111107
KR10025001,2025111108,968.375,154.88000000000002,599729.47,,,,,,,,,,36.0372673,126.6898854,MASTER,2025111108
KR10025001,2025111109,968.375,368.69,600098.1599999999,,,,,,,,,,36.0372673,126.6898854,MASTER,2025111109
KR10025001,2025111110,968.375,535.14,600633.3,,,,,,,,,,36.0372673,126.6898854,MASTER,2025111110
KR10025001,2025111111,968.375,616.12,601249.42,,,,,,,,,,36.0372673,126.6898854,MASTER,2025111111
KR10025001,2025111112,968.375,611.28,601860.7000000001,,,,,,,,,,36.0372673,126.6898854,MASTER,2025111112
KR10025001,2025111113,968.375,536.48,602397.1799999999,,,,,,,,,,36.0372673,126.6898854,MASTER,2025111113
KR10025001,2025111114,968.375,462.87,602860.0499999999,,,,,,,,,,36.0372673,126.6898854,MASTER,2025111114
KR10025001,2025111115,968.375,122.55000000000008,602982.6000000001,,,,,,,,,,36.0372673,126.6898854,MASTER,2025111115
KR10025001,2025111116,968.375,69.20999999999998,603051.8099999999,,,,,,,,,,36.0372673,126.6898854,MASTER,2025111116
KR10025001,2025111117,968.375,7.590000000000002,603059.4,,,,,,,,,,36.0372673,126.6898854,MASTER,2025111117
KR10025001,2025111118,968.375,0.0,603059.4,,,,,,,,,,36.0372673,126.6898854,MASTER,2025111118
KR10025001,2025111119,968.375,0.0,603059.4,,,,,,,,,,36.0372673,126.6898854,MASTER,2025111119
KR10025001,2025111120,968.375,0.0,603059.4,,,,,,,,,,36.0372673,126.6898854,MASTER,2025111120
KR10025001,2025111121,968.375,0.0,603059.4,,,,,,,,,,36.0372673,126.6898854,MASTER,2025111121
KR10025001,2025111122,968.375,0.0,603059.4,,,,,,,,,,36.0372673,126.6898854,MASTER,2025111122
KR10025001,2025111123,968.375,0.0,603059.4,,,,,,,,,,36.0372673,126.6898854,MASTER,2025111123
KR10025001,2025111200,968.375,0.0,603059.4,,,,,,,,,,36.0372673,126.6898854,MASTER,2025111200
KR10025001,2025111201,968.375,0.0,603059.4,,,,,,,,,,36.0372673,126.6898854,MASTER,2025111201
KR10025001,2025111202,968.375,0.0,603059.4,,,,,,,,,,36.0372673,126.6898854,MASTER,2025111202
KR10025001,2025111203,968.375,0.0,603059.4,,,,,,,,,,36.0372673,126.6898854,MASTER,2025111203
KR10025001,2025111204,968.375,0.0,603059.4,,,,,,,,,,36.0372673,126.6898854,MASTER,2025111204
KR10025001,2025111205,968.375,0.0,603059.4,,,,,,,,,,36.0372673,126.6898854,MASTER,2025111205
KR10025001,2025111206,968.375,0.0,603059.4,4.95,87.0,1025.0,2.97,0.0,0.0,10000.0,2.26,59.0,36.0372673,126.6898854,MASTER,2025111206
KR10025001,2025111207,968.375,22.770000000000007,603082.1699999999,5.3,85.0,1025.0,2.99,0.0,0.0,10000.0,3.03,63.0,36.0372673,126.6898854,MASTER,2025111207
KR10025001,2025111208,968.375,149.16,603231.33,5.74,82.0,1025.0,2.91,0.0,0.0,10000.0,2.92,81.0,36.0372673,126.6898854,MASTER,2025111208
KR10025001,2025111209,968.375,362.34,603593.6699999999,7.07,75.0,1025.0,2.95,0.0,0.0,10000.0,2.42,82.0,36.0372673,126.6898854,MASTER,2025111209
KR10025001,2025111210,968.375,527.51,604121.18,9.21,63.0,1024.0,2.54,0.0,0.0,10000.0,2.22,64.0,36.0372673,126.6898854,MASTER,2025111210
KR10025001,2025111211,968.375,306.86,604428.0399999999,12.16,50.0,1024.0,1.93,0.0,0.0,10000.0,2.5,33.0,36.0372673,126.6898854,MASTER,2025111211
KR10025001,2025111212,968.375,273.95,604701.9900000001,13.11,45.0,1024.0,1.2,0.0,31.0,10000.0,1.48,27.0,36.0372673,126.6898854,MASTER,2025111212
KR10025001,2025111213,968.375,356.52000000000004,605058.51,13.54,44.0,1022.0,1.38,0.0,48.0,10000.0,2.1,14.0,36.0372673,126.6898854,MASTER,2025111213
KR10025001,2025111214,968.375,239.49000000000004,605298.0,14.45,41.0,1023.0,1.33,0.0,36.0,10000.0,0.84,228.0,36.0372673,126.6898854,MASTER,2025111214
KR10025001,2025111215,968.375,141.2300000000001,605439.23,14.26,45.0,1022.0,2.07,0.0,46.0,10000.0,1.83,274.0,36.0372673,126.6898854,MASTER,2025111215
KR10025001,2025111216,968.375,45.53,605484.76,13.83,51.0,1022.0,3.36,0.0,46.0,10000.0,2.36,263.0,36.0372673,126.6898854,MASTER,2025111216
KR10025001,2025111217,968.375,4.110000000000001,605488.8700000001,12.03,63.0,1022.0,5.06,0.0,73.0,10000.0,2.37,294.0,36.0372673,126.6898854,MASTER,2025111217
KR10025001,2025111218,968.375,0.0,605488.8700000001,12.95,67.0,1022.0,6.98,0.0,75.0,10000.0,1.95,306.0,36.0372673,126.6898854,MASTER,2025111218
KR10025001,2025111219,968.375,0.0,605488.8700000001,12.62,66.0,1022.0,6.44,0.0,65.0,10000.0,1.34,291.0,36.0372673,126.6898854,MASTER,2025111219
KR10025001,2025111220,968.375,0.0,605488.8700000001,12.29,65.0,1022.0,5.91,0.0,54.0,10000.0,1.66,304.0,36.0372673,126.6898854,MASTER,2025111220
KR10025001,2025111221,968.375,0.0,605488.8700000001,11.77,67.0,1023.0,5.85,0.0,40.0,10000.0,1.69,330.0,36.0372673,126.6898854,MASTER,2025111221
KR10025001,2025111222,968.375,0.0,605488.8700000001,11.59,67.0,1023.0,5.68,0.0,94.0,10000.0,0.38,268.0,36.0372673,126.6898854,MASTER,2025111222
KR10025001,2025111223,968.375,0.0,605488.8700000001,10.61,70.0,1023.0,5.21,0.0,52.0,10000.0,1.75,335.0,36.0372673,126.6898854,MASTER,2025111223
KR10025001,2025111300,968.375,0.0,605488.8700000001,10.25,72.0,1023.0,5.18,0.0,34.0,10000.0,1.07,340.0,36.0372673,126.6898854,MASTER,2025111300
KR10025001,2025111301,968.375,0.0,605488.8700000001,10.13,72.0,1023.0,5.18,0.0,45.0,10000.0,1.09,10.0,36.0372673,126.6898854,MASTER,2025111301
KR10025001,2025111302,968.375,0.0,605488.8700000001,9.81,74.0,1023.0,5.21,0.0,36.0,10000.0,2.12,4.0,36.0372673,126.6898854,MASTER,2025111302
KR10025001,2025111303,968.375,0.0,605488.8700000001,9.46,74.0,1023.0,4.84,0.0,30.0,10000.0,0.58,44.0,36.0372673,126.6898854,MASTER,2025111303
KR10025001,2025111304,968.375,0.0,605488.8700000001,9.17,74.0,1022.0,4.51,0.0,29.0,10000.0,0.9,51.0,36.0372673,126.6898854,MASTER,2025111304
KR10025001,2025111305,968.375,0.0,605488.8700000001,8.87,75.0,1021.0,4.46,0.0,13.0,10000.0,1.93,35.0,36.0372673,126.6898854,MASTER,2025111305
KR10025001,2025111306,968.375,0.0,605488.8700000001,4.95,87.0,1021.0,2.97,0.0,0.0,10000.0,1.73,55.0,36.0372673,126.6898854,MASTER,2025111306
KR10025001,2025111307,968.375,21.360000000000014,605510.23,5.62,82.0,1021.0,2.79,0.0,2.0,10000.0,1.48,67.0,36.0372673,126.6898854,MASTER,2025111307
KR10025001,2025111308,968.375,128.55000000000004,605638.78,6.49,78.0,1021.0,2.94,0.0,3.0,10000.0,2.13,127.0,36.0372673,126.6898854,MASTER,2025111308
KR10025001,2025111309,968.375,287.36,605926.14,8.14,70.0,1022.0,3.0,0.0,4.0,10000.0,1.45,111.0,36.0372673,126.6898854,MASTER,2025111309
KR10025001,2025111310,968.375,442.61000000000007,606368.75,10.49,61.0,1021.0,3.3,0.0,5.0,10000.0,1.13,86.0,36.0372673,126.6898854,MASTER,2025111310
KR10025001,2025111311,968.375,519.67,606888.4199999999,13.4,54.0,1021.0,4.1,0.0,3.0,10000.0,0.75,25.0,36.0372673,126.6898854,MASTER,2025111311
KR10025001,2025111312,968.375,544.2099999999999,607432.63,14.69,56.0,1021.0,5.79,0.0,2.0,10000.0,0.78,242.0,36.0372673,126.6898854,MASTER,2025111312
KR10025001,2025111313,968.375,510.13000000000005,607942.76,15.52,58.0,1019.0,6.78,0.0,1.0,10000.0,1.82,281.0,36.0372673,126.6898854,MASTER,2025111313
KR10025001,2025111314,968.375,426.8,608369.56,15.96,61.0,1019.0,7.62,0.0,1.0,10000.0,3.01,296.0,36.0372673,126.6898854,MASTER,2025111314
KR10025001,2025111315,968.375,251.29999999999995,608620.86,15.55,67.0,1019.0,8.79,0.0,1.0,10000.0,3.73,299.0,36.0372673,126.6898854,MASTER,2025111315
KR10025001,2025111316,968.375,97.86,608718.72,15.45,70.0,1019.0,9.28,0.0,0.0,10000.0,3.79,299.0,36.0372673,126.6898854,MASTER,2025111316
KR10025001,2025111317,968.375,7.940000000000003,608726.66,14.23,72.0,1019.0,9.0,0.0,0.0,10000.0,4.05,310.0,36.0372673,126.6898854,MASTER,2025111317
KR10025001,2025111318,968.375,0.0,608726.66,14.95,82.0,1019.0,11.91,0.0,0.0,10000.0,4.67,328.0,36.0372673,126.6898854,MASTER,2025111318
KR10025001,2025111319,968.375,0.0,608726.66,14.4,78.0,1019.0,10.62,0.0,0.0,10000.0,3.92,333.0,36.0372673,126.6898854,MASTER,2025111319
KR10025001,2025111320,968.375,0.0,608726.66,13.65,74.0,1019.0,9.11,0.0,1.0,10000.0,3.71,333.0,36.0372673,126.6898854,MASTER,2025111320
KR10025001,2025111321,968.375,0.0,608726.66,12.81,70.0,1020.0,7.48,0.0,9.0,10000.0,3.37,339.0,36.0372673,126.6898854,MASTER,2025111321
KR10025001,2025111322,968.375,0.0,608726.66,11.93,65.0,1020.0,5.57,0.0,6.0,10000.0,2.79,340.0,36.0372673,126.6898854,MASTER,2025111322
KR10025001,2025111323,968.375,0.0,608726.66,11.03,60.0,1020.0,3.57,0.0,36.0,10000.0,2.63,348.0,36.0372673,126.6898854,MASTER,2025111323
KR10025001,2025111400,968.375,0.0,608726.66,10.5,62.0,1020.0,3.42,0.0,26.0,10000.0,3.09,6.0,36.0372673,126.6898854,MASTER,2025111400
KR10025001,2025111401,968.375,0.0,608726.66,9.91,63.0,1020.0,3.07,0.0,19.0,10000.0,3.18,7.0,36.0372673,126.6898854,MASTER,2025111401
KR10025001,2025111402,968.375,0.0,608726.66,9.31,64.0,1020.0,2.65,0.0,16.0,10000.0,2.68,13.0,36.0372673,126.6898854,MASTER,2025111402
KR10025001,2025111403,968.375,0.0,608726.66,8.83,64.0,1021.0,2.24,0.0,13.0,10000.0,2.49,6.0,36.0372673,126.6898854,MASTER,2025111403
KR10025001,2025111404,968.375,0.0,608726.66,8.51,64.0,1020.0,1.87,0.0,0.0,10000.0,2.46,7.0,36.0372673,126.6898854,MASTER,2025111404
KR10025001,2025111405,968.375,0.0,608726.66,8.17,64.0,1020.0,1.57,0.0,0.0,10000.0,1.96,27.0,36.0372673,126.6898854,MASTER,2025111405
KR10025001,2025111406,968.375,0.0,608726.66,6.95,70.0,1021.0,1.86,0.0,0.0,10000.0,2.08,18.0,36.0372673,126.6898854,MASTER,2025111406
KR10025001,2025111407,968.375,21.18000000000001,608747.8400000001,7.12,68.0,1021.0,1.62,0.0,0.0,10000.0,2.06,16.0,36.0372673,126.6898854,MASTER,2025111407
KR10025001,2025111408,968.375,150.56,608898.4,7.56,67.0,1021.0,1.83,0.0,0.0,10000.0,1.59,22.0,36.0372673,126.6898854,MASTER,2025111408
KR10025001,2025111409,968.375,357.63,609256.0299999999,8.89,62.0,1022.0,2.01,0.0,0.0,10000.0,1.85,27.0,36.0372673,126.6898854,MASTER,2025111409
KR10025001,2025111410,968.375,516.48,609772.51,10.67,56.0,1022.0,2.26,0.0,0.0,10000.0,2.02,11.0,36.0372673,126.6898854,MASTER,2025111410
KR10025001,2025111411,968.375,594.0600000000002,610366.57,12.82,50.0,1022.0,2.61,0.0,0.0,10000.0,3.29,340.0,36.0372673,126.6898854,MASTER,2025111411
KR10025001,2025111412,968.375,635.0799999999999,611001.65,13.72,49.0,1022.0,3.11,0.0,0.0,10000.0,4.59,326.0,36.0372673,126.6898854,MASTER,2025111412
KR10025001,2025111413,968.375,609.5200000000001,611611.17,13.88,48.0,1022.0,3.01,0.0,0.0,10000.0,5.48,321.0,36.0372673,126.6898854,MASTER,2025111413
KR10025001,2025111414,968.375,504.37,612115.54,13.93,46.0,1021.0,2.31,0.0,0.0,10000.0,5.54,324.0,36.0372673,126.6898854,MASTER,2025111414
KR10025001,2025111415,968.375,309.85,612425.3899999999,13.75,46.0,1021.0,2.19,0.0,0.0,10000.0,5.53,325.0,36.0372673,126.6898854,MASTER,2025111415
KR10025001,2025111416,968.375,98.68,612524.07,13.3,48.0,1022.0,2.43,0.0,0.0,10000.0,5.19,327.0,36.0372673,126.6898854,MASTER,2025111416
KR10025001,2025111417,968.375,6.410000000000003,612530.48,12.21,54.0,1022.0,2.96,0.0,0.0,10000.0,4.24,325.0,36.0372673,126.6898854,MASTER,2025111417
KR10025001,2025111418,968.375,0.0,612530.48,12.95,54.0,1023.0,3.87,0.0,20.0,10000.0,3.9,329.0,36.0372673,126.6898854,MASTER,2025111418
KR10025001,2025111419,968.375,0.0,612530.48,12.47,56.0,1023.0,3.94,0.0,16.0,10000.0,3.46,346.0,36.0372673,126.6898854,MASTER,2025111419
KR10025001,2025111420,968.375,0.0,612530.48,11.78,57.0,1023.0,3.55,0.0,12.0,10000.0,3.11,359.0,36.0372673,126.6898854,MASTER,2025111420
KR10025001,2025111421,968.375,0.0,612530.48,10.87,60.0,1024.0,3.42,0.0,8.0,10000.0,2.37,14.0,36.0372673,126.6898854,MASTER,2025111421
KR10025001,2025111422,968.375,0.0,612530.48,9.95,62.0,1024.0,3.02,0.0,6.0,10000.0,1.58,34.0,36.0372673,126.6898854,MASTER,2025111422
KR10025001,2025111423,968.375,0.0,612530.48,8.93,64.0,1024.0,2.24,0.0,2.0,10000.0,1.45,38.0,36.0372673,126.6898854,MASTER,2025111423
KR10025001,2025111500,968.375,0.0,612530.48,8.69,64.0,1025.0,2.11,0.0,5.0,10000.0,1.15,61.0,36.0372673,126.6898854,MASTER,2025111500
KR10025001,2025111501,968.375,0.0,612530.48,8.4,65.0,1025.0,2.11,0.0,10.0,10000.0,1.98,61.0,36.0372673,126.6898854,MASTER,2025111501
KR10025001,2025111502,968.375,0.0,612530.48,8.65,64.0,1026.0,2.18,0.0,28.0,10000.0,1.52,68.0,36.0372673,126.6898854,MASTER,2025111502
KR10025001,2025111503,968.375,0.0,612530.48,8.32,66.0,1026.0,2.13,0.0,40.0,10000.0,1.59,61.0,36.0372673,126.6898854,MASTER,2025111503
KR10025001,2025111504,968.375,0.0,612530.48,7.93,67.0,1026.0,2.07,0.0,100.0,10000.0,1.81,69.0,36.0372673,126.6898854,MASTER,2025111504
KR10025001,2025111505,968.375,0.0,612530.48,7.87,67.0,1026.0,2.05,0.0,100.0,10000.0,1.95,70.0,36.0372673,126.6898854,MASTER,2025111505
KR10025001,2025111506,968.375,0.0,612530.48,5.95,87.0,1026.0,3.95,0.0,40.0,10000.0,2.12,54.0,36.0372673,126.6898854,MASTER,2025111506
KR10025001,2025111507,968.375,17.49000000000001,612547.97,6.29,83.0,1026.0,3.62,0.0,52.0,10000.0,2.42,56.0,36.0372673,126.6898854,MASTER,2025111507
KR10025001,2025111508,968.375,141.8,612689.7699999999,6.75,79.0,1026.0,3.37,0.0,64.0,10000.0,2.23,60.0,36.0372673,126.6898854,MASTER,2025111508
KR10025001,2025111509,968.375,345.31000000000006,613035.08,7.97,72.0,1027.0,3.24,0.0,75.0,10000.0,1.96,72.0,36.0372673,126.6898854,MASTER,2025111509
KR10025001,2025111510,968.375,508.92,613544.0,9.86,61.0,1027.0,2.7,0.0,80.0,10000.0,2.19,70.0,36.0372673,126.6898854,MASTER,2025111510
KR10025001,2025111511,968.375,570.2600000000001,614114.26,12.13,47.0,1027.0,0.92,0.0,93.0,10000.0,2.23,70.0,36.0372673,126.6898854,MASTER,2025111511
KR10025001,2025111512,968.375,597.8700000000001,614712.13,13.26,39.0,1027.0,-0.43,0.0,93.0,10000.0,1.53,50.0,36.0372673,126.6898854,MASTER,2025111512
KR10025001,2025111513,968.375,592.9300000000001,615305.06,14.25,35.0,1026.0,-1.14,0.0,92.0,10000.0,1.73,35.0,36.0372673,126.6898854,MASTER,2025111513
KR10025001,2025111514,968.375,488.8999999999999,615793.9600000001,14.93,33.0,1026.0,-1.61,0.0,81.0,10000.0,1.48,5.0,36.0372673,126.6898854,MASTER,2025111514
KR10025001,2025111515,968.375,290.88000000000005,616084.84,15.13,33.0,1026.0,-1.27,0.0,83.0,10000.0,1.46,359.0,36.0372673,126.6898854,MASTER,2025111515
KR10025001,2025111516,968.375,91.99000000000004,616176.8300000001,14.8,37.0,1026.0,-0.15,0.0,94.0,10000.0,1.34,344.0,36.0372673,126.6898854,MASTER,2025111516
KR10025001,2025111517,968.375,5.930000000000002,616182.76,13.14,45.0,1026.0,1.33,0.0,83.0,10000.0,0.89,302.0,36.0372673,126.6898854,MASTER,2025111517
KR10025001,2025111518,968.375,0.0,616182.76,13.95,47.0,1027.0,2.83,0.0,20.0,10000.0,0.92,307.0,36.0372673,126.6898854,MASTER,2025111518
KR10025001,2025111519,968.375,0.0,616182.76,13.54,47.0,1027.0,2.46,0.0,32.0,10000.0,0.93,343.0,36.0372673,126.6898854,MASTER,2025111519
KR10025001,2025111520,968.375,0.0,760784.0499999999,12.97,48.0,1027.0,2.23,0.0,39.0,10000.0,1.59,1.0,36.0372673,126.6898854,MASTER,2025111520
KR10025001,2025111521,968.375,0.0,760784.0499999999,12.26,48.0,1027.0,1.58,0.0,42.0,10000.0,1.21,38.0,36.0372673,126.6898854,MASTER,2025111521
KR10025001,2025111522,968.375,0.0,616182.76,11.41,47.0,1028.0,0.51,0.0,44.0,10000.0,1.23,67.0,36.0372673,126.6898854,MASTER,2025111522
KR10025001,2025111523,968.375,0.0,616182.76,10.16,48.0,1028.0,-0.52,0.0,33.0,10000.0,1.3,78.0,36.0372673,126.6898854,MASTER,2025111523
KR10025001,2025111600,968.375,0.0,616182.76,9.77,48.0,1028.0,-0.69,0.0,35.0,10000.0,1.66,84.0,36.0372673,126.6898854,MASTER,2025111600
KR10025001,2025111601,968.375,0.0,616182.76,9.31,50.0,1027.0,-0.75,0.0,36.0,10000.0,1.9,92.0,36.0372673,126.6898854,MASTER,2025111601
KR10025001,2025111602,968.375,0.0,616182.76,9.01,51.0,1027.0,-0.65,0.0,43.0,10000.0,1.98,107.0,36.0372673,126.6898854,MASTER,2025111602
KR10025001,2025111603,968.375,0.0,616182.76,8.85,53.0,1027.0,-0.33,0.0,53.0,10000.0,2.03,115.0,36.0372673,126.6898854,MASTER,2025111603
KR10025001,2025111604,968.375,0.0,616182.76,8.72,54.0,1027.0,-0.08,0.0,96.0,10000.0,1.93,105.0,36.0372673,126.6898854,MASTER,2025111604
KR10025001,2025111605,968.375,0.0,616182.76,8.62,55.0,1027.0,0.01,0.0,98.0,10000.0,1.69,97.0,36.0372673,126.6898854,MASTER,2025111605
KR10025001,2025111606,968.375,0.0,616182.76,6.95,81.0,1027.0,3.92,0.0,40.0,10000.0,1.91,111.0,36.0372673,126.6898854,MASTER,2025111606
KR10025001,2025111607,968.375,12.230000000000008,616194.99,7.31,76.0,1027.0,3.37,0.0,52.0,10000.0,1.91,115.0,36.0372673,126.6898854,MASTER,2025111607
KR10025001,2025111608,968.375,80.04000000000002,616275.03,7.88,71.0,1027.0,2.95,0.0,64.0,10000.0,2.22,108.0,36.0372673,126.6898854,MASTER,2025111608
KR10025001,2025111609,968.375,261.89,616536.9199999999,9.13,64.0,1027.0,2.69,0.0,75.0,10000.0,1.45,115.0,36.0372673,126.6898854,MASTER,2025111609
KR10025001,2025111610,968.375,327.94000000000005,616864.86,11.06,55.0,1027.0,2.37,0.0,88.0,10000.0,1.68,129.0,36.0372673,126.6898854,MASTER,2025111610
KR10025001,2025111611,968.375,597.72,617462.58,13.65,46.0,1027.0,2.04,0.0,83.0,10000.0,2.09,186.0,36.0372673,126.6898854,MASTER,2025111611
KR10025001,2025111612,968.375,624.2900000000001,618086.87,14.88,44.0,1026.0,2.57,0.0,71.0,10000.0,2.95,200.0,36.0372673,126.6898854,MASTER,2025111612
KR10025001,2025111613,968.375,596.32,618683.19,15.63,43.0,1026.0,2.7,0.0,73.0,10000.0,3.34,225.0,36.0372673,126.6898854,MASTER,2025111613
KR10025001,2025111614,968.375,478.85,619162.04,16.15,45.0,1025.0,3.35,0.0,59.0,10000.0,4.11,239.0,36.0372673,126.6898854,MASTER,2025111614
KR10025001,2025111615,968.375,285.59000000000003,619447.63,15.53,56.0,1026.0,6.23,0.0,50.0,10000.0,4.39,240.0,36.0372673,126.6898854,MASTER,2025111615
KR10025001,2025111616,968.375,76.94999999999999,619524.58,15.41,68.0,1026.0,8.7,0.0,5.0,10000.0,3.96,237.0,36.0372673,126.6898854,MASTER,2025111616
KR10025001,2025111617,968.375,4.580000000000001,619529.16,14.19,79.0,1026.0,9.88,0.0,2.0,10000.0,2.77,232.0,36.0372673,126.6898854,MASTER,2025111617
KR10025001,2025111618,968.375,0.0,619529.16,14.95,77.0,1026.0,10.96,0.0,40.0,10000.0,2.74,225.0,36.0372673,126.6898854,MASTER,2025111618
KR10025001,2025111619,968.375,0.0,619529.16,14.55,80.0,1026.0,11.14,0.0,32.0,10000.0,2.72,216.0,36.0372673,126.6898854,MASTER,2025111619
KR10025001,2025111620,968.375,0.0,619529.16,14.15,83.0,1026.0,11.31,0.0,25.0,10000.0,3.12,233.0,36.0372673,126.6898854,MASTER,2025111620
KR10025001,2025111621,968.375,0.0,619529.16,13.85,85.0,1026.0,11.37,0.0,27.0,10000.0,3.27,230.0,36.0372673,126.6898854,MASTER,2025111621
KR10025001,2025111622,968.375,0.0,619529.16,13.48,86.0,1026.0,11.19,0.0,64.0,10000.0,3.94,280.0,36.0372673,126.6898854,MASTER,2025111622
KR10025001,2025111623,968.375,0.0,619529.16,12.3,78.0,1026.0,8.6,0.0,85.0,10000.0,8.87,337.0,36.0372673,126.6898854,MASTER,2025111623
KR10025001,2025111700,968.375,0.0,619529.16,11.26,67.0,1027.0,5.35,0.0,90.0,10000.0,7.63,342.0,36.0372673,126.6898854,MASTER,2025111700
KR10025001,2025111701,968.375,0.0,619529.16,11.22,58.0,1027.0,3.25,0.0,93.0,10000.0,6.41,343.0,36.0372673,126.6898854,MASTER,2025111701
KR10025001,2025111702,968.375,0.0,619529.16,10.97,55.0,1028.0,2.15,0.0,93.0,10000.0,6.47,340.0,36.0372673,126.6898854,MASTER,2025111702
KR10025001,2025111703,968.375,0.0,619529.16,9.62,59.0,1028.0,1.92,0.0,77.0,10000.0,4.77,353.0,36.0372673,126.6898854,MASTER,2025111703
KR10025001,2025111704,968.375,0.0,619529.16,8.62,63.0,1028.0,1.79,0.0,4.0,10000.0,4.69,7.0,36.0372673,126.6898854,MASTER,2025111704
KR10025001,2025111705,968.375,0.0,619529.16,7.69,62.0,1029.0,0.82,0.0,5.0,10000.0,4.31,4.0,36.0372673,126.6898854,MASTER,2025111705
KR10025001,2025111706,968.375,0.0,619529.16,8.95,66.0,1029.0,2.95,0.0,40.0,10000.0,5.99,10.0,36.0372673,126.6898854,MASTER,2025111706
KR10025001,2025111707,968.375,17.91000000000001,619547.07,8.35,63.0,1029.0,1.73,0.0,37.0,10000.0,5.53,10.0,36.0372673,126.6898854,MASTER,2025111707
KR10025001,2025111708,968.375,132.37,619679.44,7.79,61.0,1029.0,0.75,0.0,40.0,10000.0,4.55,15.0,36.0372673,126.6898854,MASTER,2025111708
KR10025001,2025111709,968.375,268.83,619948.27,7.84,57.0,1030.0,-0.12,0.0,38.0,10000.0,6.11,1.0,36.0372673,126.6898854,MASTER,2025111709
KR10025001,2025111710,968.375,409.55,620357.8200000001,7.69,54.0,1031.0,-0.9,0.0,72.0,10000.0,7.35,357.0,36.0372673,126.6898854,MASTER,2025111710
KR10025001,2025111711,968.375,591.6900000000002,620949.51,7.03,49.0,1030.0,-2.79,0.0,89.0,10000.0,7.39,348.0,36.0372673,126.6898854,MASTER,2025111711
KR10025001,2025111712,968.375,534.96,621484.4700000001,7.56,47.0,1030.0,-2.77,0.0,89.0,10000.0,7.25,345.0,36.0372673,126.6898854,MASTER,2025111712
KR10025001,2025111713,968.375,316.83000000000004,621801.2999999999,7.92,49.0,1029.0,-2.12,0.0,92.0,10000.0,7.52,341.0,36.0372673,126.6898854,MASTER,2025111713
KR10025001,2025111714,968.375,351.38,622152.68,7.82,51.0,1028.0,-2.03,0.0,93.0,10000.0,7.94,335.0,36.0372673,126.6898854,MASTER,2025111714
KR10025001,2025111715,968.375,172.65,622325.33,7.88,52.0,1028.0,-1.58,0.0,94.0,10000.0,7.9,331.0,36.0372673,126.6898854,MASTER,2025111715
KR10025001,2025111716,968.375,48.68999999999997,622374.02,7.59,52.0,1028.0,-1.73,0.0,99.0,10000.0,8.38,330.0,36.0372673,126.6898854,MASTER,2025111716
KR10025001,2025111717,968.375,1.83,622375.85,6.58,53.0,1028.0,-2.1,0.0,100.0,10000.0,8.0,333.0,36.0372673,126.6898854,MASTER,2025111717
KR10025001,2025111718,968.375,0.0,622375.85,6.15,54.0,1029.0,-2.31,0.0,98.0,10000.0,7.62,334.0,36.0372673,126.6898854,MASTER,2025111718
KR10025001,2025111719,968.375,0.0,622375.85,5.99,55.0,1029.0,-2.23,0.0,99.0,10000.0,6.78,336.0,36.0372673,126.6898854,MASTER,2025111719
KR10025001,2025111720,968.375,0.0,622375.85,6.02,56.0,1029.0,-2.04,0.0,99.0,10000.0,6.6,336.0,36.0372673,126.6898854,MASTER,2025111720
KR10025001,2025111721,968.375,0.0,622375.85,6.24,56.0,1029.0,-1.99,0.0,100.0,10000.0,6.51,335.0,36.0372673,126.6898854,MASTER,2025111721
KR10025001,2025111722,968.375,0.0,622375.85,6.41,56.0,1028.0,-1.88,0.0,100.0,10000.0,6.4,334.0,36.0372673,126.6898854,MASTER,2025111722
KR10025001,2025111723,968.375,0.0,622375.85,6.52,55.0,1028.0,-1.98,0.0,100.0,10000.0,6.57,331.0,36.0372673,126.6898854,MASTER,2025111723
KR10025001,2025111800,968.375,0.0,622375.85,6.57,55.0,1028.0,-1.99,0.0,100.0,10000.0,6.79,332.0,36.0372673,126.6898854,MASTER,2025111800
KR10025001,2025111801,968.375,0.0,622375.85,6.47,56.0,1027.0,-1.85,0.0,100.0,10000.0,6.99,334.0,36.0372673,126.6898854,MASTER,2025111801
KR10025001,2025111802,968.375,0.0,622375.85,5.7,65.0,1027.0,-0.56,0.0,100.0,10000.0,6.72,340.0,36.0372673,126.6898854,MASTER,2025111802
KR10025001,2025111803,968.375,0.0,622375.85,5.24,69.0,1027.0,-0.04,0.0,100.0,10000.0,5.98,343.0,36.0372673,126.6898854,MASTER,2025111803
KR10025001,2025111804,968.375,0.0,622375.85,5.01,71.0,1027.0,0.06,0.0,100.0,10000.0,6.25,344.0,36.0372673,126.6898854,MASTER,2025111804
KR10025001,2025111805,968.375,0.0,622375.85,4.93,69.0,1027.0,-0.34,0.0,100.0,10000.0,6.31,342.0,36.0372673,126.6898854,MASTER,2025111805
KR10025001,2025111806,968.375,0.0,622375.85,4.47,71.0,1027.0,-0.37,0.0,100.0,10000.0,5.96,346.0,36.0372673,126.6898854,MASTER,2025111806
KR10025001,2025111807,968.375,4.04,622379.89,4.23,74.0,1027.0,-0.16,0.0,100.0,10000.0,5.02,348.0,36.0372673,126.6898854,MASTER,2025111807
KR10025001,2025111808,968.375,54.55,622434.4400000001,4.27,78.0,1027.0,0.62,0.0,100.0,7754.0,4.95,340.0,36.0372673,126.6898854,MASTER,2025111808
KR10025001,2025111809,968.375,78.51999999999998,622512.96,4.29,84.0,1028.0,1.64,0.0,100.0,1318.0,4.99,342.0,36.0372673,126.6898854,MASTER,2025111809
KR10025001,2025111810,968.375,139.81000000000003,622652.77,4.77,83.0,1027.0,1.87,0.0,100.0,2531.0,4.72,343.0,36.0372673,126.6898854,MASTER,2025111810
KR10025001,2025111811,968.375,224.17,622876.94,6.37,66.0,1027.0,0.17,0.0,100.0,10000.0,5.28,341.0,36.0372673,126.6898854,MASTER,2025111811
KR10025001,2025111812,968.375,619.9,623496.84,7.51,61.0,1026.0,0.35,0.0,99.0,10000.0,7.74,348.0,36.0372673,126.6898854,MASTER,2025111812
KR10025001,2025111813,968.375,567.54,624064.38,7.59,62.0,1025.0,0.72,0.0,99.0,3802.0,7.09,339.0,36.0372673,126.6898854,MASTER,2025111813
KR10025001,2025111814,968.375,380.38999999999993,624444.77,6.29,71.0,1024.0,1.3,0.0,99.0,10000.0,6.03,350.0,36.0372673,126.6898854,MASTER,2025111814
KR10025001,2025111815,968.375,282.79,624727.56,5.06,80.0,1025.0,1.77,0.0,99.0,8105.0,5.3,10.0,36.0372673,126.6898854,MASTER,2025111815
KR10025001,2025111816,968.375,60.91999999999998,624788.48,6.18,66.0,1024.0,0.26,0.0,100.0,10000.0,4.83,352.0,36.0372673,126.6898854,MASTER,2025111816
KR10025001,2025111817,968.375,4.490000000000002,624792.97,5.83,68.0,1025.0,0.31,0.0,100.0,10000.0,5.67,352.0,36.0372673,126.6898854,MASTER,2025111817
KR10025001,2025111818,968.375,0.0,624792.97,4.98,71.0,1025.0,-0.13,0.0,100.0,10000.0,3.59,8.0,36.0372673,126.6898854,MASTER,2025111818
KR10025001,2025111819,968.375,0.0,624792.97,4.64,76.0,1026.0,0.49,0.0,100.0,10000.0,3.23,17.0,36.0372673,126.6898854,MASTER,2025111819
KR10025001,2025111820,968.375,0.0,624792.97,4.55,80.0,1026.0,1.26,0.0,100.0,10000.0,2.4,25.0,36.0372673,126.6898854,MASTER,2025111820
KR10025001,2025111821,968.375,0.0,624792.97,4.35,86.0,1026.0,2.01,0.0,100.0,8318.0,2.02,33.0,36.0372673,126.6898854,MASTER,2025111821
KR10025001,2025111822,968.375,0.0,624792.97,4.34,87.0,1027.0,2.16,0.0,100.0,9473.0,1.39,40.0,36.0372673,126.6898854,MASTER,2025111822
KR10025001,2025111823,968.375,0.0,624792.97,4.49,86.0,1027.0,2.11,0.0,100.0,1187.0,1.74,21.0,36.0372673,126.6898854,MASTER,2025111823
KR10025001,2025111900,968.375,0.0,624792.97,4.6,81.0,1027.0,1.43,0.0,100.0,10000.0,2.25,28.0,36.0372673,126.6898854,MASTER,2025111900
KR10025001,2025111901,968.375,0.0,624792.97,4.47,75.0,1026.0,0.31,0.0,98.0,10000.0,2.86,36.0,36.0372673,126.6898854,MASTER,2025111901
KR10025001,2025111902,968.375,0.0,624792.97,4.19,76.0,1027.0,0.21,0.0,100.0,10000.0,3.19,52.0,36.0372673,126.6898854,MASTER,2025111902
KR10025001,2025111903,968.375,0.0,624792.97,3.5,79.0,1027.0,0.1,0.0,100.0,10000.0,3.18,67.0,36.0372673,126.6898854,MASTER,2025111903
KR10025001,2025111904,968.375,0.0,624792.97,2.76,81.0,1027.0,-0.2,0.0,89.0,10000.0,2.88,80.0,36.0372673,126.6898854,MASTER,2025111904
KR10025001,2025111905,968.375,0.0,624792.97,2.61,81.0,1027.0,-0.49,0.0,93.0,10000.0,2.82,86.0,36.0372673,126.6898854,MASTER,2025111905
KR10025001,2025111906,968.375,0.0,624792.97,3.95,81.0,1027.0,0.99,0.0,100.0,10000.0,2.54,64.0,36.0372673,126.6898854,MASTER,2025111906
KR10025001,2025111907,968.375,5.960000000000001,624798.93,3.41,84.0,1027.0,0.97,0.0,96.0,10000.0,2.26,67.0,36.0372673,126.6898854,MASTER,2025111907
KR10025001,2025111908,968.375,43.95000000000001,624842.8800000001,3.12,84.0,1027.0,0.68,0.0,92.0,10000.0,2.01,74.0,36.0372673,126.6898854,MASTER,2025111908
KR10025001,2025111909,968.375,191.47,625034.35,3.27,82.0,1028.0,0.5,0.0,84.0,10000.0,2.37,78.0,36.0372673,126.6898854,MASTER,2025111909
KR10025001,2025111910,968.375,481.08,625515.43,4.03,75.0,1028.0,0.01,0.0,53.0,10000.0,2.52,85.0,36.0372673,126.6898854,MASTER,2025111910
KR10025001,2025111911,968.375,571.9699999999999,626087.4000000001,4.92,70.0,1028.0,-0.23,0.0,64.0,10000.0,1.97,88.0,36.0372673,126.6898854,MASTER,2025111911
KR10025001,2025111912,968.375,424.24,626511.6399999999,5.39,68.0,1027.0,-0.06,0.0,77.0,10000.0,0.94,125.0,36.0372673,126.6898854,MASTER,2025111912
KR10025001,2025111913,968.375,352.48,626864.12,5.5,70.0,1027.0,0.44,0.0,83.0,10000.0,1.05,197.0,36.0372673,126.6898854,MASTER,2025111913
KR10025001,2025111914,968.375,145.24999999999997,627009.37,5.84,71.0,1026.0,0.97,0.0,86.0,10000.0,1.25,198.0,36.0372673,126.6898854,MASTER,2025111914
KR10025001,2025111915,968.375,73.13000000000002,627082.5,6.17,72.0,1026.0,1.4,0.0,88.0,10000.0,1.12,216.0,36.0372673,126.6898854,MASTER,2025111915
KR10025001,2025111916,968.375,31.29,627113.7900000002,6.34,73.0,1026.0,1.68,0.0,100.0,10000.0,0.87,236.0,36.0372673,126.6898854,MASTER,2025111916
KR10025001,2025111917,968.375,3.770000000000001,627117.5599999999,6.29,75.0,1026.0,2.11,0.0,100.0,10000.0,0.59,253.0,36.0372673,126.6898854,MASTER,2025111917
KR10025001,2025111918,968.375,0.0,627117.5599999999,7.95,61.0,1026.0,0.9,0.0,75.0,10000.0,1.16,283.0,36.0372673,126.6898854,MASTER,2025111918
KR10025001,2025111919,968.375,0.0,627117.5599999999,7.47,64.0,1026.0,1.11,0.0,79.0,10000.0,0.87,299.0,36.0372673,126.6898854,MASTER,2025111919
KR10025001,2025111920,968.375,0.0,627117.5599999999,7.05,67.0,1026.0,1.35,0.0,79.0,10000.0,0.46,321.0,36.0372673,126.6898854,MASTER,2025111920
KR10025001,2025111921,968.375,0.0,627117.5599999999,6.8,70.0,1026.0,1.72,0.0,81.0,10000.0,0.47,353.0,36.0372673,126.6898854,MASTER,2025111921
KR10025001,2025111922,968.375,0.0,627117.5599999999,6.01,75.0,1027.0,1.92,0.0,32.0,10000.0,0.98,352.0,36.0372673,126.6898854,MASTER,2025111922
KR10025001,2025111923,968.375,0.0,627117.5599999999,5.18,80.0,1027.0,1.82,0.0,14.0,10000.0,0.86,24.0,36.0372673,126.6898854,MASTER,2025111923
KR10025001,2025112000,968.375,0.0,627117.5599999999,5.0,80.0,1027.0,1.78,0.0,11.0,10000.0,0.84,60.0,36.0372673,126.6898854,MASTER,2025112000
KR10025001,2025112001,968.375,0.0,627117.5599999999,4.96,81.0,1026.0,1.73,0.0,10.0,10000.0,0.62,93.0,36.0372673,126.6898854,MASTER,2025112001
KR10025001,2025112002,968.375,0.0,627117.5599999999,5.01,80.0,1027.0,1.71,0.0,10.0,10000.0,0.51,91.0,36.0372673,126.6898854,MASTER,2025112002
KR10025001,2025112003,968.375,0.0,627117.5599999999,5.21,79.0,1027.0,1.76,0.0,14.0,10000.0,0.69,77.0,36.0372673,126.6898854,MASTER,2025112003
KR10025001,2025112004,968.375,0.0,627117.5599999999,5.53,79.0,1026.0,2.01,0.0,78.0,10000.0,1.09,96.0,36.0372673,126.6898854,MASTER,2025112004
KR10025001,2025112005,968.375,0.0,627117.5599999999,5.57,80.0,1026.0,2.21,0.0,89.0,10000.0,1.7,122.0,36.0372673,126.6898854,MASTER,2025112005
KR10025001,2025112006,968.375,0.0,627117.5599999999,4.95,87.0,1026.0,2.97,0.0,100.0,10000.0,2.05,135.0,36.0372673,126.6898854,MASTER,2025112006
KR10025001,2025112007,968.375,5.199999999999999,627122.7600000001,5.07,86.0,1026.0,2.93,0.0,99.0,10000.0,2.21,145.0,36.0372673,126.6898854,MASTER,2025112007
KR10025001,2025112008,968.375,105.90000000000002,627228.6599999999,5.44,85.0,1026.0,3.12,0.0,99.0,10000.0,2.1,144.0,36.0372673,126.6898854,MASTER,2025112008
KR10025001,2025112009,968.375,264.27,627492.93,6.42,81.0,1026.0,3.4,0.0,99.0,10000.0,1.57,161.0,36.0372673,126.6898854,MASTER,2025112009
KR10025001,2025112010,968.375,427.34,627920.27,8.65,73.0,1026.0,4.09,0.0,82.0,10000.0,1.71,196.0,36.0372673,126.6898854,MASTER,2025112010
KR10025001,2025112011,968.375,479.5,628399.7699999999,12.14,58.0,1026.0,4.15,0.0,45.0,10000.0,3.97,268.0,36.0372673,126.6898854,MASTER,2025112011
KR10025001,2025112012,968.375,477.3200000000001,628877.09,13.01,54.0,1025.0,3.92,0.0,33.0,10000.0,6.67,275.0,36.0372673,126.6898854,MASTER,2025112012
KR10025001,2025112013,968.375,530.03,629407.12,13.19,53.0,1024.0,3.82,0.0,26.0,10000.0,7.0,276.0,36.0372673,126.6898854,MASTER,2025112013
KR10025001,2025112014,968.375,386.08,629793.2,13.14,53.0,1024.0,3.57,0.0,22.0,10000.0,7.21,280.0,36.0372673,126.6898854,MASTER,2025112014
KR10025001,2025112015,968.375,216.11000000000004,630009.31,12.94,53.0,1024.0,3.46,0.0,20.0,10000.0,7.54,280.0,36.0372673,126.6898854,MASTER,2025112015
KR10025001,2025112016,968.375,71.88999999999997,630081.1999999998,12.27,57.0,1024.0,3.85,0.0,3.0,10000.0,7.16,283.0,36.0372673,126.6898854,MASTER,2025112016
KR10025001,2025112017,968.375,4.610000000000001,630085.8099999999,11.32,66.0,1024.0,5.07,0.0,52.0,10000.0,5.7,287.0,36.0372673,126.6898854,MASTER,2025112017
KR10025001,2025112018,968.375,0.0,630085.8099999999,12.95,62.0,1024.0,5.85,0.0,20.0,10000.0,5.65,287.0,36.0372673,126.6898854,MASTER,2025112018
KR10025001,2025112019,968.375,0.0,630085.8099999999,12.58,64.0,1024.0,5.96,0.0,30.0,10000.0,5.73,293.0,36.0372673,126.6898854,MASTER,2025112019
KR10025001,2025112020,968.375,0.0,630085.8099999999,12.07,64.0,1024.0,5.48,0.0,43.0,10000.0,6.89,318.0,36.0372673,126.6898854,MASTER,2025112020
KR10025001,2025112021,968.375,0.0,630085.8099999999,11.13,60.0,1025.0,3.67,0.0,57.0,10000.0,6.19,312.0,36.0372673,126.6898854,MASTER,2025112021
KR10025001,2025112022,968.375,0.0,630085.8099999999,9.89,60.0,1026.0,2.5,0.0,36.0,10000.0,5.68,318.0,36.0372673,126.6898854,MASTER,2025112022
KR10025001,2025112023,968.375,0.0,630085.8099999999,8.62,60.0,1026.0,1.19,0.0,48.0,10000.0,5.27,321.0,36.0372673,126.6898854,MASTER,2025112023
KR10025001,2025112100,968.375,0.0,630085.8099999999,8.26,60.0,1026.0,0.87,0.0,54.0,10000.0,4.62,325.0,36.0372673,126.6898854,MASTER,2025112100
KR10025001,2025112101,968.375,0.0,630085.8099999999,7.91,61.0,1026.0,0.77,0.0,43.0,10000.0,3.98,329.0,36.0372673,126.6898854,MASTER,2025112101
KR10025001,2025112102,968.375,0.0,630085.8099999999,7.48,62.0,1026.0,0.6,0.0,37.0,10000.0,3.33,334.0,36.0372673,126.6898854,MASTER,2025112102
KR10025001,2025112103,968.375,0.0,630085.8099999999,7.01,64.0,1026.0,0.54,0.0,32.0,10000.0,2.75,347.0,36.0372673,126.6898854,MASTER,2025112103
KR10025001,2025112104,968.375,0.0,630085.8099999999,6.53,66.0,1026.0,0.49,0.0,6.0,10000.0,2.33,1.0,36.0372673,126.6898854,MASTER,2025112104
KR10025001,2025112105,968.375,0.0,630085.8099999999,6.11,67.0,1026.0,0.39,0.0,7.0,10000.0,2.0,18.0,36.0372673,126.6898854,MASTER,2025112105
KR10025001,2025112106,968.375,0.0,630085.8099999999,6.95,65.0,1026.0,0.83,0.0,75.0,10000.0,1.79,17.0,36.0372673,126.6898854,MASTER,2025112106
KR10025001,2025112107,968.375,13.830000000000007,630099.64,6.76,66.0,1026.0,0.86,0.0,62.0,10000.0,1.47,42.0,36.0372673,126.6898854,MASTER,2025112107
KR10025001,2025112108,968.375,123.85,630223.49,6.61,67.0,1026.0,0.93,0.0,49.0,10000.0,1.53,64.0,36.0372673,126.6898854,MASTER,2025112108
KR10025001,2025112109,968.375,320.59000000000003,630544.08,7.12,64.0,1027.0,0.78,0.0,37.0,10000.0,1.38,79.0,36.0372673,126.6898854,MASTER,2025112109
KR10025001,2025112110,968.375,481.52,631025.5999999999,8.13,59.0,1027.0,0.61,0.0,25.0,10000.0,0.91,103.0,36.0372673,126.6898854,MASTER,2025112110
KR10025001,2025112111,968.375,575.38,631600.9799999999,9.42,56.0,1027.0,0.92,0.0,13.0,10000.0,0.9,211.0,36.0372673,126.6898854,MASTER,2025112111
KR10025001,2025112112,968.375,618.1700000000001,632219.1500000001,10.21,53.0,1027.0,1.07,0.0,10.0,10000.0,2.34,260.0,36.0372673,126.6898854,MASTER,2025112112
KR10025001,2025112113,968.375,592.34,632811.4900000001,10.95,50.0,1026.0,0.86,0.0,9.0,10000.0,4.02,280.0,36.0372673,126.6898854,MASTER,2025112113
KR10025001,2025112114,968.375,488.12,633299.6099999999,11.26,48.0,1025.0,0.49,0.0,9.0,10000.0,5.31,290.0,36.0372673,126.6898854,MASTER,2025112114
KR10025001,2025112115,968.375,280.1,633579.7100000001,11.19,49.0,1025.0,0.55,0.0,8.0,10000.0,5.38,295.0,36.0372673,126.6898854,MASTER,2025112115
KR10025001,2025112116,968.375,86.03000000000002,633665.7400000001,11.02,52.0,1025.0,1.07,0.0,5.0,10000.0,5.03,299.0,36.0372673,126.6898854,MASTER,2025112116
KR10025001,2025112117,968.375,4.340000000000002,633670.0800000001,9.81,59.0,1025.0,2.11,0.0,5.0,10000.0,3.78,297.0,36.0372673,126.6898854,MASTER,2025112117
KR10025001,2025112118,968.375,0.0,633670.0800000001,10.95,50.0,1026.0,0.94,0.0,0.0,10000.0,2.65,306.0,36.0372673,126.6898854,MASTER,2025112118
KR10025001,2025112119,968.375,0.0,633670.0800000001,10.51,53.0,1026.0,1.34,0.0,1.0,10000.0,2.04,314.0,36.0372673,126.6898854,MASTER,2025112119
KR10025001,2025112120,968.375,0.0,633670.0800000001,10.03,56.0,1026.0,1.66,0.0,2.0,10000.0,1.39,316.0,36.0372673,126.6898854,MASTER,2025112120
KR10025001,2025112121,968.375,0.0,633670.0800000001,9.49,59.0,1027.0,1.89,0.0,4.0,10000.0,0.95,311.0,36.0372673,126.6898854,MASTER,2025112121
KR10025001,2025112122,968.375,0.0,633670.0800000001,8.86,63.0,1027.0,2.21,0.0,5.0,10000.0,0.63,303.0,36.0372673,126.6898854,MASTER,2025112122
KR10025001,2025112123,968.375,0.0,633670.0800000001,8.08,67.0,1027.0,2.3,0.0,15.0,10000.0,0.25,243.0,36.0372673,126.6898854,MASTER,2025112123
KR10025001,2025112200,968.375,0.0,633670.0800000001,7.69,69.0,1027.0,2.22,0.0,20.0,10000.0,0.41,188.0,36.0372673,126.6898854,MASTER,2025112200
KR10025001,2025112201,968.375,0.0,633670.0800000001,7.42,70.0,1027.0,2.14,0.0,24.0,10000.0,0.2,171.0,36.0372673,126.6898854,MASTER,2025112201
KR10025001,2025112202,968.375,0.0,633670.0800000001,7.31,70.0,1027.0,2.12,0.0,25.0,10000.0,0.12,35.0,36.0372673,126.6898854,MASTER,2025112202
KR10025001,2025112203,968.375,0.0,633670.0800000001,7.11,71.0,1027.0,2.02,0.0,26.0,10000.0,0.46,81.0,36.0372673,126.6898854,MASTER,2025112203
KR10025001,2025112204,968.375,0.0,633670.0800000001,6.81,72.0,1027.0,1.94,0.0,17.0,10000.0,0.69,106.0,36.0372673,126.6898854,MASTER,2025112204
KR10025001,2025112205,968.375,0.0,633670.0800000001,6.49,73.0,1026.0,1.89,0.0,16.0,10000.0,1.03,114.0,36.0372673,126.6898854,MASTER,2025112205
KR10025001,2025112206,968.375,0.0,633670.0800000001,2.95,87.0,1026.0,1.0,0.0,20.0,10000.0,1.62,116.0,36.0372673,126.6898854,MASTER,2025112206
KR10025001,2025112207,968.375,13.330000000000004,633683.41,3.58,84.0,1026.0,1.13,0.0,17.0,10000.0,1.83,121.0,36.0372673,126.6898854,MASTER,2025112207
KR10025001,2025112208,968.375,111.89,633795.3,4.29,81.0,1026.0,1.32,0.0,14.0,10000.0,1.91,117.0,36.0372673,126.6898854,MASTER,2025112208
KR10025001,2025112209,968.375,282.86999999999995,634078.1699999999,5.8,76.0,1027.0,1.9,0.0,10.0,10000.0,1.87,115.0,36.0372673,126.6898854,MASTER,2025112209
KR10025001,2025112210,968.375,444.11,634522.28,8.17,68.0,1028.0,2.62,0.0,8.0,10000.0,2.29,130.0,36.0372673,126.6898854,MASTER,2025112210
KR10025001,2025112211,968.375,530.1600000000001,635052.4400000001,11.01,59.0,1027.0,3.29,0.0,3.0,10000.0,2.24,148.0,36.0372673,126.6898854,MASTER,2025112211
KR10025001,2025112212,968.375,548.77,635601.2100000001,12.04,55.0,1027.0,3.25,0.0,2.0,10000.0,1.89,183.0,36.0372673,126.6898854,MASTER,2025112212
KR10025001,2025112213,968.375,520.6,636121.81,12.77,52.0,1026.0,2.96,0.0,2.0,10000.0,2.28,239.0,36.0372673,126.6898854,MASTER,2025112213
KR10025001,2025112214,968.375,421.9200000000001,636543.73,13.02,50.0,1026.0,2.79,0.0,2.0,10000.0,2.92,261.0,36.0372673,126.6898854,MASTER,2025112214
KR10025001,2025112215,968.375,241.04,636784.77,12.94,50.0,1025.0,2.79,0.0,2.0,10000.0,3.0,269.0,36.0372673,126.6898854,MASTER,2025112215
KR10025001,2025112216,968.375,70.67999999999998,636855.4500000001,12.66,52.0,1025.0,2.9,0.0,0.0,10000.0,3.05,272.0,36.0372673,126.6898854,MASTER,2025112216
KR10025001,2025112217,968.375,2.95,636858.4,11.44,57.0,1025.0,3.25,0.0,0.0,10000.0,2.14,272.0,36.0372673,126.6898854,MASTER,2025112217
KR10025001,2025112218,968.375,0.0,636858.4,11.95,62.0,1025.0,4.91,0.0,0.0,10000.0,1.21,230.0,36.0372673,126.6898854,MASTER,2025112218
KR10025001,2025112219,968.375,0.0,636858.4,11.66,61.0,1025.0,4.4,0.0,0.0,10000.0,1.85,237.0,36.0372673,126.6898854,MASTER,2025112219
KR10025001,2025112220,968.375,0.0,636858.4,11.28,60.0,1025.0,3.81,0.0,4.0,10000.0,1.74,239.0,36.0372673,126.6898854,MASTER,2025112220
KR10025001,2025112221,968.375,0.0,636858.4,10.73,60.0,1025.0,3.29,0.0,5.0,10000.0,1.39,195.0,36.0372673,126.6898854,MASTER,2025112221
KR10025001,2025112222,968.375,0.0,636858.4,9.91,63.0,1025.0,3.2,0.0,2.0,10000.0,1.49,173.0,36.0372673,126.6898854,MASTER,2025112222
KR10025001,2025112223,968.375,0.0,636858.4,8.83,68.0,1025.0,3.0,0.0,37.0,10000.0,1.79,156.0,36.0372673,126.6898854,MASTER,2025112223
KR10025001,2025112300,968.375,0.0,636858.4,8.55,71.0,1025.0,3.39,0.0,59.0,10000.0,1.85,153.0,36.0372673,126.6898854,MASTER,2025112300
KR10025001,2025112301,968.375,0.0,636858.4,8.39,72.0,1025.0,3.52,0.0,69.0,10000.0,1.76,165.0,36.0372673,126.6898854,MASTER,2025112301
KR10025001,2025112302,968.375,0.0,636858.4,8.44,72.0,1025.0,3.6,0.0,76.0,10000.0,1.56,163.0,36.0372673,126.6898854,MASTER,2025112302
KR10025001,2025112303,968.375,0.0,636858.4,8.23,74.0,1024.0,3.61,0.0,79.0,10000.0,1.44,152.0,36.0372673,126.6898854,MASTER,2025112303
KR10025001,2025112304,968.375,0.0,636858.4,8.08,76.0,1024.0,3.89,0.0,100.0,10000.0,2.05,152.0,36.0372673,126.6898854,MASTER,2025112304
KR10025001,2025112305,968.375,0.0,636858.4,8.05,76.0,1024.0,3.99,0.0,100.0,10000.0,2.1,162.0,36.0372673,126.6898854,MASTER,2025112305
KR10025001,2025112306,968.375,0.0,636858.4,4.95,87.0,1024.0,2.97,0.0,20.0,10000.0,2.47,156.0,36.0372673,126.6898854,MASTER,2025112306
KR10025001,2025112307,968.375,17.28000000000001,636875.68,5.57,85.0,1024.0,3.25,0.0,34.0,10000.0,2.62,150.0,36.0372673,126.6898854,MASTER,2025112307
KR10025001,2025112308,968.375,78.88000000000001,636954.56,6.27,83.0,1024.0,3.6,0.0,49.0,10000.0,2.84,147.0,36.0372673,126.6898854,MASTER,2025112308
KR10025001,2025112309,968.375,208.63,637163.1900000001,7.42,80.0,1024.0,4.2,0.0,64.0,10000.0,2.89,151.0,36.0372673,126.6898854,MASTER,2025112309
KR10025001,2025112310,968.375,451.5900000000001,637614.78,9.53,73.0,1024.0,4.94,0.0,84.0,10000.0,3.32,163.0,36.0372673,126.6898854,MASTER,2025112310
KR10025001,2025112311,968.375,371.48,637986.2599999999,11.76,67.0,1024.0,5.67,0.0,100.0,10000.0,3.42,185.0,36.0372673,126.6898854,MASTER,2025112311
KR10025001,2025112312,968.375,405.6,638391.86,12.88,63.0,1024.0,5.98,0.0,100.0,10000.0,4.28,197.0,36.0372673,126.6898854,MASTER,2025112312
KR10025001,2025112313,968.375,341.01000000000005,638732.87,13.62,62.0,1022.0,6.13,0.0,100.0,10000.0,4.98,204.0,36.0372673,126.6898854,MASTER,2025112313
KR10025001,2025112314,968.375,257.53000000000003,638990.3999999999,13.85,63.0,1022.0,6.25,0.0,100.0,10000.0,4.73,211.0,36.0372673,126.6898854,MASTER,2025112314
KR10025001,2025112315,968.375,167.85999999999996,639158.26,13.98,64.0,1022.0,6.65,0.0,100.0,10000.0,5.46,214.0,36.0372673,126.6898854,MASTER,2025112315
KR10025001,2025112316,968.375,49.77999999999999,639208.0399999999,13.83,66.0,1021.0,7.02,0.0,100.0,10000.0,4.78,195.0,36.0372673,126.6898854,MASTER,2025112316
KR10025001,2025112317,968.375,3.0100000000000007,639211.0499999999,12.75,70.0,1021.0,7.1,0.0,100.0,10000.0,4.16,198.0,36.0372673,126.6898854,MASTER,2025112317
KR10025001,2025112318,968.375,0.0,639211.0499999999,13.95,67.0,1021.0,7.93,0.0,40.0,10000.0,3.98,195.0,36.0372673,126.6898854,MASTER,2025112318
KR10025001,2025112319,968.375,0.0,639211.0499999999,13.49,69.0,1021.0,7.92,0.0,52.0,10000.0,3.89,199.0,36.0372673,126.6898854,MASTER,2025112319
KR10025001,2025112320,968.375,0.0,639211.0499999999,12.96,71.0,1021.0,7.83,0.0,64.0,10000.0,3.95,185.0,36.0372673,126.6898854,MASTER,2025112320
KR10025001,2025112321,968.375,0.0,639211.0499999999,12.46,73.0,1021.0,7.76,0.0,76.0,10000.0,4.0,192.0,36.0372673,126.6898854,MASTER,2025112321
KR10025001,2025112322,968.375,0.0,639211.0499999999,12.06,75.0,1021.0,7.77,0.0,88.0,10000.0,4.19,178.0,36.0372673,126.6898854,MASTER,2025112322
KR10025001,2025112323,968.375,0.0,639211.0499999999,11.23,77.0,1020.0,7.29,0.0,100.0,10000.0,3.82,171.0,36.0372673,126.6898854,MASTER,2025112323
KR10025001,2025112400,968.375,0.0,639211.0499999999,10.94,78.0,1020.0,7.19,0.0,100.0,10000.0,3.57,173.0,36.0372673,126.6898854,MASTER,2025112400
KR10025001,2025112401,968.375,0.0,639211.0499999999,11.05,78.0,1020.0,7.35,0.0,100.0,10000.0,3.25,175.0,36.0372673,126.6898854,MASTER,2025112401
KR10025001,2025112402,968.375,0.0,639211.0499999999,10.9,79.0,1020.0,7.37,0.0,100.0,10000.0,3.84,162.0,36.0372673,126.6898854,MASTER,2025112402
KR10025001,2025112403,968.375,0.0,639211.0499999999,10.46,81.0,1020.0,7.22,0.0,100.0,10000.0,3.24,169.0,36.0372673,126.6898854,MASTER,2025112403
KR10025001,2025112404,968.375,0.0,639211.0499999999,10.61,81.0,1019.0,7.39,0.0,100.0,10000.0,3.43,167.0,36.0372673,126.6898854,MASTER,2025112404
KR10025001,2025112405,968.375,0.0,639211.0499999999,10.47,82.0,1019.0,7.47,0.0,100.0,10000.0,3.39,169.0,36.0372673,126.6898854,MASTER,2025112405
KR10025001,2025112406,968.375,0.0,639211.0499999999,9.95,81.0,1019.0,6.85,0.0,75.0,10000.0,3.08,162.0,36.0372673,126.6898854,MASTER,2025112406
KR10025001,2025112407,968.375,11.600000000000003,639222.65,9.92,82.0,1019.0,6.99,0.0,76.0,10000.0,3.07,165.0,36.0372673,126.6898854,MASTER,2025112407
KR10025001,2025112408,968.375,95.89,639318.5399999999,9.98,83.0,1019.0,7.23,0.0,72.0,10000.0,3.13,160.0,36.0372673,126.6898854,MASTER,2025112408
KR10025001,2025112409,968.375,227.83,639546.37,10.88,81.0,1019.0,7.75,0.0,64.0,10000.0,3.36,167.0,36.0372673,126.6898854,MASTER,2025112409
KR10025001,2025112410,968.375,373.16,639919.5299999999,12.65,77.0,1019.0,8.73,0.0,15.0,10000.0,4.39,184.0,36.0372673,126.6898854,MASTER,2025112410
KR10025001,2025112411,968.375,410.11,640329.64,14.77,74.0,1019.0,9.87,0.0,1.0,10000.0,5.26,200.0,36.0372673,126.6898854,MASTER,2025112411
KR10025001,2025112412,968.375,416.93,640746.5700000001,15.59,70.0,1018.0,9.77,0.0,1.0,10000.0,6.04,216.0,36.0372673,126.6898854,MASTER,2025112412
KR10025001,2025112413,968.375,361.33,641107.9,15.8,71.0,1017.0,9.95,0.0,1.0,10000.0,6.54,227.0,36.0372673,126.6898854,MASTER,2025112413
KR10025001,2025112414,968.375,245.78,641353.6799999998,15.75,70.0,1017.0,9.75,0.0,1.0,10000.0,6.06,229.0,36.0372673,126.6898854,MASTER,2025112414
KR10025001,2025112415,968.375,176.3,641529.98,15.4,72.0,1016.0,9.86,0.0,1.0,10000.0,5.73,236.0,36.0372673,126.6898854,MASTER,2025112415
KR10025001,2025112416,968.375,59.65999999999999,641589.64,14.98,76.0,1016.0,10.2,0.0,0.0,10000.0,5.41,241.0,36.0372673,126.6898854,MASTER,2025112416
KR10025001,2025112417,968.375,3.0400000000000005,641592.6799999999,13.62,83.0,1016.0,10.44,0.0,0.0,10000.0,3.87,246.0,36.0372673,126.6898854,MASTER,2025112417
KR10025001,2025112418,968.375,0.0,641592.6799999999,13.95,82.0,1016.0,10.93,0.0,0.0,10000.0,2.9,264.0,36.0372673,126.6898854,MASTER,2025112418
KR10025001,2025112419,968.375,0.0,641592.6799999999,13.59,83.0,1016.0,10.76,0.0,0.0,10000.0,2.54,267.0,36.0372673,126.6898854,MASTER,2025112419
KR10025001,2025112420,968.375,0.0,641592.6799999999,13.13,84.0,1016.0,10.49,0.0,0.0,10000.0,1.99,269.0,36.0372673,126.6898854,MASTER,2025112420
KR10025001,2025112421,968.375,0.0,641592.6799999999,12.55,84.0,1016.0,9.92,0.0,0.0,10000.0,1.64,250.0,36.0372673,126.6898854,MASTER,2025112421
KR10025001,2025112422,968.375,0.0,641592.6799999999,11.94,85.0,1015.0,9.5,0.0,1.0,10000.0,1.97,241.0,36.0372673,126.6898854,MASTER,2025112422
KR10025001,2025112423,968.375,0.0,641592.6799999999,11.23,87.0,1015.0,8.99,0.0,0.0,10000.0,2.43,219.0,36.0372673,126.6898854,MASTER,2025112423
KR10025001,2025112500,968.375,0.0,641592.6799999999,11.07,87.0,1015.0,8.92,0.0,1.0,10000.0,2.37,219.0,36.0372673,126.6898854,MASTER,2025112500
KR10025001,2025112501,968.375,0.0,641592.6799999999,10.96,87.0,1014.0,8.73,0.0,0.0,10000.0,2.11,212.0,36.0372673,126.6898854,MASTER,2025112501
KR10025001,2025112502,968.375,0.0,641592.6799999999,10.8,87.0,1014.0,8.7,0.0,15.0,10000.0,2.69,202.0,36.0372673,126.6898854,MASTER,2025112502
KR10025001,2025112503,968.375,0.0,641592.6799999999,10.45,89.0,1013.0,8.52,0.0,29.0,10000.0,3.54,223.0,36.0372673,126.6898854,MASTER,2025112503
KR10025001,2025112504,968.375,0.0,641592.6799999999,10.59,87.0,1012.0,8.4,0.0,99.0,9100.0,4.29,234.0,36.0372673,126.6898854,MASTER,2025112504
KR10025001,2025112505,968.375,0.0,641592.6799999999,10.86,83.0,1012.0,7.99,0.0,100.0,6547.0,5.2,265.0,36.0372673,126.6898854,MASTER,2025112505
KR10025001,2025112506,968.375,0.0,641592.6799999999,8.95,93.0,1013.0,7.88,0.0,75.0,10000.0,9.13,291.0,36.0372673,126.6898854,MASTER,2025112506
KR10025001,2025112507,968.375,0.63,641593.31,9.25,88.0,1013.0,7.37,0.0,80.0,10000.0,10.6,276.0,36.0372673,126.6898854,MASTER,2025112507
KR10025001,2025112508,968.375,26.22000000000001,641619.5299999999,9.17,89.0,1013.0,7.45,0.0,85.0,8642.0,8.63,273.0,36.0372673,126.6898854,MASTER,2025112508
KR10025001,2025112509,968.375,132.76000000000002,641752.29,9.53,78.0,1014.0,5.89,0.0,89.0,10000.0,8.91,297.0,36.0372673,126.6898854,MASTER,2025112509
KR10025001,2025112510,968.375,222.02,641974.31,9.65,68.0,1015.0,4.04,0.0,95.0,10000.0,11.05,296.0,36.0372673,126.6898854,MASTER,2025112510
KR10025001,2025112511,968.375,313.8599999999999,642288.1699999999,9.51,66.0,1016.0,3.45,0.0,94.0,10000.0,10.13,296.0,36.0372673,126.6898854,MASTER,2025112511
KR10025001,2025112512,968.375,191.29,642479.4599999998,9.13,67.0,1016.0,3.49,0.0,96.0,10000.0,10.2,300.0,36.0372673,126.6898854,MASTER,2025112512
KR10025001,2025112513,968.375,67.63000000000002,642547.0900000001,9.42,59.0,1016.0,1.93,0.0,98.0,10000.0,9.85,292.0,36.0372673,126.6898854,MASTER,2025112513
KR10025001,2025112514,968.375,185.01999999999995,642732.11,8.99,64.0,1016.0,2.43,0.0,96.0,10000.0,11.49,308.0,36.0372673,126.6898854,MASTER,2025112514
KR10025001,2025112515,968.375,110.05999999999996,642842.1700000002,8.97,59.0,1017.0,1.31,0.0,95.0,10000.0,10.84,308.0,36.0372673,126.6898854,MASTER,2025112515
KR10025001,2025112516,968.375,29.319999999999983,642871.49,8.69,61.0,1018.0,1.16,0.0,55.0,10000.0,10.32,308.0,36.0372673,126.6898854,MASTER,2025112516
KR10025001,2025112517,968.375,0.04,642871.5299999999,8.3,60.0,1018.0,0.74,0.0,74.0,10000.0,9.99,311.0,36.0372673,126.6898854,MASTER,2025112517
KR10025001,2025112518,968.375,0.0,642871.5299999999,7.95,66.0,1019.0,2.0,0.0,100.0,10000.0,9.16,317.0,36.0372673,126.6898854,MASTER,2025112518
KR10025001,2025112519,968.375,0.0,642871.5299999999,7.96,67.0,1019.0,2.22,0.0,92.0,10000.0,8.39,319.0,36.0372673,126.6898854,MASTER,2025112519
KR10025001,2025112520,968.375,0.0,642871.5299999999,8.08,67.0,1019.0,2.33,0.0,88.0,10000.0,7.35,326.0,36.0372673,126.6898854,MASTER,2025112520
KR10025001,2025112521,968.375,0.0,642871.5299999999,8.14,65.0,1020.0,1.96,0.0,83.0,10000.0,6.07,329.0,36.0372673,126.6898854,MASTER,2025112521
KR10025001,2025112522,968.375,0.0,642871.5299999999,8.41,62.0,1021.0,1.56,0.0,100.0,10000.0,5.85,329.0,36.0372673,126.6898854,MASTER,2025112522
KR10025001,2025112523,968.375,0.0,642871.5299999999,8.33,62.0,1022.0,1.44,0.0,97.0,10000.0,4.77,335.0,36.0372673,126.6898854,MASTER,2025112523
KR10025001,2025112600,968.375,0.0,642871.5299999999,8.3,63.0,1023.0,1.49,0.0,99.0,10000.0,3.99,335.0,36.0372673,126.6898854,MASTER,2025112600
KR10025001,2025112601,968.375,0.0,642871.5299999999,8.25,62.0,1023.0,1.43,0.0,99.0,10000.0,3.47,331.0,36.0372673,126.6898854,MASTER,2025112601
KR10025001,2025112602,968.375,0.0,642871.5299999999,8.34,61.0,1024.0,1.21,0.0,99.0,10000.0,3.67,323.0,36.0372673,126.6898854,MASTER,2025112602
KR10025001,2025112603,968.375,0.0,642871.5299999999,8.5,59.0,1024.0,0.91,0.0,99.0,10000.0,3.65,322.0,36.0372673,126.6898854,MASTER,2025112603
KR10025001,2025112604,968.375,0.0,642871.5299999999,8.51,59.0,1024.0,0.84,0.0,100.0,10000.0,3.16,319.0,36.0372673,126.6898854,MASTER,2025112604
KR10025001,2025112605,968.375,0.0,642871.5299999999,8.52,59.0,1024.0,0.93,0.0,100.0,10000.0,2.39,325.0,36.0372673,126.6898854,MASTER,2025112605
KR10025001,2025112606,968.375,0.0,642871.5299999999,6.95,76.0,1024.0,3.02,0.0,100.0,10000.0,1.83,335.0,36.0372673,126.6898854,MASTER,2025112606
KR10025001,2025112607,968.375,2.2999999999999994,642873.8300000001,7.25,72.0,1024.0,2.55,0.0,100.0,10000.0,1.48,338.0,36.0372673,126.6898854,MASTER,2025112607
KR10025001,2025112608,968.375,33.61000000000001,642907.4399999998,7.35,70.0,1024.0,2.25,0.0,99.0,10000.0,0.92,22.0,36.0372673,126.6898854,MASTER,2025112608
KR10025001,2025112609,968.375,72.04000000000002,642979.4800000001,7.75,67.0,1025.0,2.02,0.0,93.0,10000.0,0.72,32.0,36.0372673,126.6898854,MASTER,2025112609
KR10025001,2025112610,968.375,171.7,643151.1799999999,8.57,60.0,1026.0,1.25,0.0,65.0,10000.0,0.65,27.0,36.0372673,126.6898854,MASTER,2025112610
KR10025001,2025112611,968.375,227.97,643379.15,9.67,55.0,1026.0,0.91,0.0,60.0,10000.0,0.12,284.0,36.0372673,126.6898854,MASTER,2025112611
KR10025001,2025112612,968.375,222.95,643602.1,10.25,53.0,1026.0,1.01,0.0,43.0,10000.0,1.35,252.0,36.0372673,126.6898854,MASTER,2025112612
KR10025001,2025112613,968.375,343.47,643945.57,10.52,52.0,1025.0,1.08,0.0,32.0,10000.0,2.46,256.0,36.0372673,126.6898854,MASTER,2025112613
KR10025001,2025112614,968.375,425.25999999999993,644370.83,10.57,53.0,1025.0,1.3,0.0,26.0,10000.0,3.2,265.0,36.0372673,126.6898854,MASTER,2025112614
KR10025001,2025112615,968.375,246.02,644616.85,10.09,55.0,1025.0,1.32,0.0,21.0,10000.0,3.67,273.0,36.0372673,126.6898854,MASTER,2025112615
KR10025001,2025112616,968.375,84.91000000000003,644701.76,9.53,56.0,1025.0,1.22,0.0,0.0,10000.0,3.23,278.0,36.0372673,126.6898854,MASTER,2025112616
KR10025001,2025112617,968.375,4.620000000000001,644706.38,8.86,60.0,1024.0,1.57,0.0,0.0,10000.0,1.91,281.0,36.0372673,126.6898854,MASTER,2025112617
KR10025001,2025112618,968.375,0.0,644706.38,9.95,53.0,1024.0,0.82,0.0,20.0,10000.0,1.46,276.0,36.0372673,126.6898854,MASTER,2025112618
KR10025001,2025112619,968.375,0.0,644706.38,9.51,55.0,1024.0,0.93,0.0,16.0,10000.0,0.98,272.0,36.0372673,126.6898854,MASTER,2025112619
KR10025001,2025112620,968.375,0.0,644706.38,8.97,57.0,1024.0,0.92,0.0,12.0,10000.0,1.03,228.0,36.0372673,126.6898854,MASTER,2025112620
KR10025001,2025112621,968.375,0.0,644706.38,8.41,60.0,1023.0,1.1,0.0,8.0,10000.0,1.88,209.0,36.0372673,126.6898854,MASTER,2025112621
KR10025001,2025112622,968.375,0.0,644706.38,7.85,64.0,1023.0,1.47,0.0,4.0,10000.0,2.32,209.0,36.0372673,126.6898854,MASTER,2025112622
KR10025001,2025112623,968.375,0.0,644706.38,7.23,67.0,1023.0,1.43,0.0,0.0,10000.0,2.7,190.0,36.0372673,126.6898854,MASTER,2025112623
KR10025001,2025112700,968.375,0.0,644706.38,7.03,70.0,1022.0,1.83,0.0,0.0,10000.0,3.45,184.0,36.0372673,126.6898854,MASTER,2025112700
KR10025001,2025112701,968.375,0.0,644706.38,6.73,73.0,1021.0,2.18,0.0,1.0,10000.0,3.56,175.0,36.0372673,126.6898854,MASTER,2025112701
KR10025001,2025112702,968.375,0.0,644706.38,6.94,74.0,1021.0,2.48,0.0,10.0,10000.0,3.89,185.0,36.0372673,126.6898854,MASTER,2025112702
KR10025001,2025112703,968.375,0.0,644706.38,7.01,73.0,1019.0,2.4,0.0,24.0,10000.0,5.42,151.0,36.0372673,126.6898854,MASTER,2025112703
KR10025001,2025112704,968.375,0.0,644706.38,6.45,75.0,1018.0,2.29,0.0,100.0,10000.0,4.44,148.0,36.0372673,126.6898854,MASTER,2025112704
KR10025001,2025112705,968.375,0.0,644706.38,6.92,74.0,1016.0,2.67,0.0,100.0,10000.0,4.48,156.0,36.0372673,126.6898854,MASTER,2025112705
KR10025001,2025112706,968.375,0.0,644706.38,3.95,87.0,1017.0,1.99,0.0,40.0,10000.0,4.03,151.0,36.0372673,126.6898854,MASTER,2025112706
KR10025001,2025112707,968.375,6.980000000000001,644713.3600000001,4.6,84.0,1017.0,2.13,0.0,52.0,10000.0,5.62,162.0,36.0372673,126.6898854,MASTER,2025112707
KR10025001,2025112708,968.375,71.23000000000002,644784.5900000001,5.33,82.0,1016.0,2.51,0.0,64.0,10000.0,6.1,161.0,36.0372673,126.6898854,MASTER,2025112708
KR10025001,2025112709,968.375,68.46999999999997,644853.06,6.56,80.0,1015.0,3.36,0.0,76.0,10000.0,6.22,171.0,36.0372673,126.6898854,MASTER,2025112709
KR10025001,2025112710,968.375,19.26000000000001,644872.3200000001,8.93,77.0,1013.0,5.12,0.0,86.0,10000.0,8.74,193.0,36.0372673,126.6898854,MASTER,2025112710
KR10025001,2025112711,968.375,91.09,644963.4099999999,8.78,86.0,1013.0,6.44,0.0,99.0,10000.0,12.56,299.0,36.0372673,126.6898854,MASTER,2025112711
KR10025001,2025112712,968.375,247.66000000000005,645211.07,10.18,70.0,1013.0,4.77,0.0,99.0,10000.0,13.12,287.0,36.0372673,126.6898854,MASTER,2025112712
KR10025001,2025112713,968.375,73.19999999999997,645284.2699999999,10.66,65.0,1013.0,4.27,0.0,78.0,10000.0,12.47,280.0,36.0372673,126.6898854,MASTER,2025112713
KR10025001,2025112714,968.375,214.86,645499.1300000001,10.02,64.0,1013.0,3.34,0.0,82.0,10000.0,12.14,287.0,36.0372673,126.6898854,MASTER,2025112714
KR10025001,2025112715,968.375,108.92000000000002,645608.0499999999,10.54,60.0,1013.0,3.16,0.0,77.0,10000.0,11.27,280.0,36.0372673,126.6898854,MASTER,2025112715
KR10025001,2025112716,968.375,49.98999999999997,645658.04,9.02,73.0,1014.0,4.37,0.0,91.0,10000.0,11.3,309.0,36.0372673,126.6898854,MASTER,2025112716
KR10025001,2025112717,968.375,2.0500000000000003,645660.09,8.71,69.0,1015.0,3.19,0.0,93.0,10000.0,11.09,307.0,36.0372673,126.6898854,MASTER,2025112717
KR10025001,2025112718,968.375,0.0,645660.09,8.95,71.0,1016.0,3.98,0.0,75.0,10000.0,10.78,303.0,36.0372673,126.6898854,MASTER,2025112718
KR10025001,2025112719,968.375,0.0,645660.09,8.62,70.0,1016.0,3.46,0.0,75.0,10000.0,11.08,300.0,36.0372673,126.6898854,MASTER,2025112719
KR10025001,2025112720,968.375,0.0,645660.09,8.21,67.0,1017.0,2.45,0.0,77.0,10000.0,10.74,298.0,36.0372673,126.6898854,MASTER,2025112720
KR10025001,2025112721,968.375,0.0,645660.09,7.7,65.0,1018.0,1.54,0.0,79.0,10000.0,9.77,297.0,36.0372673,126.6898854,MASTER,2025112721
KR10025001,2025112722,968.375,0.0,645660.09,7.53,55.0,1018.0,-0.81,0.0,94.0,10000.0,10.38,304.0,36.0372673,126.6898854,MASTER,2025112722
KR10025001,2025112723,968.375,0.0,645660.09,6.59,53.0,1019.0,-2.27,0.0,95.0,10000.0,9.42,306.0,36.0372673,126.6898854,MASTER,2025112723
KR10025001,2025112800,968.375,0.0,645660.09,6.41,54.0,1020.0,-2.28,0.0,91.0,10000.0,8.97,310.0,36.0372673,126.6898854,MASTER,2025112800
KR10025001,2025112801,968.375,0.0,645660.09,6.3,55.0,1020.0,-2.09,0.0,92.0,10000.0,8.56,315.0,36.0372673,126.6898854,MASTER,2025112801
KR10025001,2025112802,968.375,0.0,645660.09,6.06,56.0,1020.0,-2.09,0.0,92.0,10000.0,7.85,322.0,36.0372673,126.6898854,MASTER,2025112802
KR10025001,2025112803,968.375,0.0,645660.09,5.74,58.0,1020.0,-2.05,0.0,90.0,10000.0,7.14,328.0,36.0372673,126.6898854,MASTER,2025112803
KR10025001,2025112804,968.375,0.0,645660.09,5.16,60.0,1020.0,-2.01,0.0,43.0,10000.0,5.64,338.0,36.0372673,126.6898854,MASTER,2025112804
KR10025001,2025112805,968.375,0.0,645660.09,4.5,63.0,1021.0,-1.98,0.0,46.0,10000.0,4.28,352.0,36.0372673,126.6898854,MASTER,2025112805
KR10025001,2025112806,968.375,0.0,645660.09,6.95,53.0,1021.0,-1.74,0.0,100.0,10000.0,3.54,359.0,36.0372673,126.6898854,MASTER,2025112806
KR10025001,2025112807,968.375,7.680000000000002,645667.7700000001,6.32,56.0,1021.0,-1.59,0.0,89.0,10000.0,2.98,16.0,36.0372673,126.6898854,MASTER,2025112807
KR10025001,2025112808,968.375,72.89000000000003,645740.6600000001,5.63,59.0,1021.0,-1.54,0.0,75.0,10000.0,2.56,21.0,36.0372673,126.6898854,MASTER,2025112808
KR10025001,2025112809,968.375,238.74000000000004,645979.3999999999,5.59,58.0,1022.0,-1.78,0.0,60.0,10000.0,2.94,11.0,36.0372673,126.6898854,MASTER,2025112809
KR10025001,2025112810,968.375,470.34,646449.74,6.02,56.0,1022.0,-1.84,0.0,24.0,10000.0,3.12,357.0,36.0372673,126.6898854,MASTER,2025112810
KR10025001,2025112811,968.375,568.83,647018.57,6.76,53.0,1022.0,-2.33,0.0,3.0,10000.0,2.97,343.0,36.0372673,126.6898854,MASTER,2025112811
KR10025001,2025112812,968.375,604.79,647623.36,7.28,50.0,1022.0,-2.39,0.0,3.0,10000.0,2.89,331.0,36.0372673,126.6898854,MASTER,2025112812
KR10025001,2025112813,968.375,583.6200000000001,648206.9800000002,7.68,49.0,1021.0,-2.31,0.0,4.0,10000.0,2.94,319.0,36.0372673,126.6898854,MASTER,2025112813
KR10025001,2025112814,968.375,481.54,648688.52,7.87,49.0,1021.0,-2.21,0.0,4.0,10000.0,2.98,310.0,36.0372673,126.6898854,MASTER,2025112814
KR10025001,2025112815,968.375,268.04999999999995,648956.57,7.79,50.0,1021.0,-2.05,0.0,4.0,10000.0,3.04,305.0,36.0372673,126.6898854,MASTER,2025112815
KR10025001,2025112816,968.375,83.83000000000001,649040.3999999999,7.43,52.0,1021.0,-1.86,0.0,3.0,10000.0,2.93,309.0,36.0372673,126.6898854,MASTER,2025112816
KR10025001,2025112817,968.375,3.810000000000001,649044.2099999998,6.55,59.0,1021.0,-1.04,0.0,2.0,10000.0,2.39,299.0,36.0372673,126.6898854,MASTER,2025112817
KR10025001,2025112818,968.375,0.0,649044.2099999998,6.95,42.0,1022.0,-4.49,0.0,0.0,10000.0,2.13,294.0,36.0372673,126.6898854,MASTER,2025112818
KR10025001,2025112819,968.375,0.0,649044.2099999998,6.57,45.0,1022.0,-3.99,0.0,0.0,10000.0,1.35,300.0,36.0372673,126.6898854,MASTER,2025112819
KR10025001,2025112820,968.375,0.0,649044.2099999998,6.13,48.0,1022.0,-3.59,0.0,0.0,10000.0,0.63,342.0,36.0372673,126.6898854,MASTER,2025112820
KR10025001,2025112821,968.375,0.0,649044.2099999998,5.56,52.0,1021.0,-3.11,0.0,0.0,10000.0,0.85,69.0,36.0372673,126.6898854,MASTER,2025112821
KR10025001,2025112822,968.375,0.0,649044.2099999998,4.81,57.0,1021.0,-2.64,0.0,0.0,10000.0,1.38,86.0,36.0372673,126.6898854,MASTER,2025112822
KR10025001,2025112823,968.375,0.0,649044.2099999998,3.92,62.0,1021.0,-2.84,0.0,0.0,10000.0,1.74,95.0,36.0372673,126.6898854,MASTER,2025112823
KR10025001,2025112900,968.375,0.0,649044.2099999998,3.55,64.0,1021.0,-2.7,0.0,0.0,10000.0,1.94,90.0,36.0372673,126.6898854,MASTER,2025112900
KR10025001,2025112901,968.375,0.0,649044.2099999998,3.24,65.0,1021.0,-2.69,0.0,0.0,10000.0,1.91,95.0,36.0372673,126.6898854,MASTER,2025112901
KR10025001,2025112902,968.375,0.0,649044.2099999998,2.97,66.0,1021.0,-2.77,0.0,0.0,10000.0,2.24,93.0,36.0372673,126.6898854,MASTER,2025112902
KR10025001,2025112903,968.375,0.0,649044.2099999998,2.66,67.0,1020.0,-2.95,0.0,0.0,10000.0,2.35,91.0,36.0372673,126.6898854,MASTER,2025112903
KR10025001,2025112904,968.375,0.0,649044.2099999998,2.39,67.0,1020.0,-3.2,0.0,0.0,10000.0,2.18,98.0,36.0372673,126.6898854,MASTER,2025112904
KR10025001,2025112905,968.375,0.0,649044.2099999998,2.23,67.0,1019.0,-3.42,0.0,0.0,10000.0,2.09,102.0,36.0372673,126.6898854,MASTER,2025112905
KR10025001,2025112906,968.375,0.0,649044.2099999998,-1.05,80.0,1019.0,-3.71,0.0,0.0,10000.0,1.94,117.0,36.0372673,126.6898854,MASTER,2025112906
KR10025001,2025112907,968.375,10.870000000000005,649055.0800000001,-0.38,76.0,1019.0,-3.66,0.0,0.0,10000.0,1.9,132.0,36.0372673,126.6898854,MASTER,2025112907
KR10025001,2025112908,968.375,98.98000000000002,649154.0599999999,0.5,72.0,1019.0,-3.5,0.0,0.0,10000.0,1.96,139.0,36.0372673,126.6898854,MASTER,2025112908
KR10025001,2025112909,968.375,275.51,649429.57,2.18,64.0,1019.0,-3.47,0.0,0.0,10000.0,2.26,143.0,36.0372673,126.6898854,MASTER,2025112909
KR10025001,2025112910,968.375,443.74,649873.3099999999,4.79,54.0,1019.0,-3.3,0.0,0.0,10000.0,3.01,159.0,36.0372673,126.6898854,MASTER,2025112910
KR10025001,2025112911,968.375,542.4100000000001,650415.72,8.18,46.0,1019.0,-2.78,0.0,0.0,10000.0,3.81,167.0,36.0372673,126.6898854,MASTER,2025112911
KR10025001,2025112912,968.375,571.77,650987.49,9.79,50.0,1018.0,-0.29,0.0,0.0,10000.0,4.76,180.0,36.0372673,126.6898854,MASTER,2025112912
KR10025001,2025112913,968.375,517.05,651504.54,11.38,57.0,1017.0,3.07,0.0,0.0,10000.0,5.53,191.0,36.0372673,126.6898854,MASTER,2025112913
KR10025001,2025112914,968.375,439.41,651943.9500000001,12.39,61.0,1016.0,5.06,0.0,0.0,10000.0,7.19,196.0,36.0372673,126.6898854,MASTER,2025112914
KR10025001,2025112915,968.375,242.8,652186.75,13.39,66.0,1016.0,6.92,0.0,0.0,10000.0,7.53,194.0,36.0372673,126.6898854,MASTER,2025112915
KR10025001,2025112916,968.375,75.43999999999998,652262.19,13.53,69.0,1016.0,7.75,0.0,0.0,10000.0,7.35,198.0,36.0372673,126.6898854,MASTER,2025112916
KR10025001,2025112917,968.375,3.780000000000001,652265.9699999999,12.76,74.0,1016.0,8.19,0.0,0.0,10000.0,7.17,198.0,36.0372673,126.6898854,MASTER,2025112917
KR10025001,2025112918,968.375,0.0,652265.9699999999,13.95,67.0,1016.0,7.93,0.0,20.0,10000.0,6.37,194.0,36.0372673,126.6898854,MASTER,2025112918
KR10025001,2025112919,968.375,0.0,652265.9699999999,13.55,71.0,1016.0,8.4,0.0,16.0,10000.0,5.86,194.0,36.0372673,126.6898854,MASTER,2025112919
KR10025001,2025112920,968.375,0.0,652265.9699999999,12.93,75.0,1016.0,8.61,0.0,12.0,10000.0,5.08,192.0,36.0372673,126.6898854,MASTER,2025112920
KR10025001,2025112921,968.375,0.0,652265.9699999999,12.26,80.0,1016.0,8.91,0.0,8.0,10000.0,4.95,192.0,36.0372673,126.6898854,MASTER,2025112921
KR10025001,2025112922,968.375,0.0,652265.9699999999,11.53,86.0,1016.0,9.27,0.0,4.0,10000.0,4.83,192.0,36.0372673,126.6898854,MASTER,2025112922
KR10025001,2025112923,968.375,0.0,652265.9699999999,10.64,91.0,1016.0,9.18,0.0,0.0,10000.0,4.75,194.0,36.0372673,126.6898854,MASTER,2025112923
KR10025001,2025113000,968.375,0.0,652265.9699999999,10.59,92.0,1016.0,9.35,0.0,0.0,10000.0,4.45,197.0,36.0372673,126.6898854,MASTER,2025113000
KR10025001,2025113001,968.375,0.0,652265.9699999999,10.61,93.0,1016.0,9.48,0.0,1.0,10000.0,4.26,201.0,36.0372673,126.6898854,MASTER,2025113001
KR10025001,2025113002,968.375,0.0,652265.9699999999,10.61,94.0,1016.0,9.59,0.0,2.0,10000.0,3.91,202.0,36.0372673,126.6898854,MASTER,2025113002
KR10025001,2025113003,968.375,0.0,652265.9699999999,10.53,95.0,1016.0,9.57,0.0,3.0,10000.0,3.56,200.0,36.0372673,126.6898854,MASTER,2025113003
KR10025001,2025113004,968.375,0.0,652265.9699999999,10.24,95.0,1016.0,9.38,0.0,21.0,10000.0,3.15,192.0,36.0372673,126.6898854,MASTER,2025113004
KR10025001,2025113005,968.375,0.0,652265.9699999999,9.92,95.0,1016.0,9.12,0.0,20.0,10000.0,2.9,181.0,36.0372673,126.6898854,MASTER,2025113005
KR10025001,2025113006,968.375,0.0,652265.9699999999,9.95,87.0,1016.0,7.89,0.0,75.0,10000.0,2.86,169.0,36.0372673,126.6898854,MASTER,2025113006
KR10025001,2025113007,968.375,8.810000000000002,652274.78,9.85,89.0,1016.0,8.12,0.0,61.0,10000.0,3.03,161.0,36.0372673,126.6898854,MASTER,2025113007
KR10025001,2025113008,968.375,83.14000000000001,652357.9200000002,9.75,90.0,1016.0,8.19,0.0,46.0,10000.0,2.93,154.0,36.0372673,126.6898854,MASTER,2025113008
KR10025001,2025113009,968.375,224.2,652582.12,10.35,89.0,1017.0,8.62,0.0,32.0,10000.0,2.59,150.0,36.0372673,126.6898854,MASTER,2025113009
KR10025001,2025113010,968.375,387.0300000000001,652969.1499999999,11.97,83.0,1017.0,9.18,0.0,16.0,10000.0,3.0,166.0,36.0372673,126.6898854,MASTER,2025113010
KR10025001,2025113011,968.375,419.44,653388.59,14.03,76.0,1017.0,9.77,0.0,0.0,10000.0,3.46,183.0,36.0372673,126.6898854,MASTER,2025113011
KR10025001,2025113012,968.375,492.67,653881.2599999999,15.17,70.0,1016.0,9.49,0.0,0.0,10000.0,4.59,199.0,36.0372673,126.6898854,MASTER,2025113012
KR10025001,2025113013,968.375,488.39,654369.6499999999,15.77,65.0,1015.0,9.0,0.0,0.0,10000.0,5.54,211.0,36.0372673,126.6898854,MASTER,2025113013
KR10025001,2025113014,968.375,382.0299999999999,654751.6799999999,15.86,64.0,1014.0,8.8,0.0,0.0,10000.0,6.12,214.0,36.0372673,126.6898854,MASTER,2025113014
KR10025001,2025113015,968.375,211.03000000000003,654962.7100000001,15.63,66.0,1014.0,8.97,0.0,0.0,10000.0,6.11,218.0,36.0372673,126.6898854,MASTER,2025113015
KR10025001,2025113016,968.375,67.92999999999999,655030.64,15.23,74.0,1015.0,10.12,0.0,0.0,10000.0,5.34,219.0,36.0372673,126.6898854,MASTER,2025113016
KR10025001,2025113017,968.375,2.97,655033.61,13.73,81.0,1015.0,10.42,0.0,0.0,10000.0,5.12,216.0,36.0372673,126.6898854,MASTER,2025113017
KR10025001,2025113018,968.375,0.0,655033.61,14.95,72.0,1015.0,9.95,0.0,0.0,10000.0,4.72,208.0,36.0372673,126.6898854,MASTER,2025113018
KR10025001,2025113019,968.375,0.0,655033.61,14.55,75.0,1015.0,10.18,0.0,0.0,10000.0,4.56,205.0,36.0372673,126.6898854,MASTER,2025113019
KR10025001,2025113020,968.375,0.0,655033.61,14.04,78.0,1015.0,10.27,0.0,3.0,10000.0,4.94,211.0,36.0372673,126.6898854,MASTER,2025113020
KR10025001,2025113021,968.375,0.0,655033.61,13.59,81.0,1015.0,10.4,0.0,4.0,10000.0,5.23,212.0,36.0372673,126.6898854,MASTER,2025113021
KR10025001,2025113022,968.375,0.0,655033.61,13.14,84.0,1015.0,10.5,0.0,0.0,10000.0,5.22,218.0,36.0372673,126.6898854,MASTER,2025113022
KR10025001,2025113023,968.375,0.0,655033.61,12.56,87.0,1015.0,10.36,0.0,1.0,10000.0,5.48,234.0,36.0372673,126.6898854,MASTER,2025113023
KR10025001,2025120100,968.375,0.0,655033.61,12.64,87.0,1016.0,10.35,0.0,1.0,10000.0,6.21,272.0,36.0372673,126.6898854,MASTER,2025120100
KR10025001,2025120101,968.375,0.0,655033.61,11.66,78.0,1017.0,7.82,0.0,4.0,10000.0,6.71,308.0,36.0372673,126.6898854,MASTER,2025120101
KR10025001,2025120102,968.375,0.0,655033.61,10.9,74.0,1018.0,6.38,0.0,9.0,10000.0,6.56,309.0,36.0372673,126.6898854,MASTER,2025120102
KR10025001,2025120103,968.375,0.0,655033.61,10.28,70.0,1018.0,4.93,0.0,9.0,10000.0,6.26,320.0,36.0372673,126.6898854,MASTER,2025120103
KR10025001,2025120104,968.375,0.0,655033.61,9.51,66.0,1018.0,3.31,0.0,0.0,10000.0,5.01,328.0,36.0372673,126.6898854,MASTER,2025120104
KR10025001,2025120105,968.375,0.0,655033.61,8.79,67.0,1019.0,2.89,0.0,0.0,10000.0,4.94,338.0,36.0372673,126.6898854,MASTER,2025120105
KR10025001,2025120106,968.375,0.0,655033.61,8.06,69.0,1020.0,2.56,0.0,3.0,10000.0,3.6,345.0,36.0372673,126.6898854,MASTER,2025120106
KR10025001,2025120107,968.375,6.550000000000002,655040.1599999999,7.66,69.0,1020.0,2.14,0.0,4.0,10000.0,3.11,349.0,36.0372673,126.6898854,MASTER,2025120107
KR10025001,2025120108,968.375,91.11,655131.2699999999,7.56,69.0,1021.0,2.07,0.0,4.0,10000.0,2.81,359.0,36.0372673,126.6898854,MASTER,2025120108
KR10025001,2025120109,968.375,283.0,655414.27,8.44,64.0,1021.0,1.87,0.0,5.0,10000.0,3.37,2.0,36.0372673,126.6898854,MASTER,2025120109
KR10025001,2025120110,968.375,464.1,655878.3699999999,9.23,57.0,1022.0,1.13,0.0,6.0,10000.0,4.94,345.0,36.0372673,126.6898854,MASTER,2025120110
KR10025001,2025120111,968.375,552.64,656431.01,9.61,52.0,1022.0,0.12,0.0,6.0,10000.0,5.5,330.0,36.0372673,126.6898854,MASTER,2025120111
KR10025001,2025120112,968.375,595.62,657026.6299999999,9.89,50.0,1021.0,-0.11,0.0,6.0,10000.0,5.44,325.0,36.0372673,126.6898854,MASTER,2025120112
KR10025001,2025120113,968.375,572.61,657599.24,10.03,50.0,1021.0,-0.15,0.0,5.0,10000.0,5.68,321.0,36.0372673,126.6898854,MASTER,2025120113
KR10025001,2025120114,968.375,458.80000000000007,658058.04,9.92,50.0,1020.0,-0.16,0.0,5.0,10000.0,5.58,323.0,36.0372673,126.6898854,MASTER,2025120114
KR10025001,2025120115,968.375,252.92,658310.9600000001,9.63,50.0,1020.0,-0.52,0.0,4.0,10000.0,5.76,328.0,36.0372673,126.6898854,MASTER,2025120115
KR10025001,2025120116,968.375,79.61000000000001,658390.57,9.09,49.0,1020.0,-1.23,0.0,6.0,10000.0,5.61,333.0,36.0372673,126.6898854,MASTER,2025120116
KR10025001,2025120117,968.375,4.080000000000001,658394.6499999999,8.17,52.0,1021.0,-1.12,0.0,4.0,10000.0,4.8,337.0,36.0372673,126.6898854,MASTER,2025120117
KR10025001,2025120118,968.375,0.0,658394.6499999999,7.17,56.0,1021.0,-1.05,0.0,3.0,10000.0,4.02,350.0,36.0372673,126.6898854,MASTER,2025120118
KR10025001,2025120119,968.375,0.0,658394.6499999999,6.6,58.0,1022.0,-1.19,0.0,2.0,10000.0,3.33,2.0,36.0372673,126.6898854,MASTER,2025120119
KR10025001,2025120120,968.375,0.0,658394.6499999999,6.1,59.0,1022.0,-1.44,0.0,2.0,10000.0,3.14,12.0,36.0372673,126.6898854,MASTER,2025120120
KR10025001,2025120121,968.375,0.0,658394.6499999999,5.7,59.0,1022.0,-1.77,0.0,3.0,10000.0,2.71,16.0,36.0372673,126.6898854,MASTER,2025120121
KR10025001,2025120122,968.375,0.0,658394.6499999999,5.47,58.0,1022.0,-2.13,0.0,12.0,10000.0,2.38,12.0,36.0372673,126.6898854,MASTER,2025120122
KR10025001,2025120123,968.375,0.0,658394.6499999999,5.37,58.0,1022.0,-2.34,0.0,50.0,10000.0,2.46,3.0,36.0372673,126.6898854,MASTER,2025120123
KR10025001,2025120200,968.375,0.0,658394.6499999999,5.29,59.0,1023.0,-2.2,0.0,67.0,10000.0,3.26,352.0,36.0372673,126.6898854,MASTER,2025120200
KR10025001,2025120201,968.375,0.0,658394.6499999999,5.22,60.0,1022.0,-1.93,0.0,75.0,10000.0,3.48,359.0,36.0372673,126.6898854,MASTER,2025120201
KR10025001,2025120202,968.375,0.0,658394.6499999999,5.07,61.0,1022.0,-1.83,0.0,80.0,10000.0,3.1,11.0,36.0372673,126.6898854,MASTER,2025120202
KR10025001,2025120203,968.375,0.0,658394.6499999999,4.81,63.0,1022.0,-1.73,0.0,83.0,10000.0,2.91,8.0,36.0372673,126.6898854,MASTER,2025120203
KR10025001,2025120204,968.375,0.0,658394.6499999999,4.46,65.0,1022.0,-1.63,0.0,89.0,10000.0,3.26,12.0,36.0372673,126.6898854,MASTER,2025120204
KR10025001,2025120205,968.375,0.0,658394.6499999999,4.44,66.0,1022.0,-1.51,0.0,95.0,10000.0,3.65,9.0,36.0372673,126.6898854,MASTER,2025120205
KR10025001,2025120206,968.375,0.0,658394.6499999999,4.17,67.0,1023.0,-1.49,0.0,95.0,10000.0,3.43,17.0,36.0372673,126.6898854,MASTER,2025120206
KR10025001,2025120207,968.375,5.54,658400.19,3.76,69.0,1023.0,-1.5,0.0,94.0,10000.0,3.66,25.0,36.0372673,126.6898854,MASTER,2025120207
KR10025001,2025120208,968.375,84.62,658484.81,3.26,73.0,1024.0,-1.22,0.0,88.0,10000.0,4.41,21.0,36.0372673,126.6898854,MASTER,2025120208
KR10025001,2025120209,968.375,242.22000000000003,658727.0299999999,3.86,66.0,1025.0,-2.05,0.0,78.0,10000.0,5.71,9.0,36.0372673,126.6898854,MASTER,2025120209
KR10025001,2025120210,968.375,402.73,659129.76,4.27,57.0,1026.0,-3.61,0.0,27.0,10000.0,6.74,4.0,36.0372673,126.6898854,MASTER,2025120210
KR10025001,2025120211,968.375,514.56,659644.3200000001,4.56,51.0,1026.0,-4.86,0.0,19.0,10000.0,7.01,359.0,36.0372673,126.6898854,MASTER,2025120211
KR10025001,2025120212,968.375,554.5299999999999,660198.8500000001,4.94,47.0,1025.0,-5.45,0.0,18.0,10000.0,7.49,350.0,36.0372673,126.6898854,MASTER,2025120212
KR10025001,2025120213,968.375,515.2800000000001,660714.1300000001,4.94,47.0,1025.0,-5.73,0.0,17.0,10000.0,7.73,348.0,36.0372673,126.6898854,MASTER,2025120213
KR10025001,2025120214,968.375,382.29,661096.4200000002,4.58,47.0,1024.0,-5.77,0.0,18.0,10000.0,8.01,347.0,36.0372673,126.6898854,MASTER,2025120214
KR10025001,2025120215,968.375,226.49,661322.9099999999,3.98,50.0,1025.0,-5.74,0.0,32.0,10000.0,8.39,347.0,36.0372673,126.6898854,MASTER,2025120215
KR10025001,2025120216,968.375,50.17999999999999,661373.09,3.25,52.0,1025.0,-5.69,0.0,97.0,10000.0,7.95,347.0,36.0372673,126.6898854,MASTER,2025120216
KR10025001,2025120217,968.375,1.0799999999999998,661374.1699999999,2.17,58.0,1026.0,-5.26,0.0,98.0,10000.0,6.87,355.0,36.0372673,126.6898854,MASTER,2025120217
KR10025001,2025120218,968.375,0.0,661374.1699999999,,,,,,,,,,36.0372673,126.6898854,MASTER,2025120218
KR10025001,2025120219,968.375,0.0,661374.1699999999,,,,,,,,,,36.0372673,126.6898854,MASTER,2025120219
KR10025001,2025120220,968.375,0.0,661374.1699999999,,,,,,,,,,36.0372673,126.6898854,MASTER,2025120220
KR10025001,2025120221,968.375,0.0,661374.1699999999,,,,,,,,,,36.0372673,126.6898854,MASTER,2025120221
KR10025001,2025120222,968.375,0.0,661374.1699999999,,,,,,,,,,36.0372673,126.6898854,MASTER,2025120222
KR10025001,2025120223,968.375,0.0,661374.1699999999,,,,,,,,,,36.0372673,126.6898854,MASTER,2025120223
KR10025001,2025120300,968.375,0.0,661374.1699999999,,,,,,,,,,36.0372673,126.6898854,MASTER,2025120300
KR10025001,2025120301,968.375,0.0,661374.1699999999,,,,,,,,,,36.0372673,126.6898854,MASTER,2025120301
KR10025001,2025120302,968.375,0.0,661374.1699999999,,,,,,,,,,36.0372673,126.6898854,MASTER,2025120302
KR10025001,2025120303,968.375,0.0,661374.1699999999,,,,,,,,,,36.0372673,126.6898854,MASTER,2025120303
KR10025001,2025120304,968.375,0.0,661374.1699999999,,,,,,,,,,36.0372673,126.6898854,MASTER,2025120304
KR10025001,2025120305,968.375,0.0,661374.1699999999,,,,,,,,,,36.0372673,126.6898854,MASTER,2025120305
KR10025001,2025120306,968.375,0.0,661374.1699999999,,,,,,,,,,36.0372673,126.6898854,MASTER,2025120306
KR10025001,2025120307,968.375,7.540000000000003,661381.7100000001,,,,,,,,,,36.0372673,126.6898854,MASTER,2025120307
KR10025001,2025120308,968.375,92.63,661474.3400000001,,,,,,,,,,36.0372673,126.6898854,MASTER,2025120308
KR10025001,2025120309,968.375,293.93,661768.27,-3.12,55.0,1024.0,-10.03,0.22,16.0,2466.0,1.67,93.0,36.0372673,126.6898854,MASTER,2025120309
KR10025001,2025120310,968.375,470.43000000000006,662238.7,-3.05,50.0,1024.0,-11.03,0.52,0.0,10000.0,2.44,174.0,36.0372673,126.6898854,MASTER,2025120310
KR10025001,2025120311,968.375,553.12,662791.8200000001,-2.5,58.0,1024.0,-8.84,0.95,7.0,3942.0,3.48,231.0,36.0372673,126.6898854,MASTER,2025120311
KR10025001,2025120312,968.375,515.57,663307.39,-2.25,62.0,1024.0,-7.84,1.59,22.0,2976.0,4.09,331.0,36.0372673,126.6898854,MASTER,2025120312
KR10025001,2025120313,968.375,556.1199999999999,663863.51,-0.97,73.0,1024.0,-4.71,1.35,40.0,10000.0,7.06,334.0,36.0372673,126.6898854,MASTER,2025120313
KR10025001,2025120314,968.375,434.98,664298.49,-0.5,79.0,1024.0,-3.32,1.15,58.0,10000.0,7.94,327.0,36.0372673,126.6898854,MASTER,2025120314
KR10025001,2025120315,968.375,148.52999999999997,664447.0199999999,0.31,79.0,1024.0,-3.05,0.71,77.0,8243.0,7.82,339.0,36.0372673,126.6898854,MASTER,2025120315
KR10025001,2025120316,968.375,41.68999999999996,664488.7100000001,1.21,74.0,1024.0,-3.17,0.28,100.0,5288.0,8.31,319.0,36.0372673,126.6898854,MASTER,2025120316
KR10025001,2025120317,968.375,1.7200000000000002,664490.4299999999,0.51,80.0,1025.0,-2.66,0.0,100.0,6497.0,7.97,334.0,36.0372673,126.6898854,MASTER,2025120317
KR10025001,2025120318,968.375,0.0,664490.4299999999,-2.05,86.0,1026.0,-3.84,0.0,100.0,1122.0,5.52,343.0,36.0372673,126.6898854,MASTER,2025120318
KR10025001,2025120319,968.375,0.0,664490.4299999999,-1.64,84.0,1026.0,-3.72,0.0,100.0,6790.0,5.76,332.0,36.0372673,126.6898854,MASTER,2025120319
KR10025001,2025120320,968.375,0.0,664490.4299999999,-0.99,81.0,1026.0,-3.51,0.0,100.0,6705.0,7.56,322.0,36.0372673,126.6898854,MASTER,2025120320
KR10025001,2025120321,968.375,0.0,664490.4299999999,-0.48,83.0,1027.0,-2.72,0.0,100.0,3843.0,7.87,320.0,36.0372673,126.6898854,MASTER,2025120321
KR10025001,2025120322,968.375,0.0,664490.4299999999,-0.54,94.0,1027.0,-1.29,0.0,100.0,10000.0,5.68,340.0,36.0372673,126.6898854,MASTER,2025120322
KR10025001,2025120323,968.375,0.0,664490.4299999999,-2.08,93.0,1028.0,-3.14,0.0,100.0,10000.0,4.87,22.0,36.0372673,126.6898854,MASTER,2025120323
KR10025001,2025120400,968.375,0.0,664490.4299999999,-2.87,89.0,1028.0,-4.52,0.0,100.0,10000.0,4.11,13.0,36.0372673,126.6898854,MASTER,2025120400
KR10025001,2025120401,968.375,0.0,664490.4299999999,-2.96,90.0,1028.0,-4.58,0.0,96.0,689.0,4.0,16.0,36.0372673,126.6898854,MASTER,2025120401
KR10025001,2025120402,968.375,0.0,664490.4299999999,-3.63,92.0,1028.0,-4.9,0.0,91.0,2936.0,3.08,37.0,36.0372673,126.6898854,MASTER,2025120402
KR10025001,2025120403,968.375,0.0,664490.4299999999,-4.37,95.0,1028.0,-5.31,0.0,88.0,2456.0,3.3,57.0,36.0372673,126.6898854,MASTER,2025120403
KR10025001,2025120404,968.375,0.0,664490.4299999999,-4.9,94.0,1028.0,-5.96,0.0,63.0,1020.0,3.13,62.0,36.0372673,126.6898854,MASTER,2025120404
KR10025001,2025120405,968.375,0.0,664490.4299999999,-5.16,91.0,1028.0,-6.62,0.0,74.0,10000.0,3.44,65.0,36.0372673,126.6898854,MASTER,2025120405
KR10025001,2025120406,968.375,0.0,664490.4299999999,-3.05,80.0,1028.0,-5.67,0.0,100.0,9434.0,2.91,77.0,36.0372673,126.6898854,MASTER,2025120406
KR10025001,2025120407,968.375,0.15,664490.58,-3.4,82.0,1028.0,-5.73,0.0,99.0,10000.0,2.78,74.0,36.0372673,126.6898854,MASTER,2025120407
KR10025001,2025120408,968.375,11.220000000000006,664501.7999999999,-3.67,83.0,1028.0,-5.85,0.0,99.0,10000.0,2.59,72.0,36.0372673,126.6898854,MASTER,2025120408
KR10025001,2025120409,968.375,65.41000000000001,664567.21,-3.45,81.0,1028.0,-5.92,0.32,98.0,10000.0,2.77,73.0,36.0372673,126.6898854,MASTER,2025120409
KR10025001,2025120410,968.375,260.52000000000004,664827.73,-2.69,79.0,1028.0,-5.47,0.75,100.0,10000.0,2.95,74.0,36.0372673,126.6898854,MASTER,2025120410
KR10025001,2025120411,968.375,474.29,665302.0200000001,-1.44,77.0,1028.0,-4.99,1.36,98.0,10000.0,2.6,81.0,36.0372673,126.6898854,MASTER,2025120411
KR10025001,2025120412,968.375,550.14,665852.1599999999,-0.46,76.0,1027.0,-4.23,1.82,73.0,10000.0,2.13,98.0,36.0372673,126.6898854,MASTER,2025120412
KR10025001,2025120413,968.375,560.99,666413.15,0.42,75.0,1027.0,-3.59,1.83,60.0,10000.0,1.83,122.0,36.0372673,126.6898854,MASTER,2025120413
KR10025001,2025120414,968.375,457.30000000000007,666870.45,1.1,74.0,1026.0,-3.16,1.45,58.0,10000.0,1.62,156.0,36.0372673,126.6898854,MASTER,2025120414
KR10025001,2025120415,968.375,245.2,667115.65,1.59,75.0,1025.0,-2.52,0.86,55.0,10000.0,1.97,187.0,36.0372673,126.6898854,MASTER,2025120415
KR10025001,2025120416,968.375,74.28999999999999,667189.94,1.52,84.0,1025.0,-1.04,0.33,95.0,10000.0,2.89,208.0,36.0372673,126.6898854,MASTER,2025120416
KR10025001,2025120417,968.375,3.140000000000001,667193.08,1.57,92.0,1024.0,0.3,0.0,99.0,1313.0,2.71,196.0,36.0372673,126.6898854,MASTER,2025120417
KR10025001,2025120418,968.375,0.0,667193.08,2.95,65.0,1025.0,-2.63,0.0,20.0,10000.0,3.55,204.0,36.0372673,126.6898854,MASTER,2025120418
KR10025001,2025120419,968.375,0.0,667193.08,2.67,71.0,1025.0,-1.81,0.0,24.0,109.0,5.14,214.0,36.0372673,126.6898854,MASTER,2025120419
KR10025001,2025120420,968.375,0.0,667193.08,3.49,72.0,1025.0,-0.95,0.0,34.0,9264.0,4.17,236.0,36.0372673,126.6898854,MASTER,2025120420
KR10025001,2025120421,968.375,0.0,667193.08,4.91,62.0,1024.0,-1.55,0.0,45.0,10000.0,11.19,305.0,36.0372673,126.6898854,MASTER,2025120421
KR10025001,2025120422,968.375,0.0,667193.08,4.82,64.0,1025.0,-1.24,0.0,81.0,10000.0,9.25,305.0,36.0372673,126.6898854,MASTER,2025120422
KR10025001,2025120423,968.375,0.0,667193.08,5.09,51.0,1025.0,-4.42,0.0,99.0,10000.0,10.63,313.0,36.0372673,126.6898854,MASTER,2025120423
KR10025001,2025120500,968.375,0.0,667193.08,4.09,56.0,1026.0,-4.0,0.0,75.0,10000.0,8.5,320.0,36.0372673,126.6898854,MASTER,2025120500
KR10025001,2025120501,968.375,0.0,667193.08,2.53,73.0,1027.0,-1.89,0.0,81.0,10000.0,7.03,346.0,36.0372673,126.6898854,MASTER,2025120501
KR10025001,2025120502,968.375,0.0,667193.08,2.57,67.0,1027.0,-3.11,0.0,86.0,10000.0,6.4,351.0,36.0372673,126.6898854,MASTER,2025120502
KR10025001,2025120503,968.375,0.0,667193.08,2.62,62.0,1027.0,-4.19,0.0,89.0,10000.0,5.86,347.0,36.0372673,126.6898854,MASTER,2025120503
KR10025001,2025120504,968.375,0.0,667193.08,2.33,60.0,1028.0,-4.78,0.0,100.0,10000.0,5.98,350.0,36.0372673,126.6898854,MASTER,2025120504
KR10025001,2025120505,968.375,0.0,667193.08,1.68,60.0,1028.0,-5.38,0.0,100.0,10000.0,4.85,6.0,36.0372673,126.6898854,MASTER,2025120505
KR10025001,2025120506,968.375,0.0,667193.08,-0.05,64.0,1028.0,-5.36,0.0,20.0,10000.0,4.09,18.0,36.0372673,126.6898854,MASTER,2025120506
KR10025001,2025120507,968.375,7.220000000000002,667200.3,-0.17,65.0,1028.0,-5.3,0.0,30.0,10000.0,3.42,20.0,36.0372673,126.6898854,MASTER,2025120507
KR10025001,2025120508,968.375,91.35,667291.65,-0.16,65.0,1028.0,-5.29,0.0,34.0,10000.0,3.4,19.0,36.0372673,126.6898854,MASTER,2025120508
KR10025001,2025120509,968.375,273.04,667564.6900000001,0.72,61.0,1029.0,-5.26,0.36,36.0,10000.0,3.98,12.0,36.0372673,126.6898854,MASTER,2025120509
KR10025001,2025120510,968.375,468.52,668033.21,0.95,55.0,1030.0,-6.27,0.94,20.0,10000.0,4.58,6.0,36.0372673,126.6898854,MASTER,2025120510
KR10025001,2025120511,968.375,583.96,668617.1699999999,1.95,51.0,1030.0,-6.32,1.63,20.0,10000.0,5.41,353.0,36.0372673,126.6898854,MASTER,2025120511
KR10025001,2025120512,968.375,618.3199999999998,669235.49,2.41,50.0,1030.0,-6.17,2.13,19.0,10000.0,5.36,347.0,36.0372673,126.6898854,MASTER,2025120512
KR10025001,2025120513,968.375,585.9700000000001,669821.46,3.03,49.0,1029.0,-5.89,2.21,20.0,10000.0,4.88,342.0,36.0372673,126.6898854,MASTER,2025120513
KR10025001,2025120514,968.375,473.97,670295.43,3.72,49.0,1029.0,-5.32,1.78,22.0,10000.0,4.28,340.0,36.0372673,126.6898854,MASTER,2025120514
KR10025001,2025120515,968.375,259.19,670554.62,4.36,49.0,1028.0,-4.79,1.07,29.0,10000.0,4.06,339.0,36.0372673,126.6898854,MASTER,2025120515
KR10025001,2025120516,968.375,82.46000000000001,670637.08,4.73,51.0,1027.0,-4.68,0.43,78.0,10000.0,3.51,344.0,36.0372673,126.6898854,MASTER,2025120516
KR10025001,2025120517,968.375,3.6100000000000008,670640.69,3.66,57.0,1027.0,-4.06,0.0,66.0,10000.0,2.55,6.0,36.0372673,126.6898854,MASTER,2025120517
KR10025001,2025120518,968.375,0.0,670640.69,2.95,48.0,1027.0,-6.19,0.0,20.0,10000.0,1.94,18.0,36.0372673,126.6898854,MASTER,2025120518
KR10025001,2025120519,968.375,0.0,670640.69,2.65,51.0,1027.0,-5.74,0.0,19.0,10000.0,1.73,49.0,36.0372673,126.6898854,MASTER,2025120519
KR10025001,2025120520,968.375,0.0,670640.69,2.18,54.0,1027.0,-5.46,0.0,18.0,10000.0,1.87,70.0,36.0372673,126.6898854,MASTER,2025120520
KR10025001,2025120521,968.375,0.0,670640.69,1.55,57.0,1027.0,-5.36,0.0,16.0,10000.0,2.09,79.0,36.0372673,126.6898854,MASTER,2025120521
KR10025001,2025120522,968.375,0.0,670640.69,0.82,61.0,1026.0,-5.18,0.0,9.0,10000.0,2.12,87.0,36.0372673,126.6898854,MASTER,2025120522
KR10025001,2025120523,968.375,0.0,670640.69,0.08,65.0,1026.0,-5.86,0.0,6.0,10000.0,2.05,93.0,36.0372673,126.6898854,MASTER,2025120523
KR10025001,2025120600,968.375,0.0,670640.69,-0.02,65.0,1026.0,-5.94,0.0,6.0,10000.0,1.74,97.0,36.0372673,126.6898854,MASTER,2025120600
KR10025001,2025120601,968.375,0.0,670640.69,-0.02,65.0,1026.0,-5.97,0.0,6.0,10000.0,1.68,111.0,36.0372673,126.6898854,MASTER,2025120601
KR10025001,2025120602,968.375,0.0,670640.69,0.02,64.0,1026.0,-5.97,0.0,6.0,10000.0,1.55,119.0,36.0372673,126.6898854,MASTER,2025120602
KR10025001,2025120603,968.375,0.0,670640.69,-0.02,65.0,1025.0,-5.92,0.0,6.0,10000.0,1.74,117.0,36.0372673,126.6898854,MASTER,2025120603
KR10025001,2025120604,968.375,0.0,670640.69,-0.15,65.0,1025.0,-5.92,0.0,5.0,10000.0,1.78,118.0,36.0372673,126.6898854,MASTER,2025120604
KR10025001,2025120605,968.375,0.0,670640.69,-0.29,66.0,1025.0,-5.95,0.0,6.0,10000.0,2.02,114.0,36.0372673,126.6898854,MASTER,2025120605
KR10025001,2025120606,968.375,0.0,670640.69,-3.05,74.0,1024.0,-6.58,0.0,0.0,10000.0,1.4,122.0,36.0372673,126.6898854,MASTER,2025120606
KR10025001,2025120607,968.375,6.860000000000002,670647.55,-2.57,71.0,1024.0,-6.59,0.0,0.0,10000.0,2.02,125.0,36.0372673,126.6898854,MASTER,2025120607
KR10025001,2025120608,968.375,87.16000000000001,670734.71,-1.96,68.0,1024.0,-6.5,0.0,2.0,10000.0,2.57,128.0,36.0372673,126.6898854,MASTER,2025120608
KR10025001,2025120609,968.375,273.30999999999995,671008.0200000001,-0.67,63.0,1025.0,-6.14,0.2,6.0,10000.0,2.91,128.0,36.0372673,126.6898854,MASTER,2025120609
KR10025001,2025120610,968.375,444.3299999999999,671452.35,1.16,58.0,1025.0,-5.48,0.51,80.0,10000.0,3.83,132.0,36.0372673,126.6898854,MASTER,2025120610
KR10025001,2025120611,968.375,498.33,671950.68,3.39,55.0,1024.0,-4.89,0.91,100.0,10000.0,3.68,139.0,36.0372673,126.6898854,MASTER,2025120611
KR10025001,2025120612,968.375,384.99000000000007,672335.67,4.74,58.0,1023.0,-2.92,1.23,100.0,10000.0,4.38,152.0,36.0372673,126.6898854,MASTER,2025120612
KR10025001,2025120613,968.375,303.20000000000005,672638.8700000001,6.08,62.0,1021.0,-0.72,0.9,100.0,10000.0,4.69,172.0,36.0372673,126.6898854,MASTER,2025120613
KR10025001,2025120614,968.375,171.22000000000003,672810.0899999999,6.82,68.0,1020.0,1.22,0.58,100.0,10000.0,4.78,183.0,36.0372673,126.6898854,MASTER,2025120614
KR10025001,2025120615,968.375,171.95999999999995,672982.05,7.02,72.0,1020.0,2.32,0.37,100.0,10000.0,5.23,184.0,36.0372673,126.6898854,MASTER,2025120615
KR10025001,2025120616,968.375,49.41,673031.46,7.18,77.0,1020.0,3.25,0.23,100.0,10000.0,5.24,194.0,36.0372673,126.6898854,MASTER,2025120616
KR10025001,2025120617,968.375,2.46,673033.92,7.82,78.0,1020.0,4.18,0.0,100.0,10000.0,4.82,202.0,36.0372673,126.6898854,MASTER,2025120617
KR10025001,2025120618,968.375,0.0,673033.92,10.95,66.0,1020.0,4.85,0.0,75.0,10000.0,4.73,201.0,36.0372673,126.6898854,MASTER,2025120618
KR10025001,2025120619,968.375,0.0,673033.92,10.23,70.0,1020.0,5.01,0.0,78.0,10000.0,4.17,213.0,36.0372673,126.6898854,MASTER,2025120619
KR10025001,2025120620,968.375,0.0,673033.92,9.53,73.0,1020.0,4.94,0.0,75.0,10000.0,4.39,220.0,36.0372673,126.6898854,MASTER,2025120620
KR10025001,2025120621,968.375,0.0,673033.92,8.98,77.0,1020.0,5.17,0.0,67.0,10000.0,4.38,224.0,36.0372673,126.6898854,MASTER,2025120621
KR10025001,2025120622,968.375,0.0,673033.92,8.68,79.0,1020.0,5.25,0.0,15.0,10000.0,4.46,233.0,36.0372673,126.6898854,MASTER,2025120622
KR10025001,2025120623,968.375,0.0,673033.92,8.56,82.0,1021.0,5.5,0.0,0.0,10000.0,4.65,236.0,36.0372673,126.6898854,MASTER,2025120623
KR10025001,2025120700,968.375,0.0,673033.92,8.74,82.0,1021.0,5.78,0.0,0.0,10000.0,4.44,239.0,36.0372673,126.6898854,MASTER,2025120700
KR10025001,2025120701,968.375,0.0,673033.92,8.6,84.0,1020.0,5.87,0.0,0.0,10000.0,4.04,241.0,36.0372673,126.6898854,MASTER,2025120701
KR10025001,2025120702,968.375,0.0,673033.92,8.63,84.0,1021.0,6.02,0.0,0.0,10000.0,3.9,240.0,36.0372673,126.6898854,MASTER,2025120702
KR10025001,2025120703,968.375,0.0,673033.92,8.67,85.0,1021.0,6.08,0.0,0.0,10000.0,3.48,240.0,36.0372673,126.6898854,MASTER,2025120703
KR10025001,2025120704,968.375,0.0,673033.92,8.25,85.0,1020.0,5.84,0.0,0.0,10000.0,2.57,236.0,36.0372673,126.6898854,MASTER,2025120704
KR10025001,2025120705,968.375,0.0,673033.92,7.76,87.0,1020.0,5.57,0.0,0.0,10000.0,2.09,226.0,36.0372673,126.6898854,MASTER,2025120705
KR10025001,2025120706,968.375,0.0,673033.92,6.95,93.0,1021.0,5.9,0.0,20.0,10000.0,1.43,224.0,36.0372673,126.6898854,MASTER,2025120706
KR10025001,2025120707,968.375,5.06,673038.98,7.03,92.0,1021.0,5.82,0.0,16.0,10000.0,1.91,176.0,36.0372673,126.6898854,MASTER,2025120707
KR10025001,2025120708,968.375,71.68000000000002,673110.6599999999,7.01,91.0,1021.0,5.64,0.0,13.0,10000.0,2.22,166.0,36.0372673,126.6898854,MASTER,2025120708
KR10025001,2025120709,968.375,189.93000000000004,673300.5899999999,7.65,89.0,1021.0,5.95,0.37,10.0,10000.0,2.36,153.0,36.0372673,126.6898854,MASTER,2025120709
KR10025001,2025120710,968.375,323.65,673624.24,9.37,83.0,1022.0,6.63,0.92,22.0,10000.0,3.34,172.0,36.0372673,126.6898854,MASTER,2025120710
KR10025001,2025120711,968.375,310.16,673934.4,11.55,77.0,1021.0,7.51,1.61,38.0,10000.0,4.29,192.0,36.0372673,126.6898854,MASTER,2025120711
KR10025001,2025120712,968.375,358.28000000000003,674292.6799999999,12.64,73.0,1021.0,7.84,1.99,54.0,10000.0,5.8,209.0,36.0372673,126.6898854,MASTER,2025120712
KR10025001,2025120713,968.375,290.58,674583.2599999999,13.19,70.0,1020.0,7.78,2.03,63.0,10000.0,6.67,218.0,36.0372673,126.6898854,MASTER,2025120713
KR10025001,2025120714,968.375,247.03,674830.29,13.06,72.0,1019.0,8.11,1.55,71.0,10000.0,6.78,221.0,36.0372673,126.6898854,MASTER,2025120714
KR10025001,2025120715,968.375,108.23,674938.52,12.9,75.0,1019.0,8.52,0.9,76.0,10000.0,6.71,222.0,36.0372673,126.6898854,MASTER,2025120715
KR10025001,2025120716,968.375,37.40999999999997,674975.93,12.4,81.0,1019.0,9.24,0.36,100.0,10000.0,6.42,222.0,36.0372673,126.6898854,MASTER,2025120716
KR10025001,2025120717,968.375,1.9900000000000009,674977.92,11.94,84.0,1019.0,9.27,0.0,100.0,10000.0,6.69,230.0,36.0372673,126.6898854,MASTER,2025120717
KR10025001,2025120718,968.375,0.0,674977.92,12.95,76.0,1021.0,8.83,0.0,75.0,10000.0,6.0,230.0,36.0372673,126.6898854,MASTER,2025120718
KR10025001,2025120719,968.375,0.0,674977.92,12.67,78.0,1021.0,8.94,0.0,80.0,10000.0,5.82,244.0,36.0372673,126.6898854,MASTER,2025120719
KR10025001,2025120720,968.375,0.0,674977.92,12.36,81.0,1021.0,9.2,0.0,85.0,10000.0,5.6,262.0,36.0372673,126.6898854,MASTER,2025120720
KR10025001,2025120721,968.375,0.0,674977.92,11.86,80.0,1021.0,8.52,0.0,90.0,10000.0,6.78,312.0,36.0372673,126.6898854,MASTER,2025120721
KR10025001,2025120722,968.375,0.0,674977.92,10.77,69.0,1022.0,5.32,0.0,95.0,10000.0,6.52,319.0,36.0372673,126.6898854,MASTER,2025120722
KR10025001,2025120723,968.375,0.0,674977.92,9.94,68.0,1023.0,4.27,0.0,100.0,10000.0,6.4,322.0,36.0372673,126.6898854,MASTER,2025120723
KR10025001,2025120800,968.375,0.0,674977.92,9.49,53.0,1023.0,0.36,0.0,100.0,10000.0,6.5,327.0,36.0372673,126.6898854,MASTER,2025120800
KR10025001,2025120801,968.375,0.0,674977.92,9.0,53.0,1024.0,-0.18,0.0,100.0,10000.0,5.76,326.0,36.0372673,126.6898854,MASTER,2025120801
KR10025001,2025120802,968.375,0.0,674977.92,8.74,51.0,1025.0,-0.89,0.0,100.0,10000.0,6.36,323.0,36.0372673,126.6898854,MASTER,2025120802
KR10025001,2025120803,968.375,0.0,674977.92,8.32,48.0,1025.0,-2.21,0.0,100.0,10000.0,7.01,322.0,36.0372673,126.6898854,MASTER,2025120803
KR10025001,2025120804,968.375,0.0,674977.92,7.66,46.0,1025.0,-3.33,0.0,85.0,10000.0,6.61,323.0,36.0372673,126.6898854,MASTER,2025120804
KR10025001,2025120805,968.375,0.0,674977.92,7.14,47.0,1025.0,-3.57,0.0,65.0,10000.0,6.05,322.0,36.0372673,126.6898854,MASTER,2025120805
KR10025001,2025120806,968.375,0.0,674977.92,7.95,49.0,1026.0,-1.86,0.0,0.0,10000.0,5.27,354.0,36.0372673,126.6898854,MASTER,2025120806
KR10025001,2025120807,968.375,4.98,674982.9,7.52,50.0,1026.0,-1.97,0.0,20.0,10000.0,4.69,354.0,36.0372673,126.6898854,MASTER,2025120807
KR10025001,2025120808,968.375,79.81000000000003,675062.7100000001,6.85,51.0,1026.0,-2.28,0.0,32.0,10000.0,4.4,358.0,36.0372673,126.6898854,MASTER,2025120808
KR10025001,2025120809,968.375,267.5,675330.21,6.74,48.0,1027.0,-3.09,0.37,43.0,10000.0,4.91,356.0,36.0372673,126.6898854,MASTER,2025120809
KR10025001,2025120810,968.375,457.4200000000001,675787.6300000001,8.57,36.0,1029.0,-5.01,1.0,0.0,10000.0,5.86,352.0,36.0372673,126.6898854,MASTER,2025120810
KR10025001,2025120811,968.375,562.5300000000001,676350.16,8.95,34.0,1029.0,-5.37,1.75,0.0,10000.0,5.49,349.0,36.0372673,126.6898854,MASTER,2025120811
KR10025001,2025120812,968.375,601.62,676951.7799999999,8.69,35.0,1029.0,-5.24,2.24,0.0,10000.0,5.28,341.0,36.0372673,126.6898854,MASTER,2025120812
KR10025001,2025120813,968.375,575.98,677527.76,8.95,29.0,1028.0,-7.22,2.21,0.0,10000.0,5.63,335.0,36.0372673,126.6898854,MASTER,2025120813
KR10025001,2025120814,968.375,470.08,677997.8400000001,8.7,31.0,1028.0,-6.64,1.78,5.0,10000.0,6.15,330.0,36.0372673,126.6898854,MASTER,2025120814
KR10025001,2025120815,968.375,257.46000000000004,678255.2999999999,8.29,33.0,1028.0,-6.24,1.05,15.0,10000.0,6.42,331.0,36.0372673,126.6898854,MASTER,2025120815
KR10025001,2025120816,968.375,82.49,678337.7899999999,7.58,35.0,1028.0,-6.12,0.42,5.0,10000.0,6.16,335.0,36.0372673,126.6898854,MASTER,2025120816
KR10025001,2025120817,968.375,3.650000000000001,678341.44,6.45,42.0,1028.0,-4.9,0.0,23.0,10000.0,5.03,343.0,36.0372673,126.6898854,MASTER,2025120817
KR10025001,2025120818,968.375,0.0,678341.44,5.95,39.0,1029.0,-6.16,0.0,0.0,10000.0,3.7,354.0,36.0372673,126.6898854,MASTER,2025120818
KR10025001,2025120819,968.375,0.0,678341.44,5.6,42.0,1029.0,-5.58,0.0,4.0,10000.0,3.14,4.0,36.0372673,126.6898854,MASTER,2025120819
KR10025001,2025120820,968.375,0.0,678341.44,5.1,45.0,1029.0,-5.19,0.0,10.0,10000.0,2.64,13.0,36.0372673,126.6898854,MASTER,2025120820
KR10025001,2025120821,968.375,0.0,678341.44,4.53,48.0,1029.0,-4.9,0.0,13.0,10000.0,2.16,12.0,36.0372673,126.6898854,MASTER,2025120821
KR10025001,2025120822,968.375,0.0,678341.44,3.94,53.0,1029.0,-4.22,0.0,2.0,10000.0,1.99,7.0,36.0372673,126.6898854,MASTER,2025120822
KR10025001,2025120823,968.375,0.0,678341.44,3.24,57.0,1029.0,-4.51,0.0,3.0,10000.0,1.98,12.0,36.0372673,126.6898854,MASTER,2025120823
KR10025001,2025120900,968.375,0.0,678341.44,3.08,59.0,1030.0,-4.29,0.0,3.0,10000.0,1.89,5.0,36.0372673,126.6898854,MASTER,2025120900
KR10025001,2025120901,968.375,0.0,678341.44,2.87,61.0,1029.0,-4.09,0.0,4.0,10000.0,2.07,14.0,36.0372673,126.6898854,MASTER,2025120901
KR10025001,2025120902,968.375,0.0,678341.44,2.49,62.0,1029.0,-4.08,0.0,4.0,10000.0,2.18,28.0,36.0372673,126.6898854,MASTER,2025120902
KR10025001,2025120903,968.375,0.0,678341.44,1.97,64.0,1029.0,-4.16,0.0,4.0,10000.0,2.01,36.0,36.0372673,126.6898854,MASTER,2025120903
KR10025001,2025120904,968.375,0.0,678341.44,1.58,66.0,1029.0,-4.16,0.0,4.0,10000.0,2.06,40.0,36.0372673,126.6898854,MASTER,2025120904
KR10025001,2025120905,968.375,0.0,678341.44,1.21,68.0,1029.0,-4.16,0.0,4.0,10000.0,2.22,53.0,36.0372673,126.6898854,MASTER,2025120905
KR10025001,2025120906,968.375,0.0,678341.44,-1.05,74.0,1028.0,-4.63,0.0,0.0,10000.0,1.84,69.0,36.0372673,126.6898854,MASTER,2025120906
KR10025001,2025120907,968.375,5.850000000000001,678347.29,-0.59,72.0,1028.0,-4.5,0.0,3.0,10000.0,1.67,70.0,36.0372673,126.6898854,MASTER,2025120907
KR10025001,2025120908,968.375,80.92000000000002,678428.21,-0.08,70.0,1028.0,-4.34,0.0,5.0,10000.0,1.71,72.0,36.0372673,126.6898854,MASTER,2025120908
KR10025001,2025120909,968.375,257.92999999999995,678686.14,1.12,66.0,1029.0,-4.0,0.36,7.0,10000.0,1.45,83.0,36.0372673,126.6898854,MASTER,2025120909
KR10025001,2025120910,968.375,436.55,679122.6900000001,2.85,61.0,1029.0,-3.47,0.93,9.0,10000.0,1.9,81.0,36.0372673,126.6898854,MASTER,2025120910
KR10025001,2025120911,968.375,539.47,679662.1600000001,4.99,56.0,1029.0,-3.23,1.64,10.0,10000.0,1.41,72.0,36.0372673,126.6898854,MASTER,2025120911
KR10025001,2025120912,968.375,576.42,680238.5800000001,6.02,54.0,1028.0,-2.67,2.12,9.0,10000.0,1.13,344.0,36.0372673,126.6898854,MASTER,2025120912
KR10025001,2025120913,968.375,542.4900000000001,680781.0700000001,6.91,52.0,1028.0,-2.3,2.16,8.0,10000.0,2.01,301.0,36.0372673,126.6898854,MASTER,2025120913
KR10025001,2025120914,968.375,441.08,681222.1500000001,8.49,48.0,1028.0,-1.66,1.73,17.0,10000.0,2.53,286.0,36.0372673,126.6898854,MASTER,2025120914
KR10025001,2025120915,968.375,247.71000000000004,681469.8600000001,8.95,46.0,1028.0,-1.8,1.03,20.0,10000.0,2.64,286.0,36.0372673,126.6898854,MASTER,2025120915
KR10025001,2025120916,968.375,79.72,681549.58,8.41,49.0,1028.0,-1.48,0.41,17.0,10000.0,2.89,289.0,36.0372673,126.6898854,MASTER,2025120916
KR10025001,2025120917,968.375,3.3200000000000003,681552.9,7.5,54.0,1028.0,-1.06,0.0,13.0,10000.0,2.24,285.0,36.0372673,126.6898854,MASTER,2025120917
KR10025001,2025120918,968.375,0.0,681552.9,6.95,57.0,1028.0,-0.86,0.0,0.0,10000.0,1.61,277.0,36.0372673,126.6898854,MASTER,2025120918
KR10025001,2025120919,968.375,0.0,681552.9,6.44,59.0,1028.0,-0.87,0.0,0.0,10000.0,0.9,287.0,36.0372673,126.6898854,MASTER,2025120919
KR10025001,2025120920,968.375,0.0,681552.9,5.91,61.0,1028.0,-0.91,0.0,0.0,10000.0,0.89,256.0,36.0372673,126.6898854,MASTER,2025120920
KR10025001,2025120921,968.375,0.0,681552.9,5.25,64.0,1028.0,-0.88,0.0,1.0,10000.0,0.31,94.0,36.0372673,126.6898854,MASTER,2025120921
KR10025001,2025120922,968.375,0.0,681552.9,4.57,67.0,1028.0,-0.9,0.0,0.0,10000.0,1.19,161.0,36.0372673,126.6898854,MASTER,2025120922
KR10025001,2025120923,968.375,0.0,681552.9,3.62,71.0,1028.0,-1.25,0.0,3.0,10000.0,1.73,130.0,36.0372673,126.6898854,MASTER,2025120923
KR10025001,2025121000,968.375,0.0,681552.9,3.32,73.0,1028.0,-1.19,0.0,32.0,10000.0,1.88,144.0,36.0372673,126.6898854,MASTER,2025121000
KR10025001,2025121001,968.375,0.0,681552.9,3.03,74.0,1028.0,-1.28,0.0,49.0,10000.0,1.52,118.0,36.0372673,126.6898854,MASTER,2025121001
KR10025001,2025121002,968.375,0.0,681552.9,3.05,74.0,1028.0,-1.25,0.0,59.0,10000.0,1.52,109.0,36.0372673,126.6898854,MASTER,2025121002
KR10025001,2025121003,968.375,0.0,681552.9,3.22,74.0,1028.0,-1.08,0.0,66.0,10000.0,2.51,157.0,36.0372673,126.6898854,MASTER,2025121003
KR10025001,2025121004,968.375,0.0,681552.9,2.91,75.0,1027.0,-1.24,0.0,100.0,10000.0,1.93,112.0,36.0372673,126.6898854,MASTER,2025121004
KR10025001,2025121005,968.375,0.0,681552.9,2.71,75.0,1027.0,-1.42,0.0,100.0,10000.0,1.95,92.0,36.0372673,126.6898854,MASTER,2025121005
KR10025001,2025121006,968.375,0.0,681552.9,0.95,86.0,1027.0,-0.99,0.0,0.0,10000.0,2.3,96.0,36.0372673,126.6898854,MASTER,2025121006
KR10025001,2025121007,968.375,4.659999999999998,681557.56,1.26,83.0,1027.0,-1.15,0.0,20.0,10000.0,2.35,93.0,36.0372673,126.6898854,MASTER,2025121007
KR10025001,2025121008,968.375,48.98000000000002,681606.54,0.95,80.0,1027.0,-1.86,0.0,40.0,10000.0,2.16,107.0,36.0372673,126.6898854,MASTER,2025121008
KR10025001,2025121009,968.375,214.13,681820.67,2.32,77.0,1027.0,-1.14,0.35,79.0,10000.0,2.17,106.0,36.0372673,126.6898854,MASTER,2025121009
KR10025001,2025121010,968.375,389.2600000000001,682209.9299999999,4.95,70.0,1027.0,-0.05,0.89,75.0,10000.0,2.26,104.0,36.0372673,126.6898854,MASTER,2025121010
KR10025001,2025121011,968.375,498.2000000000001,682708.13,5.26,67.0,1027.0,-0.32,1.39,79.0,10000.0,1.91,108.0,36.0372673,126.6898854,MASTER,2025121011
KR10025001,2025121012,968.375,512.3900000000001,683220.52,6.05,64.0,1027.0,-0.21,1.86,84.0,10000.0,2.02,154.0,36.0372673,126.6898854,MASTER,2025121012
KR10025001,2025121013,968.375,425.64,683646.1599999999,7.11,59.0,1026.0,-0.31,1.89,89.0,10000.0,1.84,200.0,36.0372673,126.6898854,MASTER,2025121013
KR10025001,2025121014,968.375,352.5,683998.6599999999,8.17,55.0,1025.0,-0.28,1.36,94.0,10000.0,1.69,207.0,36.0372673,126.6898854,MASTER,2025121014
KR10025001,2025121015,968.375,123.39,684122.0499999999,9.07,52.0,1024.0,-0.47,0.86,99.0,10000.0,0.93,185.0,36.0372673,126.6898854,MASTER,2025121015
KR10025001,2025121016,968.375,51.59,684173.6399999999,9.02,53.0,1024.0,-0.13,0.36,100.0,10000.0,0.86,167.0,36.0372673,126.6898854,MASTER,2025121016
KR10025001,2025121017,968.375,1.8800000000000003,684175.52,8.18,57.0,1024.0,0.0,0.0,100.0,10000.0,0.58,157.0,36.0372673,126.6898854,MASTER,2025121017
KR10025001,2025121018,968.375,0.0,684175.52,8.95,57.0,1023.0,0.9,0.0,75.0,10000.0,1.28,161.0,36.0372673,126.6898854,MASTER,2025121018
KR10025001,2025121019,968.375,0.0,684175.52,8.79,59.0,1023.0,1.23,0.0,80.0,10000.0,1.6,161.0,36.0372673,126.6898854,MASTER,2025121019
KR10025001,2025121020,968.375,0.0,684175.52,8.59,60.0,1023.0,1.27,0.0,85.0,10000.0,1.93,154.0,36.0372673,126.6898854,MASTER,2025121020
KR10025001,2025121021,968.375,0.0,684175.52,8.31,62.0,1022.0,1.46,0.0,90.0,10000.0,2.27,155.0,36.0372673,126.6898854,MASTER,2025121021
KR10025001,2025121022,968.375,0.0,684175.52,8.12,63.0,1022.0,1.51,0.0,95.0,10000.0,2.19,157.0,36.0372673,126.6898854,MASTER,2025121022
KR10025001,2025121023,968.375,0.0,684175.52,7.49,61.0,1022.0,0.24,0.0,100.0,10000.0,2.01,158.0,36.0372673,126.6898854,MASTER,2025121023
KR10025001,2025121100,968.375,0.0,684175.52,6.79,61.0,1021.0,-0.33,0.0,94.0,10000.0,2.05,138.0,36.0372673,126.6898854,MASTER,2025121100
KR10025001,2025121101,968.375,0.0,684175.52,6.62,61.0,1020.0,-0.43,0.0,95.0,10000.0,2.28,128.0,36.0372673,126.6898854,MASTER,2025121101
KR10025001,2025121102,968.375,0.0,684175.52,6.71,62.0,1020.0,-0.13,0.0,96.0,10000.0,2.78,141.0,36.0372673,126.6898854,MASTER,2025121102
KR10025001,2025121103,968.375,0.0,684175.52,6.77,65.0,1020.0,0.63,0.0,96.0,10000.0,3.54,175.0,36.0372673,126.6898854,MASTER,2025121103
KR10025001,2025121104,968.375,0.0,684175.52,7.48,65.0,1018.0,1.27,0.0,100.0,10000.0,3.24,166.0,36.0372673,126.6898854,MASTER,2025121104
KR10025001,2025121105,968.375,0.0,684175.52,7.39,68.0,1018.0,1.74,0.0,98.0,10000.0,2.47,175.0,36.0372673,126.6898854,MASTER,2025121105
KR10025001,2025121106,968.375,0.0,684175.52,7.95,81.0,1017.0,4.89,0.0,75.0,10000.0,2.79,170.0,36.0372673,126.6898854,MASTER,2025121106
KR10025001,2025121107,968.375,0.5700000000000001,684176.09,7.98,82.0,1017.0,5.1,0.0,79.0,10000.0,3.11,187.0,36.0372673,126.6898854,MASTER,2025121107
KR10025001,2025121108,968.375,40.640000000000015,684216.73,8.29,84.0,1017.0,5.75,0.0,82.0,10000.0,3.48,198.0,36.0372673,126.6898854,MASTER,2025121108
KR10025001,2025121109,968.375,138.04000000000002,684354.77,8.99,85.0,1018.0,6.61,0.08,86.0,10000.0,3.84,212.0,36.0372673,126.6898854,MASTER,2025121109
KR10025001,2025121110,968.375,236.06000000000003,684590.83,9.78,89.0,1019.0,8.06,0.35,95.0,10000.0,4.76,266.0,36.0372673,126.6898854,MASTER,2025121110
KR10025001,2025121111,968.375,212.8400000000001,684803.6699999999,10.95,84.0,1019.0,8.26,0.99,98.0,10000.0,7.69,329.0,36.0372673,126.6898854,MASTER,2025121111
KR10025001,2025121112,968.375,376.75,685180.4199999999,10.5,77.0,1019.0,6.6,1.3,98.0,10000.0,9.11,328.0,36.0372673,126.6898854,MASTER,2025121112
KR10025001,2025121113,968.375,403.37,685583.79,9.98,65.0,1020.0,3.68,2.05,80.0,10000.0,9.58,329.0,36.0372673,126.6898854,MASTER,2025121113
KR10025001,2025121114,968.375,367.25,685951.04,9.59,62.0,1021.0,2.59,1.79,64.0,10000.0,9.22,338.0,36.0372673,126.6898854,MASTER,2025121114
KR10025001,2025121115,968.375,210.14000000000004,686161.18,8.4,55.0,1022.0,-0.09,1.07,54.0,10000.0,9.61,341.0,36.0372673,126.6898854,MASTER,2025121115
KR10025001,2025121116,968.375,71.07000000000001,686232.2500000001,7.19,50.0,1023.0,-2.71,0.43,1.0,10000.0,8.49,344.0,36.0372673,126.6898854,MASTER,2025121116
KR10025001,2025121117,968.375,3.8,686236.0499999999,5.84,50.0,1025.0,-3.84,0.0,1.0,10000.0,8.37,344.0,36.0372673,126.6898854,MASTER,2025121117
KR10025001,2025121118,968.375,0.0,686236.0499999999,7.95,61.0,1026.0,0.9,0.0,20.0,10000.0,7.61,345.0,36.0372673,126.6898854,MASTER,2025121118
KR10025001,2025121119,968.375,0.0,686236.0499999999,7.19,58.0,1026.0,-0.45,0.0,16.0,10000.0,7.75,348.0,36.0372673,126.6898854,MASTER,2025121119
KR10025001,2025121120,968.375,0.0,686236.0499999999,5.98,56.0,1027.0,-1.88,0.0,12.0,10000.0,6.59,356.0,36.0372673,126.6898854,MASTER,2025121120
KR10025001,2025121121,968.375,0.0,686236.0499999999,4.58,55.0,1027.0,-3.25,0.0,18.0,10000.0,5.59,350.0,36.0372673,126.6898854,MASTER,2025121121
KR10025001,2025121122,968.375,0.0,686236.0499999999,3.03,54.0,1028.0,-4.75,0.0,84.0,10000.0,5.24,350.0,36.0372673,126.6898854,MASTER,2025121122
KR10025001,2025121123,968.375,0.0,686236.0499999999,1.36,54.0,1029.0,-7.06,0.0,100.0,10000.0,4.3,356.0,36.0372673,126.6898854,MASTER,2025121123
KR10025001,2025121200,968.375,0.0,686236.0499999999,0.93,55.0,1029.0,-7.26,0.0,99.0,10000.0,3.54,15.0,36.0372673,126.6898854,MASTER,2025121200
KR10025001,2025121201,968.375,0.0,686236.0499999999,0.54,56.0,1029.0,-7.22,0.0,98.0,10000.0,2.96,28.0,36.0372673,126.6898854,MASTER,2025121201
KR10025001,2025121202,968.375,0.0,686236.0499999999,-0.09,58.0,1030.0,-7.47,0.0,98.0,10000.0,3.01,56.0,36.0372673,126.6898854,MASTER,2025121202
KR10025001,2025121203,968.375,0.0,686236.0499999999,-0.59,57.0,1030.0,-8.19,0.0,98.0,10000.0,1.88,71.0,36.0372673,126.6898854,MASTER,2025121203
KR10025001,2025121204,968.375,0.0,686236.0499999999,-0.8,56.0,1030.0,-8.57,0.0,36.0,10000.0,1.52,47.0,36.0372673,126.6898854,MASTER,2025121204
KR10025001,2025121205,968.375,0.0,686236.0499999999,-0.64,56.0,1029.0,-8.36,0.0,60.0,10000.0,2.18,45.0,36.0372673,126.6898854,MASTER,2025121205
KR10025001,2025121206,968.375,0.0,686236.0499999999,4.95,56.0,1030.0,-2.73,0.0,0.0,10000.0,2.67,27.0,36.0372673,126.6898854,MASTER,2025121206
KR10025001,2025121207,968.375,4.3100000000000005,686240.36,3.95,56.0,1030.0,-3.56,0.0,14.0,10000.0,3.26,26.0,36.0372673,126.6898854,MASTER,2025121207
KR10025001,2025121208,968.375,71.33000000000001,686311.6899999998,2.98,54.0,1030.0,-4.8,0.0,30.0,10000.0,2.29,57.0,36.0372673,126.6898854,MASTER,2025121208
KR10025001,2025121209,968.375,253.98,686565.67,2.42,48.0,1031.0,-6.63,0.34,38.0,10000.0,2.5,43.0,36.0372673,126.6898854,MASTER,2025121209
KR10025001,2025121210,968.375,434.47,687000.1400000001,2.57,41.0,1032.0,-8.32,0.93,68.0,10000.0,2.88,49.0,36.0372673,126.6898854,MASTER,2025121210
KR10025001,2025121211,968.375,540.4099999999999,687540.5499999999,3.32,36.0,1031.0,-10.41,1.66,44.0,10000.0,2.78,70.0,36.0372673,126.6898854,MASTER,2025121211
KR10025001,2025121212,968.375,581.38,688121.93,4.53,33.0,1031.0,-10.59,2.18,30.0,10000.0,2.31,88.0,36.0372673,126.6898854,MASTER,2025121212
KR10025001,2025121213,968.375,552.02,688673.9500000001,5.56,30.0,1030.0,-10.63,2.21,23.0,10000.0,2.16,95.0,36.0372673,126.6898854,MASTER,2025121213
KR10025001,2025121214,968.375,446.9500000000001,689120.9000000001,6.35,30.0,1029.0,-10.25,1.78,19.0,10000.0,1.63,98.0,36.0372673,126.6898854,MASTER,2025121214
KR10025001,2025121215,968.375,248.25,689369.1499999999,6.82,30.0,1029.0,-9.71,1.05,18.0,10000.0,1.28,84.0,36.0372673,126.6898854,MASTER,2025121215
KR10025001,2025121216,968.375,91.94,689461.0899999999,6.86,32.0,1029.0,-8.86,0.41,45.0,10000.0,1.03,131.0,36.0372673,126.6898854,MASTER,2025121216
KR10025001,2025121217,968.375,4.830000000000003,689465.92,5.6,37.0,1029.0,-7.99,0.0,27.0,10000.0,0.71,182.0,36.0372673,126.6898854,MASTER,2025121217
KR10025001,2025121218,968.375,0.0,689465.92,6.95,53.0,1029.0,-1.74,0.0,75.0,10000.0,0.39,44.0,36.0372673,126.6898854,MASTER,2025121218
KR10025001,2025121219,968.375,0.0,689465.92,6.58,51.0,1029.0,-2.5,0.0,78.0,10000.0,1.71,23.0,36.0372673,126.6898854,MASTER,2025121219
KR10025001,2025121220,968.375,0.0,689465.92,6.01,55.0,1029.0,-2.07,0.0,82.0,10000.0,1.89,51.0,36.0372673,126.6898854,MASTER,2025121220
KR10025001,2025121221,968.375,0.0,689465.92,5.03,62.0,1030.0,-1.45,0.0,85.0,10000.0,2.21,46.0,36.0372673,126.6898854,MASTER,2025121221
KR10025001,2025121222,968.375,0.0,689465.92,4.13,69.0,1030.0,-0.92,0.0,89.0,10000.0,2.26,59.0,36.0372673,126.6898854,MASTER,2025121222
KR10025001,2025121223,968.375,0.0,689465.92,3.29,73.0,1030.0,-1.17,0.0,97.0,10000.0,2.37,57.0,36.0372673,126.6898854,MASTER,2025121223
KR10025001,2025121300,968.375,0.0,689465.92,3.15,74.0,1030.0,-1.19,0.0,90.0,10000.0,2.42,62.0,36.0372673,126.6898854,MASTER,2025121300
KR10025001,2025121301,968.375,0.0,689465.92,3.04,74.0,1029.0,-1.2,0.0,92.0,10000.0,2.48,86.0,36.0372673,126.6898854,MASTER,2025121301
KR10025001,2025121302,968.375,0.0,689465.92,2.96,75.0,1029.0,-1.11,0.0,94.0,10000.0,3.15,91.0,36.0372673,126.6898854,MASTER,2025121302
KR10025001,2025121303,968.375,0.0,689465.92,2.8,77.0,1029.0,-0.89,0.0,95.0,10000.0,3.16,84.0,36.0372673,126.6898854,MASTER,2025121303
KR10025001,2025121304,968.375,0.0,689465.92,2.64,79.0,1027.0,-0.8,0.0,100.0,10000.0,3.11,82.0,36.0372673,126.6898854,MASTER,2025121304
KR10025001,2025121305,968.375,0.0,689465.92,2.48,79.0,1027.0,-0.8,0.0,99.0,10000.0,3.07,61.0,36.0372673,126.6898854,MASTER,2025121305
KR10025001,2025121306,968.375,0.0,689465.92,2.95,81.0,1026.0,0.01,0.0,75.0,10000.0,2.7,58.0,36.0372673,126.6898854,MASTER,2025121306
KR10025001,2025121307,968.375,2.51,689468.43,3.14,80.0,1026.0,0.03,0.0,79.0,10000.0,2.44,45.0,36.0372673,126.6898854,MASTER,2025121307
KR10025001,2025121308,968.375,33.29,689501.72,3.38,79.0,1026.0,0.09,0.0,84.0,10000.0,3.31,40.0,36.0372673,126.6898854,MASTER,2025121308
KR10025001,2025121309,968.375,49.16,689550.88,3.95,77.0,1025.0,0.29,0.13,88.0,10000.0,2.73,58.0,36.0372673,126.6898854,MASTER,2025121309
KR10025001,2025121310,968.375,80.36,689631.2400000001,5.18,71.0,1024.0,0.36,0.44,95.0,10000.0,2.27,58.0,36.0372673,126.6898854,MASTER,2025121310
KR10025001,2025121311,968.375,117.95,689749.1900000001,5.94,67.0,1025.0,0.26,0.52,100.0,10000.0,2.07,34.0,36.0372673,126.6898854,MASTER,2025121311
KR10025001,2025121312,968.375,79.62,689828.8099999999,5.28,75.0,1023.0,1.13,0.34,100.0,10000.0,3.08,28.0,36.0372673,126.6898854,MASTER,2025121312
KR10025001,2025121313,968.375,77.48,689906.2899999999,4.72,84.0,1022.0,2.24,0.3,100.0,10000.0,2.84,358.0,36.0372673,126.6898854,MASTER,2025121313
KR10025001,2025121314,968.375,58.970000000000006,689965.26,4.06,93.0,1021.0,2.93,0.2,100.0,10000.0,2.3,7.0,36.0372673,126.6898854,MASTER,2025121314
KR10025001,2025121315,968.375,30.60999999999998,689995.87,3.93,93.0,1021.0,2.78,0.1,100.0,8097.0,1.13,8.0,36.0372673,126.6898854,MASTER,2025121315
KR10025001,2025121316,968.375,8.310000000000004,690004.18,3.78,95.0,1020.0,2.85,0.04,100.0,1891.0,0.37,357.0,36.0372673,126.6898854,MASTER,2025121316
KR10025001,2025121317,968.375,0.31,690004.49,3.46,97.0,1020.0,2.96,0.0,100.0,234.0,1.56,283.0,36.0372673,126.6898854,MASTER,2025121317
KR10025001,2025121318,968.375,0.0,690004.49,3.95,93.0,1020.0,2.92,0.0,100.0,86.0,5.58,318.0,36.0372673,126.6898854,MASTER,2025121318
KR10025001,2025121319,968.375,0.0,690004.49,3.73,94.0,1020.0,2.86,0.0,100.0,0.0,4.87,321.0,36.0372673,126.6898854,MASTER,2025121319
KR10025001,2025121320,968.375,0.0,690004.49,3.44,95.0,1020.0,2.72,0.0,100.0,10000.0,2.47,349.0,36.0372673,126.6898854,MASTER,2025121320
KR10025001,2025121321,968.375,0.0,690004.49,3.15,96.0,1020.0,2.58,0.0,100.0,10000.0,2.73,329.0,36.0372673,126.6898854,MASTER,2025121321
KR10025001,2025121322,968.375,0.0,690004.49,2.87,97.0,1019.0,2.44,0.0,99.0,10000.0,2.56,331.0,36.0372673,126.6898854,MASTER,2025121322
KR10025001,2025121323,968.375,0.0,690004.49,4.15,86.0,1019.0,1.92,0.0,99.0,10000.0,3.86,328.0,36.0372673,126.6898854,MASTER,2025121323
KR10025001,2025121400,968.375,0.0,690004.49,3.75,92.0,1019.0,2.49,0.0,100.0,1439.0,5.59,353.0,36.0372673,126.6898854,MASTER,2025121400
KR10025001,2025121401,968.375,0.0,690004.49,3.61,79.0,1018.0,0.23,0.0,100.0,10000.0,4.8,347.0,36.0372673,126.6898854,MASTER,2025121401
KR10025001,2025121402,968.375,0.0,690004.49,4.04,72.0,1018.0,-0.7,0.0,98.0,10000.0,4.32,330.0,36.0372673,126.6898854,MASTER,2025121402
KR10025001,2025121403,968.375,0.0,690004.49,4.51,67.0,1018.0,-1.12,0.0,98.0,10000.0,4.94,319.0,36.0372673,126.6898854,MASTER,2025121403
KR10025001,2025121404,968.375,0.0,690004.49,4.71,67.0,1018.0,-0.94,0.0,100.0,10000.0,5.24,309.0,36.0372673,126.6898854,MASTER,2025121404
KR10025001,2025121405,968.375,0.0,690004.49,4.6,74.0,1017.0,0.25,0.0,100.0,10000.0,6.3,304.0,36.0372673,126.6898854,MASTER,2025121405
KR10025001,2025121406,968.375,0.0,690004.49,3.95,81.0,1018.0,0.99,0.0,100.0,10000.0,9.14,301.0,36.0372673,126.6898854,MASTER,2025121406
KR10025001,2025121407,968.375,2.63,690007.12,4.11,78.0,1018.0,0.62,0.0,100.0,10000.0,9.18,327.0,36.0372673,126.6898854,MASTER,2025121407
KR10025001,2025121408,968.375,34.86,690041.9800000001,3.65,79.0,1018.0,0.35,0.0,99.0,10000.0,6.4,339.0,36.0372673,126.6898854,MASTER,2025121408
KR10025001,2025121409,968.375,59.88000000000002,690101.86,3.63,80.0,1019.0,0.51,0.16,100.0,10000.0,6.42,336.0,36.0372673,126.6898854,MASTER,2025121409
KR10025001,2025121410,968.375,60.5,690162.36,4.09,74.0,1020.0,-0.11,0.52,100.0,10000.0,6.23,328.0,36.0372673,126.6898854,MASTER,2025121410
KR10025001,2025121411,968.375,60.120000000000005,690222.48,5.79,56.0,1020.0,-2.47,1.18,100.0,10000.0,6.99,320.0,36.0372673,126.6898854,MASTER,2025121411
KR10025001,2025121412,968.375,70.52000000000001,690293.0,5.93,56.0,1020.0,-2.25,1.65,100.0,10000.0,7.95,319.0,36.0372673,126.6898854,MASTER,2025121412
KR10025001,2025121413,968.375,80.94,690373.9400000001,6.22,56.0,1020.0,-2.0,1.72,100.0,10000.0,8.62,311.0,36.0372673,126.6898854,MASTER,2025121413
KR10025001,2025121414,968.375,77.81,690451.75,5.91,57.0,1020.0,-2.03,1.38,100.0,10000.0,8.84,304.0,36.0372673,126.6898854,MASTER,2025121414
KR10025001,2025121415,968.375,46.23999999999997,690497.9900000001,5.71,56.0,1020.0,-2.47,0.82,99.0,10000.0,8.67,306.0,36.0372673,126.6898854,MASTER,2025121415
KR10025001,2025121416,968.375,15.980000000000008,690513.9700000001,5.41,57.0,1020.0,-2.55,0.35,94.0,10000.0,8.1,311.0,36.0372673,126.6898854,MASTER,2025121416
KR10025001,2025121417,968.375,0.5,690514.4700000001,5.03,58.0,1021.0,-2.64,0.0,96.0,10000.0,7.86,313.0,36.0372673,126.6898854,MASTER,2025121417
KR10025001,2025121418,968.375,0.0,690514.4700000001,4.95,52.0,1022.0,-3.61,0.0,75.0,10000.0,7.13,316.0,36.0372673,126.6898854,MASTER,2025121418
KR10025001,2025121419,968.375,0.0,690514.4700000001,4.92,54.0,1022.0,-3.19,0.0,75.0,10000.0,6.15,319.0,36.0372673,126.6898854,MASTER,2025121419
KR10025001,2025121420,968.375,0.0,690514.4700000001,4.85,56.0,1022.0,-2.81,0.0,77.0,10000.0,5.97,317.0,36.0372673,126.6898854,MASTER,2025121420
KR10025001,2025121421,968.375,0.0,690514.4700000001,4.78,60.0,1022.0,-2.05,0.0,81.0,10000.0,5.12,316.0,36.0372673,126.6898854,MASTER,2025121421
KR10025001,2025121422,968.375,0.0,690514.4700000001,4.74,63.0,1023.0,-1.5,0.0,95.0,10000.0,4.38,322.0,36.0372673,126.6898854,MASTER,2025121422
KR10025001,2025121423,968.375,0.0,690514.4700000001,4.77,64.0,1023.0,-1.55,0.0,100.0,10000.0,4.41,327.0,36.0372673,126.6898854,MASTER,2025121423
KR10025001,2025121500,968.375,0.0,690514.4700000001,4.57,62.0,1023.0,-2.07,0.0,100.0,10000.0,3.96,323.0,36.0372673,126.6898854,MASTER,2025121500
KR10025001,2025121501,968.375,0.0,690514.4700000001,4.44,64.0,1023.0,-2.0,0.0,100.0,10000.0,3.77,324.0,36.0372673,126.6898854,MASTER,2025121501
KR10025001,2025121502,968.375,0.0,690514.4700000001,4.37,64.0,1024.0,-1.89,0.0,100.0,10000.0,2.98,316.0,36.0372673,126.6898854,MASTER,2025121502
KR10025001,2025121503,968.375,0.0,690514.4700000001,4.13,65.0,1024.0,-2.06,0.0,96.0,10000.0,3.05,322.0,36.0372673,126.6898854,MASTER,2025121503
KR10025001,2025121504,968.375,0.0,690514.4700000001,3.87,69.0,1024.0,-1.43,0.0,98.0,10000.0,2.68,332.0,36.0372673,126.6898854,MASTER,2025121504
KR10025001,2025121505,968.375,0.0,690514.4700000001,3.65,72.0,1024.0,-1.14,0.0,82.0,10000.0,1.92,331.0,36.0372673,126.6898854,MASTER,2025121505
KR10025001,2025121506,968.375,0.0,690514.4700000001,1.95,87.0,1024.0,0.02,0.0,75.0,10000.0,1.16,33.0,36.0372673,126.6898854,MASTER,2025121506
KR10025001,2025121507,968.375,1.47,690515.94,1.97,85.0,1024.0,-0.25,0.0,73.0,10000.0,1.45,73.0,36.0372673,126.6898854,MASTER,2025121507
KR10025001,2025121508,968.375,19.25000000000001,690535.1900000001,1.94,84.0,1024.0,-0.42,0.0,67.0,10000.0,1.75,94.0,36.0372673,126.6898854,MASTER,2025121508
KR10025001,2025121509,968.375,44.64000000000001,690579.83,2.56,80.0,1025.0,-0.47,0.28,60.0,10000.0,1.91,113.0,36.0372673,126.6898854,MASTER,2025121509
KR10025001,2025121510,968.375,91.50000000000004,690671.33,3.96,73.0,1026.0,-0.38,0.75,49.0,10000.0,1.97,130.0,36.0372673,126.6898854,MASTER,2025121510
KR10025001,2025121511,968.375,277.24,690948.57,5.76,64.0,1026.0,-0.54,1.26,59.0,10000.0,1.19,172.0,36.0372673,126.6898854,MASTER,2025121511
KR10025001,2025121512,968.375,488.54,691437.1100000001,6.74,59.0,1026.0,-0.7,1.58,71.0,10000.0,1.42,247.0,36.0372673,126.6898854,MASTER,2025121512
KR10025001,2025121513,968.375,366.4100000000001,691803.5199999999,7.27,57.0,1025.0,-0.78,1.41,77.0,10000.0,2.39,269.0,36.0372673,126.6898854,MASTER,2025121513
KR10025001,2025121514,968.375,228.18000000000004,692031.7,7.32,56.0,1024.0,-0.81,1.26,82.0,10000.0,2.73,262.0,36.0372673,126.6898854,MASTER,2025121514
KR10025001,2025121515,968.375,144.98000000000002,692176.6799999999,7.19,56.0,1024.0,-0.95,0.84,84.0,10000.0,2.64,250.0,36.0372673,126.6898854,MASTER,2025121515
KR10025001,2025121516,968.375,71.83999999999997,692248.52,6.89,57.0,1024.0,-1.1,0.34,99.0,10000.0,2.51,248.0,36.0372673,126.6898854,MASTER,2025121516
KR10025001,2025121517,968.375,4.690000000000002,692253.21,6.1,62.0,1024.0,-0.76,0.0,100.0,10000.0,2.17,249.0,36.0372673,126.6898854,MASTER,2025121517
KR10025001,2025121518,968.375,0.0,348296.26,6.95,61.0,1024.0,-0.04,0.0,75.0,10000.0,1.59,254.0,36.0372673,126.6898854,MASTER,2025121518
KR10025001,2025121519,968.375,0.0,348296.26,6.67,62.0,1024.0,-0.08,0.0,80.0,10000.0,1.52,251.0,36.0372673,126.6898854,MASTER,2025121519
KR10025001,2025121520,968.375,0.0,214506.05,6.28,63.0,1024.0,-0.21,0.0,82.0,10000.0,1.68,206.0,36.0372673,126.6898854,MASTER,2025121520
KR10025001,2025121521,968.375,0.0,285138.88,5.85,66.0,1024.0,0.0,0.0,77.0,10000.0,1.94,179.0,36.0372673,126.6898854,MASTER,2025121521
KR10025001,2025121522,968.375,0.0,555422.7699999999,5.26,69.0,1024.0,0.04,0.0,21.0,10000.0,2.11,167.0,36.0372673,126.6898854,MASTER,2025121522
KR10025001,2025121523,968.375,0.0,214506.05,4.26,71.0,1024.0,-0.58,0.0,6.0,10000.0,2.31,159.0,36.0372673,126.6898854,MASTER,2025121523
KR10025001,2025121600,968.375,0.0,144605.33,4.02,73.0,1024.0,-0.53,0.0,7.0,10000.0,2.39,160.0,36.0372673,126.6898854,MASTER,2025121600
KR10025001,2025121601,968.375,0.0,283890.96,3.85,74.0,1024.0,-0.39,0.0,11.0,10000.0,2.36,157.0,36.0372673,126.6898854,MASTER,2025121601
KR10025001,2025121602,968.375,0.0,144605.33,3.78,75.0,1024.0,-0.34,0.0,19.0,10000.0,2.28,158.0,36.0372673,126.6898854,MASTER,2025121602
KR10025001,2025121603,968.375,0.0,214506.05,4.4,74.0,1024.0,0.07,0.0,34.0,10000.0,2.18,154.0,36.0372673,126.6898854,MASTER,2025121603
KR10025001,2025121604,968.375,0.0,353264.55,4.56,73.0,1024.0,0.14,0.0,100.0,10000.0,2.04,155.0,36.0372673,126.6898854,MASTER,2025121604
KR10025001,2025121605,968.375,0.0,214506.05,4.6,74.0,1023.0,0.26,0.0,100.0,10000.0,1.92,151.0,36.0372673,126.6898854,MASTER,2025121605
KR10025001,2025121606,968.375,0.0,214506.05,3.95,81.0,1023.0,0.99,0.0,100.0,10000.0,1.88,193.0,36.0372673,126.6898854,MASTER,2025121606
KR10025001,2025121607,968.375,0.22,214506.27,4.6,79.0,1023.0,1.28,0.0,100.0,10000.0,2.27,216.0,36.0372673,126.6898854,MASTER,2025121607
KR10025001,2025121608,968.375,6.880000000000001,692260.3099999999,5.33,78.0,1023.0,1.81,0.0,100.0,10000.0,2.51,200.0,36.0372673,126.6898854,MASTER,2025121608
KR10025001,2025121609,968.375,15.18,283909.80000000005,6.28,76.0,1023.0,2.37,0.12,100.0,10000.0,2.65,200.0,36.0372673,126.6898854,MASTER,2025121609
KR10025001,2025121610,968.375,37.28,283947.08,7.33,76.0,1023.0,3.38,0.3,100.0,10000.0,2.54,189.0,36.0372673,126.6898854,MASTER,2025121610
KR10025001,2025121611,968.375,65.97000000000001,348418.84,8.64,73.0,1023.0,4.09,0.62,100.0,10000.0,2.84,187.0,36.0372673,126.6898854,MASTER,2025121611
KR10025001,2025121612,968.375,50.85999999999999,285795.83,9.2,72.0,1023.0,4.36,0.95,100.0,10000.0,3.49,182.0,36.0372673,126.6898854,MASTER,2025121612
KR10025001,2025121613,968.375,51.14000000000001,284064.57,9.68,71.0,1022.0,4.61,1.16,100.0,10000.0,3.55,187.0,36.0372673,126.6898854,MASTER,2025121613
KR10025001,2025121614,968.375,66.46000000000001,348558.19,10.14,70.0,1022.0,4.93,0.71,100.0,10000.0,4.0,205.0,36.0372673,126.6898854,MASTER,2025121614
KR10025001,2025121615,968.375,34.15,284138.14,10.31,73.0,1021.0,5.63,0.36,100.0,10000.0,4.11,217.0,36.0372673,126.6898854,MASTER,2025121615
KR10025001,2025121616,968.375,11.87,284150.01,10.48,74.0,1021.0,5.86,0.18,63.0,10000.0,3.99,218.0,36.0372673,126.6898854,MASTER,2025121616
KR10025001,2025121617,968.375,0.44,284150.45,9.42,79.0,1022.0,5.81,0.0,41.0,10000.0,2.95,213.0,36.0372673,126.6898854,MASTER,2025121617
KR10025001,2025121618,968.375,0.02,214702.69,8.95,76.0,1021.0,4.95,0.0,75.0,10000.0,3.12,225.0,36.0372673,126.6898854,MASTER,2025121618
KR10025001,2025121619,968.375,0.0,214702.69,9.01,79.0,1021.0,5.57,0.0,79.0,10000.0,2.84,223.0,36.0372673,126.6898854,MASTER,2025121619
KR10025001,2025121620,968.375,0.0,144736.68,8.97,81.0,1021.0,5.89,0.0,81.0,10000.0,2.52,229.0,36.0372673,126.6898854,MASTER,2025121620
KR10025001,2025121621,968.375,12.8,348617.47,9.23,83.0,1021.0,6.5,0.0,83.0,10000.0,2.05,237.0,36.0372673,126.6898854,MASTER,2025121621
KR10025001,2025121622,968.375,63.33,353587.94,9.35,85.0,1021.0,6.96,0.0,82.0,10000.0,1.71,250.0,36.0372673,126.6898854,MASTER,2025121622
KR10025001,2025121623,968.375,0.0,214702.69,9.57,87.0,1021.0,7.38,0.0,91.0,10000.0,2.03,274.0,36.0372673,126.6898854,MASTER,2025121623
KR10025001,2025121700,968.375,33.11,285925.47,9.49,85.0,1020.0,7.08,0.0,94.0,10000.0,1.94,280.0,36.0372673,126.6898854,MASTER,2025121700
KR10025001,2025121701,968.375,0.0,348617.47,9.48,84.0,1020.0,6.69,0.0,96.0,10000.0,2.7,292.0,36.0372673,126.6898854,MASTER,2025121701
KR10025001,2025121702,968.375,0.0,284150.53,9.15,83.0,1021.0,6.28,0.0,97.0,10000.0,3.69,309.0,36.0372673,126.6898854,MASTER,2025121702
KR10025001,2025121703,968.375,0.0,214702.69,8.15,86.0,1021.0,5.78,0.0,97.0,10000.0,5.03,326.0,36.0372673,126.6898854,MASTER,2025121703
KR10025001,2025121704,968.375,0.0,348617.47,7.84,83.0,1021.0,4.98,0.0,100.0,10000.0,5.46,323.0,36.0372673,126.6898854,MASTER,2025121704
KR10025001,2025121705,968.375,0.0,214702.69,7.52,76.0,1020.0,3.47,0.0,90.0,10000.0,5.88,320.0,36.0372673,126.6898854,MASTER,2025121705
KR10025001,2025121706,968.375,126.41,419854.18,7.95,71.0,1021.0,3.02,0.0,100.0,10000.0,5.98,317.0,36.0372673,126.6898854,MASTER,2025121706
KR10025001,2025121707,968.375,0.8099999999999999,284151.34,7.79,70.0,1021.0,2.67,0.0,100.0,10000.0,6.51,320.0,36.0372673,126.6898854,MASTER,2025121707
KR10025001,2025121708,968.375,13.700000000000005,284165.04000000004,7.48,68.0,1021.0,1.96,0.0,100.0,10000.0,5.57,328.0,36.0372673,126.6898854,MASTER,2025121708
KR10025001,2025121709,968.375,86.99000000000001,284252.03,7.21,68.0,1022.0,1.71,0.3,92.0,10000.0,4.79,336.0,36.0372673,126.6898854,MASTER,2025121709
KR10025001,2025121710,968.375,105.71,284357.74,7.52,63.0,1023.0,0.94,0.79,30.0,10000.0,6.16,333.0,36.0372673,126.6898854,MASTER,2025121710
KR10025001,2025121711,968.375,315.17,416987.87000000005,7.72,59.0,1024.0,0.21,1.37,15.0,10000.0,6.89,327.0,36.0372673,126.6898854,MASTER,2025121711
KR10025001,2025121712,968.375,255.74000000000004,284758.4,7.8,57.0,1024.0,-0.11,1.79,12.0,10000.0,7.1,324.0,36.0372673,126.6898854,MASTER,2025121712
KR10025001,2025121713,968.375,207.73,284966.13,7.76,56.0,1023.0,-0.52,1.89,11.0,10000.0,7.06,323.0,36.0372673,126.6898854,MASTER,2025121713
KR10025001,2025121714,968.375,1483.54,695298.72,7.68,54.0,1023.0,-1.07,1.51,10.0,10000.0,7.27,321.0,36.0372673,126.6898854,MASTER,2025121714
KR10025001,2025121715,968.375,238.17,695536.89,7.43,52.0,1024.0,-1.81,0.9,9.0,10000.0,7.15,324.0,36.0372673,126.6898854,MASTER,2025121715
KR10025001,2025121716,968.375,80.09,695616.9799999999,7.0,53.0,1024.0,-2.01,0.37,2.0,10000.0,6.48,326.0,36.0372673,126.6898854,MASTER,2025121716
KR10025001,2025121717,968.375,4.010000000000002,695620.9900000001,6.29,56.0,1024.0,-1.91,0.0,2.0,10000.0,5.6,333.0,36.0372673,126.6898854,MASTER,2025121717
KR10025001,2025121718,968.375,0.0,695620.9900000001,6.95,61.0,1026.0,-0.04,0.0,20.0,10000.0,4.55,342.0,36.0372673,126.6898854,MASTER,2025121718
KR10025001,2025121719,968.375,0.0,695620.9900000001,6.53,61.0,1026.0,-0.39,0.0,16.0,10000.0,3.29,355.0,36.0372673,126.6898854,MASTER,2025121719
KR10025001,2025121720,968.375,0.0,695620.9900000001,5.97,62.0,1026.0,-0.66,0.0,13.0,10000.0,2.34,10.0,36.0372673,126.6898854,MASTER,2025121720
KR10025001,2025121721,968.375,0.0,695620.9900000001,5.31,62.0,1027.0,-1.21,0.0,9.0,10000.0,1.79,20.0,36.0372673,126.6898854,MASTER,2025121721
KR10025001,2025121722,968.375,0.0,695620.9900000001,4.53,63.0,1027.0,-1.67,0.0,4.0,10000.0,1.47,42.0,36.0372673,126.6898854,MASTER,2025121722
KR10025001,2025121723,968.375,0.0,695620.9900000001,3.66,64.0,1027.0,-2.7,0.0,0.0,10000.0,1.15,52.0,36.0372673,126.6898854,MASTER,2025121723
KR10025001,2025121800,968.375,0.0,695620.9900000001,3.42,64.0,1027.0,-2.76,0.0,0.0,10000.0,1.1,47.0,36.0372673,126.6898854,MASTER,2025121800
KR10025001,2025121801,968.375,0.0,695620.9900000001,3.21,65.0,1027.0,-2.71,0.0,0.0,10000.0,1.29,30.0,36.0372673,126.6898854,MASTER,2025121801
KR10025001,2025121802,968.375,0.0,695620.9900000001,3.01,66.0,1027.0,-2.76,0.0,0.0,10000.0,1.61,21.0,36.0372673,126.6898854,MASTER,2025121802
KR10025001,2025121803,968.375,0.0,695620.9900000001,2.79,67.0,1027.0,-2.77,0.0,0.0,10000.0,2.1,19.0,36.0372673,126.6898854,MASTER,2025121803
KR10025001,2025121804,968.375,0.0,695620.9900000001,2.52,68.0,1027.0,-2.85,0.0,0.0,10000.0,1.98,25.0,36.0372673,126.6898854,MASTER,2025121804
KR10025001,2025121805,968.375,0.0,695620.9900000001,2.21,69.0,1027.0,-2.95,0.0,0.0,10000.0,1.82,41.0,36.0372673,126.6898854,MASTER,2025121805
KR10025001,2025121806,968.375,0.0,695620.9900000001,-1.05,86.0,1027.0,-2.85,0.0,0.0,10000.0,1.89,56.0,36.0372673,126.6898854,MASTER,2025121806
KR10025001,2025121807,968.375,2.99,695623.98,-0.51,83.0,1027.0,-2.75,0.0,0.0,10000.0,2.02,65.0,36.0372673,126.6898854,MASTER,2025121807
KR10025001,2025121808,968.375,57.510000000000026,695681.4900000001,0.01,80.0,1027.0,-2.67,0.0,0.0,10000.0,2.04,69.0,36.0372673,126.6898854,MASTER,2025121808
KR10025001,2025121809,968.375,238.19,695919.68,1.13,76.0,1028.0,-2.32,0.32,0.0,10000.0,1.68,77.0,36.0372673,126.6898854,MASTER,2025121809
KR10025001,2025121810,968.375,437.24,696356.9199999999,2.95,67.0,1028.0,-2.27,0.83,0.0,10000.0,1.67,67.0,36.0372673,126.6898854,MASTER,2025121810
KR10025001,2025121811,968.375,536.48,696893.4,5.1,58.0,1028.0,-2.65,1.48,0.0,10000.0,1.5,54.0,36.0372673,126.6898854,MASTER,2025121811
KR10025001,2025121812,968.375,573.4,697466.8,6.06,53.0,1027.0,-2.97,1.94,0.0,10000.0,1.21,28.0,36.0372673,126.6898854,MASTER,2025121812
KR10025001,2025121813,968.375,550.2400000000001,698017.0399999999,6.85,49.0,1027.0,-3.27,1.97,0.0,10000.0,1.25,347.0,36.0372673,126.6898854,MASTER,2025121813
KR10025001,2025121814,968.375,454.8,698471.8399999999,7.37,47.0,1026.0,-3.32,1.57,0.0,10000.0,1.48,327.0,36.0372673,126.6898854,MASTER,2025121814
KR10025001,2025121815,968.375,253.07,698724.91,7.63,46.0,1026.0,-3.23,0.93,0.0,10000.0,1.49,319.0,36.0372673,126.6898854,MASTER,2025121815
KR10025001,2025121816,968.375,84.34000000000002,698809.2499999999,7.56,48.0,1026.0,-2.73,0.37,0.0,10000.0,1.39,314.0,36.0372673,126.6898854,MASTER,2025121816
KR10025001,2025121817,968.375,4.590000000000001,698813.84,6.27,57.0,1025.0,-1.78,0.0,0.0,10000.0,1.42,313.0,36.0372673,126.6898854,MASTER,2025121817
KR10025001,2025121818,968.375,0.0,698813.84,5.95,56.0,1025.0,-1.9,0.0,0.0,10000.0,0.89,340.0,36.0372673,126.6898854,MASTER,2025121818
KR10025001,2025121819,968.375,0.0,698813.84,5.73,57.0,1025.0,-1.87,0.0,0.0,10000.0,0.74,4.0,36.0372673,126.6898854,MASTER,2025121819
KR10025001,2025121820,968.375,0.0,698813.84,5.43,58.0,1025.0,-1.91,0.0,0.0,10000.0,1.43,67.0,36.0372673,126.6898854,MASTER,2025121820
KR10025001,2025121821,968.375,0.0,698813.84,4.89,59.0,1025.0,-2.16,0.0,0.0,10000.0,1.93,97.0,36.0372673,126.6898854,MASTER,2025121821
KR10025001,2025121822,968.375,0.0,698813.84,4.29,60.0,1024.0,-2.46,0.0,57.0,10000.0,1.71,108.0,36.0372673,126.6898854,MASTER,2025121822
KR10025001,2025121823,968.375,0.0,698813.84,3.82,62.0,1024.0,-2.92,0.0,84.0,10000.0,1.72,117.0,36.0372673,126.6898854,MASTER,2025121823
KR10025001,2025121900,968.375,0.0,698813.84,3.59,63.0,1024.0,-2.95,0.0,56.0,10000.0,1.35,114.0,36.0372673,126.6898854,MASTER,2025121900
KR10025001,2025121901,968.375,0.0,698813.84,3.54,64.0,1024.0,-2.67,0.0,64.0,10000.0,1.63,119.0,36.0372673,126.6898854,MASTER,2025121901
KR10025001,2025121902,968.375,0.0,698813.84,3.43,66.0,1025.0,-2.58,0.0,71.0,10000.0,1.85,99.0,36.0372673,126.6898854,MASTER,2025121902
KR10025001,2025121903,968.375,0.0,698813.84,3.1,67.0,1025.0,-2.61,0.0,76.0,10000.0,1.85,91.0,36.0372673,126.6898854,MASTER,2025121903
KR10025001,2025121904,968.375,0.0,698813.84,2.94,67.0,1024.0,-2.67,0.0,99.0,10000.0,1.89,93.0,36.0372673,126.6898854,MASTER,2025121904
KR10025001,2025121905,968.375,0.0,698813.84,2.93,67.0,1024.0,-2.67,0.0,100.0,10000.0,2.23,102.0,36.0372673,126.6898854,MASTER,2025121905
KR10025001,2025121906,968.375,0.0,698813.84,1.95,80.0,1023.0,-1.0,0.0,100.0,10000.0,3.1,98.0,36.0372673,126.6898854,MASTER,2025121906
KR10025001,2025121907,968.375,0.36,698814.2,2.17,77.0,1023.0,-1.27,0.0,99.0,10000.0,3.74,100.0,36.0372673,126.6898854,MASTER,2025121907
KR10025001,2025121908,968.375,13.260000000000009,698827.46,2.51,74.0,1023.0,-1.45,0.0,97.0,10000.0,3.84,100.0,36.0372673,126.6898854,MASTER,2025121908
KR10025001,2025121909,968.375,62.49000000000003,698889.95,3.47,70.0,1023.0,-1.3,0.17,95.0,10000.0,4.14,106.0,36.0372673,126.6898854,MASTER,2025121909
KR10025001,2025121910,968.375,185.24,699075.1899999998,5.37,65.0,1023.0,-0.59,0.44,100.0,10000.0,3.77,105.0,36.0372673,126.6898854,MASTER,2025121910
KR10025001,2025121911,968.375,298.27000000000004,699373.46,7.46,64.0,1023.0,1.08,0.61,100.0,10000.0,2.91,100.0,36.0372673,126.6898854,MASTER,2025121911
KR10025001,2025121912,968.375,531.44,699904.9,8.77,67.0,1022.0,2.83,0.78,100.0,10000.0,2.78,107.0,36.0372673,126.6898854,MASTER,2025121912
KR10025001,2025121913,968.375,472.43,700377.33,10.92,66.0,1021.0,4.83,1.01,100.0,10000.0,1.43,116.0,36.0372673,126.6898854,MASTER,2025121913
KR10025001,2025121914,968.375,404.12,700781.4500000001,11.93,67.0,1020.0,5.87,1.35,100.0,10000.0,0.9,274.0,36.0372673,126.6898854,MASTER,2025121914
KR10025001,2025121915,968.375,195.72,700977.1699999999,12.35,66.0,1020.0,6.1,0.92,84.0,10000.0,2.6,273.0,36.0372673,126.6898854,MASTER,2025121915
KR10025001,2025121916,968.375,79.05,701056.2200000001,11.72,72.0,1020.0,6.76,0.37,0.0,10000.0,1.83,251.0,36.0372673,126.6898854,MASTER,2025121916
KR10025001,2025121917,968.375,4.200000000000001,701060.4199999999,10.28,79.0,1020.0,6.61,0.0,4.0,10000.0,1.33,210.0,36.0372673,126.6898854,MASTER,2025121917
KR10025001,2025121918,968.375,0.0,701060.4199999999,13.95,58.0,1020.0,5.83,0.0,20.0,10000.0,1.47,182.0,36.0372673,126.6898854,MASTER,2025121918
KR10025001,2025121919,968.375,0.0,701060.4199999999,13.03,63.0,1020.0,6.16,0.0,16.0,10000.0,1.58,154.0,36.0372673,126.6898854,MASTER,2025121919
KR10025001,2025121920,968.375,0.0,701060.4199999999,12.0,69.0,1020.0,6.5,0.0,12.0,10000.0,2.04,133.0,36.0372673,126.6898854,MASTER,2025121920
KR10025001,2025121921,968.375,0.0,701060.4199999999,10.85,75.0,1020.0,6.6,0.0,8.0,10000.0,2.12,117.0,36.0372673,126.6898854,MASTER,2025121921
KR10025001,2025121922,968.375,0.0,701060.4199999999,9.7,82.0,1020.0,6.78,0.0,4.0,10000.0,2.21,114.0,36.0372673,126.6898854,MASTER,2025121922
KR10025001,2025121923,968.375,0.0,701060.4199999999,8.6,88.0,1020.0,6.7,0.0,1.0,10000.0,2.35,112.0,36.0372673,126.6898854,MASTER,2025121923
KR10025001,2025122000,968.375,0.0,701060.4199999999,8.47,89.0,1020.0,6.65,0.0,2.0,10000.0,2.32,101.0,36.0372673,126.6898854,MASTER,2025122000
KR10025001,2025122001,968.375,0.0,701060.4199999999,8.35,89.0,1020.0,6.59,0.0,2.0,10000.0,2.29,96.0,36.0372673,126.6898854,MASTER,2025122001
KR10025001,2025122002,968.375,0.0,701060.4199999999,8.29,89.0,1020.0,6.55,0.0,1.0,10000.0,2.3,95.0,36.0372673,126.6898854,MASTER,2025122002
KR10025001,2025122003,968.375,0.0,701060.4199999999,8.27,89.0,1020.0,6.53,0.0,1.0,10000.0,2.35,94.0,36.0372673,126.6898854,MASTER,2025122003
KR10025001,2025122004,968.375,0.0,701060.4199999999,8.34,90.0,1019.0,6.66,0.0,14.0,10000.0,2.4,97.0,36.0372673,126.6898854,MASTER,2025122004
KR10025001,2025122005,968.375,0.0,701060.4199999999,8.5,91.0,1019.0,6.99,0.0,30.0,10000.0,2.17,96.0,36.0372673,126.6898854,MASTER,2025122005
KR10025001,2025122006,968.375,0.0,701060.4199999999,8.95,93.0,1019.0,7.88,0.0,75.0,10000.0,2.22,108.0,36.0372673,126.6898854,MASTER,2025122006
KR10025001,2025122007,968.375,0.26,701060.68,8.98,92.0,1019.0,7.75,0.0,67.0,10000.0,2.71,109.0,36.0372673,126.6898854,MASTER,2025122007
KR10025001,2025122008,968.375,18.72000000000001,701079.4,9.11,91.0,1019.0,7.72,0.0,65.0,10000.0,2.69,110.0,36.0372673,126.6898854,MASTER,2025122008
KR10025001,2025122009,968.375,43.40999999999998,701122.8099999999,9.39,90.0,1019.0,7.83,0.13,65.0,10000.0,2.53,110.0,36.0372673,126.6898854,MASTER,2025122009
KR10025001,2025122010,968.375,49.25,701172.0600000002,10.48,86.0,1019.0,8.24,0.32,94.0,10000.0,2.13,118.0,36.0372673,126.6898854,MASTER,2025122010
KR10025001,2025122011,968.375,71.63,701243.6900000001,13.0,80.0,1019.0,9.53,0.29,68.0,10000.0,1.5,160.0,36.0372673,126.6898854,MASTER,2025122011
KR10025001,2025122012,968.375,53.580000000000005,701297.27,13.94,80.0,1018.0,10.39,0.33,60.0,10000.0,2.8,238.0,36.0372673,126.6898854,MASTER,2025122012
KR10025001,2025122013,968.375,43.65999999999999,701340.9299999999,12.5,88.0,1018.0,10.5,0.22,70.0,10000.0,3.98,266.0,36.0372673,126.6898854,MASTER,2025122013
KR10025001,2025122014,968.375,45.87,701386.7999999999,11.38,95.0,1017.0,10.47,0.12,76.0,10000.0,4.36,296.0,36.0372673,126.6898854,MASTER,2025122014
KR10025001,2025122015,968.375,27.91000000000001,701414.71,10.89,93.0,1018.0,9.72,0.1,80.0,10000.0,5.92,320.0,36.0372673,126.6898854,MASTER,2025122015
KR10025001,2025122016,968.375,11.430000000000009,701426.1399999999,10.14,90.0,1018.0,8.44,0.04,100.0,10000.0,6.48,326.0,36.0372673,126.6898854,MASTER,2025122016
KR10025001,2025122017,968.375,0.79,701426.93,9.35,86.0,1019.0,6.95,0.0,100.0,10000.0,7.21,329.0,36.0372673,126.6898854,MASTER,2025122017
KR10025001,2025122018,968.375,0.0,701426.93,9.95,76.0,1021.0,5.92,0.0,100.0,10000.0,7.04,324.0,36.0372673,126.6898854,MASTER,2025122018
KR10025001,2025122019,968.375,0.0,701426.93,9.64,73.0,1021.0,5.04,0.0,100.0,10000.0,7.15,333.0,36.0372673,126.6898854,MASTER,2025122019
KR10025001,2025122020,968.375,0.0,701426.93,9.07,68.0,1021.0,3.48,0.0,100.0,10000.0,5.69,335.0,36.0372673,126.6898854,MASTER,2025122020
KR10025001,2025122021,968.375,0.0,701426.93,8.01,64.0,1022.0,1.62,0.0,100.0,10000.0,7.01,330.0,36.0372673,126.6898854,MASTER,2025122021
KR10025001,2025122022,968.375,0.0,701426.93,6.8,60.0,1023.0,-0.36,0.0,100.0,10000.0,7.54,332.0,36.0372673,126.6898854,MASTER,2025122022
KR10025001,2025122023,968.375,0.0,701426.93,5.53,57.0,1025.0,-2.46,0.0,100.0,10000.0,6.69,338.0,36.0372673,126.6898854,MASTER,2025122023
KR10025001,2025122100,968.375,0.0,701426.93,4.94,58.0,1025.0,-2.82,0.0,99.0,10000.0,7.47,335.0,36.0372673,126.6898854,MASTER,2025122100
KR10025001,2025122101,968.375,0.0,701426.93,4.47,59.0,1025.0,-2.98,0.0,100.0,10000.0,8.03,339.0,36.0372673,126.6898854,MASTER,2025122101
KR10025001,2025122102,968.375,0.0,701426.93,4.08,59.0,1026.0,-3.23,0.0,100.0,10000.0,7.07,344.0,36.0372673,126.6898854,MASTER,2025122102
KR10025001,2025122103,968.375,0.0,701426.93,3.61,60.0,1027.0,-3.52,0.0,100.0,10000.0,6.62,348.0,36.0372673,126.6898854,MASTER,2025122103
KR10025001,2025122104,968.375,0.0,701426.93,2.9,61.0,1027.0,-3.88,0.0,47.0,10000.0,6.31,351.0,36.0372673,126.6898854,MASTER,2025122104
KR10025001,2025122105,968.375,0.0,701426.93,2.38,62.0,1027.0,-4.3,0.0,76.0,10000.0,6.26,358.0,36.0372673,126.6898854,MASTER,2025122105
KR10025001,2025122106,968.375,0.0,701426.93,2.95,60.0,1027.0,-3.58,0.0,75.0,10000.0,7.32,352.0,36.0372673,126.6898854,MASTER,2025122106
KR10025001,2025122107,968.375,1.5399999999999998,701428.47,2.69,59.0,1027.0,-4.0,0.0,76.0,10000.0,7.02,357.0,36.0372673,126.6898854,MASTER,2025122107
KR10025001,2025122108,968.375,44.00000000000001,701472.4700000001,2.32,58.0,1027.0,-4.51,0.0,78.0,10000.0,6.88,0.0,36.0372673,126.6898854,MASTER,2025122108
KR10025001,2025122109,968.375,182.46,701654.9300000002,2.25,57.0,1028.0,-4.77,0.3,81.0,10000.0,7.14,0.0,36.0372673,126.6898854,MASTER,2025122109
KR10025001,2025122110,968.375,353.2899999999999,702008.22,2.52,53.0,1029.0,-5.4,0.77,95.0,10000.0,7.54,357.0,36.0372673,126.6898854,MASTER,2025122110
KR10025001,2025122111,968.375,341.61,702349.83,2.79,50.0,1029.0,-6.59,1.17,100.0,10000.0,7.76,355.0,36.0372673,126.6898854,MASTER,2025122111
KR10025001,2025122112,968.375,500.26,702850.09,2.97,48.0,1029.0,-6.99,1.64,100.0,10000.0,7.87,350.0,36.0372673,126.6898854,MASTER,2025122112
KR10025001,2025122113,968.375,573.84,703423.93,3.22,47.0,1029.0,-7.26,1.64,100.0,10000.0,7.7,344.0,36.0372673,126.6898854,MASTER,2025122113
KR10025001,2025122114,968.375,479.5199999999999,703903.4500000001,3.21,46.0,1029.0,-7.56,1.32,100.0,10000.0,7.59,344.0,36.0372673,126.6898854,MASTER,2025122114
KR10025001,2025122115,968.375,265.91,704169.36,2.89,47.0,1029.0,-7.58,0.83,100.0,10000.0,7.44,345.0,36.0372673,126.6898854,MASTER,2025122115
KR10025001,2025122116,968.375,89.95000000000002,704259.3099999999,2.53,48.0,1029.0,-7.51,0.36,5.0,10000.0,7.11,349.0,36.0372673,126.6898854,MASTER,2025122116
KR10025001,2025122117,968.375,5.100000000000001,704264.4099999999,1.8,51.0,1030.0,-7.36,0.0,2.0,10000.0,5.65,356.0,36.0372673,126.6898854,MASTER,2025122117
KR10025001,2025122118,968.375,0.0,704264.4099999999,2.95,38.0,1030.0,-8.87,0.0,20.0,10000.0,4.48,7.0,36.0372673,126.6898854,MASTER,2025122118
KR10025001,2025122119,968.375,0.0,704264.4099999999,2.4,42.0,1030.0,-8.18,0.0,16.0,10000.0,3.57,13.0,36.0372673,126.6898854,MASTER,2025122119
KR10025001,2025122120,968.375,0.0,704264.4099999999,1.76,45.0,1030.0,-7.91,0.0,12.0,10000.0,3.2,14.0,36.0372673,126.6898854,MASTER,2025122120
KR10025001,2025122121,968.375,0.0,704264.4099999999,1.14,49.0,1031.0,-7.45,0.0,8.0,10000.0,3.0,15.0,36.0372673,126.6898854,MASTER,2025122121
KR10025001,2025122122,968.375,0.0,704264.4099999999,0.49,52.0,1031.0,-7.3,0.0,4.0,10000.0,2.64,22.0,36.0372673,126.6898854,MASTER,2025122122
KR10025001,2025122123,968.375,0.0,704264.4099999999,-0.27,56.0,1031.0,-8.18,0.0,0.0,10000.0,2.57,36.0,36.0372673,126.6898854,MASTER,2025122123
KR10025001,2025122200,968.375,0.0,704264.4099999999,-0.58,57.0,1031.0,-8.21,0.0,0.0,10000.0,2.74,46.0,36.0372673,126.6898854,MASTER,2025122200
KR10025001,2025122201,968.375,0.0,704264.4099999999,-0.93,58.0,1031.0,-8.25,0.0,0.0,10000.0,2.98,47.0,36.0372673,126.6898854,MASTER,2025122201
KR10025001,2025122202,968.375,0.0,704264.4099999999,-1.15,58.0,1031.0,-8.44,0.0,0.0,10000.0,2.74,35.0,36.0372673,126.6898854,MASTER,2025122202
KR10025001,2025122203,968.375,0.0,704264.4099999999,-1.32,58.0,1031.0,-8.69,0.0,0.0,10000.0,2.67,29.0,36.0372673,126.6898854,MASTER,2025122203
KR10025001,2025122204,968.375,0.0,704264.4099999999,-1.45,57.0,1030.0,-8.89,0.0,0.0,10000.0,2.77,21.0,36.0372673,126.6898854,MASTER,2025122204
KR10025001,2025122205,968.375,0.0,704264.4099999999,-1.51,57.0,1030.0,-8.97,0.0,0.0,10000.0,2.91,23.0,36.0372673,126.6898854,MASTER,2025122205
KR10025001,2025122206,968.375,0.0,704264.4099999999,-4.05,63.0,1031.0,-9.38,0.0,0.0,10000.0,2.81,20.0,36.0372673,126.6898854,MASTER,2025122206
KR10025001,2025122207,968.375,2.91,704267.32,-3.58,61.0,1031.0,-9.3,0.0,0.0,10000.0,3.08,28.0,36.0372673,126.6898854,MASTER,2025122207
KR10025001,2025122208,968.375,63.96000000000001,704331.2799999999,-3.17,59.0,1031.0,-9.28,0.0,0.0,10000.0,3.51,36.0,36.0372673,126.6898854,MASTER,2025122208
KR10025001,2025122209,968.375,247.06,704578.3400000001,-2.21,51.0,1031.0,-10.02,0.31,0.0,10000.0,3.73,40.0,36.0372673,126.6898854,MASTER,2025122209
KR10025001,2025122210,968.375,446.0700000000001,705024.41,-0.49,39.0,1032.0,-11.42,0.8,0.0,10000.0,3.24,37.0,36.0372673,126.6898854,MASTER,2025122210
KR10025001,2025122211,968.375,559.3900000000001,705583.8,1.96,28.0,1031.0,-14.66,1.41,0.0,10000.0,3.76,43.0,36.0372673,126.6898854,MASTER,2025122211
KR10025001,2025122212,968.375,602.96,706186.76,3.25,25.0,1030.0,-15.04,1.79,0.0,10000.0,2.89,54.0,36.0372673,126.6898854,MASTER,2025122212
KR10025001,2025122213,968.375,577.1000000000001,706763.8600000001,4.28,24.0,1030.0,-14.74,1.82,6.0,10000.0,2.45,45.0,36.0372673,126.6898854,MASTER,2025122213
KR10025001,2025122214,968.375,399.5799999999999,707163.4400000001,5.06,24.0,1029.0,-14.04,1.48,5.0,10000.0,2.34,38.0,36.0372673,126.6898854,MASTER,2025122214
KR10025001,2025122215,968.375,208.24,707371.68,5.39,25.0,1029.0,-13.11,0.89,5.0,10000.0,2.88,44.0,36.0372673,126.6898854,MASTER,2025122215
KR10025001,2025122216,968.375,103.34999999999998,707475.0299999999,4.71,32.0,1028.0,-10.56,0.33,100.0,10000.0,2.68,50.0,36.0372673,126.6898854,MASTER,2025122216
KR10025001,2025122217,968.375,3.870000000000001,707478.8999999999,3.37,36.0,1028.0,-10.36,0.0,100.0,10000.0,2.75,49.0,36.0372673,126.6898854,MASTER,2025122217
KR10025001,2025122218,968.375,0.0,707478.8999999999,4.95,38.0,1029.0,-7.27,0.0,40.0,10000.0,2.81,49.0,36.0372673,126.6898854,MASTER,2025122218
KR10025001,2025122219,968.375,0.0,707478.8999999999,4.32,37.0,1029.0,-8.08,0.0,52.0,10000.0,2.64,39.0,36.0372673,126.6898854,MASTER,2025122219
KR10025001,2025122220,968.375,0.0,707478.8999999999,3.49,38.0,1029.0,-8.44,0.0,57.0,10000.0,2.98,54.0,36.0372673,126.6898854,MASTER,2025122220
KR10025001,2025122221,968.375,0.0,707478.8999999999,2.51,39.0,1029.0,-8.93,0.0,57.0,10000.0,3.19,66.0,36.0372673,126.6898854,MASTER,2025122221
KR10025001,2025122222,968.375,0.0,707478.8999999999,1.44,41.0,1029.0,-9.24,0.0,50.0,10000.0,2.81,65.0,36.0372673,126.6898854,MASTER,2025122222
KR10025001,2025122223,968.375,0.0,707478.8999999999,0.61,42.0,1030.0,-10.89,0.0,33.0,10000.0,2.36,66.0,36.0372673,126.6898854,MASTER,2025122223
KR10025001,2025122300,968.375,0.0,707478.8999999999,0.61,43.0,1029.0,-10.56,0.0,24.0,10000.0,2.79,93.0,36.0372673,126.6898854,MASTER,2025122300
KR10025001,2025122301,968.375,0.0,707478.8999999999,0.59,45.0,1028.0,-9.98,0.0,44.0,10000.0,2.91,84.0,36.0372673,126.6898854,MASTER,2025122301
KR10025001,2025122302,968.375,0.0,707478.8999999999,0.36,46.0,1028.0,-9.96,0.0,36.0,10000.0,2.82,73.0,36.0372673,126.6898854,MASTER,2025122302
KR10025001,2025122303,968.375,0.0,707478.8999999999,0.41,46.0,1027.0,-9.91,0.0,32.0,10000.0,3.38,69.0,36.0372673,126.6898854,MASTER,2025122303
KR10025001,2025122304,968.375,0.0,707478.8999999999,0.4,46.0,1027.0,-9.88,0.0,5.0,10000.0,2.67,73.0,36.0372673,126.6898854,MASTER,2025122304
KR10025001,2025122305,968.375,0.0,707478.8999999999,0.63,45.0,1026.0,-9.9,0.0,4.0,10000.0,3.09,57.0,36.0372673,126.6898854,MASTER,2025122305
KR10025001,2025122306,968.375,0.0,707478.8999999999,-1.05,69.0,1025.0,-5.45,0.0,0.0,10000.0,3.37,68.0,36.0372673,126.6898854,MASTER,2025122306
KR10025001,2025122307,968.375,0.7700000000000001,707479.6699999998,-0.69,66.0,1025.0,-5.62,0.0,3.0,10000.0,3.36,67.0,36.0372673,126.6898854,MASTER,2025122307
KR10025001,2025122308,968.375,26.93000000000001,707506.6000000002,-0.14,62.0,1025.0,-5.82,0.0,13.0,10000.0,3.37,64.0,36.0372673,126.6898854,MASTER,2025122308
KR10025001,2025122309,968.375,79.16000000000001,707585.76,0.94,58.0,1024.0,-5.67,0.26,27.0,10000.0,3.71,75.0,36.0372673,126.6898854,MASTER,2025122309
KR10025001,2025122310,968.375,162.12000000000003,707747.8800000001,3.09,51.0,1024.0,-5.37,0.75,50.0,10000.0,3.15,87.0,36.0372673,126.6898854,MASTER,2025122310
KR10025001,2025122311,968.375,82.24000000000001,707830.1200000001,5.53,45.0,1024.0,-5.65,1.03,81.0,10000.0,3.29,90.0,36.0372673,126.6898854,MASTER,2025122311
KR10025001,2025122312,968.375,108.57999999999998,707938.7,6.69,44.0,1023.0,-4.75,1.32,87.0,10000.0,2.68,89.0,36.0372673,126.6898854,MASTER,2025122312
KR10025001,2025122313,968.375,67.18999999999998,708005.89,7.41,47.0,1021.0,-3.36,0.83,91.0,10000.0,4.26,99.0,36.0372673,126.6898854,MASTER,2025122313
KR10025001,2025122314,968.375,22.99,708028.8799999999,8.2,49.0,1020.0,-2.08,0.42,92.0,10000.0,4.76,97.0,36.0372673,126.6898854,MASTER,2025122314
KR10025001,2025122315,968.375,21.450000000000003,708050.3299999998,6.15,64.0,1019.0,-0.29,0.09,94.0,10000.0,3.85,79.0,36.0372673,126.6898854,MASTER,2025122315
KR10025001,2025122316,968.375,8.190000000000005,708058.52,5.55,72.0,1018.0,0.9,0.03,100.0,10000.0,4.05,91.0,36.0372673,126.6898854,MASTER,2025122316
KR10025001,2025122317,968.375,0.1699999999999999,708058.6900000001,5.22,78.0,1018.0,1.57,0.0,100.0,10000.0,2.7,63.0,36.0372673,126.6898854,MASTER,2025122317
KR10025001,2025122318,968.375,0.0,708058.6900000001,7.95,93.0,1019.0,6.89,0.0,100.0,6228.0,3.18,42.0,36.0372673,126.6898854,MASTER,2025122318
KR10025001,2025122319,968.375,0.0,708058.6900000001,7.22,94.0,1019.0,6.32,0.0,100.0,9548.0,4.21,81.0,36.0372673,126.6898854,MASTER,2025122319
KR10025001,2025122320,968.375,0.0,708058.6900000001,6.5,94.0,1019.0,5.61,0.0,100.0,8722.0,3.37,77.0,36.0372673,126.6898854,MASTER,2025122320
KR10025001,2025122321,968.375,0.0,708058.6900000001,5.77,95.0,1018.0,5.03,0.0,100.0,6511.0,2.87,70.0,36.0372673,126.6898854,MASTER,2025122321
KR10025001,2025122322,968.375,0.0,708058.6900000001,5.31,97.0,1018.0,4.87,0.0,100.0,10000.0,2.98,72.0,36.0372673,126.6898854,MASTER,2025122322
KR10025001,2025122323,968.375,0.0,708058.6900000001,5.12,97.0,1017.0,4.55,0.0,100.0,9228.0,3.25,82.0,36.0372673,126.6898854,MASTER,2025122323
KR10025001,2025122400,968.375,0.0,708058.6900000001,5.42,97.0,1017.0,4.93,0.0,100.0,7305.0,2.27,32.0,36.0372673,126.6898854,MASTER,2025122400
KR10025001,2025122401,968.375,0.0,708058.6900000001,5.57,97.0,1017.0,5.02,0.0,100.0,7121.0,3.19,354.0,36.0372673,126.6898854,MASTER,2025122401
KR10025001,2025122402,968.375,0.0,708058.6900000001,5.89,95.0,1017.0,5.07,0.0,100.0,10000.0,3.4,360.0,36.0372673,126.6898854,MASTER,2025122402
KR10025001,2025122403,968.375,0.0,708058.6900000001,5.58,93.0,1018.0,4.47,0.0,100.0,10000.0,3.48,10.0,36.0372673,126.6898854,MASTER,2025122403
KR10025001,2025122404,968.375,0.0,708058.6900000001,5.44,91.0,1018.0,3.99,0.0,100.0,10000.0,3.18,17.0,36.0372673,126.6898854,MASTER,2025122404
KR10025001,2025122405,968.375,0.0,708058.6900000001,5.11,90.0,1017.0,3.54,0.0,100.0,10000.0,2.85,12.0,36.0372673,126.6898854,MASTER,2025122405
KR10025001,2025122406,968.375,0.0,708058.6900000001,5.95,93.0,1017.0,4.91,0.0,100.0,10000.0,2.97,1.0,36.0372673,126.6898854,MASTER,2025122406
KR10025001,2025122407,968.375,0.43,708059.12,5.71,92.0,1017.0,4.51,0.0,100.0,10000.0,3.16,357.0,36.0372673,126.6898854,MASTER,2025122407
KR10025001,2025122408,968.375,24.09000000000001,708083.21,5.17,91.0,1017.0,3.82,0.0,94.0,10000.0,3.1,359.0,36.0372673,126.6898854,MASTER,2025122408
KR10025001,2025122409,968.375,63.43,708146.64,5.0,88.0,1018.0,3.18,0.26,92.0,10000.0,3.15,11.0,36.0372673,126.6898854,MASTER,2025122409
KR10025001,2025122410,968.375,103.65999999999995,708250.3,5.3,80.0,1019.0,2.13,0.75,100.0,10000.0,3.52,5.0,36.0372673,126.6898854,MASTER,2025122410
KR10025001,2025122411,968.375,152.09,708402.3900000001,5.96,72.0,1019.0,1.21,1.33,100.0,10000.0,3.8,355.0,36.0372673,126.6898854,MASTER,2025122411
KR10025001,2025122412,968.375,158.89,708561.2799999999,6.55,68.0,1018.0,0.93,1.73,100.0,10000.0,3.86,347.0,36.0372673,126.6898854,MASTER,2025122412
KR10025001,2025122413,968.375,162.20999999999998,708723.49,6.94,64.0,1018.0,0.46,1.71,100.0,10000.0,3.75,341.0,36.0372673,126.6898854,MASTER,2025122413
KR10025001,2025122414,968.375,137.99,708861.48,7.31,60.0,1017.0,0.05,1.46,100.0,10000.0,4.09,339.0,36.0372673,126.6898854,MASTER,2025122414
KR10025001,2025122415,968.375,73.83999999999997,708935.3200000001,7.32,58.0,1017.0,-0.43,0.88,100.0,10000.0,4.46,331.0,36.0372673,126.6898854,MASTER,2025122415
KR10025001,2025122416,968.375,44.86999999999999,708980.19,6.98,58.0,1017.0,-0.86,0.33,81.0,10000.0,4.65,337.0,36.0372673,126.6898854,MASTER,2025122416
KR10025001,2025122417,968.375,3.25,708983.4400000002,5.8,64.0,1018.0,-0.53,0.0,60.0,10000.0,4.43,338.0,36.0372673,126.6898854,MASTER,2025122417
KR10025001,2025122418,968.375,0.0,708983.4400000002,4.95,70.0,1018.0,-0.05,0.0,75.0,10000.0,4.22,338.0,36.0372673,126.6898854,MASTER,2025122418
KR10025001,2025122419,968.375,0.0,708983.4400000002,4.83,69.0,1018.0,-0.33,0.0,76.0,10000.0,3.82,341.0,36.0372673,126.6898854,MASTER,2025122419
KR10025001,2025122420,968.375,0.0,708983.4400000002,4.47,71.0,1018.0,-0.28,0.0,79.0,10000.0,4.02,344.0,36.0372673,126.6898854,MASTER,2025122420
KR10025001,2025122421,968.375,0.0,708983.4400000002,4.07,71.0,1019.0,-0.62,0.0,82.0,10000.0,3.97,338.0,36.0372673,126.6898854,MASTER,2025122421
KR10025001,2025122422,968.375,0.0,708983.4400000002,3.48,72.0,1019.0,-0.96,0.0,95.0,10000.0,3.59,355.0,36.0372673,126.6898854,MASTER,2025122422
KR10025001,2025122423,968.375,0.0,708983.4400000002,2.62,74.0,1019.0,-1.72,0.0,100.0,10000.0,3.13,353.0,36.0372673,126.6898854,MASTER,2025122423
KR10025001,2025122500,968.375,0.0,708983.4400000002,2.44,73.0,1020.0,-2.03,0.0,98.0,10000.0,3.06,352.0,36.0372673,126.6898854,MASTER,2025122500
KR10025001,2025122501,968.375,0.0,708983.4400000002,2.38,72.0,1019.0,-2.36,0.0,98.0,10000.0,3.48,354.0,36.0372673,126.6898854,MASTER,2025122501
KR10025001,2025122502,968.375,0.0,708983.4400000002,2.23,70.0,1020.0,-2.85,0.0,98.0,10000.0,3.48,347.0,36.0372673,126.6898854,MASTER,2025122502
KR10025001,2025122503,968.375,0.0,708983.4400000002,2.1,68.0,1020.0,-3.33,0.0,81.0,10000.0,4.31,351.0,36.0372673,126.6898854,MASTER,2025122503
KR10025001,2025122504,968.375,0.0,708983.4400000002,1.97,67.0,1019.0,-3.58,0.0,80.0,10000.0,4.4,357.0,36.0372673,126.6898854,MASTER,2025122504
KR10025001,2025122505,968.375,0.0,708983.4400000002,1.76,68.0,1019.0,-3.73,0.0,50.0,10000.0,3.61,360.0,36.0372673,126.6898854,MASTER,2025122505
KR10025001,2025122506,968.375,0.0,708983.4400000002,0.95,75.0,1020.0,-2.63,0.0,0.0,10000.0,5.17,352.0,36.0372673,126.6898854,MASTER,2025122506
KR10025001,2025122507,968.375,1.22,708984.6599999999,1.06,72.0,1020.0,-3.02,0.0,11.0,10000.0,4.59,356.0,36.0372673,126.6898854,MASTER,2025122507
KR10025001,2025122508,968.375,57.17000000000002,709041.8300000001,1.27,69.0,1020.0,-3.35,0.0,22.0,10000.0,4.38,357.0,36.0372673,126.6898854,MASTER,2025122508
KR10025001,2025122509,968.375,231.92,709273.7499999999,1.95,64.0,1021.0,-3.66,0.3,34.0,10000.0,5.12,351.0,36.0372673,126.6898854,MASTER,2025122509
KR10025001,2025122510,968.375,270.04,709543.7899999999,3.0,58.0,1021.0,-3.94,0.72,80.0,10000.0,6.82,336.0,36.0372673,126.6898854,MASTER,2025122510
KR10025001,2025122511,968.375,202.19,709745.98,3.34,61.0,1021.0,-3.6,1.18,100.0,10000.0,7.79,332.0,36.0372673,126.6898854,MASTER,2025122511
KR10025001,2025122512,968.375,285.72,710031.7000000001,3.04,65.0,1020.0,-3.05,1.5,100.0,10000.0,8.94,330.0,36.0372673,126.6898854,MASTER,2025122512
KR10025001,2025122513,968.375,282.44000000000005,710314.1400000001,2.21,72.0,1020.0,-2.32,1.63,100.0,2539.0,11.0,325.0,36.0372673,126.6898854,MASTER,2025122513
KR10025001,2025122514,968.375,181.71000000000004,710495.8500000001,2.65,55.0,1019.0,-5.58,1.21,100.0,10000.0,12.12,319.0,36.0372673,126.6898854,MASTER,2025122514
KR10025001,2025122515,968.375,95.20000000000002,710591.05,1.39,61.0,1020.0,-5.34,0.69,100.0,10000.0,11.83,321.0,36.0372673,126.6898854,MASTER,2025122515
KR10025001,2025122516,968.375,37.21999999999997,710628.27,0.85,58.0,1021.0,-6.53,0.29,100.0,9992.0,11.93,324.0,36.0372673,126.6898854,MASTER,2025122516
KR10025001,2025122517,968.375,0.8300000000000001,710629.1,0.3,57.0,1021.0,-7.25,0.0,100.0,10000.0,11.54,322.0,36.0372673,126.6898854,MASTER,2025122517
KR10025001,2025122518,968.375,0.0,710629.1,-0.05,59.0,1022.0,-6.31,0.0,100.0,10000.0,11.97,323.0,36.0372673,126.6898854,MASTER,2025122518
KR10025001,2025122519,968.375,0.0,710629.1,-0.3,60.0,1022.0,-6.35,0.0,100.0,10000.0,11.52,328.0,36.0372673,126.6898854,MASTER,2025122519
KR10025001,2025122520,968.375,0.0,710629.1,-0.74,63.0,1022.0,-6.21,0.0,100.0,8457.0,10.83,331.0,36.0372673,126.6898854,MASTER,2025122520
KR10025001,2025122521,968.375,0.0,710629.1,-1.28,64.0,1023.0,-6.54,0.0,100.0,10000.0,10.44,333.0,36.0372673,126.6898854,MASTER,2025122521
KR10025001,2025122522,968.375,0.0,710629.1,-1.74,62.0,1024.0,-7.35,0.0,100.0,10000.0,10.51,334.0,36.0372673,126.6898854,MASTER,2025122522
KR10025001,2025122523,968.375,0.0,710629.1,-2.5,61.0,1024.0,-9.19,0.0,100.0,10000.0,10.6,338.0,36.0372673,126.6898854,MASTER,2025122523
KR10025001,2025122600,968.375,0.0,710629.1,-2.83,58.0,1025.0,-10.01,0.0,100.0,10000.0,10.34,342.0,36.0372673,126.6898854,MASTER,2025122600
KR10025001,2025122601,968.375,0.0,710629.1,-3.08,56.0,1025.0,-10.7,0.0,100.0,10000.0,10.25,343.0,36.0372673,126.6898854,MASTER,2025122601
KR10025001,2025122602,968.375,0.0,710629.1,-3.12,55.0,1025.0,-11.11,0.0,100.0,10000.0,10.12,343.0,36.0372673,126.6898854,MASTER,2025122602
KR10025001,2025122603,968.375,0.0,710629.1,-3.22,53.0,1026.0,-11.58,0.0,100.0,10000.0,9.92,345.0,36.0372673,126.6898854,MASTER,2025122603
KR10025001,2025122604,968.375,0.0,710629.1,-3.35,53.0,1025.0,-11.77,0.0,100.0,10000.0,9.46,347.0,36.0372673,126.6898854,MASTER,2025122604
KR10025001,2025122605,968.375,0.0,710629.1,-3.34,53.0,1026.0,-11.78,0.0,100.0,10000.0,9.06,348.0,36.0372673,126.6898854,MASTER,2025122605
KR10025001,2025122606,968.375,0.0,710629.1,-3.41,53.0,1026.0,-11.75,0.0,99.0,10000.0,8.76,350.0,36.0372673,126.6898854,MASTER,2025122606
KR10025001,2025122607,968.375,1.13,710630.23,-3.52,54.0,1027.0,-11.8,0.0,95.0,10000.0,8.37,353.0,36.0372673,126.6898854,MASTER,2025122607
KR10025001,2025122608,968.375,36.350000000000016,710666.5800000001,-3.64,54.0,1027.0,-11.81,0.0,88.0,10000.0,7.83,355.0,36.0372673,126.6898854,MASTER,2025122608
KR10025001,2025122609,968.375,141.55,710808.13,-3.3,53.0,1027.0,-11.72,0.32,83.0,10000.0,7.63,355.0,36.0372673,126.6898854,MASTER,2025122609
KR10025001,2025122610,968.375,295.51,711103.6399999999,-2.53,50.0,1028.0,-11.6,0.81,53.0,10000.0,7.85,351.0,36.0372673,126.6898854,MASTER,2025122610
KR10025001,2025122611,968.375,520.4200000000001,711624.0599999999,-1.72,48.0,1028.0,-11.47,1.41,57.0,10000.0,7.97,346.0,36.0372673,126.6898854,MASTER,2025122611
KR10025001,2025122612,968.375,618.5900000000001,712242.65,-1.1,47.0,1027.0,-11.19,1.82,57.0,10000.0,7.98,341.0,36.0372673,126.6898854,MASTER,2025122612
KR10025001,2025122613,968.375,599.75,712842.4,-0.66,47.0,1026.0,-10.8,1.81,57.0,10000.0,7.91,338.0,36.0372673,126.6898854,MASTER,2025122613
KR10025001,2025122614,968.375,505.39,713347.79,-0.44,47.0,1026.0,-10.43,1.47,56.0,10000.0,7.88,337.0,36.0372673,126.6898854,MASTER,2025122614
KR10025001,2025122615,968.375,287.13000000000005,713634.9199999999,-0.32,48.0,1026.0,-10.07,0.89,56.0,10000.0,7.66,336.0,36.0372673,126.6898854,MASTER,2025122615
KR10025001,2025122616,968.375,99.56,713734.4800000001,-0.37,50.0,1026.0,-9.52,0.37,53.0,10000.0,7.21,336.0,36.0372673,126.6898854,MASTER,2025122616
KR10025001,2025122617,968.375,5.940000000000002,713740.4199999998,-0.88,54.0,1026.0,-9.2,0.0,53.0,10000.0,6.19,345.0,36.0372673,126.6898854,MASTER,2025122617
KR10025001,2025122618,968.375,0.0,713740.4199999998,-1.52,56.0,1027.0,-9.28,0.0,45.0,10000.0,5.13,353.0,36.0372673,126.6898854,MASTER,2025122618
KR10025001,2025122619,968.375,0.0,713740.4199999998,-2.03,58.0,1027.0,-9.36,0.0,42.0,10000.0,4.18,6.0,36.0372673,126.6898854,MASTER,2025122619
KR10025001,2025122620,968.375,0.0,713740.4199999998,-2.21,58.0,1027.0,-9.41,0.0,54.0,10000.0,3.46,12.0,36.0372673,126.6898854,MASTER,2025122620
KR10025001,2025122621,968.375,0.0,713740.4199999998,-2.18,58.0,1027.0,-9.46,0.0,61.0,10000.0,3.12,17.0,36.0372673,126.6898854,MASTER,2025122621
KR10025001,2025122622,968.375,0.0,713740.4199999998,-2.42,59.0,1027.0,-9.49,0.0,30.0,10000.0,2.84,22.0,36.0372673,126.6898854,MASTER,2025122622
KR10025001,2025122623,968.375,0.0,713740.4199999998,-2.5,59.0,1027.0,-9.53,0.0,54.0,10000.0,2.36,32.0,36.0372673,126.6898854,MASTER,2025122623
KR10025001,2025122700,968.375,0.0,713740.4199999998,-2.56,59.0,1027.0,-9.57,0.0,69.0,10000.0,2.31,36.0,36.0372673,126.6898854,MASTER,2025122700
KR10025001,2025122701,968.375,0.0,713740.4199999998,-2.65,59.0,1027.0,-9.64,0.0,74.0,10000.0,2.24,51.0,36.0372673,126.6898854,MASTER,2025122701
KR10025001,2025122702,968.375,0.0,713740.4199999998,-2.59,59.0,1027.0,-9.62,0.0,79.0,10000.0,2.2,63.0,36.0372673,126.6898854,MASTER,2025122702
KR10025001,2025122703,968.375,0.0,713740.4199999998,-2.64,60.0,1027.0,-9.5,0.0,83.0,10000.0,2.01,75.0,36.0372673,126.6898854,MASTER,2025122703
KR10025001,2025122704,968.375,0.0,713740.4199999998,-2.96,62.0,1027.0,-9.45,0.0,100.0,10000.0,1.79,86.0,36.0372673,126.6898854,MASTER,2025122704
KR10025001,2025122705,968.375,0.0,713740.4199999998,-3.22,63.0,1026.0,-9.51,0.0,100.0,10000.0,2.01,90.0,36.0372673,126.6898854,MASTER,2025122705
KR10025001,2025122706,968.375,0.0,713740.4199999998,-6.05,73.0,1027.0,-9.65,0.0,0.0,10000.0,2.2,92.0,36.0372673,126.6898854,MASTER,2025122706
KR10025001,2025122707,968.375,2.92,713743.3400000001,-5.74,70.0,1027.0,-9.82,0.0,20.0,10000.0,2.33,101.0,36.0372673,126.6898854,MASTER,2025122707
KR10025001,2025122708,968.375,73.51,713816.8500000001,-5.32,67.0,1027.0,-9.91,0.0,40.0,10000.0,2.17,109.0,36.0372673,126.6898854,MASTER,2025122708
KR10025001,2025122709,968.375,223.39000000000004,714040.2399999999,-4.36,63.0,1027.0,-9.68,0.28,59.0,10000.0,2.37,115.0,36.0372673,126.6898854,MASTER,2025122709
KR10025001,2025122710,968.375,385.88,714426.12,-2.73,58.0,1028.0,-9.06,0.77,80.0,10000.0,2.42,130.0,36.0372673,126.6898854,MASTER,2025122710
KR10025001,2025122711,968.375,402.06000000000006,714828.18,-0.4,54.0,1027.0,-8.71,1.35,100.0,10000.0,2.44,144.0,36.0372673,126.6898854,MASTER,2025122711
KR10025001,2025122712,968.375,411.34,715239.52,0.92,54.0,1026.0,-7.37,1.73,100.0,10000.0,2.51,169.0,36.0372673,126.6898854,MASTER,2025122712
KR10025001,2025122713,968.375,107.53000000000009,715347.05,1.93,58.0,1025.0,-5.62,1.7,100.0,10000.0,2.6,206.0,36.0372673,126.6898854,MASTER,2025122713
KR10025001,2025122714,968.375,58.27999999999995,715405.33,2.52,64.0,1025.0,-3.73,1.21,100.0,10000.0,3.15,224.0,36.0372673,126.6898854,MASTER,2025122714
KR10025001,2025122715,968.375,23.60999999999999,715428.94,2.93,71.0,1024.0,-1.95,0.72,100.0,10000.0,3.68,224.0,36.0372673,126.6898854,MASTER,2025122715
KR10025001,2025122716,968.375,5.6300000000000034,715434.57,3.07,76.0,1024.0,-0.85,0.28,100.0,10000.0,3.67,214.0,36.0372673,126.6898854,MASTER,2025122716
KR10025001,2025122717,968.375,0.03,715434.6,2.9,79.0,1024.0,-0.61,0.0,100.0,10000.0,3.22,202.0,36.0372673,126.6898854,MASTER,2025122717
KR10025001,2025122718,968.375,0.0,715434.6,3.19,77.0,1024.0,-0.67,0.0,100.0,10000.0,2.39,197.0,36.0372673,126.6898854,MASTER,2025122718
KR10025001,2025122719,968.375,0.0,715434.6,3.13,77.0,1024.0,-0.67,0.0,100.0,10000.0,1.49,202.0,36.0372673,126.6898854,MASTER,2025122719
KR10025001,2025122720,968.375,0.0,715434.6,3.1,77.0,1024.0,-0.73,0.0,100.0,10000.0,1.29,209.0,36.0372673,126.6898854,MASTER,2025122720
KR10025001,2025122721,968.375,0.0,715434.6,3.22,78.0,1024.0,-0.49,0.0,100.0,10000.0,1.63,200.0,36.0372673,126.6898854,MASTER,2025122721
KR10025001,2025122722,968.375,0.0,715434.6,3.14,82.0,1024.0,0.24,0.0,100.0,10000.0,0.89,242.0,36.0372673,126.6898854,MASTER,2025122722
KR10025001,2025122723,968.375,0.0,715434.6,2.27,91.0,1024.0,0.89,0.0,100.0,10000.0,2.29,22.0,36.0372673,126.6898854,MASTER,2025122723
KR10025001,2025122800,968.375,0.0,715434.6,1.44,93.0,1024.0,0.35,0.0,100.0,10000.0,3.04,62.0,36.0372673,126.6898854,MASTER,2025122800
KR10025001,2025122801,968.375,0.0,715434.6,0.54,96.0,1024.0,-0.2,0.0,83.0,10000.0,2.88,88.0,36.0372673,126.6898854,MASTER,2025122801
KR10025001,2025122802,968.375,0.0,715434.6,0.17,97.0,1025.0,-0.39,0.0,78.0,5294.0,2.51,97.0,36.0372673,126.6898854,MASTER,2025122802
KR10025001,2025122803,968.375,0.0,715434.6,0.25,98.0,1025.0,-0.14,0.0,81.0,2793.0,2.62,101.0,36.0372673,126.6898854,MASTER,2025122803
KR10025001,2025122804,968.375,0.0,715434.6,0.49,99.0,1024.0,0.25,0.0,100.0,1285.0,2.47,103.0,36.0372673,126.6898854,MASTER,2025122804
KR10025001,2025122805,968.375,0.0,715434.6,0.88,99.0,1024.0,0.6,0.0,100.0,1246.0,2.7,101.0,36.0372673,126.6898854,MASTER,2025122805
KR10025001,2025122806,968.375,0.0,715434.6,1.03,98.0,1024.0,0.7,0.0,100.0,717.0,2.87,97.0,36.0372673,126.6898854,MASTER,2025122806
KR10025001,2025122807,968.375,0.39,715434.9900000001,1.24,98.0,1024.0,0.83,0.0,100.0,771.0,2.75,94.0,36.0372673,126.6898854,MASTER,2025122807
KR10025001,2025122808,968.375,19.840000000000007,715454.8299999998,1.26,97.0,1024.0,0.76,0.0,100.0,2269.0,2.76,92.0,36.0372673,126.6898854,MASTER,2025122808
KR10025001,2025122809,968.375,182.41,715637.24,1.75,95.0,1024.0,0.95,0.23,100.0,4152.0,2.98,100.0,36.0372673,126.6898854,MASTER,2025122809
KR10025001,2025122810,968.375,390.13999999999993,716027.3799999999,2.88,86.0,1024.0,0.68,0.49,97.0,10000.0,3.18,119.0,36.0372673,126.6898854,MASTER,2025122810
KR10025001,2025122811,968.375,507.2700000000001,716534.6500000001,4.33,77.0,1024.0,0.5,0.82,85.0,10000.0,3.51,135.0,36.0372673,126.6898854,MASTER,2025122811
KR10025001,2025122812,968.375,497.19,717031.8399999999,5.44,73.0,1023.0,0.82,1.34,83.0,10000.0,3.35,153.0,36.0372673,126.6898854,MASTER,2025122812
KR10025001,2025122813,968.375,184.17,717216.01,6.62,68.0,1022.0,1.08,1.52,84.0,10000.0,2.98,182.0,36.0372673,126.6898854,MASTER,2025122813
KR10025001,2025122814,968.375,310.29999999999995,717526.3099999999,7.72,64.0,1021.0,1.24,1.34,88.0,10000.0,3.8,211.0,36.0372673,126.6898854,MASTER,2025122814
KR10025001,2025122815,968.375,63.88999999999997,717590.2,8.31,62.0,1021.0,1.44,0.84,90.0,10000.0,4.64,226.0,36.0372673,126.6898854,MASTER,2025122815
KR10025001,2025122816,968.375,39.28,717629.48,7.85,66.0,1021.0,1.9,0.36,80.0,10000.0,4.29,218.0,36.0372673,126.6898854,MASTER,2025122816
KR10025001,2025122817,968.375,7.830000000000002,717637.31,6.54,73.0,1021.0,1.98,0.0,46.0,10000.0,4.13,213.0,36.0372673,126.6898854,MASTER,2025122817
KR10025001,2025122818,968.375,0.0,717637.31,8.95,53.0,1020.0,-0.09,0.0,75.0,10000.0,3.12,197.0,36.0372673,126.6898854,MASTER,2025122818
KR10025001,2025122819,968.375,0.0,717637.31,8.35,58.0,1020.0,0.58,0.0,79.0,10000.0,3.33,181.0,36.0372673,126.6898854,MASTER,2025122819
KR10025001,2025122820,968.375,0.0,717637.31,7.71,63.0,1020.0,1.12,0.0,84.0,10000.0,3.3,176.0,36.0372673,126.6898854,MASTER,2025122820
KR10025001,2025122821,968.375,0.0,717637.31,6.83,68.0,1020.0,1.34,0.0,89.0,10000.0,3.82,156.0,36.0372673,126.6898854,MASTER,2025122821
KR10025001,2025122822,968.375,0.0,717637.31,5.45,74.0,1020.0,1.19,0.0,58.0,10000.0,3.19,158.0,36.0372673,126.6898854,MASTER,2025122822
KR10025001,2025122823,968.375,0.0,717637.31,4.71,80.0,1020.0,1.51,0.0,64.0,10000.0,3.03,164.0,36.0372673,126.6898854,MASTER,2025122823
KR10025001,2025122900,968.375,0.0,717637.31,4.88,82.0,1020.0,1.98,0.0,68.0,10000.0,3.25,166.0,36.0372673,126.6898854,MASTER,2025122900
KR10025001,2025122901,968.375,0.0,717637.31,5.05,82.0,1019.0,2.21,0.0,76.0,10000.0,3.22,181.0,36.0372673,126.6898854,MASTER,2025122901
KR10025001,2025122902,968.375,0.0,717637.31,5.42,83.0,1019.0,2.65,0.0,81.0,10000.0,3.47,196.0,36.0372673,126.6898854,MASTER,2025122902
KR10025001,2025122903,968.375,0.0,717637.31,5.59,84.0,1019.0,3.01,0.0,84.0,10000.0,3.72,206.0,36.0372673,126.6898854,MASTER,2025122903
KR10025001,2025122904,968.375,0.0,717637.31,5.54,85.0,1019.0,3.1,0.0,15.0,10000.0,3.64,207.0,36.0372673,126.6898854,MASTER,2025122904
KR10025001,2025122905,968.375,0.0,717637.31,5.44,86.0,1018.0,3.12,0.0,15.0,10000.0,3.63,206.0,36.0372673,126.6898854,MASTER,2025122905
KR10025001,2025122906,968.375,0.0,717637.31,3.95,87.0,1018.0,1.99,0.0,100.0,10000.0,3.49,206.0,36.0372673,126.6898854,MASTER,2025122906
KR10025001,2025122907,968.375,0.07,717637.38,4.21,87.0,1018.0,2.24,0.0,82.0,10000.0,3.21,198.0,36.0372673,126.6898854,MASTER,2025122907
KR10025001,2025122908,968.375,23.390000000000008,717660.7699999999,4.99,88.0,1019.0,3.17,0.0,82.0,10000.0,3.15,195.0,36.0372673,126.6898854,MASTER,2025122908
KR10025001,2025122909,968.375,64.83,717725.6,4.95,87.0,1019.0,2.97,0.18,100.0,10000.0,3.29,196.0,36.0372673,126.6898854,MASTER,2025122909
KR10025001,2025122910,968.375,182.38,717907.98,5.58,85.0,1019.0,3.26,0.56,84.0,10000.0,4.07,205.0,36.0372673,126.6898854,MASTER,2025122910
KR10025001,2025122911,968.375,356.28000000000003,718264.26,6.89,82.0,1019.0,4.03,1.26,68.0,10000.0,5.59,224.0,36.0372673,126.6898854,MASTER,2025122911
KR10025001,2025122912,968.375,336.1400000000001,718600.3999999999,8.38,77.0,1018.0,4.59,1.65,50.0,10000.0,6.85,241.0,36.0372673,126.6898854,MASTER,2025122912
KR10025001,2025122913,968.375,180.73,718781.1300000001,9.44,75.0,1018.0,5.24,1.77,31.0,10000.0,6.49,265.0,36.0372673,126.6898854,MASTER,2025122913
KR10025001,2025122914,968.375,203.99,718985.12,9.97,75.0,1018.0,5.61,1.43,13.0,10000.0,5.42,299.0,36.0372673,126.6898854,MASTER,2025122914
KR10025001,2025122915,968.375,120.30000000000008,719105.42,9.34,72.0,1018.0,4.4,0.84,12.0,10000.0,5.66,302.0,36.0372673,126.6898854,MASTER,2025122915
KR10025001,2025122916,968.375,62.88999999999998,719168.31,8.64,70.0,1018.0,3.48,0.38,0.0,10000.0,5.43,309.0,36.0372673,126.6898854,MASTER,2025122916
KR10025001,2025122917,968.375,4.500000000000002,719172.81,7.6,75.0,1019.0,3.25,0.0,0.0,10000.0,4.81,314.0,36.0372673,126.6898854,MASTER,2025122917
KR10025001,2025122918,968.375,0.0,719172.81,7.95,81.0,1020.0,4.89,0.0,20.0,10000.0,4.49,319.0,36.0372673,126.6898854,MASTER,2025122918
KR10025001,2025122919,968.375,0.0,719172.81,7.6,80.0,1020.0,4.38,0.0,16.0,10000.0,4.02,321.0,36.0372673,126.6898854,MASTER,2025122919
KR10025001,2025122920,968.375,0.0,719172.81,7.05,79.0,1020.0,3.66,0.0,14.0,10000.0,4.11,334.0,36.0372673,126.6898854,MASTER,2025122920
KR10025001,2025122921,968.375,0.0,719172.81,6.28,78.0,1021.0,2.73,0.0,11.0,10000.0,3.97,335.0,36.0372673,126.6898854,MASTER,2025122921
KR10025001,2025122922,968.375,0.0,719172.81,5.33,76.0,1022.0,1.45,0.0,13.0,10000.0,3.77,342.0,36.0372673,126.6898854,MASTER,2025122922
KR10025001,2025122923,968.375,0.0,719172.81,4.09,75.0,1023.0,-0.07,0.0,12.0,10000.0,3.88,351.0,36.0372673,126.6898854,MASTER,2025122923
KR10025001,2025123000,968.375,0.0,719172.81,3.38,74.0,1023.0,-1.0,0.0,10.0,10000.0,3.67,355.0,36.0372673,126.6898854,MASTER,2025123000
KR10025001,2025123001,968.375,0.0,719172.81,2.77,69.0,1023.0,-2.44,0.0,8.0,10000.0,3.16,358.0,36.0372673,126.6898854,MASTER,2025123001
KR10025001,2025123002,968.375,0.0,719172.81,2.32,65.0,1024.0,-3.76,0.0,7.0,10000.0,2.97,360.0,36.0372673,126.6898854,MASTER,2025123002
KR10025001,2025123003,968.375,0.0,719172.81,1.94,64.0,1024.0,-4.28,0.0,4.0,10000.0,2.83,7.0,36.0372673,126.6898854,MASTER,2025123003
KR10025001,2025123004,968.375,0.0,719172.81,1.52,64.0,1024.0,-4.7,0.0,2.0,10000.0,2.55,21.0,36.0372673,126.6898854,MASTER,2025123004
KR10025001,2025123005,968.375,0.0,719172.81,1.11,65.0,1024.0,-4.93,0.0,2.0,10000.0,3.11,33.0,36.0372673,126.6898854,MASTER,2025123005
KR10025001,2025123006,968.375,0.0,719172.81,-0.05,69.0,1024.0,-4.48,0.0,0.0,10000.0,2.83,30.0,36.0372673,126.6898854,MASTER,2025123006
KR10025001,2025123007,968.375,1.71,719174.5199999999,0.03,68.0,1024.0,-4.58,0.0,0.0,10000.0,2.56,30.0,36.0372673,126.6898854,MASTER,2025123007
KR10025001,2025123008,968.375,60.390000000000015,719234.91,0.07,65.0,1024.0,-5.07,0.0,0.0,10000.0,2.57,31.0,36.0372673,126.6898854,MASTER,2025123008
KR10025001,2025123009,968.375,243.86,719478.7700000001,0.65,58.0,1025.0,-5.91,0.35,1.0,10000.0,2.72,34.0,36.0372673,126.6898854,MASTER,2025123009
KR10025001,2025123010,968.375,444.68,719923.4499999998,1.78,43.0,1026.0,-8.42,0.88,6.0,10000.0,4.4,21.0,36.0372673,126.6898854,MASTER,2025123010
KR10025001,2025123011,968.375,564.01,720487.4599999998,3.31,31.0,1027.0,-12.14,1.54,6.0,10000.0,4.66,20.0,36.0372673,126.6898854,MASTER,2025123011
KR10025001,2025123012,968.375,613.3799999999999,721100.8400000001,4.12,30.0,1026.0,-12.05,1.96,4.0,10000.0,4.59,14.0,36.0372673,126.6898854,MASTER,2025123012
KR10025001,2025123013,968.375,596.9099999999999,721697.7500000001,4.69,30.0,1025.0,-11.38,1.97,3.0,10000.0,4.53,10.0,36.0372673,126.6898854,MASTER,2025123013
KR10025001,2025123014,968.375,494.84,722192.5900000001,4.88,31.0,1025.0,-10.85,1.59,3.0,10000.0,4.27,3.0,36.0372673,126.6898854,MASTER,2025123014
KR10025001,2025123015,968.375,287.19,722479.78,4.73,33.0,1025.0,-10.32,0.95,2.0,10000.0,4.3,5.0,36.0372673,126.6898854,MASTER,2025123015
KR10025001,2025123016,968.375,101.71,722581.49,4.23,36.0,1025.0,-9.54,0.37,0.0,10000.0,4.19,4.0,36.0372673,126.6898854,MASTER,2025123016
KR10025001,2025123017,968.375,7.890000000000003,722589.38,2.95,46.0,1026.0,-7.51,0.0,0.0,10000.0,3.51,10.0,36.0372673,126.6898854,MASTER,2025123017
KR10025001,2025123018,968.375,0.0,722589.38,3.95,35.0,1026.0,-9.01,0.0,0.0,10000.0,3.28,25.0,36.0372673,126.6898854,MASTER,2025123018
KR10025001,2025123019,968.375,0.0,722589.38,3.3,38.0,1026.0,-8.59,0.0,0.0,10000.0,3.06,21.0,36.0372673,126.6898854,MASTER,2025123019
KR10025001,2025123020,968.375,0.0,722589.38,2.51,41.0,1026.0,-8.37,0.0,0.0,10000.0,2.98,21.0,36.0372673,126.6898854,MASTER,2025123020
KR10025001,2025123021,968.375,0.0,722589.38,1.66,46.0,1027.0,-7.74,0.0,0.0,10000.0,2.66,20.0,36.0372673,126.6898854,MASTER,2025123021
KR10025001,2025123022,968.375,0.0,722589.38,0.84,51.0,1027.0,-7.24,0.0,0.0,10000.0,2.14,17.0,36.0372673,126.6898854,MASTER,2025123022
KR10025001,2025123023,968.375,0.0,722589.38,0.04,56.0,1027.0,-7.84,0.0,0.0,10000.0,2.18,14.0,36.0372673,126.6898854,MASTER,2025123023
KR10025001,2025123100,968.375,0.0,722589.38,0.01,58.0,1027.0,-7.39,0.0,2.0,10000.0,2.13,22.0,36.0372673,126.6898854,MASTER,2025123100
KR10025001,2025123101,968.375,0.0,722589.38,0.02,61.0,1027.0,-6.58,0.0,15.0,10000.0,2.56,16.0,36.0372673,126.6898854,MASTER,2025123101
KR10025001,2025123102,968.375,0.0,722589.38,-0.17,65.0,1028.0,-6.1,0.0,29.0,10000.0,4.03,22.0,36.0372673,126.6898854,MASTER,2025123102
KR10025001,2025123103,968.375,0.0,722589.38,-1.23,76.0,1028.0,-5.06,0.0,39.0,10000.0,4.79,22.0,36.0372673,126.6898854,MASTER,2025123103
KR10025001,2025123104,968.375,0.0,722589.38,-1.58,81.0,1028.0,-4.64,0.0,30.0,10000.0,3.76,17.0,36.0372673,126.6898854,MASTER,2025123104
KR10025001,2025123105,968.375,0.0,722589.38,-1.21,75.0,1028.0,-5.23,0.0,42.0,10000.0,4.5,5.0,36.0372673,126.6898854,MASTER,2025123105
KR10025001,2025123106,968.375,0.0,722589.38,-0.05,74.0,1028.0,-3.66,0.0,100.0,10000.0,6.91,356.0,36.0372673,126.6898854,MASTER,2025123106
KR10025001,2025123107,968.375,1.64,722591.0200000001,-0.4,70.0,1028.0,-4.65,0.0,95.0,10000.0,7.04,356.0,36.0372673,126.6898854,MASTER,2025123107
KR10025001,2025123108,968.375,53.230000000000025,722644.25,-1.02,66.0,1028.0,-5.94,0.0,92.0,10000.0,6.49,1.0,36.0372673,126.6898854,MASTER,2025123108
KR10025001,2025123109,968.375,236.67,722880.92,-1.39,60.0,1029.0,-7.39,0.33,83.0,10000.0,6.91,357.0,36.0372673,126.6898854,MASTER,2025123109
KR10025001,2025123110,968.375,446.9200000000001,723327.84,-1.26,54.0,1030.0,-8.47,0.84,54.0,10000.0,7.09,356.0,36.0372673,126.6898854,MASTER,2025123110
KR10025001,2025123111,968.375,571.0900000000001,723898.9299999999,-0.94,46.0,1030.0,-11.23,1.49,51.0,10000.0,7.15,352.0,36.0372673,126.6898854,MASTER,2025123111
KR10025001,2025123112,968.375,621.9900000000001,724520.92,-0.59,44.0,1029.0,-11.51,1.92,69.0,10000.0,6.97,349.0,36.0372673,126.6898854,MASTER,2025123112
KR10025001,2025123113,968.375,549.3199999999999,725070.2400000001,-0.37,43.0,1028.0,-11.64,1.93,77.0,10000.0,7.02,346.0,36.0372673,126.6898854,MASTER,2025123113
KR10025001,2025123114,968.375,451.37000000000006,725521.61,-0.28,43.0,1027.0,-11.46,1.53,77.0,10000.0,7.54,343.0,36.0372673,126.6898854,MASTER,2025123114
KR10025001,2025123115,968.375,298.31,725819.9199999999,-0.54,45.0,1028.0,-11.23,0.91,81.0,10000.0,7.88,343.0,36.0372673,126.6898854,MASTER,2025123115
KR10025001,2025123116,968.375,104.27000000000002,725924.19,-0.93,47.0,1028.0,-10.98,0.38,94.0,10000.0,7.64,345.0,36.0372673,126.6898854,MASTER,2025123116
KR10025001,2025123117,968.375,7.000000000000002,725931.19,-1.45,50.0,1028.0,-10.54,0.0,77.0,10000.0,6.47,350.0,36.0372673,126.6898854,MASTER,2025123117
KR10025001,2025123118,968.375,0.0,725931.19,-2.05,46.0,1028.0,-11.03,0.0,20.0,10000.0,6.02,355.0,36.0372673,126.6898854,MASTER,2025123118
KR10025001,2025123119,968.375,0.0,725931.19,-2.16,48.0,1028.0,-10.65,0.0,31.0,10000.0,5.6,359.0,36.0372673,126.6898854,MASTER,2025123119
KR10025001,2025123120,968.375,0.0,725931.19,-2.35,50.0,1028.0,-10.37,0.0,38.0,10000.0,5.58,359.0,36.0372673,126.6898854,MASTER,2025123120
KR10025001,2025123121,968.375,0.0,725931.19,-2.56,52.0,1028.0,-10.13,0.0,41.0,10000.0,5.42,360.0,36.0372673,126.6898854,MASTER,2025123121
KR10025001,2025123122,968.375,0.0,725931.19,-2.87,54.0,1029.0,-10.0,0.0,10.0,10000.0,5.54,1.0,36.0372673,126.6898854,MASTER,2025123122
KR10025001,2025123123,968.375,0.0,725931.19,-3.41,57.0,1029.0,-10.84,0.0,9.0,10000.0,5.04,6.0,36.0372673,126.6898854,MASTER,2025123123
KR10025001,2026010100,968.375,0.0,725931.19,-3.71,58.0,1029.0,-10.96,0.0,11.0,10000.0,4.79,9.0,36.0372673,126.6898854,MASTER,2026010100
KR10025001,2026010101,968.375,0.0,725931.19,-3.89,59.0,1028.0,-11.0,0.0,12.0,10000.0,4.54,10.0,36.0372673,126.6898854,MASTER,2026010101
KR10025001,2026010102,968.375,0.0,725931.19,-3.97,59.0,1028.0,-11.06,0.0,12.0,10000.0,4.71,12.0,36.0372673,126.6898854,MASTER,2026010102
KR10025001,2026010103,968.375,0.0,725931.19,-4.07,59.0,1028.0,-11.15,0.0,13.0,10000.0,4.81,12.0,36.0372673,126.6898854,MASTER,2026010103
KR10025001,2026010104,968.375,0.0,725931.19,-4.23,58.0,1028.0,-11.42,0.0,13.0,10000.0,5.0,12.0,36.0372673,126.6898854,MASTER,2026010104
KR10025001,2026010105,968.375,0.0,725931.19,-4.38,57.0,1027.0,-11.76,0.0,15.0,10000.0,5.04,11.0,36.0372673,126.6898854,MASTER,2026010105
KR10025001,2026010106,968.375,0.0,725931.19,-3.05,74.0,1028.0,-6.58,0.0,0.0,10000.0,4.13,16.0,36.0372673,126.6898854,MASTER,2026010106
KR10025001,2026010107,968.375,2.47,725933.66,-3.32,70.0,1028.0,-7.48,0.0,7.0,10000.0,4.29,10.0,36.0372673,126.6898854,MASTER,2026010107
KR10025001,2026010108,968.375,53.64000000000002,725987.2999999999,-3.51,65.0,1028.0,-8.51,0.0,20.0,10000.0,4.94,9.0,36.0372673,126.6898854,MASTER,2026010108
KR10025001,2026010109,968.375,164.24999999999997,726151.5499999999,-3.43,59.0,1028.0,-9.53,0.26,34.0,10000.0,5.73,3.0,36.0372673,126.6898854,MASTER,2026010109
KR10025001,2026010110,968.375,256.1000000000001,726407.65,-3.07,52.0,1029.0,-10.61,0.64,80.0,10000.0,6.42,358.0,36.0372673,126.6898854,MASTER,2026010110
KR10025001,2026010111,968.375,336.37,726744.02,-2.48,45.0,1029.0,-12.95,1.1,100.0,10000.0,6.87,353.0,36.0372673,126.6898854,MASTER,2026010111
KR10025001,2026010112,968.375,448.71,727192.7300000001,-1.87,44.0,1028.0,-12.71,1.48,100.0,10000.0,6.88,350.0,36.0372673,126.6898854,MASTER,2026010112
KR10025001,2026010113,968.375,507.88,727700.61,-1.39,44.0,1027.0,-12.27,1.53,100.0,10000.0,6.77,348.0,36.0372673,126.6898854,MASTER,2026010113
KR10025001,2026010114,968.375,414.4,728115.01,-1.01,45.0,1026.0,-11.65,1.18,100.0,10000.0,6.54,348.0,36.0372673,126.6898854,MASTER,2026010114
KR10025001,2026010115,968.375,257.57,728372.5800000001,-0.81,48.0,1026.0,-10.59,0.71,100.0,10000.0,5.93,351.0,36.0372673,126.6898854,MASTER,2026010115
KR10025001,2026010116,968.375,88.94000000000003,728461.52,-0.95,52.0,1025.0,-9.67,0.3,100.0,10000.0,5.89,353.0,36.0372673,126.6898854,MASTER,2026010116
KR10025001,2026010117,968.375,8.07,728469.59,-1.3,55.0,1025.0,-9.34,0.0,100.0,10000.0,4.99,357.0,36.0372673,126.6898854,MASTER,2026010117
KR10025001,2026010118,968.375,0.0,728469.59,-2.05,40.0,1026.0,-12.58,0.0,40.0,10000.0,3.96,356.0,36.0372673,126.6898854,MASTER,2026010118
KR10025001,2026010119,968.375,0.0,728469.59,-2.25,48.0,1026.0,-10.74,0.0,52.0,1760.0,4.47,359.0,36.0372673,126.6898854,MASTER,2026010119
KR10025001,2026010120,968.375,0.0,728469.59,-2.26,55.0,1026.0,-9.21,0.0,64.0,4657.0,3.97,339.0,36.0372673,126.6898854,MASTER,2026010120
KR10025001,2026010121,968.375,0.0,728469.59,-2.19,68.0,1025.0,-6.72,0.0,76.0,0.0,4.47,331.0,36.0372673,126.6898854,MASTER,2026010121
KR10025001,2026010122,968.375,0.0,728469.59,-2.36,80.0,1025.0,-5.0,0.0,88.0,1244.0,6.12,343.0,36.0372673,126.6898854,MASTER,2026010122
KR10025001,2026010123,968.375,0.0,728469.59,-2.75,82.0,1025.0,-5.6,0.0,100.0,263.0,6.63,340.0,36.0372673,126.6898854,MASTER,2026010123
KR10025001,2026010200,968.375,0.0,728469.59,-3.59,89.0,1025.0,-5.36,0.0,100.0,1487.0,6.57,346.0,36.0372673,126.6898854,MASTER,2026010200
KR10025001,2026010201,968.375,0.0,728469.59,-2.81,67.0,1024.0,-8.25,0.0,100.0,10000.0,7.41,342.0,36.0372673,126.6898854,MASTER,2026010201
KR10025001,2026010202,968.375,0.0,728469.59,-3.98,78.0,1024.0,-7.51,0.0,100.0,3696.0,6.08,347.0,36.0372673,126.6898854,MASTER,2026010202
KR10025001,2026010203,968.375,0.0,728469.59,-3.51,63.0,1025.0,-9.7,0.0,100.0,10000.0,6.19,354.0,36.0372673,126.6898854,MASTER,2026010203
KR10025001,2026010204,968.375,0.0,728469.59,-3.48,61.0,1024.0,-10.04,0.0,100.0,10000.0,7.07,351.0,36.0372673,126.6898854,MASTER,2026010204
KR10025001,2026010205,968.375,0.0,728469.59,-3.91,73.0,1024.0,-8.19,0.0,100.0,10000.0,6.75,350.0,36.0372673,126.6898854,MASTER,2026010205
KR10025001,2026010206,968.375,0.0,728469.59,-4.05,68.0,1025.0,-8.52,0.0,100.0,10000.0,6.64,352.0,36.0372673,126.6898854,MASTER,2026010206
KR10025001,2026010207,968.375,1.2399999999999998,728470.83,-3.97,67.0,1025.0,-8.61,0.0,100.0,10000.0,6.84,351.0,36.0372673,126.6898854,MASTER,2026010207
KR10025001,2026010208,968.375,39.40000000000001,728510.23,-4.03,66.0,1025.0,-8.84,0.0,100.0,10000.0,6.7,354.0,36.0372673,126.6898854,MASTER,2026010208
KR10025001,2026010209,968.375,167.23,728677.4600000001,-3.83,64.0,1026.0,-8.99,0.29,100.0,10000.0,6.47,353.0,36.0372673,126.6898854,MASTER,2026010209
KR10025001,2026010210,968.375,403.44,729080.9,-3.16,60.0,1027.0,-9.08,0.71,100.0,10000.0,7.16,346.0,36.0372673,126.6898854,MASTER,2026010210
KR10025001,2026010211,968.375,560.5800000000002,729641.48,-2.11,57.0,1027.0,-9.73,1.19,95.0,10000.0,7.38,342.0,36.0372673,126.6898854,MASTER,2026010211
KR10025001,2026010212,968.375,594.28,730235.76,-1.28,55.0,1026.0,-9.29,1.5,95.0,10000.0,7.64,338.0,36.0372673,126.6898854,MASTER,2026010212
KR10025001,2026010213,968.375,506.91,730742.6699999999,-0.72,56.0,1025.0,-8.53,1.48,96.0,10000.0,7.81,336.0,36.0372673,126.6898854,MASTER,2026010213
KR10025001,2026010214,968.375,337.00999999999993,731079.6799999999,-0.45,61.0,1024.0,-7.21,1.16,97.0,10000.0,7.75,331.0,36.0372673,126.6898854,MASTER,2026010214
KR10025001,2026010215,968.375,106.51,731186.19,-0.31,63.0,1024.0,-6.48,0.71,97.0,10000.0,7.85,329.0,36.0372673,126.6898854,MASTER,2026010215
KR10025001,2026010216,968.375,36.42,731222.61,-0.02,62.0,1025.0,-6.56,0.3,100.0,10000.0,7.67,328.0,36.0372673,126.6898854,MASTER,2026010216
KR10025001,2026010217,968.375,1.59,731224.2000000001,-0.36,64.0,1025.0,-6.44,0.0,100.0,10000.0,7.83,329.0,36.0372673,126.6898854,MASTER,2026010217
KR10025001,2026010218,968.375,0.0,731224.2000000001,-0.05,59.0,1025.0,-6.31,0.0,100.0,10000.0,8.02,331.0,36.0372673,126.6898854,MASTER,2026010218
KR10025001,2026010219,968.375,0.0,731224.2000000001,-0.14,59.0,1025.0,-6.39,0.0,100.0,10000.0,8.09,333.0,36.0372673,126.6898854,MASTER,2026010219
KR10025001,2026010220,968.375,0.0,731224.2000000001,-0.2,59.0,1025.0,-6.45,0.0,100.0,10000.0,7.56,335.0,36.0372673,126.6898854,MASTER,2026010220
KR10025001,2026010221,968.375,0.0,731224.2000000001,-0.38,59.0,1026.0,-6.62,0.0,100.0,10000.0,6.95,340.0,36.0372673,126.6898854,MASTER,2026010221
KR10025001,2026010222,968.375,0.0,731224.2000000001,-0.75,61.0,1026.0,-6.59,0.0,100.0,10000.0,5.99,345.0,36.0372673,126.6898854,MASTER,2026010222
KR10025001,2026010223,968.375,0.0,731224.2000000001,-1.13,63.0,1026.0,-7.34,0.0,100.0,10000.0,5.31,349.0,36.0372673,126.6898854,MASTER,2026010223
KR10025001,2026010300,968.375,0.0,731224.2000000001,-1.42,65.0,1026.0,-7.25,0.0,92.0,10000.0,4.54,354.0,36.0372673,126.6898854,MASTER,2026010300
KR10025001,2026010301,968.375,0.0,731224.2000000001,-1.74,67.0,1026.0,-7.27,0.0,86.0,10000.0,3.64,360.0,36.0372673,126.6898854,MASTER,2026010301
KR10025001,2026010302,968.375,0.0,731224.2000000001,-2.05,67.0,1027.0,-7.43,0.0,87.0,10000.0,2.99,11.0,36.0372673,126.6898854,MASTER,2026010302
KR10025001,2026010303,968.375,0.0,731224.2000000001,-2.37,68.0,1027.0,-7.68,0.0,82.0,10000.0,2.46,24.0,36.0372673,126.6898854,MASTER,2026010303
KR10025001,2026010304,968.375,0.0,731224.2000000001,-2.51,67.0,1027.0,-7.86,0.0,85.0,10000.0,2.37,31.0,36.0372673,126.6898854,MASTER,2026010304
KR10025001,2026010305,968.375,0.0,731224.2000000001,-2.64,68.0,1027.0,-7.95,0.0,88.0,10000.0,2.18,46.0,36.0372673,126.6898854,MASTER,2026010305
KR10025001,2026010306,968.375,0.0,731224.2000000001,-5.05,74.0,1028.0,-8.52,0.0,75.0,10000.0,2.41,59.0,36.0372673,126.6898854,MASTER,2026010306
KR10025001,2026010307,968.375,2.3,731226.5000000001,-4.85,72.0,1028.0,-8.64,0.0,73.0,10000.0,2.21,69.0,36.0372673,126.6898854,MASTER,2026010307
KR10025001,2026010308,968.375,65.97000000000001,731292.47,-4.54,71.0,1028.0,-8.5,0.0,68.0,10000.0,2.08,71.0,36.0372673,126.6898854,MASTER,2026010308
KR10025001,2026010309,968.375,213.42,731505.8899999999,-3.59,68.0,1028.0,-8.07,0.29,64.0,10000.0,2.02,80.0,36.0372673,126.6898854,MASTER,2026010309
KR10025001,2026010310,968.375,315.26,731821.1500000001,-2.03,63.0,1028.0,-7.44,0.66,82.0,10000.0,2.36,98.0,36.0372673,126.6898854,MASTER,2026010310
KR10025001,2026010311,968.375,218.76,732039.9099999999,0.02,59.0,1028.0,-7.08,1.13,83.0,10000.0,2.21,107.0,36.0372673,126.6898854,MASTER,2026010311
KR10025001,2026010312,968.375,167.53,732207.44,1.09,59.0,1028.0,-6.03,1.49,85.0,10000.0,1.66,125.0,36.0372673,126.6898854,MASTER,2026010312
KR10025001,2026010313,968.375,82.58,732290.02,1.49,68.0,1027.0,-3.93,1.55,86.0,10000.0,1.02,155.0,36.0372673,126.6898854,MASTER,2026010313
KR10025001,2026010314,968.375,76.27999999999999,732366.3000000002,1.69,77.0,1026.0,-2.05,1.18,88.0,10000.0,0.77,173.0,36.0372673,126.6898854,MASTER,2026010314
KR10025001,2026010315,968.375,66.43,732432.7299999999,2.14,82.0,1026.0,-0.79,0.78,91.0,10000.0,0.57,251.0,36.0372673,126.6898854,MASTER,2026010315
KR10025001,2026010316,968.375,34.359999999999985,732467.09,2.77,79.0,1026.0,-0.62,0.33,100.0,10000.0,1.38,317.0,36.0372673,126.6898854,MASTER,2026010316
KR10025001,2026010317,968.375,2.5600000000000005,732469.65,2.41,80.0,1026.0,-0.98,0.0,98.0,10000.0,0.94,350.0,36.0372673,126.6898854,MASTER,2026010317
KR10025001,2026010318,968.375,0.0,732469.65,1.95,64.0,1027.0,-3.66,0.0,100.0,10000.0,1.69,216.0,36.0372673,126.6898854,MASTER,2026010318
KR10025001,2026010319,968.375,0.0,732469.65,1.58,68.0,1027.0,-3.26,0.0,88.0,10000.0,0.83,213.0,36.0372673,126.6898854,MASTER,2026010319
KR10025001,2026010320,968.375,0.0,732469.65,1.27,71.0,1027.0,-3.01,0.0,74.0,10000.0,0.38,132.0,36.0372673,126.6898854,MASTER,2026010320
KR10025001,2026010321,968.375,0.0,732469.65,0.93,75.0,1027.0,-2.65,0.0,64.0,10000.0,1.11,103.0,36.0372673,126.6898854,MASTER,2026010321
KR10025001,2026010322,968.375,0.0,732469.65,0.64,77.0,1027.0,-2.58,0.0,90.0,10000.0,1.24,110.0,36.0372673,126.6898854,MASTER,2026010322
KR10025001,2026010323,968.375,0.0,732469.65,0.84,77.0,1027.0,-2.91,0.0,96.0,10000.0,0.74,110.0,36.0372673,126.6898854,MASTER,2026010323
KR10025001,2026010400,968.375,0.0,732469.65,1.23,75.0,1026.0,-2.93,0.0,97.0,10000.0,0.07,360.0,36.0372673,126.6898854,MASTER,2026010400
KR10025001,2026010401,968.375,0.0,732469.65,1.63,72.0,1026.0,-2.97,0.0,99.0,10000.0,0.37,303.0,36.0372673,126.6898854,MASTER,2026010401
KR10025001,2026010402,968.375,0.0,732469.65,1.66,72.0,1026.0,-3.02,0.0,97.0,10000.0,0.59,291.0,36.0372673,126.6898854,MASTER,2026010402
KR10025001,2026010403,968.375,0.0,732469.65,1.59,73.0,1026.0,-2.93,0.0,97.0,10000.0,0.6,294.0,36.0372673,126.6898854,MASTER,2026010403
KR10025001,2026010404,968.375,0.0,732469.65,1.97,71.0,1025.0,-2.75,0.0,93.0,10000.0,1.04,305.0,36.0372673,126.6898854,MASTER,2026010404
KR10025001,2026010405,968.375,0.0,732469.65,2.25,71.0,1025.0,-2.61,0.0,95.0,10000.0,1.27,303.0,36.0372673,126.6898854,MASTER,2026010405
KR10025001,2026010406,968.375,0.0,732469.65,3.95,65.0,1025.0,-1.79,0.0,100.0,10000.0,1.83,334.0,36.0372673,126.6898854,MASTER,2026010406
KR10025001,2026010407,968.375,0.25,732469.9,3.7,66.0,1025.0,-1.82,0.0,100.0,10000.0,1.31,303.0,36.0372673,126.6898854,MASTER,2026010407
KR10025001,2026010408,968.375,14.47000000000001,732484.37,3.56,67.0,1025.0,-1.75,0.0,100.0,10000.0,2.07,281.0,36.0372673,126.6898854,MASTER,2026010408
KR10025001,2026010409,968.375,52.16000000000002,732536.53,3.85,68.0,1026.0,-1.33,0.3,99.0,10000.0,2.59,291.0,36.0372673,126.6898854,MASTER,2026010409
KR10025001,2026010410,968.375,86.90999999999998,732623.4400000001,5.25,65.0,1026.0,-0.69,0.9,96.0,10000.0,3.29,297.0,36.0372673,126.6898854,MASTER,2026010410
KR10025001,2026010411,968.375,175.33999999999995,732798.7799999999,6.17,64.0,1026.0,-0.26,1.56,93.0,10000.0,4.42,307.0,36.0372673,126.6898854,MASTER,2026010411
KR10025001,2026010412,968.375,238.35,733037.1299999999,6.29,61.0,1025.0,-0.73,2.0,87.0,10000.0,4.9,309.0,36.0372673,126.6898854,MASTER,2026010412
KR10025001,2026010413,968.375,399.15,733436.28,6.12,61.0,1024.0,-0.88,1.95,89.0,10000.0,4.95,306.0,36.0372673,126.6898854,MASTER,2026010413
KR10025001,2026010414,968.375,386.9,733823.18,5.91,60.0,1024.0,-1.29,1.47,92.0,10000.0,4.92,305.0,36.0372673,126.6898854,MASTER,2026010414
KR10025001,2026010415,968.375,176.97999999999996,734000.16,5.59,61.0,1023.0,-1.53,0.85,93.0,10000.0,4.83,310.0,36.0372673,126.6898854,MASTER,2026010415
KR10025001,2026010416,968.375,87.27000000000004,734087.43,5.08,64.0,1023.0,-1.3,0.36,100.0,10000.0,3.99,318.0,36.0372673,126.6898854,MASTER,2026010416
KR10025001,2026010417,968.375,7.900000000000002,734095.3300000001,3.97,69.0,1023.0,-1.34,0.0,100.0,10000.0,3.35,315.0,36.0372673,126.6898854,MASTER,2026010417
KR10025001,2026010418,968.375,0.0,734095.3300000001,5.95,65.0,1023.0,-0.11,0.0,75.0,10000.0,3.23,321.0,36.0372673,126.6898854,MASTER,2026010418
KR10025001,2026010419,968.375,0.0,734095.3300000001,5.35,67.0,1023.0,-0.24,0.0,80.0,10000.0,2.86,328.0,36.0372673,126.6898854,MASTER,2026010419
KR10025001,2026010420,968.375,0.0,734095.3300000001,4.7,69.0,1023.0,-0.44,0.0,85.0,10000.0,2.89,332.0,36.0372673,126.6898854,MASTER,2026010420
KR10025001,2026010421,968.375,0.0,734095.3300000001,3.96,71.0,1023.0,-0.72,0.0,90.0,10000.0,2.8,347.0,36.0372673,126.6898854,MASTER,2026010421
KR10025001,2026010422,968.375,0.0,734095.3300000001,3.09,74.0,1023.0,-0.96,0.0,95.0,10000.0,2.82,340.0,36.0372673,126.6898854,MASTER,2026010422
KR10025001,2026010423,968.375,0.0,734095.3300000001,2.15,77.0,1023.0,-1.63,0.0,100.0,10000.0,2.56,344.0,36.0372673,126.6898854,MASTER,2026010423
KR10025001,2026010500,968.375,0.0,734095.3300000001,2.14,75.0,1023.0,-1.88,0.0,100.0,10000.0,2.05,344.0,36.0372673,126.6898854,MASTER,2026010500
KR10025001,2026010501,968.375,0.0,734095.3300000001,2.01,75.0,1022.0,-2.17,0.0,100.0,10000.0,1.97,336.0,36.0372673,126.6898854,MASTER,2026010501
KR10025001,2026010502,968.375,0.0,734095.3300000001,1.93,75.0,1022.0,-2.23,0.0,100.0,10000.0,2.39,329.0,36.0372673,126.6898854,MASTER,2026010502
KR10025001,2026010503,968.375,0.0,734095.3300000001,2.22,75.0,1022.0,-1.98,0.0,100.0,10000.0,2.67,343.0,36.0372673,126.6898854,MASTER,2026010503
KR10025001,2026010504,968.375,0.0,734095.3300000001,1.65,77.0,1022.0,-1.99,0.0,100.0,10000.0,2.84,344.0,36.0372673,126.6898854,MASTER,2026010504
KR10025001,2026010505,968.375,0.0,734095.3300000001,1.66,75.0,1021.0,-2.42,0.0,100.0,10000.0,2.73,338.0,36.0372673,126.6898854,MASTER,2026010505
KR10025001,2026010506,968.375,0.0,734095.3300000001,1.95,55.0,1021.0,-5.44,0.0,75.0,10000.0,2.92,343.0,36.0372673,126.6898854,MASTER,2026010506
KR10025001,2026010507,968.375,1.18,734096.5099999999,2.01,59.0,1021.0,-4.57,0.0,80.0,10000.0,3.2,346.0,36.0372673,126.6898854,MASTER,2026010507
KR10025001,2026010508,968.375,50.44000000000001,734146.95,1.85,63.0,1021.0,-3.93,0.0,85.0,10000.0,3.51,343.0,36.0372673,126.6898854,MASTER,2026010508
KR10025001,2026010509,968.375,150.31,734297.26,2.07,64.0,1022.0,-3.56,0.33,85.0,10000.0,3.84,346.0,36.0372673,126.6898854,MASTER,2026010509
KR10025001,2026010510,968.375,384.66,734681.9200000002,3.13,53.0,1023.0,-4.89,0.89,95.0,10000.0,5.74,333.0,36.0372673,126.6898854,MASTER,2026010510
KR10025001,2026010511,968.375,511.2000000000001,735193.12,3.71,48.0,1023.0,-6.38,1.56,58.0,10000.0,7.09,334.0,36.0372673,126.6898854,MASTER,2026010511
KR10025001,2026010512,968.375,536.9399999999999,735730.06,3.85,44.0,1023.0,-7.27,1.96,73.0,10000.0,7.12,335.0,36.0372673,126.6898854,MASTER,2026010512
KR10025001,2026010513,968.375,573.68,736303.74,3.87,40.0,1022.0,-8.49,1.96,58.0,10000.0,7.67,333.0,36.0372673,126.6898854,MASTER,2026010513
KR10025001,2026010514,968.375,509.5100000000001,736813.25,3.38,39.0,1022.0,-9.49,1.59,58.0,10000.0,8.04,332.0,36.0372673,126.6898854,MASTER,2026010514
KR10025001,2026010515,968.375,319.6,737132.8500000001,3.01,40.0,1022.0,-9.47,0.97,49.0,10000.0,8.04,333.0,36.0372673,126.6898854,MASTER,2026010515
KR10025001,2026010516,968.375,116.42,737249.27,2.55,43.0,1023.0,-8.94,0.4,0.0,10000.0,7.38,335.0,36.0372673,126.6898854,MASTER,2026010516
KR10025001,2026010517,968.375,10.870000000000006,737260.1400000001,1.79,46.0,1023.0,-8.76,0.0,0.0,10000.0,6.64,339.0,36.0372673,126.6898854,MASTER,2026010517
KR10025001,2026010518,968.375,0.0,737260.1400000001,1.95,44.0,1024.0,-8.02,0.0,0.0,10000.0,4.98,348.0,36.0372673,126.6898854,MASTER,2026010518
KR10025001,2026010519,968.375,0.0,737260.1400000001,1.53,46.0,1024.0,-7.85,0.0,0.0,10000.0,3.96,355.0,36.0372673,126.6898854,MASTER,2026010519
KR10025001,2026010520,968.375,0.0,737260.1400000001,0.99,48.0,1024.0,-7.81,0.0,0.0,10000.0,3.27,1.0,36.0372673,126.6898854,MASTER,2026010520
KR10025001,2026010521,968.375,0.0,737260.1400000001,0.45,50.0,1025.0,-7.79,0.0,0.0,10000.0,2.7,5.0,36.0372673,126.6898854,MASTER,2026010521
KR10025001,2026010522,968.375,0.0,737260.1400000001,-0.1,52.0,1025.0,-7.81,0.0,0.0,10000.0,2.36,8.0,36.0372673,126.6898854,MASTER,2026010522
KR10025001,2026010523,968.375,0.0,737260.1400000001,-0.64,54.0,1026.0,-8.84,0.0,0.0,10000.0,2.16,9.0,36.0372673,126.6898854,MASTER,2026010523
KR10025001,2026010600,968.375,0.0,737260.1400000001,-0.72,55.0,1026.0,-8.79,0.0,0.0,10000.0,2.25,10.0,36.0372673,126.6898854,MASTER,2026010600
KR10025001,2026010601,968.375,0.0,737260.1400000001,-0.87,55.0,1026.0,-8.77,0.0,0.0,10000.0,2.28,15.0,36.0372673,126.6898854,MASTER,2026010601
KR10025001,2026010602,968.375,0.0,737260.1400000001,-1.0,56.0,1026.0,-8.82,0.0,0.0,10000.0,2.12,26.0,36.0372673,126.6898854,MASTER,2026010602
KR10025001,2026010603,968.375,0.0,737260.1400000001,-1.2,56.0,1026.0,-8.92,0.0,0.0,10000.0,2.02,36.0,36.0372673,126.6898854,MASTER,2026010603
KR10025001,2026010604,968.375,0.0,737260.1400000001,-1.42,57.0,1026.0,-8.99,0.0,0.0,10000.0,2.03,42.0,36.0372673,126.6898854,MASTER,2026010604
KR10025001,2026010605,968.375,0.0,737260.1400000001,-1.61,57.0,1025.0,-9.06,0.0,0.0,10000.0,1.73,57.0,36.0372673,126.6898854,MASTER,2026010605
KR10025001,2026010606,968.375,0.0,737260.1400000001,-6.05,79.0,1026.0,-8.76,0.0,0.0,10000.0,1.53,64.0,36.0372673,126.6898854,MASTER,2026010606
KR10025001,2026010607,968.375,1.82,737261.96,-5.21,74.0,1026.0,-8.68,0.0,0.0,10000.0,1.68,80.0,36.0372673,126.6898854,MASTER,2026010607
KR10025001,2026010608,968.375,52.79000000000001,737314.75,-4.43,70.0,1026.0,-8.56,0.0,0.0,10000.0,1.63,97.0,36.0372673,126.6898854,MASTER,2026010608
KR10025001,2026010609,968.375,223.29999999999995,737538.05,-3.12,64.0,1026.0,-8.31,0.33,1.0,10000.0,1.64,103.0,36.0372673,126.6898854,MASTER,2026010609
KR10025001,2026010610,968.375,430.36,737968.41,-1.12,56.0,1026.0,-7.93,0.84,7.0,10000.0,1.76,101.0,36.0372673,126.6898854,MASTER,2026010610
KR10025001,2026010611,968.375,544.65,738513.06,1.47,48.0,1026.0,-8.55,1.44,10.0,10000.0,0.8,101.0,36.0372673,126.6898854,MASTER,2026010611
KR10025001,2026010612,968.375,600.5999999999999,739113.66,2.6,46.0,1025.0,-7.88,1.85,19.0,10000.0,0.76,333.0,36.0372673,126.6898854,MASTER,2026010612
KR10025001,2026010613,968.375,553.32,739666.98,3.32,48.0,1024.0,-6.85,1.88,15.0,10000.0,1.42,291.0,36.0372673,126.6898854,MASTER,2026010613
KR10025001,2026010614,968.375,451.3,740118.2800000001,3.6,51.0,1023.0,-5.6,1.51,13.0,10000.0,1.91,296.0,36.0372673,126.6898854,MASTER,2026010614
KR10025001,2026010615,968.375,234.97,740353.2499999999,3.38,56.0,1023.0,-4.53,0.89,25.0,10000.0,2.43,279.0,36.0372673,126.6898854,MASTER,2026010615
KR10025001,2026010616,968.375,66.69,740419.9400000001,2.92,60.0,1023.0,-4.12,0.34,100.0,10000.0,1.76,267.0,36.0372673,126.6898854,MASTER,2026010616
KR10025001,2026010617,968.375,5.880000000000002,740425.82,1.84,66.0,1022.0,-3.83,0.0,100.0,10000.0,1.33,251.0,36.0372673,126.6898854,MASTER,2026010617
KR10025001,2026010618,968.375,0.0,740425.82,2.95,65.0,1023.0,-2.63,0.0,75.0,10000.0,1.07,240.0,36.0372673,126.6898854,MASTER,2026010618
KR10025001,2026010619,968.375,0.0,740425.82,2.43,67.0,1023.0,-2.71,0.0,80.0,10000.0,0.9,224.0,36.0372673,126.6898854,MASTER,2026010619
KR10025001,2026010620,968.375,0.0,740425.82,1.97,68.0,1023.0,-2.93,0.0,84.0,10000.0,1.0,218.0,36.0372673,126.6898854,MASTER,2026010620
KR10025001,2026010621,968.375,0.0,740425.82,1.67,69.0,1022.0,-3.01,0.0,89.0,10000.0,1.26,186.0,36.0372673,126.6898854,MASTER,2026010621
KR10025001,2026010622,968.375,0.0,740425.82,1.48,71.0,1022.0,-2.83,0.0,95.0,10000.0,1.92,165.0,36.0372673,126.6898854,MASTER,2026010622
KR10025001,2026010623,968.375,0.0,740425.82,1.02,73.0,1022.0,-3.36,0.0,100.0,10000.0,2.32,158.0,36.0372673,126.6898854,MASTER,2026010623
KR10025001,2026010700,968.375,0.0,740425.82,1.36,73.0,1022.0,-3.09,0.0,100.0,10000.0,1.97,166.0,36.0372673,126.6898854,MASTER,2026010700
KR10025001,2026010701,968.375,0.0,740425.82,1.2,79.0,1021.0,-2.1,0.0,100.0,9707.0,1.67,147.0,36.0372673,126.6898854,MASTER,2026010701
KR10025001,2026010702,968.375,0.0,740425.82,1.63,78.0,1021.0,-1.85,0.0,99.0,10000.0,1.42,150.0,36.0372673,126.6898854,MASTER,2026010702
KR10025001,2026010703,968.375,0.0,740425.82,2.12,76.0,1020.0,-1.82,0.0,98.0,10000.0,0.53,140.0,36.0372673,126.6898854,MASTER,2026010703
KR10025001,2026010704,968.375,0.0,740425.82,2.67,76.0,1020.0,-1.32,0.0,100.0,10000.0,0.95,306.0,36.0372673,126.6898854,MASTER,2026010704
KR10025001,2026010705,968.375,0.0,740425.82,3.87,71.0,1020.0,-0.95,0.0,93.0,10000.0,3.38,291.0,36.0372673,126.6898854,MASTER,2026010705
KR10025001,2026010706,968.375,0.0,740425.82,0.95,86.0,1019.0,-0.99,0.0,40.0,10000.0,4.46,296.0,36.0372673,126.6898854,MASTER,2026010706
KR10025001,2026010707,968.375,0.96,740426.7799999999,1.54,81.0,1019.0,-1.2,0.0,47.0,10000.0,5.46,292.0,36.0372673,126.6898854,MASTER,2026010707
KR10025001,2026010708,968.375,45.820000000000014,740472.6,2.23,74.0,1019.0,-1.69,0.0,52.0,10000.0,6.55,288.0,36.0372673,126.6898854,MASTER,2026010708
KR10025001,2026010709,968.375,54.22000000000001,740526.82,3.45,68.0,1020.0,-1.67,0.3,51.0,10000.0,7.79,287.0,36.0372673,126.6898854,MASTER,2026010709
KR10025001,2026010710,968.375,253.96000000000004,740780.7799999999,4.28,71.0,1021.0,-0.45,0.81,24.0,10000.0,7.73,316.0,36.0372673,126.6898854,MASTER,2026010710
KR10025001,2026010711,968.375,501.97,741282.7499999999,5.43,57.0,1022.0,-2.5,1.35,57.0,10000.0,7.28,316.0,36.0372673,126.6898854,MASTER,2026010711
KR10025001,2026010712,968.375,557.4000000000001,741840.1500000001,4.95,55.0,1022.0,-3.5,1.67,70.0,10000.0,9.08,318.0,36.0372673,126.6898854,MASTER,2026010712
KR10025001,2026010713,968.375,496.27,742336.42,4.33,53.0,1022.0,-4.54,1.85,68.0,10000.0,9.45,316.0,36.0372673,126.6898854,MASTER,2026010713
KR10025001,2026010714,968.375,449.08,742785.5,3.6,52.0,1022.0,-5.31,1.51,56.0,10000.0,9.37,320.0,36.0372673,126.6898854,MASTER,2026010714
KR10025001,2026010715,968.375,263.14,743048.64,3.04,53.0,1022.0,-5.73,0.93,50.0,10000.0,9.19,321.0,36.0372673,126.6898854,MASTER,2026010715
KR10025001,2026010716,968.375,76.68999999999998,743125.3300000002,2.47,53.0,1023.0,-6.27,0.39,22.0,10000.0,8.5,321.0,36.0372673,126.6898854,MASTER,2026010716
KR10025001,2026010717,968.375,6.390000000000003,743131.7199999999,1.57,55.0,1023.0,-6.68,0.0,20.0,10000.0,8.53,323.0,36.0372673,126.6898854,MASTER,2026010717
KR10025001,2026010718,968.375,0.0,743131.7199999999,3.95,52.0,1024.0,-4.44,0.0,75.0,10000.0,8.19,323.0,36.0372673,126.6898854,MASTER,2026010718
KR10025001,2026010719,968.375,0.0,743131.7199999999,3.28,53.0,1024.0,-4.77,0.0,63.0,10000.0,8.25,326.0,36.0372673,126.6898854,MASTER,2026010719
KR10025001,2026010720,968.375,0.0,743131.7199999999,2.53,54.0,1024.0,-5.17,0.0,53.0,10000.0,8.01,331.0,36.0372673,126.6898854,MASTER,2026010720
KR10025001,2026010721,968.375,0.0,743131.7199999999,1.78,55.0,1025.0,-5.58,0.0,44.0,10000.0,7.9,334.0,36.0372673,126.6898854,MASTER,2026010721
KR10025001,2026010722,968.375,0.0,743131.7199999999,0.69,55.0,1026.0,-6.49,0.0,59.0,10000.0,7.63,337.0,36.0372673,126.6898854,MASTER,2026010722
KR10025001,2026010723,968.375,0.0,743131.7199999999,-0.57,55.0,1026.0,-8.57,0.0,52.0,10000.0,7.1,344.0,36.0372673,126.6898854,MASTER,2026010723
KR10025001,2026010800,968.375,0.0,743131.7199999999,-0.85,54.0,1027.0,-9.08,0.0,51.0,10000.0,7.14,348.0,36.0372673,126.6898854,MASTER,2026010800
KR10025001,2026010801,968.375,0.0,743131.7199999999,-1.13,53.0,1027.0,-9.63,0.0,53.0,10000.0,7.25,349.0,36.0372673,126.6898854,MASTER,2026010801
KR10025001,2026010802,968.375,0.0,743131.7199999999,-1.42,52.0,1027.0,-10.01,0.0,53.0,10000.0,7.29,350.0,36.0372673,126.6898854,MASTER,2026010802
KR10025001,2026010803,968.375,0.0,743131.7199999999,-1.85,52.0,1027.0,-10.53,0.0,50.0,10000.0,7.33,353.0,36.0372673,126.6898854,MASTER,2026010803
KR10025001,2026010804,968.375,0.0,743131.7199999999,-2.3,51.0,1027.0,-11.19,0.0,32.0,10000.0,6.95,355.0,36.0372673,126.6898854,MASTER,2026010804
KR10025001,2026010805,968.375,0.0,743131.7199999999,-2.62,51.0,1027.0,-11.39,0.0,28.0,10000.0,5.99,360.0,36.0372673,126.6898854,MASTER,2026010805
KR10025001,2026010806,968.375,0.0,743131.7199999999,-2.05,50.0,1028.0,-10.09,0.0,40.0,10000.0,5.61,3.0,36.0372673,126.6898854,MASTER,2026010806
KR10025001,2026010807,968.375,2.02,743133.7399999999,-2.26,50.0,1028.0,-10.29,0.0,36.0,10000.0,5.49,5.0,36.0372673,126.6898854,MASTER,2026010807
KR10025001,2026010808,968.375,54.94000000000002,743188.68,-2.51,50.0,1028.0,-10.52,0.0,33.0,10000.0,4.89,5.0,36.0372673,126.6898854,MASTER,2026010808
KR10025001,2026010809,968.375,238.64,743427.3199999998,-2.3,48.0,1029.0,-10.78,0.36,29.0,10000.0,5.01,1.0,36.0372673,126.6898854,MASTER,2026010809
KR10025001,2026010810,968.375,441.98,743869.3,-1.31,47.0,1029.0,-10.09,0.91,26.0,10000.0,5.43,349.0,36.0372673,126.6898854,MASTER,2026010810
KR10025001,2026010811,968.375,568.5400000000001,744437.8400000001,-0.21,45.0,1029.0,-10.81,1.57,20.0,10000.0,5.88,340.0,36.0372673,126.6898854,MASTER,2026010811
KR10025001,2026010812,968.375,623.5500000000001,745061.39,0.57,44.0,1028.0,-10.35,2.03,19.0,10000.0,6.24,333.0,36.0372673,126.6898854,MASTER,2026010812
KR10025001,2026010813,968.375,613.37,745674.7599999999,0.99,45.0,1028.0,-9.7,2.08,18.0,10000.0,6.67,330.0,36.0372673,126.6898854,MASTER,2026010813
KR10025001,2026010814,968.375,523.32,746198.0800000001,1.11,47.0,1027.0,-9.06,1.69,16.0,10000.0,6.56,328.0,36.0372673,126.6898854,MASTER,2026010814
KR10025001,2026010815,968.375,333.83,746531.9099999999,1.13,49.0,1027.0,-8.63,1.03,15.0,10000.0,6.34,327.0,36.0372673,126.6898854,MASTER,2026010815
KR10025001,2026010816,968.375,127.88,746659.7899999999,0.95,51.0,1027.0,-8.17,0.42,34.0,10000.0,5.99,329.0,36.0372673,126.6898854,MASTER,2026010816
KR10025001,2026010817,968.375,12.520000000000003,746672.3099999999,0.46,55.0,1027.0,-7.52,0.0,39.0,10000.0,4.76,333.0,36.0372673,126.6898854,MASTER,2026010817
KR10025001,2026010818,968.375,0.0,746672.3099999999,-0.05,47.0,1028.0,-8.91,0.0,20.0,10000.0,3.07,345.0,36.0372673,126.6898854,MASTER,2026010818
KR10025001,2026010819,968.375,0.0,746672.3099999999,-0.31,50.0,1028.0,-8.45,0.0,21.0,10000.0,2.42,356.0,36.0372673,126.6898854,MASTER,2026010819
KR10025001,2026010820,968.375,0.0,746672.3099999999,-0.64,53.0,1028.0,-8.1,0.0,23.0,10000.0,1.94,9.0,36.0372673,126.6898854,MASTER,2026010820
KR10025001,2026010821,968.375,0.0,746672.3099999999,-1.04,55.0,1028.0,-8.06,0.0,25.0,10000.0,1.56,30.0,36.0372673,126.6898854,MASTER,2026010821
KR10025001,2026010822,968.375,0.0,746672.3099999999,-1.52,57.0,1028.0,-8.1,0.0,42.0,10000.0,1.49,66.0,36.0372673,126.6898854,MASTER,2026010822
KR10025001,2026010823,968.375,0.0,746672.3099999999,-2.13,59.0,1028.0,-9.27,0.0,44.0,10000.0,1.55,89.0,36.0372673,126.6898854,MASTER,2026010823
KR10025001,2026010900,968.375,0.0,746672.3099999999,-2.26,59.0,1028.0,-9.32,0.0,37.0,10000.0,1.52,95.0,36.0372673,126.6898854,MASTER,2026010900
KR10025001,2026010901,968.375,0.0,746672.3099999999,-2.26,59.0,1028.0,-9.24,0.0,38.0,10000.0,1.81,106.0,36.0372673,126.6898854,MASTER,2026010901
KR10025001,2026010902,968.375,0.0,746672.3099999999,-2.35,61.0,1027.0,-9.05,0.0,41.0,10000.0,2.21,113.0,36.0372673,126.6898854,MASTER,2026010902
KR10025001,2026010903,968.375,0.0,746672.3099999999,-2.46,62.0,1027.0,-8.85,0.0,44.0,10000.0,2.29,114.0,36.0372673,126.6898854,MASTER,2026010903
KR10025001,2026010904,968.375,0.0,746672.3099999999,-2.41,63.0,1027.0,-8.59,0.0,75.0,10000.0,2.18,122.0,36.0372673,126.6898854,MASTER,2026010904
KR10025001,2026010905,968.375,0.0,746672.3099999999,-2.26,64.0,1026.0,-8.25,0.0,85.0,10000.0,2.14,128.0,36.0372673,126.6898854,MASTER,2026010905
KR10025001,2026010906,968.375,0.0,746672.3099999999,-5.05,80.0,1025.0,-7.63,0.0,75.0,10000.0,2.2,130.0,36.0372673,126.6898854,MASTER,2026010906
KR10025001,2026010907,968.375,1.7899999999999998,746674.1000000001,-4.5,76.0,1025.0,-7.68,0.0,75.0,10000.0,2.31,130.0,36.0372673,126.6898854,MASTER,2026010907
KR10025001,2026010908,968.375,34.78000000000001,746708.8799999999,-3.87,74.0,1025.0,-7.38,0.0,76.0,10000.0,2.28,136.0,36.0372673,126.6898854,MASTER,2026010908
KR10025001,2026010909,968.375,98.38000000000002,746807.26,-2.54,69.0,1025.0,-6.89,0.34,74.0,10000.0,2.45,147.0,36.0372673,126.6898854,MASTER,2026010909
KR10025001,2026010910,968.375,300.33000000000004,747107.59,-0.19,64.0,1025.0,-5.5,0.88,66.0,10000.0,3.7,166.0,36.0372673,126.6898854,MASTER,2026010910
KR10025001,2026010911,968.375,345.18,747452.7699999999,2.88,61.0,1025.0,-4.05,1.46,79.0,10000.0,4.01,184.0,36.0372673,126.6898854,MASTER,2026010911
KR10025001,2026010912,968.375,494.42,747947.19,4.12,62.0,1023.0,-2.7,1.76,86.0,10000.0,4.45,193.0,36.0372673,126.6898854,MASTER,2026010912
KR10025001,2026010913,968.375,357.0400000000001,748304.2300000002,4.88,63.0,1022.0,-1.73,1.61,87.0,10000.0,5.35,200.0,36.0372673,126.6898854,MASTER,2026010913
KR10025001,2026010914,968.375,304.67999999999995,748608.9100000001,5.55,63.0,1021.0,-1.04,1.07,88.0,10000.0,6.41,210.0,36.0372673,126.6898854,MASTER,2026010914
KR10025001,2026010915,968.375,134.26000000000008,748743.1699999999,6.08,64.0,1021.0,-0.35,0.61,90.0,10000.0,6.98,213.0,36.0372673,126.6898854,MASTER,2026010915
KR10025001,2026010916,968.375,63.009999999999984,748806.1800000002,5.75,66.0,1020.0,-0.17,0.27,100.0,10000.0,7.28,208.0,36.0372673,126.6898854,MASTER,2026010916
KR10025001,2026010917,968.375,5.16,748811.3400000001,5.46,71.0,1020.0,0.51,0.0,95.0,10000.0,6.99,207.0,36.0372673,126.6898854,MASTER,2026010917
KR10025001,2026010918,968.375,0.0,748811.3400000001,6.95,57.0,1019.0,-0.86,0.0,75.0,10000.0,6.77,208.0,36.0372673,126.6898854,MASTER,2026010918
KR10025001,2026010919,968.375,0.0,748811.3400000001,6.39,61.0,1019.0,-0.51,0.0,75.0,10000.0,6.28,202.0,36.0372673,126.6898854,MASTER,2026010919
KR10025001,2026010920,968.375,0.0,748811.3400000001,5.76,66.0,1019.0,-0.08,0.0,78.0,10000.0,6.4,199.0,36.0372673,126.6898854,MASTER,2026010920
KR10025001,2026010921,968.375,0.0,748811.3400000001,5.41,70.0,1018.0,0.38,0.0,81.0,10000.0,7.09,202.0,36.0372673,126.6898854,MASTER,2026010921
KR10025001,2026010922,968.375,0.0,748811.3400000001,5.01,74.0,1017.0,0.77,0.0,72.0,10000.0,7.56,203.0,36.0372673,126.6898854,MASTER,2026010922
KR10025001,2026010923,968.375,0.0,748811.3400000001,4.86,78.0,1016.0,1.28,0.0,39.0,10000.0,8.24,204.0,36.0372673,126.6898854,MASTER,2026010923
KR10025001,2026011000,968.375,0.0,748811.3400000001,5.78,76.0,1015.0,1.84,0.0,28.0,10000.0,9.02,207.0,36.0372673,126.6898854,MASTER,2026011000
KR10025001,2026011001,968.375,0.0,748811.3400000001,6.41,75.0,1014.0,2.2,0.0,23.0,10000.0,10.01,205.0,36.0372673,126.6898854,MASTER,2026011001
KR10025001,2026011002,968.375,0.0,748811.3400000001,7.38,73.0,1013.0,2.7,0.0,19.0,10000.0,10.99,210.0,36.0372673,126.6898854,MASTER,2026011002
KR10025001,2026011003,968.375,0.0,748811.3400000001,8.02,70.0,1012.0,2.91,0.0,18.0,10000.0,11.29,214.0,36.0372673,126.6898854,MASTER,2026011003
KR10025001,2026011004,968.375,0.0,748811.3400000001,8.3,70.0,1011.0,3.15,0.0,2.0,10000.0,11.75,225.0,36.0372673,126.6898854,MASTER,2026011004
KR10025001,2026011005,968.375,0.0,748811.3400000001,8.47,72.0,1010.0,3.5,0.0,5.0,10000.0,12.88,236.0,36.0372673,126.6898854,MASTER,2026011005
KR10025001,2026011006,968.375,0.0,748811.3400000001,7.95,71.0,1009.0,3.02,0.0,0.0,10000.0,12.52,236.0,36.0372673,126.6898854,MASTER,2026011006
KR10025001,2026011007,968.375,1.11,748812.45,8.0,72.0,1009.0,3.27,0.0,8.0,10000.0,11.63,259.0,36.0372673,126.6898854,MASTER,2026011007
KR10025001,2026011008,968.375,44.97,748857.42,7.38,70.0,1010.0,2.27,0.0,13.0,10000.0,11.48,271.0,36.0372673,126.6898854,MASTER,2026011008
KR10025001,2026011009,968.375,169.98000000000002,749027.4,6.86,68.0,1011.0,1.37,0.33,17.0,10000.0,11.39,275.0,36.0372673,126.6898854,MASTER,2026011009
KR10025001,2026011010,968.375,280.15000000000003,749307.55,6.63,59.0,1012.0,-0.71,0.88,74.0,10000.0,11.89,272.0,36.0372673,126.6898854,MASTER,2026011010
KR10025001,2026011011,968.375,278.36,749585.91,5.91,52.0,1014.0,-3.29,1.5,72.0,10000.0,12.13,277.0,36.0372673,126.6898854,MASTER,2026011011
KR10025001,2026011012,968.375,582.3800000000001,750168.29,5.86,49.0,1014.0,-4.03,1.9,50.0,10000.0,12.52,278.0,36.0372673,126.6898854,MASTER,2026011012
KR10025001,2026011013,968.375,430.5700000000001,750598.86,5.6,48.0,1014.0,-4.63,1.81,46.0,10000.0,13.62,274.0,36.0372673,126.6898854,MASTER,2026011013
KR10025001,2026011014,968.375,343.54999999999995,750942.41,4.91,47.0,1014.0,-5.54,1.45,57.0,10000.0,14.13,275.0,36.0372673,126.6898854,MASTER,2026011014
KR10025001,2026011015,968.375,184.17,751126.58,4.43,46.0,1014.0,-6.19,0.81,64.0,10000.0,14.21,272.0,36.0372673,126.6898854,MASTER,2026011015
KR10025001,2026011016,968.375,57.60999999999999,751184.19,3.74,47.0,1014.0,-6.47,0.32,100.0,10000.0,14.0,278.0,36.0372673,126.6898854,MASTER,2026011016
KR10025001,2026011017,968.375,5.060000000000001,751189.2500000001,2.09,64.0,1015.0,-4.02,0.0,100.0,10000.0,13.1,285.0,36.0372673,126.6898854,MASTER,2026011017
KR10025001,2026011018,968.375,0.0,751189.2500000001,0.95,86.0,1016.0,-0.99,0.0,75.0,10000.0,13.56,293.0,36.0372673,126.6898854,MASTER,2026011018
KR10025001,2026011019,968.375,0.0,751189.2500000001,0.9,81.0,1016.0,-1.75,0.0,80.0,10000.0,13.27,293.0,36.0372673,126.6898854,MASTER,2026011019
KR10025001,2026011020,968.375,0.0,751189.2500000001,0.81,74.0,1017.0,-2.91,0.0,85.0,10000.0,13.04,300.0,36.0372673,126.6898854,MASTER,2026011020
KR10025001,2026011021,968.375,0.0,751189.2500000001,0.48,68.0,1018.0,-4.19,0.0,90.0,10000.0,12.86,303.0,36.0372673,126.6898854,MASTER,2026011021
KR10025001,2026011022,968.375,0.0,751189.2500000001,0.18,61.0,1019.0,-5.72,0.0,95.0,7537.0,12.24,308.0,36.0372673,126.6898854,MASTER,2026011022
KR10025001,2026011023,968.375,0.0,751189.2500000001,-0.04,51.0,1020.0,-9.09,0.0,100.0,10000.0,11.51,311.0,36.0372673,126.6898854,MASTER,2026011023
KR10025001,2026011100,968.375,0.0,751189.2500000001,-0.08,49.0,1020.0,-9.56,0.0,100.0,10000.0,10.49,315.0,36.0372673,126.6898854,MASTER,2026011100
KR10025001,2026011101,968.375,0.0,751189.2500000001,-0.1,49.0,1020.0,-9.58,0.0,100.0,10000.0,9.82,320.0,36.0372673,126.6898854,MASTER,2026011101
KR10025001,2026011102,968.375,0.0,751189.2500000001,-0.29,49.0,1020.0,-9.75,0.0,100.0,10000.0,9.54,325.0,36.0372673,126.6898854,MASTER,2026011102
KR10025001,2026011103,968.375,0.0,751189.2500000001,-0.77,49.0,1021.0,-10.15,0.0,100.0,8875.0,8.35,336.0,36.0372673,126.6898854,MASTER,2026011103
KR10025001,2026011104,968.375,0.0,751189.2500000001,-1.36,47.0,1021.0,-11.29,0.0,100.0,10000.0,7.48,350.0,36.0372673,126.6898854,MASTER,2026011104
KR10025001,2026011105,968.375,0.0,751189.2500000001,-1.75,47.0,1021.0,-11.81,0.0,100.0,10000.0,6.44,357.0,36.0372673,126.6898854,MASTER,2026011105
KR10025001,2026011106,968.375,0.0,751189.2500000001,-1.73,48.0,1022.0,-10.25,0.0,100.0,10000.0,7.52,341.0,36.0372673,126.6898854,MASTER,2026011106
KR10025001,2026011107,968.375,1.37,751190.62,-1.66,47.0,1022.0,-10.42,0.0,100.0,10000.0,7.18,343.0,36.0372673,126.6898854,MASTER,2026011107
KR10025001,2026011108,968.375,39.900000000000006,751230.5199999999,-1.55,46.0,1022.0,-10.56,0.0,100.0,10000.0,5.44,343.0,36.0372673,126.6898854,MASTER,2026011108
KR10025001,2026011109,968.375,157.47000000000003,751387.99,-1.3,46.0,1023.0,-10.33,0.25,100.0,10000.0,5.33,342.0,36.0372673,126.6898854,MASTER,2026011109
KR10025001,2026011110,968.375,390.4,751778.39,-1.71,56.0,1024.0,-8.49,0.53,98.0,4294.0,6.22,336.0,36.0372673,126.6898854,MASTER,2026011110
KR10025001,2026011111,968.375,556.93,752335.3200000001,-2.08,61.0,1025.0,-8.78,0.92,99.0,9588.0,5.35,352.0,36.0372673,126.6898854,MASTER,2026011111
KR10025001,2026011112,968.375,618.6100000000001,752953.93,-2.0,59.0,1024.0,-9.14,1.4,99.0,8587.0,5.03,347.0,36.0372673,126.6898854,MASTER,2026011112
KR10025001,2026011113,968.375,598.6300000000001,753552.5599999999,-1.27,53.0,1024.0,-9.75,1.49,100.0,10000.0,6.22,332.0,36.0372673,126.6898854,MASTER,2026011113
KR10025001,2026011114,968.375,449.4,754001.96,-0.96,50.0,1024.0,-10.15,1.2,100.0,10000.0,7.38,327.0,36.0372673,126.6898854,MASTER,2026011114
KR10025001,2026011115,968.375,206.74000000000004,754208.7000000002,-1.01,48.0,1024.0,-10.79,0.81,100.0,10000.0,8.16,328.0,36.0372673,126.6898854,MASTER,2026011115
KR10025001,2026011116,968.375,76.97999999999999,754285.6799999999,-1.86,56.0,1025.0,-9.73,0.29,96.0,10000.0,7.43,328.0,36.0372673,126.6898854,MASTER,2026011116
KR10025001,2026011117,968.375,10.010000000000003,754295.69,-2.53,82.0,1025.0,-5.48,0.0,92.0,2113.0,6.18,328.0,36.0372673,126.6898854,MASTER,2026011117
KR10025001,2026011118,968.375,0.0,754295.69,-2.05,64.0,1026.0,-7.28,0.0,75.0,10000.0,8.83,319.0,36.0372673,126.6898854,MASTER,2026011118
KR10025001,2026011119,968.375,0.0,754295.69,-1.77,62.0,1026.0,-7.38,0.0,79.0,10000.0,8.35,319.0,36.0372673,126.6898854,MASTER,2026011119
KR10025001,2026011120,968.375,0.0,754295.69,-1.45,60.0,1026.0,-7.45,0.0,84.0,10000.0,7.89,324.0,36.0372673,126.6898854,MASTER,2026011120
KR10025001,2026011121,968.375,0.0,754295.69,-1.32,60.0,1026.0,-7.33,0.0,88.0,10000.0,7.18,333.0,36.0372673,126.6898854,MASTER,2026011121
KR10025001,2026011122,968.375,0.0,754295.69,-1.17,56.0,1026.0,-7.97,0.0,95.0,10000.0,5.94,341.0,36.0372673,126.6898854,MASTER,2026011122
KR10025001,2026011123,968.375,0.0,754295.69,-2.02,55.0,1026.0,-9.93,0.0,95.0,10000.0,4.11,349.0,36.0372673,126.6898854,MASTER,2026011123
KR10025001,2026011200,968.375,0.0,754295.69,-2.65,58.0,1026.0,-9.96,0.0,96.0,10000.0,2.62,9.0,36.0372673,126.6898854,MASTER,2026011200
KR10025001,2026011201,968.375,0.0,754295.69,-3.34,59.0,1026.0,-10.33,0.0,94.0,10000.0,2.21,45.0,36.0372673,126.6898854,MASTER,2026011201
KR10025001,2026011202,968.375,0.0,754295.69,-3.7,59.0,1026.0,-10.72,0.0,94.0,10000.0,2.0,71.0,36.0372673,126.6898854,MASTER,2026011202
KR10025001,2026011203,968.375,0.0,754295.69,-3.95,60.0,1026.0,-10.81,0.0,95.0,10000.0,2.4,85.0,36.0372673,126.6898854,MASTER,2026011203
KR10025001,2026011204,968.375,0.0,754295.69,-4.01,60.0,1025.0,-10.89,0.0,90.0,10000.0,2.46,109.0,36.0372673,126.6898854,MASTER,2026011204
KR10025001,2026011205,968.375,0.0,754295.69,-4.18,61.0,1025.0,-10.86,0.0,94.0,10000.0,2.44,119.0,36.0372673,126.6898854,MASTER,2026011205
KR10025001,2026011206,968.375,0.0,754295.69,-5.05,74.0,1024.0,-8.52,0.0,100.0,10000.0,3.02,118.0,36.0372673,126.6898854,MASTER,2026011206
KR10025001,2026011207,968.375,0.35,754296.04,-4.85,76.0,1024.0,-8.03,0.0,100.0,10000.0,2.43,122.0,36.0372673,126.6898854,MASTER,2026011207
KR10025001,2026011208,968.375,23.630000000000013,754319.67,-4.53,78.0,1024.0,-7.42,0.0,100.0,10000.0,2.43,114.0,36.0372673,126.6898854,MASTER,2026011208
KR10025001,2026011209,968.375,99.72000000000004,754419.39,-3.58,76.0,1023.0,-6.79,0.35,99.0,10000.0,2.85,126.0,36.0372673,126.6898854,MASTER,2026011209
KR10025001,2026011210,968.375,142.29000000000002,754561.6799999999,-1.81,70.0,1023.0,-6.02,0.89,100.0,10000.0,2.99,151.0,36.0372673,126.6898854,MASTER,2026011210
KR10025001,2026011211,968.375,148.22000000000006,754709.8999999999,0.42,68.0,1023.0,-4.94,1.51,100.0,10000.0,4.06,174.0,36.0372673,126.6898854,MASTER,2026011211
KR10025001,2026011212,968.375,95.08,754804.9800000002,1.33,69.0,1021.0,-3.8,1.93,100.0,10000.0,5.53,187.0,36.0372673,126.6898854,MASTER,2026011212
KR10025001,2026011213,968.375,109.56000000000004,754914.54,2.78,68.0,1020.0,-2.72,1.88,100.0,10000.0,6.9,207.0,36.0372673,126.6898854,MASTER,2026011213
KR10025001,2026011214,968.375,154.39,755068.9299999999,3.98,64.0,1018.0,-2.37,1.37,100.0,10000.0,7.59,217.0,36.0372673,126.6898854,MASTER,2026011214
KR10025001,2026011215,968.375,189.01,755257.94,4.64,65.0,1018.0,-1.57,0.64,100.0,10000.0,7.96,217.0,36.0372673,126.6898854,MASTER,2026011215
KR10025001,2026011216,968.375,73.71,755331.65,4.93,65.0,1017.0,-1.24,0.18,97.0,10000.0,8.21,215.0,36.0372673,126.6898854,MASTER,2026011216
KR10025001,2026011217,968.375,8.220000000000002,755339.87,4.88,68.0,1016.0,-0.59,0.0,98.0,10000.0,7.78,213.0,36.0372673,126.6898854,MASTER,2026011217
KR10025001,2026011218,968.375,0.0,755339.87,4.95,60.0,1015.0,-1.91,0.0,75.0,10000.0,6.51,196.0,36.0372673,126.6898854,MASTER,2026011218
KR10025001,2026011219,968.375,0.0,755339.87,4.63,65.0,1015.0,-1.22,0.0,79.0,10000.0,6.02,203.0,36.0372673,126.6898854,MASTER,2026011219
KR10025001,2026011220,968.375,0.0,755339.87,4.8,68.0,1014.0,-0.53,0.0,83.0,10000.0,7.0,207.0,36.0372673,126.6898854,MASTER,2026011220
KR10025001,2026011221,968.375,0.0,755339.87,5.36,71.0,1013.0,0.53,0.0,88.0,10000.0,7.04,214.0,36.0372673,126.6898854,MASTER,2026011221
KR10025001,2026011222,968.375,0.0,755339.87,6.12,76.0,1013.0,2.21,0.0,95.0,10000.0,8.32,229.0,36.0372673,126.6898854,MASTER,2026011222
KR10025001,2026011223,968.375,0.0,755339.87,7.19,77.0,1011.0,3.3,0.0,96.0,10000.0,10.15,254.0,36.0372673,126.6898854,MASTER,2026011223
KR10025001,2026011300,968.375,0.0,755339.87,6.02,76.0,1011.0,1.88,0.0,64.0,10000.0,8.18,258.0,36.0372673,126.6898854,MASTER,2026011300
KR10025001,2026011301,968.375,0.0,755339.87,5.94,77.0,1011.0,2.14,0.0,60.0,10000.0,8.51,274.0,36.0372673,126.6898854,MASTER,2026011301
KR10025001,2026011302,968.375,0.0,755339.87,5.16,70.0,1012.0,0.01,0.0,50.0,10000.0,7.5,286.0,36.0372673,126.6898854,MASTER,2026011302
KR10025001,2026011303,968.375,0.0,755339.87,4.79,65.0,1012.0,-1.33,0.0,43.0,10000.0,7.61,291.0,36.0372673,126.6898854,MASTER,2026011303
KR10025001,2026011304,968.375,0.0,755339.87,4.23,66.0,1012.0,-1.59,0.0,4.0,10000.0,7.97,292.0,36.0372673,126.6898854,MASTER,2026011304
KR10025001,2026011305,968.375,0.0,755339.87,4.16,67.0,1013.0,-1.45,0.0,35.0,10000.0,7.4,296.0,36.0372673,126.6898854,MASTER,2026011305
KR10025001,2026011306,968.375,0.0,755339.87,4.95,65.0,1014.0,-0.95,0.0,20.0,10000.0,7.82,303.0,36.0372673,126.6898854,MASTER,2026011306
KR10025001,2026011307,968.375,1.99,755341.86,4.63,64.0,1014.0,-1.4,0.0,17.0,10000.0,7.15,301.0,36.0372673,126.6898854,MASTER,2026011307
KR10025001,2026011308,968.375,53.12000000000002,755394.9800000001,4.18,63.0,1014.0,-1.97,0.0,14.0,10000.0,7.18,309.0,36.0372673,126.6898854,MASTER,2026011308
KR10025001,2026011309,968.375,210.91,755605.89,3.52,71.0,1015.0,-1.09,0.34,21.0,10000.0,6.92,326.0,36.0372673,126.6898854,MASTER,2026011309
KR10025001,2026011310,968.375,405.97,756011.8600000002,3.61,67.0,1016.0,-1.71,0.8,48.0,10000.0,7.89,321.0,36.0372673,126.6898854,MASTER,2026011310
KR10025001,2026011311,968.375,536.0699999999999,756547.9299999999,2.31,59.0,1019.0,-4.91,1.53,48.0,10000.0,8.49,335.0,36.0372673,126.6898854,MASTER,2026011311
KR10025001,2026011312,968.375,595.99,757143.92,1.77,58.0,1019.0,-5.72,1.65,61.0,10000.0,8.42,331.0,36.0372673,126.6898854,MASTER,2026011312
KR10025001,2026011313,968.375,586.0500000000001,757729.97,1.28,59.0,1019.0,-5.95,1.54,71.0,10000.0,8.13,324.0,36.0372673,126.6898854,MASTER,2026011313
KR10025001,2026011314,968.375,483.06,758213.0299999999,0.91,61.0,1020.0,-5.8,1.4,77.0,10000.0,7.92,322.0,36.0372673,126.6898854,MASTER,2026011314
KR10025001,2026011315,968.375,283.35,758496.38,1.19,66.0,1020.0,-4.55,0.88,81.0,10000.0,7.98,321.0,36.0372673,126.6898854,MASTER,2026011315
KR10025001,2026011316,968.375,103.61,758599.99,0.9,61.0,1020.0,-5.84,0.39,100.0,10000.0,7.62,324.0,36.0372673,126.6898854,MASTER,2026011316
KR10025001,2026011317,968.375,12.750000000000009,758612.7400000001,0.75,55.0,1021.0,-7.28,0.0,100.0,10000.0,6.82,326.0,36.0372673,126.6898854,MASTER,2026011317
KR10025001,2026011318,968.375,0.0,758612.7400000001,0.95,60.0,1022.0,-5.26,0.0,75.0,10000.0,5.9,332.0,36.0372673,126.6898854,MASTER,2026011318
KR10025001,2026011319,968.375,0.0,758612.7400000001,0.57,59.0,1022.0,-5.78,0.0,64.0,10000.0,4.24,347.0,36.0372673,126.6898854,MASTER,2026011319
KR10025001,2026011320,968.375,0.0,758612.7400000001,0.02,59.0,1022.0,-6.24,0.0,51.0,10000.0,3.23,353.0,36.0372673,126.6898854,MASTER,2026011320
KR10025001,2026011321,968.375,0.0,758612.7400000001,-0.56,58.0,1023.0,-6.99,0.0,39.0,10000.0,2.81,357.0,36.0372673,126.6898854,MASTER,2026011321
KR10025001,2026011322,968.375,0.0,758612.7400000001,-1.19,59.0,1024.0,-7.39,0.0,23.0,10000.0,2.45,9.0,36.0372673,126.6898854,MASTER,2026011322
KR10025001,2026011323,968.375,0.0,758612.7400000001,-1.97,59.0,1024.0,-8.99,0.0,8.0,10000.0,2.38,25.0,36.0372673,126.6898854,MASTER,2026011323
KR10025001,2026011400,968.375,0.0,758612.7400000001,-2.22,59.0,1024.0,-9.26,0.0,8.0,10000.0,2.19,33.0,36.0372673,126.6898854,MASTER,2026011400
KR10025001,2026011401,968.375,0.0,758612.7400000001,-2.48,59.0,1024.0,-9.6,0.0,7.0,10000.0,2.24,46.0,36.0372673,126.6898854,MASTER,2026011401
KR10025001,2026011402,968.375,0.0,758612.7400000001,-2.72,58.0,1024.0,-9.96,0.0,7.0,10000.0,1.88,64.0,36.0372673,126.6898854,MASTER,2026011402
KR10025001,2026011403,968.375,0.0,758612.7400000001,-3.01,58.0,1025.0,-10.17,0.0,7.0,10000.0,2.0,77.0,36.0372673,126.6898854,MASTER,2026011403
KR10025001,2026011404,968.375,0.0,758612.7400000001,-3.25,59.0,1024.0,-10.34,0.0,8.0,10000.0,2.27,84.0,36.0372673,126.6898854,MASTER,2026011404
KR10025001,2026011405,968.375,0.0,758612.7400000001,-3.48,59.0,1024.0,-10.52,0.0,7.0,10000.0,2.21,96.0,36.0372673,126.6898854,MASTER,2026011405
KR10025001,2026011406,968.375,0.0,758612.7400000001,-7.05,86.0,1024.0,-8.78,0.0,0.0,10000.0,2.2,94.0,36.0372673,126.6898854,MASTER,2026011406
KR10025001,2026011407,968.375,1.86,758614.6,-6.27,80.0,1024.0,-8.83,0.0,2.0,10000.0,2.48,88.0,36.0372673,126.6898854,MASTER,2026011407
KR10025001,2026011408,968.375,55.52,758670.12,-5.49,74.0,1024.0,-8.95,0.0,3.0,10000.0,2.43,82.0,36.0372673,126.6898854,MASTER,2026011408
KR10025001,2026011409,968.375,209.98,758880.1,-4.17,65.0,1024.0,-9.15,0.36,4.0,10000.0,2.64,81.0,36.0372673,126.6898854,MASTER,2026011409
KR10025001,2026011410,968.375,392.9,759273.0,-1.99,52.0,1025.0,-9.59,0.89,0.0,10000.0,3.22,84.0,36.0372673,126.6898854,MASTER,2026011410
KR10025001,2026011411,968.375,510.5700000000001,759783.5700000001,0.83,38.0,1025.0,-12.03,1.48,0.0,10000.0,2.5,81.0,36.0372673,126.6898854,MASTER,2026011411
KR10025001,2026011412,968.375,546.4799999999998,760330.05,2.12,35.0,1025.0,-11.89,1.91,0.0,10000.0,1.01,149.0,36.0372673,126.6898854,MASTER,2026011412
KR10025001,2026011413,968.375,211.05999999999992,760541.1100000001,2.91,35.0,1024.0,-11.1,1.9,2.0,10000.0,2.15,220.0,36.0372673,126.6898854,MASTER,2026011413
KR10025001,2026011414,968.375,103.07000000000004,760644.1799999999,3.33,38.0,1023.0,-9.84,1.53,3.0,10000.0,2.0,213.0,36.0372673,126.6898854,MASTER,2026011414
KR10025001,2026011415,968.375,84.54999999999998,760728.7300000001,3.44,41.0,1022.0,-8.72,0.83,13.0,10000.0,1.45,198.0,36.0372673,126.6898854,MASTER,2026011415
KR10025001,2026011416,968.375,45.78999999999999,760774.52,3.64,45.0,1022.0,-7.21,0.34,100.0,10000.0,2.06,116.0,36.0372673,126.6898854,MASTER,2026011416
KR10025001,2026011417,968.375,9.530000000000005,760784.0499999999,3.5,51.0,1021.0,-5.81,0.0,100.0,10000.0,3.04,100.0,36.0372673,126.6898854,MASTER,2026011417
KR10025001,2026011418,968.375,0.0,760784.0499999999,4.95,36.0,1021.0,-7.89,0.0,75.0,10000.0,2.94,90.0,36.0372673,126.6898854,MASTER,2026011418
KR10025001,2026011419,968.375,0.0,760784.0499999999,4.31,39.0,1021.0,-7.48,0.0,80.0,10000.0,3.15,90.0,36.0372673,126.6898854,MASTER,2026011419
KR10025001,2026011420,968.375,0.0,760784.0499999999,3.64,43.0,1021.0,-6.9,0.0,85.0,10000.0,3.3,99.0,36.0372673,126.6898854,MASTER,2026011420
KR10025001,2026011421,968.375,0.0,760784.0499999999,2.98,48.0,1020.0,-6.17,0.0,90.0,10000.0,3.74,103.0,36.0372673,126.6898854,MASTER,2026011421
KR10025001,2026011422,968.375,0.0,760784.0499999999,2.41,55.0,1019.0,-5.06,0.0,95.0,10000.0,3.49,101.0,36.0372673,126.6898854,MASTER,2026011422
KR10025001,2026011423,968.375,0.0,760784.0499999999,2.09,62.0,1017.0,-4.49,0.0,100.0,10000.0,3.7,103.0,36.0372673,126.6898854,MASTER,2026011423
KR10025001,2026011500,968.375,0.0,760784.0499999999,2.37,65.0,1017.0,-3.6,0.0,100.0,10000.0,3.86,103.0,36.0372673,126.6898854,MASTER,2026011500
KR10025001,2026011501,968.375,0.0,760784.0499999999,3.26,68.0,1017.0,-2.1,0.0,100.0,10000.0,3.25,134.0,36.0372673,126.6898854,MASTER,2026011501
KR10025001,2026011502,968.375,0.0,760784.0499999999,3.93,75.0,1017.0,-0.19,0.0,100.0,10000.0,2.58,141.0,36.0372673,126.6898854,MASTER,2026011502
KR10025001,2026011503,968.375,0.0,760784.0499999999,4.63,83.0,1016.0,1.88,0.0,100.0,10000.0,3.5,165.0,36.0372673,126.6898854,MASTER,2026011503
KR10025001,2026011504,968.375,0.0,760784.0499999999,5.84,91.0,1015.0,4.36,0.0,100.0,10000.0,4.64,182.0,36.0372673,126.6898854,MASTER,2026011504
KR10025001,2026011505,968.375,0.0,760784.0499999999,6.51,94.0,1014.0,5.5,0.0,100.0,10000.0,4.66,197.0,36.0372673,126.6898854,MASTER,2026011505
KR10025001,2026011506,968.375,0.0,760784.0499999999,9.95,81.0,1013.0,6.85,0.0,0.0,10000.0,6.56,205.0,36.0372673,126.6898854,MASTER,2026011506
KR10025001,2026011507,968.375,0.4800000000000001,760784.5300000001,9.86,83.0,1013.0,7.11,0.0,20.0,10000.0,7.18,215.0,36.0372673,126.6898854,MASTER,2026011507
KR10025001,2026011508,968.375,26.98000000000001,760811.5099999999,9.59,86.0,1013.0,7.37,0.0,40.0,10000.0,7.33,218.0,36.0372673,126.6898854,MASTER,2026011508
KR10025001,2026011509,968.375,90.40999999999998,760901.9200000002,9.39,89.0,1014.0,7.67,0.31,55.0,10000.0,6.74,222.0,36.0372673,126.6898854,MASTER,2026011509
KR10025001,2026011510,968.375,217.16,761119.0800000001,9.79,88.0,1014.0,7.9,0.81,8.0,10000.0,6.39,228.0,36.0372673,126.6898854,MASTER,2026011510
KR10025001,2026011511,968.375,351.9699999999999,761471.05,10.28,84.0,1015.0,7.51,1.38,6.0,10000.0,6.19,237.0,36.0372673,126.6898854,MASTER,2026011511
KR10025001,2026011512,968.375,233.86,761704.91,10.48,80.0,1014.0,7.02,1.76,4.0,10000.0,5.79,254.0,36.0372673,126.6898854,MASTER,2026011512
KR10025001,2026011513,968.375,243.87,761948.78,10.15,78.0,1014.0,6.29,1.9,3.0,10000.0,5.53,283.0,36.0372673,126.6898854,MASTER,2026011513
KR10025001,2026011514,968.375,352.46000000000004,762301.24,9.8,70.0,1014.0,4.34,1.52,2.0,10000.0,5.38,300.0,36.0372673,126.6898854,MASTER,2026011514
KR10025001,2026011515,968.375,234.41000000000005,762535.6500000001,9.33,67.0,1014.0,3.34,0.94,2.0,10000.0,4.66,302.0,36.0372673,126.6898854,MASTER,2026011515
KR10025001,2026011516,968.375,106.18,762641.8300000001,8.63,67.0,1015.0,2.71,0.41,0.0,10000.0,4.75,304.0,36.0372673,126.6898854,MASTER,2026011516
KR10025001,2026011517,968.375,15.440000000000008,762657.2699999998,7.51,75.0,1016.0,3.18,0.0,0.0,10000.0,4.11,303.0,36.0372673,126.6898854,MASTER,2026011517
KR10025001,2026011518,968.375,0.0,762657.2699999998,5.95,93.0,1017.0,4.91,0.0,20.0,10000.0,3.21,300.0,36.0372673,126.6898854,MASTER,2026011518
KR10025001,2026011519,968.375,0.0,762657.2699999998,5.85,91.0,1017.0,4.5,0.0,16.0,10000.0,3.25,306.0,36.0372673,126.6898854,MASTER,2026011519
KR10025001,2026011520,968.375,0.0,762657.2699999998,5.57,89.0,1017.0,3.9,0.0,12.0,10000.0,3.15,317.0,36.0372673,126.6898854,MASTER,2026011520
KR10025001,2026011521,968.375,0.0,762657.2699999998,5.13,87.0,1018.0,3.15,0.0,8.0,10000.0,3.03,322.0,36.0372673,126.6898854,MASTER,2026011521
KR10025001,2026011522,968.375,0.0,762657.2699999998,4.57,85.0,1019.0,2.27,0.0,4.0,10000.0,2.43,335.0,36.0372673,126.6898854,MASTER,2026011522
KR10025001,2026011523,968.375,0.0,762657.2699999998,3.9,84.0,1019.0,1.43,0.0,0.0,10000.0,1.9,355.0,36.0372673,126.6898854,MASTER,2026011523
KR10025001,2026011600,968.375,0.0,762657.2699999998,3.54,84.0,1019.0,1.03,0.0,0.0,10000.0,1.63,16.0,36.0372673,126.6898854,MASTER,2026011600
KR10025001,2026011601,968.375,0.0,762657.2699999998,3.18,84.0,1019.0,0.58,0.0,0.0,10000.0,1.3,40.0,36.0372673,126.6898854,MASTER,2026011601
KR10025001,2026011602,968.375,0.0,762657.2699999998,2.85,83.0,1020.0,0.18,0.0,0.0,10000.0,1.41,68.0,36.0372673,126.6898854,MASTER,2026011602
KR10025001,2026011603,968.375,0.0,762657.2699999998,2.52,83.0,1020.0,-0.12,0.0,0.0,10000.0,1.48,93.0,36.0372673,126.6898854,MASTER,2026011603
KR10025001,2026011604,968.375,0.0,762657.2699999998,2.17,84.0,1019.0,-0.3,0.0,0.0,10000.0,1.87,73.0,36.0372673,126.6898854,MASTER,2026011604
KR10025001,2026011605,968.375,0.0,762657.2699999998,1.81,85.0,1019.0,-0.49,0.0,0.0,10000.0,2.31,76.0,36.0372673,126.6898854,MASTER,2026011605
KR10025001,2026011606,968.375,0.0,762657.2699999998,0.95,93.0,1018.0,-0.04,0.0,100.0,10000.0,2.57,81.0,36.0372673,126.6898854,MASTER,2026011606
KR10025001,2026011607,968.375,1.51,762658.7799999999,1.05,91.0,1018.0,-0.22,0.0,80.0,10000.0,2.76,75.0,36.0372673,126.6898854,MASTER,2026011607
KR10025001,2026011608,968.375,47.070000000000014,762705.85,1.17,88.0,1018.0,-0.52,0.0,60.0,10000.0,2.73,47.0,36.0372673,126.6898854,MASTER,2026011608
KR10025001,2026011609,968.375,94.37000000000002,762800.2200000001,2.2,79.0,1019.0,-0.93,0.43,40.0,10000.0,2.35,48.0,36.0372673,126.6898854,MASTER,2026011609
KR10025001,2026011610,968.375,144.54,762944.7599999999,4.32,65.0,1020.0,-1.48,1.08,20.0,10000.0,1.83,62.0,36.0372673,126.6898854,MASTER,2026011610
KR10025001,2026011611,968.375,335.89000000000004,763280.6499999999,6.85,50.0,1020.0,-2.98,1.83,0.0,10000.0,1.35,62.0,36.0372673,126.6898854,MASTER,2026011611
KR10025001,2026011612,968.375,583.5799999999999,763864.2300000001,8.26,45.0,1019.0,-3.18,2.35,0.0,10000.0,0.14,205.0,36.0372673,126.6898854,MASTER,2026011612
KR10025001,2026011613,968.375,567.36,764431.5900000001,9.18,41.0,1018.0,-3.63,2.42,0.0,10000.0,1.59,207.0,36.0372673,126.6898854,MASTER,2026011613
KR10025001,2026011614,968.375,498.61000000000007,764930.2000000001,9.66,39.0,1018.0,-3.91,1.98,0.0,10000.0,2.0,239.0,36.0372673,126.6898854,MASTER,2026011614
KR10025001,2026011615,968.375,346.36,765276.5599999999,9.47,39.0,1018.0,-4.07,1.23,0.0,10000.0,2.03,257.0,36.0372673,126.6898854,MASTER,2026011615
KR10025001,2026011616,968.375,142.39,765418.95,8.78,41.0,1018.0,-3.97,0.49,0.0,10000.0,1.7,269.0,36.0372673,126.6898854,MASTER,2026011616
KR10025001,2026011617,968.375,19.71,765438.6600000001,7.44,50.0,1018.0,-2.52,0.0,0.0,10000.0,1.39,278.0,36.0372673,126.6898854,MASTER,2026011617
KR10025001,2026011618,968.375,0.0,765438.6600000001,9.95,46.0,1018.0,-0.99,0.0,0.0,10000.0,1.41,294.0,36.0372673,126.6898854,MASTER,2026011618
KR10025001,2026011619,968.375,0.0,765438.6600000001,9.15,47.0,1018.0,-1.38,0.0,0.0,10000.0,2.14,305.0,36.0372673,126.6898854,MASTER,2026011619
KR10025001,2026011620,968.375,0.0,765438.6600000001,8.13,50.0,1018.0,-1.47,0.0,0.0,10000.0,2.83,306.0,36.0372673,126.6898854,MASTER,2026011620
KR10025001,2026011621,968.375,0.0,765438.6600000001,6.96,55.0,1019.0,-1.28,0.0,0.0,10000.0,3.01,317.0,36.0372673,126.6898854,MASTER,2026011621
KR10025001,2026011622,968.375,0.0,765438.6600000001,5.85,62.0,1019.0,-0.76,0.0,0.0,10000.0,2.21,317.0,36.0372673,126.6898854,MASTER,2026011622
KR10025001,2026011623,968.375,0.0,765438.6600000001,4.59,67.0,1019.0,-1.18,0.0,0.0,10000.0,2.78,331.0,36.0372673,126.6898854,MASTER,2026011623
KR10025001,2026011700,968.375,0.0,765438.6600000001,4.18,68.0,1020.0,-1.31,0.0,0.0,10000.0,2.85,348.0,36.0372673,126.6898854,MASTER,2026011700
KR10025001,2026011701,968.375,0.0,765438.6600000001,3.78,68.0,1020.0,-1.7,0.0,0.0,10000.0,2.66,354.0,36.0372673,126.6898854,MASTER,2026011701
KR10025001,2026011702,968.375,0.0,765438.6600000001,3.41,72.0,1021.0,-1.29,0.0,0.0,10000.0,3.27,352.0,36.0372673,126.6898854,MASTER,2026011702
KR10025001,2026011703,968.375,0.0,765438.6600000001,3.28,77.0,1021.0,-0.43,0.0,10.0,10000.0,3.69,347.0,36.0372673,126.6898854,MASTER,2026011703
KR10025001,2026011704,968.375,0.0,765438.6600000001,2.95,80.0,1021.0,-0.35,0.0,82.0,10000.0,3.71,345.0,36.0372673,126.6898854,MASTER,2026011704
KR10025001,2026011705,968.375,0.0,765438.6600000001,1.98,81.0,1021.0,-0.94,0.0,52.0,10000.0,3.76,348.0,36.0372673,126.6898854,MASTER,2026011705
KR10025001,2026011706,968.375,0.0,765438.6600000001,3.95,81.0,1021.0,0.99,0.0,75.0,10000.0,4.25,338.0,36.0372673,126.6898854,MASTER,2026011706
KR10025001,2026011707,968.375,2.33,765440.9900000001,3.32,80.0,1021.0,0.2,0.0,68.0,10000.0,4.56,340.0,36.0372673,126.6898854,MASTER,2026011707
KR10025001,2026011708,968.375,59.50000000000003,765500.49,2.49,78.0,1021.0,-0.84,0.0,59.0,10000.0,3.38,351.0,36.0372673,126.6898854,MASTER,2026011708
KR10025001,2026011709,968.375,208.36,765708.85,2.28,73.0,1022.0,-1.81,0.46,48.0,10000.0,2.61,2.0,36.0372673,126.6898854,MASTER,2026011709
KR10025001,2026011710,968.375,389.85,766098.7,2.53,64.0,1023.0,-3.17,1.15,17.0,10000.0,2.77,360.0,36.0372673,126.6898854,MASTER,2026011710
KR10025001,2026011711,968.375,536.65,766635.35,3.12,52.0,1023.0,-5.72,1.96,1.0,10000.0,2.52,2.0,36.0372673,126.6898854,MASTER,2026011711
KR10025001,2026011712,968.375,588.4500000000003,767223.7999999999,4.17,46.0,1023.0,-6.5,2.52,1.0,10000.0,2.33,7.0,36.0372673,126.6898854,MASTER,2026011712
KR10025001,2026011713,968.375,567.7,767791.5,5.26,41.0,1021.0,-7.13,2.56,1.0,10000.0,2.07,15.0,36.0372673,126.6898854,MASTER,2026011713
KR10025001,2026011714,968.375,496.79,768288.2899999999,6.13,36.0,1020.0,-7.83,2.04,1.0,10000.0,1.75,21.0,36.0372673,126.6898854,MASTER,2026011714
KR10025001,2026011715,968.375,336.24000000000007,768624.53,6.47,35.0,1020.0,-8.08,1.25,0.0,10000.0,2.38,332.0,36.0372673,126.6898854,MASTER,2026011715
KR10025001,2026011716,968.375,137.21999999999997,768761.75,6.29,36.0,1020.0,-8.01,0.51,0.0,10000.0,2.54,321.0,36.0372673,126.6898854,MASTER,2026011716
KR10025001,2026011717,968.375,20.989999999999995,768782.74,5.48,42.0,1021.0,-6.42,0.07,0.0,10000.0,3.8,321.0,36.0372673,126.6898854,MASTER,2026011717
KR10025001,2026011718,968.375,0.0,768782.74,3.95,60.0,1021.0,-2.74,0.0,0.0,10000.0,4.18,337.0,36.0372673,126.6898854,MASTER,2026011718
KR10025001,2026011719,968.375,0.0,768782.74,3.79,57.0,1021.0,-3.49,0.0,0.0,10000.0,4.09,353.0,36.0372673,126.6898854,MASTER,2026011719
KR10025001,2026011720,968.375,0.0,768782.74,3.26,54.0,1021.0,-4.56,0.0,0.0,10000.0,3.37,9.0,36.0372673,126.6898854,MASTER,2026011720
KR10025001,2026011721,968.375,0.0,768782.74,2.44,52.0,1022.0,-5.69,0.0,0.0,10000.0,2.6,35.0,36.0372673,126.6898854,MASTER,2026011721
KR10025001,2026011722,968.375,0.0,768782.74,1.4,49.0,1022.0,-7.23,0.0,0.0,10000.0,2.39,48.0,36.0372673,126.6898854,MASTER,2026011722
KR10025001,2026011723,968.375,0.0,768782.74,0.39,46.0,1022.0,-9.94,0.0,0.0,10000.0,2.57,33.0,36.0372673,126.6898854,MASTER,2026011723
KR10025001,2026011800,968.375,0.0,768782.74,0.35,44.0,1022.0,-10.41,0.0,0.0,10000.0,2.28,36.0,36.0372673,126.6898854,MASTER,2026011800
KR10025001,2026011801,968.375,0.0,768782.74,0.27,44.0,1021.0,-10.69,0.0,0.0,10000.0,2.48,37.0,36.0372673,126.6898854,MASTER,2026011801
KR10025001,2026011802,968.375,0.0,768782.74,0.24,43.0,1022.0,-10.97,0.0,0.0,10000.0,2.62,31.0,36.0372673,126.6898854,MASTER,2026011802
KR10025001,2026011803,968.375,0.0,768782.74,0.23,43.0,1022.0,-11.03,0.0,0.0,10000.0,2.84,23.0,36.0372673,126.6898854,MASTER,2026011803
KR10025001,2026011804,968.375,0.0,768782.74,0.16,42.0,1022.0,-11.26,0.0,0.0,10000.0,2.5,34.0,36.0372673,126.6898854,MASTER,2026011804
KR10025001,2026011805,968.375,0.0,768782.74,0.08,42.0,1021.0,-11.38,0.0,0.0,10000.0,2.56,76.0,36.0372673,126.6898854,MASTER,2026011805
KR10025001,2026011806,968.375,0.0,768782.74,-3.05,68.0,1021.0,-7.55,0.0,0.0,10000.0,2.61,70.0,36.0372673,126.6898854,MASTER,2026011806
KR10025001,2026011807,968.375,2.1899999999999995,768784.9299999998,-2.42,64.0,1021.0,-7.64,0.0,0.0,10000.0,2.34,52.0,36.0372673,126.6898854,MASTER,2026011807
KR10025001,2026011808,968.375,59.570000000000014,768844.5,-1.73,59.0,1021.0,-7.91,0.0,0.0,10000.0,2.41,46.0,36.0372673,126.6898854,MASTER,2026011808
KR10025001,2026011809,968.375,175.34000000000003,769019.84,-0.21,53.0,1021.0,-7.69,0.39,0.0,10000.0,2.1,46.0,36.0372673,126.6898854,MASTER,2026011809
KR10025001,2026011810,968.375,287.91,769307.7499999999,2.45,44.0,1022.0,-7.61,0.92,1.0,10000.0,2.09,56.0,36.0372673,126.6898854,MASTER,2026011810
KR10025001,2026011811,968.375,468.18,769775.9299999999,5.64,36.0,1021.0,-8.16,1.57,3.0,10000.0,2.01,60.0,36.0372673,126.6898854,MASTER,2026011811
KR10025001,2026011812,968.375,492.58,770268.51,7.1,35.0,1021.0,-7.56,1.84,3.0,10000.0,1.4,25.0,36.0372673,126.6898854,MASTER,2026011812
KR10025001,2026011813,968.375,445.75,770714.2599999999,8.03,34.0,1020.0,-6.99,1.18,4.0,10000.0,0.31,353.0,36.0372673,126.6898854,MASTER,2026011813
KR10025001,2026011814,968.375,395.48,771109.74,8.31,36.0,1019.0,-6.12,0.95,5.0,10000.0,1.65,279.0,36.0372673,126.6898854,MASTER,2026011814
KR10025001,2026011815,968.375,264.96,771374.7,7.25,40.0,1019.0,-5.54,0.97,17.0,10000.0,3.57,297.0,36.0372673,126.6898854,MASTER,2026011815
KR10025001,2026011816,968.375,113.56999999999998,771488.27,6.58,42.0,1019.0,-5.56,0.33,6.0,10000.0,3.23,312.0,36.0372673,126.6898854,MASTER,2026011816
KR10025001,2026011817,968.375,19.180000000000003,771507.4500000002,6.16,45.0,1020.0,-4.86,0.08,6.0,10000.0,2.54,323.0,36.0372673,126.6898854,MASTER,2026011817
KR10025001,2026011818,968.375,0.0,771507.4500000002,5.95,61.0,1021.0,-0.87,0.0,0.0,10000.0,2.95,336.0,36.0372673,126.6898854,MASTER,2026011818
KR10025001,2026011819,968.375,0.0,771507.4500000002,5.58,58.0,1021.0,-1.79,0.0,9.0,10000.0,3.13,21.0,36.0372673,126.6898854,MASTER,2026011819
KR10025001,2026011820,968.375,0.0,771507.4500000002,4.98,55.0,1021.0,-2.92,0.0,20.0,10000.0,2.86,31.0,36.0372673,126.6898854,MASTER,2026011820
KR10025001,2026011821,968.375,0.0,771507.4500000002,4.61,50.0,1022.0,-4.35,0.0,34.0,10000.0,2.86,2.0,36.0372673,126.6898854,MASTER,2026011821
KR10025001,2026011822,968.375,0.0,771507.4500000002,4.13,48.0,1022.0,-5.22,0.0,79.0,10000.0,2.44,8.0,36.0372673,126.6898854,MASTER,2026011822
KR10025001,2026011823,968.375,0.0,771507.4500000002,3.5,49.0,1022.0,-6.36,0.0,99.0,10000.0,2.55,10.0,36.0372673,126.6898854,MASTER,2026011823
KR10025001,2026011900,968.375,0.0,771507.4500000002,3.05,57.0,1022.0,-5.02,0.0,99.0,10000.0,3.36,344.0,36.0372673,126.6898854,MASTER,2026011900
KR10025001,2026011901,968.375,0.0,771507.4500000002,2.33,74.0,1022.0,-2.12,0.0,99.0,10000.0,3.89,339.0,36.0372673,126.6898854,MASTER,2026011901
KR10025001,2026011902,968.375,0.0,771507.4500000002,2.09,86.0,1022.0,-0.14,0.0,100.0,10000.0,3.45,343.0,36.0372673,126.6898854,MASTER,2026011902
KR10025001,2026011903,968.375,0.0,771507.4500000002,1.94,92.0,1022.0,0.7,0.0,100.0,9913.0,4.0,344.0,36.0372673,126.6898854,MASTER,2026011903
KR10025001,2026011904,968.375,0.0,771507.4500000002,1.78,96.0,1022.0,1.13,0.0,100.0,,4.47,339.0,36.0372673,126.6898854,MASTER,2026011904
KR10025001,2026011905,968.375,0.0,771507.4500000002,1.53,97.0,1022.0,1.01,0.0,100.0,468.0,4.56,339.0,36.0372673,126.6898854,MASTER,2026011905
KR10025001,2026011906,968.375,0.0,771507.4500000002,1.22,94.0,1022.0,0.36,0.0,100.0,3946.0,5.2,333.0,36.0372673,126.6898854,MASTER,2026011906
KR10025001,2026011907,968.375,0.0,771507.4500000002,1.01,95.0,1022.0,0.3,0.0,100.0,541.0,6.98,335.0,36.0372673,126.6898854,MASTER,2026011907
KR10025001,2026011908,968.375,5.500000000000002,771512.95,0.84,88.0,1023.0,-0.81,0.0,100.0,10000.0,6.23,341.0,36.0372673,126.6898854,MASTER,2026011908
KR10025001,2026011909,968.375,40.30000000000002,771553.25,0.71,79.0,1023.0,-2.22,0.28,100.0,10000.0,6.88,340.0,36.0372673,126.6898854,MASTER,2026011909
KR10025001,2026011910,968.375,215.26,771768.5099999999,0.83,68.0,1024.0,-3.89,0.81,98.0,10000.0,6.41,337.0,36.0372673,126.6898854,MASTER,2026011910
KR10025001,2026011911,968.375,238.73000000000008,772007.24,1.02,61.0,1025.0,-5.89,1.5,99.0,10000.0,6.88,330.0,36.0372673,126.6898854,MASTER,2026011911
KR10025001,2026011912,968.375,270.17,772277.4099999999,1.32,59.0,1025.0,-5.98,1.89,99.0,10000.0,7.54,328.0,36.0372673,126.6898854,MASTER,2026011912
KR10025001,2026011913,968.375,234.79,772512.1999999998,1.13,56.0,1024.0,-6.78,2.41,98.0,10000.0,8.51,329.0,36.0372673,126.6898854,MASTER,2026011913
KR10025001,2026011914,968.375,200.6800000000001,772712.8800000001,0.59,52.0,1025.0,-8.33,1.93,98.0,10000.0,9.86,330.0,36.0372673,126.6898854,MASTER,2026011914
KR10025001,2026011915,968.375,141.39,772854.2699999998,-0.55,53.0,1025.0,-9.06,1.19,99.0,10000.0,10.25,333.0,36.0372673,126.6898854,MASTER,2026011915
KR10025001,2026011916,968.375,80.15999999999998,772934.43,-1.21,54.0,1025.0,-9.58,0.46,100.0,10000.0,9.56,332.0,36.0372673,126.6898854,MASTER,2026011916
KR10025001,2026011917,968.375,14.72000000000001,772949.1499999999,-2.22,56.0,1027.0,-9.81,0.11,100.0,10000.0,9.68,333.0,36.0372673,126.6898854,MASTER,2026011917
KR10025001,2026011918,968.375,0.0,772949.1499999999,-3.14,56.0,1026.0,-9.85,0.0,100.0,10000.0,9.28,339.0,36.0372673,126.6898854,MASTER,2026011918
KR10025001,2026011919,968.375,0.0,772949.1499999999,-3.26,56.0,1026.0,-9.96,0.0,100.0,10000.0,8.9,345.0,36.0372673,126.6898854,MASTER,2026011919
KR10025001,2026011920,968.375,0.0,772949.1499999999,-3.59,57.0,1026.0,-10.07,0.0,100.0,10000.0,8.29,344.0,36.0372673,126.6898854,MASTER,2026011920
KR10025001,2026011921,968.375,0.0,772949.1499999999,-3.91,57.0,1027.0,-10.38,0.0,99.0,10000.0,8.01,345.0,36.0372673,126.6898854,MASTER,2026011921
KR10025001,2026011922,968.375,0.0,772949.1499999999,-4.28,58.0,1028.0,-10.54,0.0,100.0,10000.0,7.63,349.0,36.0372673,126.6898854,MASTER,2026011922
KR10025001,2026011923,968.375,0.0,772949.1499999999,-4.95,55.0,1028.0,-12.76,0.0,100.0,10000.0,7.5,354.0,36.0372673,126.6898854,MASTER,2026011923
KR10025001,2026012000,968.375,0.0,772949.1499999999,-4.99,53.0,1029.0,-13.24,0.0,100.0,10000.0,7.07,346.0,36.0372673,126.6898854,MASTER,2026012000
KR10025001,2026012001,968.375,0.0,772949.1499999999,-5.06,53.0,1028.0,-13.39,0.0,100.0,10000.0,6.6,346.0,36.0372673,126.6898854,MASTER,2026012001
KR10025001,2026012002,968.375,0.0,772949.1499999999,-4.82,52.0,1028.0,-13.35,0.0,100.0,10000.0,6.46,353.0,36.0372673,126.6898854,MASTER,2026012002
KR10025001,2026012003,968.375,0.0,772949.1499999999,-4.85,52.0,1028.0,-13.37,0.0,100.0,10000.0,5.97,2.0,36.0372673,126.6898854,MASTER,2026012003
KR10025001,2026012004,968.375,0.0,772949.1499999999,-4.78,51.0,1028.0,-13.53,0.0,100.0,10000.0,5.68,4.0,36.0372673,126.6898854,MASTER,2026012004
KR10025001,2026012005,968.375,0.0,772949.1499999999,-4.89,52.0,1028.0,-13.45,0.0,100.0,10000.0,5.14,1.0,36.0372673,126.6898854,MASTER,2026012005
KR10025001,2026012006,968.375,0.0,772949.1499999999,-4.91,52.0,1028.0,-12.35,0.0,100.0,10000.0,5.28,5.0,36.0372673,126.6898854,MASTER,2026012006
KR10025001,2026012007,968.375,2.29,772951.4399999998,-4.92,52.0,1028.0,-12.36,0.0,100.0,10000.0,4.68,6.0,36.0372673,126.6898854,MASTER,2026012007
KR10025001,2026012008,968.375,81.26,773032.7,-4.96,52.0,1028.0,-12.4,0.0,100.0,10000.0,4.68,1.0,36.0372673,126.6898854,MASTER,2026012008
KR10025001,2026012009,968.375,218.08000000000004,773250.78,-4.89,51.0,1029.0,-12.55,0.46,100.0,10000.0,4.52,357.0,36.0372673,126.6898854,MASTER,2026012009
KR10025001,2026012010,968.375,385.95,773636.73,-4.36,48.0,1029.0,-12.72,1.12,100.0,10000.0,4.55,359.0,36.0372673,126.6898854,MASTER,2026012010
KR10025001,2026012011,968.375,513.72,774150.45,-3.29,44.0,1029.0,-13.91,1.92,100.0,10000.0,4.58,359.0,36.0372673,126.6898854,MASTER,2026012011
KR10025001,2026012012,968.375,612.99,774763.44,-2.2,41.0,1028.0,-13.95,2.45,100.0,10000.0,4.66,347.0,36.0372673,126.6898854,MASTER,2026012012
KR10025001,2026012013,968.375,620.4699999999999,775383.9099999999,-1.35,38.0,1027.0,-14.02,2.5,100.0,10000.0,5.23,339.0,36.0372673,126.6898854,MASTER,2026012013
KR10025001,2026012014,968.375,554.8599999999999,775938.77,-0.88,38.0,1026.0,-13.89,2.0,98.0,10000.0,5.87,336.0,36.0372673,126.6898854,MASTER,2026012014
KR10025001,2026012015,968.375,393.62,776332.3900000001,-0.89,39.0,1026.0,-13.37,1.22,82.0,10000.0,6.69,333.0,36.0372673,126.6898854,MASTER,2026012015
KR10025001,2026012016,968.375,162.44000000000003,776494.8299999998,-1.46,43.0,1027.0,-12.8,0.51,1.0,10000.0,7.03,333.0,36.0372673,126.6898854,MASTER,2026012016
KR10025001,2026012017,968.375,24.78999999999999,776519.62,-2.34,49.0,1027.0,-11.87,0.11,0.0,10000.0,6.65,337.0,36.0372673,126.6898854,MASTER,2026012017
KR10025001,2026012018,968.375,0.0,776519.62,-2.05,50.0,1028.0,-10.09,0.0,20.0,10000.0,5.95,340.0,36.0372673,126.6898854,MASTER,2026012018
KR10025001,2026012019,968.375,0.0,776519.62,-2.45,52.0,1028.0,-10.03,0.0,16.0,10000.0,5.36,348.0,36.0372673,126.6898854,MASTER,2026012019
KR10025001,2026012020,968.375,0.0,776519.62,-2.91,54.0,1028.0,-10.04,0.0,12.0,10000.0,4.61,355.0,36.0372673,126.6898854,MASTER,2026012020
KR10025001,2026012021,968.375,0.0,776519.62,-3.28,56.0,1028.0,-9.98,0.0,9.0,10000.0,4.31,357.0,36.0372673,126.6898854,MASTER,2026012021
KR10025001,2026012022,968.375,0.0,776519.62,-3.55,58.0,1028.0,-9.84,0.0,51.0,10000.0,4.87,354.0,36.0372673,126.6898854,MASTER,2026012022
KR10025001,2026012023,968.375,0.0,776519.62,-3.65,60.0,1028.0,-10.42,0.0,75.0,10000.0,6.06,350.0,36.0372673,126.6898854,MASTER,2026012023
KR10025001,2026012100,968.375,0.0,776519.62,-3.75,61.0,1029.0,-10.35,0.0,83.0,10000.0,6.06,355.0,36.0372673,126.6898854,MASTER,2026012100
KR10025001,2026012101,968.375,0.0,776519.62,-3.92,64.0,1028.0,-9.93,0.0,87.0,10000.0,5.91,355.0,36.0372673,126.6898854,MASTER,2026012101
KR10025001,2026012102,968.375,0.0,776519.62,-3.98,67.0,1028.0,-9.41,0.0,90.0,10000.0,5.84,355.0,36.0372673,126.6898854,MASTER,2026012102
KR10025001,2026012103,968.375,0.0,776519.62,-4.26,74.0,1028.0,-8.34,0.0,92.0,10000.0,5.91,357.0,36.0372673,126.6898854,MASTER,2026012103
KR10025001,2026012104,968.375,0.0,776519.62,-4.39,78.0,1028.0,-7.96,0.0,100.0,7429.0,5.62,352.0,36.0372673,126.6898854,MASTER,2026012104
KR10025001,2026012105,968.375,0.0,776519.62,-4.36,75.0,1027.0,-8.44,0.0,100.0,10000.0,5.93,355.0,36.0372673,126.6898854,MASTER,2026012105
KR10025001,2026012106,968.375,0.0,776519.62,-5.05,68.0,1027.0,-9.48,0.0,100.0,10000.0,6.12,348.0,36.0372673,126.6898854,MASTER,2026012106
KR10025001,2026012107,968.375,0.6,776520.2199999999,-4.79,66.0,1027.0,-9.57,0.0,100.0,10000.0,7.8,345.0,36.0372673,126.6898854,MASTER,2026012107
KR10025001,2026012108,968.375,33.70000000000002,776553.9199999998,-4.69,63.0,1027.0,-10.0,0.0,100.0,10000.0,7.55,346.0,36.0372673,126.6898854,MASTER,2026012108
KR10025001,2026012109,968.375,194.54,776748.4600000001,-4.23,60.0,1028.0,-10.11,0.4,99.0,10000.0,7.78,346.0,36.0372673,126.6898854,MASTER,2026012109
KR10025001,2026012110,968.375,463.75,777212.2100000001,-3.66,56.0,1028.0,-10.34,1.0,99.0,10000.0,8.45,342.0,36.0372673,126.6898854,MASTER,2026012110
KR10025001,2026012111,968.375,537.7299999999998,777749.9400000001,-2.69,50.0,1028.0,-11.9,1.66,98.0,10000.0,8.97,337.0,36.0372673,126.6898854,MASTER,2026012111
KR10025001,2026012112,968.375,612.97,778362.9099999999,-2.25,48.0,1028.0,-11.94,2.14,99.0,10000.0,9.29,333.0,36.0372673,126.6898854,MASTER,2026012112
KR10025001,2026012113,968.375,553.9,778916.8099999998,-2.1,48.0,1027.0,-11.92,2.17,99.0,10000.0,9.7,330.0,36.0372673,126.6898854,MASTER,2026012113
KR10025001,2026012114,968.375,515.2,779432.0100000001,-2.12,49.0,1027.0,-11.66,1.76,100.0,10000.0,9.89,327.0,36.0372673,126.6898854,MASTER,2026012114
KR10025001,2026012115,968.375,374.99,779807.0,-2.13,49.0,1027.0,-11.41,1.1,100.0,10000.0,9.62,327.0,36.0372673,126.6898854,MASTER,2026012115
KR10025001,2026012116,968.375,66.35,779873.35,-2.23,51.0,1027.0,-11.12,0.45,100.0,10000.0,9.42,328.0,36.0372673,126.6898854,MASTER,2026012116
KR10025001,2026012117,968.375,12.600000000000009,779885.9500000001,-2.68,53.0,1027.0,-11.03,0.1,100.0,10000.0,8.96,328.0,36.0372673,126.6898854,MASTER,2026012117
KR10025001,2026012118,968.375,0.0,779885.9500000001,-4.05,58.0,1028.0,-10.32,0.0,100.0,10000.0,9.15,328.0,36.0372673,126.6898854,MASTER,2026012118
KR10025001,2026012119,968.375,0.0,779885.9500000001,-3.9,57.0,1028.0,-10.37,0.0,100.0,10000.0,9.06,329.0,36.0372673,126.6898854,MASTER,2026012119
KR10025001,2026012120,968.375,0.0,779885.9500000001,-3.79,55.0,1028.0,-10.67,0.0,100.0,10000.0,9.04,331.0,36.0372673,126.6898854,MASTER,2026012120
KR10025001,2026012121,968.375,0.0,779885.9500000001,-3.72,55.0,1029.0,-10.6,0.0,100.0,10000.0,8.43,336.0,36.0372673,126.6898854,MASTER,2026012121
KR10025001,2026012122,968.375,0.0,779885.9500000001,-3.63,54.0,1029.0,-10.72,0.0,100.0,10000.0,8.13,338.0,36.0372673,126.6898854,MASTER,2026012122
KR10025001,2026012123,968.375,0.0,779885.9500000001,-3.52,55.0,1029.0,-11.53,0.0,100.0,10000.0,7.82,338.0,36.0372673,126.6898854,MASTER,2026012123
KR10025001,2026012200,968.375,0.0,779885.9500000001,-3.57,55.0,1029.0,-11.53,0.0,100.0,10000.0,7.92,343.0,36.0372673,126.6898854,MASTER,2026012200
KR10025001,2026012201,968.375,0.0,779885.9500000001,-3.74,53.0,1029.0,-12.18,0.0,100.0,10000.0,8.25,344.0,36.0372673,126.6898854,MASTER,2026012201
KR10025001,2026012202,968.375,0.0,779885.9500000001,-4.13,54.0,1029.0,-12.32,0.0,100.0,10000.0,7.93,345.0,36.0372673,126.6898854,MASTER,2026012202
KR10025001,2026012203,968.375,0.0,779885.9500000001,-4.53,55.0,1029.0,-12.52,0.0,100.0,10000.0,7.73,350.0,36.0372673,126.6898854,MASTER,2026012203
KR10025001,2026012204,968.375,0.0,779885.9500000001,-4.94,55.0,1029.0,-12.81,0.0,99.0,10000.0,7.37,352.0,36.0372673,126.6898854,MASTER,2026012204
KR10025001,2026012205,968.375,0.0,779885.9500000001,-5.19,55.0,1029.0,-12.98,0.0,94.0,10000.0,7.17,355.0,36.0372673,126.6898854,MASTER,2026012205
KR10025001,2026012206,968.375,0.0,779885.9500000001,-6.05,73.0,1029.0,-9.65,0.0,75.0,10000.0,7.22,355.0,36.0372673,126.6898854,MASTER,2026012206
KR10025001,2026012207,968.375,2.2,779888.1499999998,-5.99,69.0,1029.0,-10.23,0.0,78.0,10000.0,6.92,356.0,36.0372673,126.6898854,MASTER,2026012207
KR10025001,2026012208,968.375,52.670000000000016,779940.82,-5.91,66.0,1029.0,-10.65,0.0,80.0,10000.0,6.31,360.0,36.0372673,126.6898854,MASTER,2026012208
KR10025001,2026012209,968.375,212.88,780153.7000000001,-5.71,67.0,1030.0,-10.29,0.37,80.0,10000.0,6.33,360.0,36.0372673,126.6898854,MASTER,2026012209
KR10025001,2026012210,968.375,451.67,780605.37,-5.22,71.0,1030.0,-9.16,0.89,66.0,1134.0,5.82,356.0,36.0372673,126.6898854,MASTER,2026012210
KR10025001,2026012211,968.375,590.38,781195.75,-4.04,72.0,1030.0,-8.49,1.4,72.0,1096.0,5.8,348.0,36.0372673,126.6898854,MASTER,2026012211
KR10025001,2026012212,968.375,647.69,781843.44,-3.03,71.0,1029.0,-7.64,1.82,84.0,9980.0,6.7,341.0,36.0372673,126.6898854,MASTER,2026012212
KR10025001,2026012213,968.375,647.3300000000003,782490.7699999999,-2.45,69.0,1028.0,-7.56,1.96,88.0,10000.0,7.4,338.0,36.0372673,126.6898854,MASTER,2026012213
KR10025001,2026012214,968.375,578.1200000000001,783068.8899999999,-2.08,66.0,1027.0,-7.73,1.67,89.0,10000.0,7.71,334.0,36.0372673,126.6898854,MASTER,2026012214
KR10025001,2026012215,968.375,404.34,783473.23,-2.08,67.0,1027.0,-7.37,1.04,87.0,10000.0,7.49,333.0,36.0372673,126.6898854,MASTER,2026012215
KR10025001,2026012216,968.375,163.86,783637.0900000001,-1.49,60.0,1027.0,-8.4,0.43,87.0,10000.0,7.38,335.0,36.0372673,126.6898854,MASTER,2026012216
KR10025001,2026012217,968.375,19.19,783656.28,-0.62,49.0,1027.0,-10.1,0.1,95.0,10000.0,7.35,328.0,36.0372673,126.6898854,MASTER,2026012217
KR10025001,2026012218,968.375,0.01,783656.2899999999,-2.05,54.0,1027.0,-9.22,0.0,75.0,10000.0,3.88,343.0,36.0372673,126.6898854,MASTER,2026012218
KR10025001,2026012219,968.375,0.0,783656.2899999999,-2.03,55.0,1027.0,-9.0,0.0,71.0,10000.0,4.71,330.0,36.0372673,126.6898854,MASTER,2026012219
KR10025001,2026012220,968.375,0.0,783656.2899999999,-1.92,52.0,1027.0,-9.53,0.0,71.0,10000.0,6.25,326.0,36.0372673,126.6898854,MASTER,2026012220
KR10025001,2026012221,968.375,0.0,783656.2899999999,-1.79,51.0,1027.0,-9.62,0.0,70.0,10000.0,6.66,324.0,36.0372673,126.6898854,MASTER,2026012221
KR10025001,2026012222,968.375,0.0,783656.2899999999,-1.69,51.0,1027.0,-9.53,0.0,75.0,10000.0,6.85,323.0,36.0372673,126.6898854,MASTER,2026012222
KR10025001,2026012223,968.375,0.0,783656.2899999999,-1.53,52.0,1028.0,-10.35,0.0,86.0,10000.0,6.61,324.0,36.0372673,126.6898854,MASTER,2026012223
KR10025001,2026012300,968.375,0.0,783656.2899999999,-1.58,53.0,1028.0,-10.07,0.0,91.0,10000.0,6.18,325.0,36.0372673,126.6898854,MASTER,2026012300
KR10025001,2026012301,968.375,0.0,783656.2899999999,-1.57,54.0,1027.0,-9.89,0.0,94.0,10000.0,5.5,330.0,36.0372673,126.6898854,MASTER,2026012301
KR10025001,2026012302,968.375,0.0,783656.2899999999,-1.76,54.0,1027.0,-9.89,0.0,95.0,10000.0,4.05,338.0,36.0372673,126.6898854,MASTER,2026012302
KR10025001,2026012303,968.375,0.0,783656.2899999999,-2.25,56.0,1027.0,-9.97,0.0,96.0,10000.0,2.75,345.0,36.0372673,126.6898854,MASTER,2026012303
KR10025001,2026012304,968.375,0.0,783656.2899999999,-2.62,57.0,1027.0,-10.1,0.0,100.0,10000.0,2.79,3.0,36.0372673,126.6898854,MASTER,2026012304
KR10025001,2026012305,968.375,0.0,783656.2899999999,-3.12,58.0,1027.0,-10.28,0.0,100.0,10000.0,2.82,21.0,36.0372673,126.6898854,MASTER,2026012305
KR10025001,2026012306,968.375,0.0,783656.2899999999,-6.05,86.0,1027.0,-7.79,0.0,75.0,10000.0,3.1,60.0,36.0372673,126.6898854,MASTER,2026012306
KR10025001,2026012307,968.375,1.16,783657.4500000001,-5.8,81.0,1027.0,-8.23,0.0,80.0,10000.0,2.81,65.0,36.0372673,126.6898854,MASTER,2026012307
KR10025001,2026012308,968.375,55.190000000000005,783712.64,-5.62,79.0,1027.0,-8.34,0.0,85.0,10000.0,2.31,91.0,36.0372673,126.6898854,MASTER,2026012308
KR10025001,2026012309,968.375,208.87000000000003,783921.5099999998,-5.04,75.0,1028.0,-8.36,0.38,90.0,10000.0,2.38,101.0,36.0372673,126.6898854,MASTER,2026012309
KR10025001,2026012310,968.375,392.46,784313.97,-3.75,69.0,1028.0,-8.06,0.89,95.0,10000.0,2.79,113.0,36.0372673,126.6898854,MASTER,2026012310
KR10025001,2026012311,968.375,516.89,784830.8600000001,-2.02,63.0,1028.0,-8.45,1.46,100.0,10000.0,2.48,122.0,36.0372673,126.6898854,MASTER,2026012311
KR10025001,2026012312,968.375,544.1500000000001,785375.01,-0.92,63.0,1028.0,-7.35,1.92,99.0,10000.0,1.86,146.0,36.0372673,126.6898854,MASTER,2026012312
KR10025001,2026012313,968.375,238.27,785613.28,0.4,60.0,1026.0,-6.54,1.88,93.0,10000.0,1.39,184.0,36.0372673,126.6898854,MASTER,2026012313
KR10025001,2026012314,968.375,112.51000000000008,785725.79,1.2,58.0,1025.0,-6.29,1.52,79.0,10000.0,1.59,219.0,36.0372673,126.6898854,MASTER,2026012314
KR10025001,2026012315,968.375,62.78999999999999,785788.5800000001,1.39,61.0,1025.0,-5.5,0.93,71.0,10000.0,2.27,246.0,36.0372673,126.6898854,MASTER,2026012315
KR10025001,2026012316,968.375,35.31,785823.89,0.35,77.0,1024.0,-3.39,0.39,98.0,2340.0,0.66,254.0,36.0372673,126.6898854,MASTER,2026012316
KR10025001,2026012317,968.375,10.840000000000003,785834.73,-0.59,93.0,1024.0,-1.71,0.1,99.0,2446.0,1.85,352.0,36.0372673,126.6898854,MASTER,2026012317
KR10025001,2026012318,968.375,0.0,785834.73,0.95,69.0,1025.0,-3.62,0.0,100.0,10000.0,0.58,35.0,36.0372673,126.6898854,MASTER,2026012318
KR10025001,2026012319,968.375,0.0,785834.73,0.48,72.0,1025.0,-3.52,0.0,95.0,10000.0,1.58,274.0,36.0372673,126.6898854,MASTER,2026012319
KR10025001,2026012320,968.375,0.0,785834.73,0.05,75.0,1025.0,-3.4,0.0,89.0,10000.0,1.8,284.0,36.0372673,126.6898854,MASTER,2026012320
KR10025001,2026012321,968.375,0.0,785834.73,0.3,74.0,1025.0,-3.35,0.0,85.0,10000.0,3.13,297.0,36.0372673,126.6898854,MASTER,2026012321
KR10025001,2026012322,968.375,0.0,785834.73,0.97,64.0,1025.0,-4.49,0.0,85.0,10000.0,4.63,295.0,36.0372673,126.6898854,MASTER,2026012322
KR10025001,2026012323,968.375,0.0,785834.73,1.48,55.0,1024.0,-6.67,0.0,66.0,10000.0,6.4,283.0,36.0372673,126.6898854,MASTER,2026012323
KR10025001,2026012400,968.375,0.0,785834.73,1.99,62.0,1024.0,-4.83,0.0,79.0,10000.0,8.01,291.0,36.0372673,126.6898854,MASTER,2026012400
KR10025001,2026012401,968.375,0.0,785834.73,0.58,93.0,1024.0,-0.45,0.0,84.0,2740.0,6.22,315.0,36.0372673,126.6898854,MASTER,2026012401
KR10025001,2026012402,968.375,0.0,785834.73,0.84,76.0,1024.0,-3.04,0.0,87.0,10000.0,6.56,316.0,36.0372673,126.6898854,MASTER,2026012402
KR10025001,2026012403,968.375,0.0,785834.73,1.44,53.0,1024.0,-6.91,0.0,90.0,10000.0,9.28,314.0,36.0372673,126.6898854,MASTER,2026012403
KR10025001,2026012404,968.375,0.0,785834.73,0.06,59.0,1024.0,-7.12,0.0,88.0,10000.0,6.75,323.0,36.0372673,126.6898854,MASTER,2026012404
KR10025001,2026012405,968.375,0.0,785834.73,-0.86,64.0,1025.0,-6.89,0.0,92.0,10000.0,5.61,343.0,36.0372673,126.6898854,MASTER,2026012405
KR10025001,2026012406,968.375,0.0,785834.73,-2.05,69.0,1024.0,-6.42,0.0,0.0,10000.0,5.27,330.0,36.0372673,126.6898854,MASTER,2026012406
KR10025001,2026012407,968.375,0.34,785835.07,-1.86,67.0,1024.0,-6.57,0.0,20.0,10000.0,4.48,339.0,36.0372673,126.6898854,MASTER,2026012407
KR10025001,2026012408,968.375,14.56000000000001,785849.63,-1.96,67.0,1025.0,-6.67,0.0,40.0,10000.0,4.66,358.0,36.0372673,126.6898854,MASTER,2026012408
KR10025001,2026012409,968.375,53.89,785903.52,-1.84,61.0,1026.0,-7.63,0.4,60.0,10000.0,4.9,358.0,36.0372673,126.6898854,MASTER,2026012409
KR10025001,2026012410,968.375,144.38000000000002,786047.8999999999,-1.07,53.0,1026.0,-8.51,0.96,50.0,10000.0,4.66,349.0,36.0372673,126.6898854,MASTER,2026012410
KR10025001,2026012411,968.375,497.36,786545.26,0.25,46.0,1027.0,-9.96,1.49,85.0,10000.0,5.62,331.0,36.0372673,126.6898854,MASTER,2026012411
KR10025001,2026012412,968.375,643.5300000000001,787188.7899999999,0.83,46.0,1027.0,-9.64,1.93,90.0,10000.0,6.64,319.0,36.0372673,126.6898854,MASTER,2026012412
KR10025001,2026012413,968.375,638.1200000000001,787826.9099999998,1.01,46.0,1026.0,-9.47,2.0,93.0,10000.0,7.14,315.0,36.0372673,126.6898854,MASTER,2026012413
KR10025001,2026012414,968.375,560.52,788387.43,1.03,47.0,1025.0,-9.22,1.63,95.0,10000.0,7.48,316.0,36.0372673,126.6898854,MASTER,2026012414
KR10025001,2026012415,968.375,411.2699999999999,788798.7000000002,0.94,47.0,1025.0,-9.24,1.04,96.0,10000.0,7.38,316.0,36.0372673,126.6898854,MASTER,2026012415
KR10025001,2026012416,968.375,176.2,788974.8999999999,0.69,48.0,1026.0,-9.12,0.45,100.0,10000.0,7.05,316.0,36.0372673,126.6898854,MASTER,2026012416
KR10025001,2026012417,968.375,28.839999999999986,789003.74,0.24,51.0,1026.0,-8.75,0.11,88.0,10000.0,6.05,318.0,36.0372673,126.6898854,MASTER,2026012417
KR10025001,2026012418,968.375,0.02,789003.76,-0.05,51.0,1027.0,-7.98,0.0,0.0,10000.0,4.28,320.0,36.0372673,126.6898854,MASTER,2026012418
KR10025001,2026012419,968.375,0.0,789003.76,-0.3,53.0,1027.0,-7.78,0.0,13.0,10000.0,3.75,318.0,36.0372673,126.6898854,MASTER,2026012419
KR10025001,2026012420,968.375,0.0,789003.76,-0.26,53.0,1027.0,-7.74,0.0,27.0,10000.0,4.1,316.0,36.0372673,126.6898854,MASTER,2026012420
KR10025001,2026012421,968.375,0.0,789003.76,-0.14,55.0,1027.0,-7.2,0.0,43.0,10000.0,3.51,321.0,36.0372673,126.6898854,MASTER,2026012421
KR10025001,2026012422,968.375,0.0,789003.76,0.07,60.0,1028.0,-6.0,0.0,80.0,10000.0,3.36,314.0,36.0372673,126.6898854,MASTER,2026012422
KR10025001,2026012423,968.375,0.0,789003.76,0.41,65.0,1027.0,-5.48,0.0,100.0,5838.0,2.84,322.0,36.0372673,126.6898854,MASTER,2026012423
KR10025001,2026012500,968.375,0.0,789003.76,0.36,67.0,1028.0,-5.19,0.0,100.0,10000.0,4.21,336.0,36.0372673,126.6898854,MASTER,2026012500
KR10025001,2026012501,968.375,0.0,789003.76,0.09,58.0,1028.0,-7.36,0.0,100.0,10000.0,5.65,333.0,36.0372673,126.6898854,MASTER,2026012501
KR10025001,2026012502,968.375,0.0,789003.76,-0.67,60.0,1029.0,-7.6,0.0,100.0,10000.0,5.63,354.0,36.0372673,126.6898854,MASTER,2026012502
KR10025001,2026012503,968.375,0.0,789003.76,-1.75,61.0,1029.0,-8.45,0.0,100.0,10000.0,5.12,0.0,36.0372673,126.6898854,MASTER,2026012503
KR10025001,2026012504,968.375,0.0,789003.76,-2.54,62.0,1029.0,-9.0,0.0,60.0,10000.0,3.76,360.0,36.0372673,126.6898854,MASTER,2026012504
KR10025001,2026012505,968.375,0.0,789003.76,-2.88,61.0,1029.0,-9.46,0.0,48.0,10000.0,3.38,1.0,36.0372673,126.6898854,MASTER,2026012505
KR10025001,2026012506,968.375,0.0,789003.76,-3.05,43.0,1030.0,-12.71,0.0,0.0,10000.0,3.43,7.0,36.0372673,126.6898854,MASTER,2026012506
KR10025001,2026012507,968.375,3.38,789007.14,-3.15,46.0,1030.0,-12.05,0.0,9.0,10000.0,3.98,5.0,36.0372673,126.6898854,MASTER,2026012507
KR10025001,2026012508,968.375,71.41000000000003,789078.55,-3.31,48.0,1030.0,-11.73,0.0,14.0,10000.0,4.13,4.0,36.0372673,126.6898854,MASTER,2026012508
KR10025001,2026012509,968.375,256.5799999999999,789335.1299999999,-2.94,45.0,1031.0,-12.1,0.47,18.0,10000.0,5.22,2.0,36.0372673,126.6898854,MASTER,2026012509
KR10025001,2026012510,968.375,459.3399999999999,789794.4699999999,-2.23,42.0,1031.0,-12.21,1.17,0.0,10000.0,4.44,351.0,36.0372673,126.6898854,MASTER,2026012510
KR10025001,2026012511,968.375,594.1099999999999,790388.5799999998,-1.11,40.0,1031.0,-13.03,1.95,1.0,10000.0,4.31,336.0,36.0372673,126.6898854,MASTER,2026012511
KR10025001,2026012512,968.375,655.38,791043.96,-0.29,41.0,1031.0,-12.01,2.52,3.0,10000.0,5.32,325.0,36.0372673,126.6898854,MASTER,2026012512
KR10025001,2026012513,968.375,653.4300000000001,791697.3900000001,0.03,45.0,1030.0,-10.55,2.58,25.0,10000.0,6.16,325.0,36.0372673,126.6898854,MASTER,2026012513
KR10025001,2026012514,968.375,574.1,792271.4899999999,0.02,50.0,1030.0,-9.13,2.08,34.0,10000.0,6.49,319.0,36.0372673,126.6898854,MASTER,2026012514
KR10025001,2026012515,968.375,418.29,792689.7799999999,-0.11,54.0,1030.0,-8.47,1.29,45.0,10000.0,6.27,323.0,36.0372673,126.6898854,MASTER,2026012515
KR10025001,2026012516,968.375,161.13000000000002,792850.91,-0.37,56.0,1030.0,-8.26,0.55,100.0,10000.0,6.08,325.0,36.0372673,126.6898854,MASTER,2026012516
KR10025001,2026012517,968.375,26.869999999999983,792877.78,-0.92,59.0,1030.0,-8.1,0.13,79.0,10000.0,4.83,335.0,36.0372673,126.6898854,MASTER,2026012517
KR10025001,2026012518,968.375,0.02,792877.8,-1.05,43.0,1030.0,-10.85,0.0,20.0,10000.0,2.69,347.0,36.0372673,126.6898854,MASTER,2026012518
KR10025001,2026012519,968.375,0.0,792877.8,-1.41,48.0,1030.0,-9.95,0.0,29.0,10000.0,2.66,348.0,36.0372673,126.6898854,MASTER,2026012519
KR10025001,2026012520,968.375,0.0,792877.8,-1.87,52.0,1030.0,-9.48,0.0,34.0,10000.0,2.54,25.0,36.0372673,126.6898854,MASTER,2026012520
KR10025001,2026012521,968.375,0.0,792877.8,-2.36,55.0,1031.0,-9.31,0.0,40.0,10000.0,2.34,39.0,36.0372673,126.6898854,MASTER,2026012521
KR10025001,2026012522,968.375,0.0,792877.8,-3.0,58.0,1031.0,-9.32,0.0,9.0,10000.0,3.12,53.0,36.0372673,126.6898854,MASTER,2026012522
KR10025001,2026012523,968.375,0.0,792877.8,-3.85,60.0,1031.0,-10.65,0.0,8.0,10000.0,1.86,39.0,36.0372673,126.6898854,MASTER,2026012523
KR10025001,2026012600,968.375,0.0,792877.8,-3.93,61.0,1030.0,-10.68,0.0,9.0,10000.0,1.35,60.0,36.0372673,126.6898854,MASTER,2026012600
KR10025001,2026012601,968.375,0.0,792877.8,-4.01,61.0,1030.0,-10.58,0.0,7.0,10000.0,1.32,40.0,36.0372673,126.6898854,MASTER,2026012601
KR10025001,2026012602,968.375,0.0,792877.8,-3.99,62.0,1030.0,-10.41,0.0,6.0,10000.0,1.21,17.0,36.0372673,126.6898854,MASTER,2026012602
KR10025001,2026012603,968.375,0.0,792877.8,-3.66,63.0,1030.0,-9.95,0.0,20.0,10000.0,1.04,21.0,36.0372673,126.6898854,MASTER,2026012603
KR10025001,2026012604,968.375,0.0,792877.8,-3.56,63.0,1029.0,-9.77,0.0,100.0,10000.0,1.44,66.0,36.0372673,126.6898854,MASTER,2026012604
KR10025001,2026012605,968.375,0.0,792877.8,-3.86,64.0,1029.0,-9.87,0.0,100.0,10000.0,1.49,65.0,36.0372673,126.6898854,MASTER,2026012605
KR10025001,2026012606,968.375,0.0,792877.8,-7.05,68.0,1029.0,-11.42,0.0,75.0,10000.0,1.28,60.0,36.0372673,126.6898854,MASTER,2026012606
KR10025001,2026012607,968.375,3.220000000000001,792881.0199999999,-6.57,68.0,1029.0,-10.95,0.0,79.0,10000.0,2.29,68.0,36.0372673,126.6898854,MASTER,2026012607
KR10025001,2026012608,968.375,61.14000000000002,792942.1599999999,-6.16,68.0,1029.0,-10.56,0.03,83.0,10000.0,2.26,68.0,36.0372673,126.6898854,MASTER,2026012608
KR10025001,2026012609,968.375,224.10000000000008,793166.26,-5.13,65.0,1029.0,-10.07,0.43,86.0,10000.0,0.42,128.0,36.0372673,126.6898854,MASTER,2026012609
KR10025001,2026012610,968.375,327.35,793493.61,-3.49,62.0,1028.0,-9.03,1.0,86.0,10000.0,0.97,50.0,36.0372673,126.6898854,MASTER,2026012610
KR10025001,2026012611,968.375,280.58,793774.1900000001,-1.37,60.0,1028.0,-8.33,1.75,88.0,10000.0,0.7,9.0,36.0372673,126.6898854,MASTER,2026012611
KR10025001,2026012612,968.375,299.99,794074.1799999999,-0.36,58.0,1028.0,-7.74,2.19,91.0,10000.0,2.38,310.0,36.0372673,126.6898854,MASTER,2026012612
KR10025001,2026012613,968.375,246.6400000000001,794320.8200000002,0.64,55.0,1026.0,-7.59,1.99,93.0,10000.0,2.76,305.0,36.0372673,126.6898854,MASTER,2026012613
KR10025001,2026012614,968.375,207.22,794528.0399999998,1.28,52.0,1025.0,-7.53,1.63,95.0,10000.0,3.88,316.0,36.0372673,126.6898854,MASTER,2026012614
KR10025001,2026012615,968.375,151.02,794679.06,1.24,50.0,1025.0,-8.12,1.06,96.0,10000.0,3.18,316.0,36.0372673,126.6898854,MASTER,2026012615
KR10025001,2026012616,968.375,110.67,794789.73,1.19,50.0,1024.0,-8.32,0.43,100.0,10000.0,3.95,318.0,36.0372673,126.6898854,MASTER,2026012616
KR10025001,2026012617,968.375,23.13999999999999,794812.87,0.6,53.0,1025.0,-7.84,0.11,100.0,10000.0,3.91,318.0,36.0372673,126.6898854,MASTER,2026012617
KR10025001,2026012618,968.375,0.01,794812.88,-0.05,64.0,1025.0,-5.36,0.0,20.0,10000.0,4.36,312.0,36.0372673,126.6898854,MASTER,2026012618
KR10025001,2026012619,968.375,0.0,794812.88,-0.23,64.0,1025.0,-5.53,0.0,36.0,10000.0,4.37,312.0,36.0372673,126.6898854,MASTER,2026012619
KR10025001,2026012620,968.375,0.0,794812.88,-0.42,66.0,1025.0,-5.36,0.0,52.0,10000.0,4.23,327.0,36.0372673,126.6898854,MASTER,2026012620
KR10025001,2026012621,968.375,0.0,794812.88,-0.47,67.0,1025.0,-5.23,0.0,68.0,10000.0,3.93,324.0,36.0372673,126.6898854,MASTER,2026012621
KR10025001,2026012622,968.375,0.0,794812.88,-0.59,69.0,1025.0,-5.0,0.0,84.0,10000.0,2.83,344.0,36.0372673,126.6898854,MASTER,2026012622
KR10025001,2026012623,968.375,0.0,794812.88,-0.47,70.0,1025.0,-5.44,0.0,100.0,10000.0,2.21,346.0,36.0372673,126.6898854,MASTER,2026012623
KR10025001,2026012700,968.375,0.0,794812.88,0.01,70.0,1025.0,-4.86,0.0,100.0,10000.0,1.73,345.0,36.0372673,126.6898854,MASTER,2026012700
KR10025001,2026012701,968.375,0.0,794812.88,-0.43,83.0,1025.0,-3.01,0.0,100.0,6672.0,2.42,348.0,36.0372673,126.6898854,MASTER,2026012701
KR10025001,2026012702,968.375,0.0,794812.88,-0.35,84.0,1025.0,-2.92,0.0,100.0,10000.0,3.13,349.0,36.0372673,126.6898854,MASTER,2026012702
KR10025001,2026012703,968.375,0.0,794812.88,-0.07,80.0,1025.0,-3.27,0.0,100.0,10000.0,4.4,343.0,36.0372673,126.6898854,MASTER,2026012703
KR10025001,2026012704,968.375,0.0,794812.88,-0.09,78.0,1025.0,-3.53,0.0,100.0,10000.0,4.73,337.0,36.0372673,126.6898854,MASTER,2026012704
KR10025001,2026012705,968.375,0.0,794812.88,0.15,71.0,1025.0,-4.57,0.0,100.0,10000.0,3.67,342.0,36.0372673,126.6898854,MASTER,2026012705
KR10025001,2026012706,968.375,0.0,794812.88,-2.05,74.0,1025.0,-5.6,0.0,75.0,10000.0,4.53,2.0,36.0372673,126.6898854,MASTER,2026012706
KR10025001,2026012707,968.375,2.31,794815.19,-1.93,73.0,1025.0,-5.64,0.0,79.0,10000.0,4.66,356.0,36.0372673,126.6898854,MASTER,2026012707
KR10025001,2026012708,968.375,48.170000000000016,794863.3600000001,-1.85,71.0,1025.0,-5.89,0.09,79.0,10000.0,4.7,352.0,36.0372673,126.6898854,MASTER,2026012708
KR10025001,2026012709,968.375,207.91,795071.27,-1.46,63.0,1026.0,-6.9,0.47,75.0,10000.0,6.36,347.0,36.0372673,126.6898854,MASTER,2026012709
KR10025001,2026012710,968.375,451.0,795522.27,-0.91,55.0,1027.0,-7.93,1.16,16.0,10000.0,6.6,345.0,36.0372673,126.6898854,MASTER,2026012710
KR10025001,2026012711,968.375,587.5500000000001,796109.8200000002,0.17,47.0,1027.0,-10.01,1.92,1.0,10000.0,7.27,338.0,36.0372673,126.6898854,MASTER,2026012711
KR10025001,2026012712,968.375,661.7899999999998,796771.6100000001,0.62,46.0,1027.0,-9.7,2.49,1.0,10000.0,8.23,330.0,36.0372673,126.6898854,MASTER,2026012712
KR10025001,2026012713,968.375,662.9299999999998,797434.54,0.82,47.0,1027.0,-9.21,2.56,1.0,10000.0,8.48,326.0,36.0372673,126.6898854,MASTER,2026012713
KR10025001,2026012714,968.375,587.65,798022.1900000001,0.71,48.0,1026.0,-9.13,2.08,1.0,10000.0,8.81,327.0,36.0372673,126.6898854,MASTER,2026012714
KR10025001,2026012715,968.375,428.60000000000014,798450.7899999999,0.41,48.0,1027.0,-9.38,1.27,2.0,10000.0,8.52,328.0,36.0372673,126.6898854,MASTER,2026012715
KR10025001,2026012716,968.375,193.23,798644.02,-0.01,49.0,1026.0,-9.42,0.55,7.0,10000.0,7.99,330.0,36.0372673,126.6898854,MASTER,2026012716
KR10025001,2026012717,968.375,32.39999999999998,798676.4199999999,-0.61,53.0,1027.0,-9.15,0.14,5.0,10000.0,6.97,334.0,36.0372673,126.6898854,MASTER,2026012717
KR10025001,2026012718,968.375,0.06,798676.48,-1.05,55.0,1027.0,-8.07,0.0,20.0,10000.0,6.1,338.0,36.0372673,126.6898854,MASTER,2026012718
KR10025001,2026012719,968.375,0.0,798676.48,-1.27,56.0,1027.0,-8.07,0.0,17.0,10000.0,5.17,345.0,36.0372673,126.6898854,MASTER,2026012719
KR10025001,2026012720,968.375,0.0,798676.48,-1.57,56.0,1027.0,-8.35,0.0,19.0,10000.0,4.71,347.0,36.0372673,126.6898854,MASTER,2026012720
KR10025001,2026012721,968.375,0.0,798676.48,-1.91,57.0,1028.0,-8.47,0.0,21.0,10000.0,4.66,349.0,36.0372673,126.6898854,MASTER,2026012721
KR10025001,2026012722,968.375,0.0,798676.48,-2.19,56.0,1028.0,-8.94,0.0,81.0,10000.0,4.82,349.0,36.0372673,126.6898854,MASTER,2026012722
KR10025001,2026012723,968.375,0.0,798676.48,-2.55,55.0,1029.0,-10.43,0.0,94.0,10000.0,4.68,351.0,36.0372673,126.6898854,MASTER,2026012723
KR10025001,2026012800,968.375,0.0,798676.48,-2.73,54.0,1029.0,-10.89,0.0,92.0,10000.0,4.22,354.0,36.0372673,126.6898854,MASTER,2026012800
KR10025001,2026012801,968.375,0.0,798676.48,-2.89,53.0,1029.0,-11.35,0.0,94.0,10000.0,4.03,356.0,36.0372673,126.6898854,MASTER,2026012801
KR10025001,2026012802,968.375,0.0,798676.48,-3.01,51.0,1029.0,-11.85,0.0,95.0,10000.0,3.9,359.0,36.0372673,126.6898854,MASTER,2026012802
KR10025001,2026012803,968.375,0.0,798676.48,-3.09,50.0,1030.0,-12.26,0.0,96.0,10000.0,3.52,359.0,36.0372673,126.6898854,MASTER,2026012803
KR10025001,2026012804,968.375,0.0,798676.48,-3.22,49.0,1029.0,-12.61,0.0,100.0,10000.0,3.45,1.0,36.0372673,126.6898854,MASTER,2026012804
KR10025001,2026012805,968.375,0.0,798676.48,-3.46,49.0,1029.0,-12.9,0.0,100.0,10000.0,3.38,6.0,36.0372673,126.6898854,MASTER,2026012805
KR10025001,2026012806,968.375,0.0,798676.48,-3.79,45.0,1030.0,-12.89,0.0,69.0,10000.0,4.46,360.0,36.0372673,126.6898854,MASTER,2026012806
KR10025001,2026012807,968.375,3.56,798680.0400000002,-3.8,44.0,1030.0,-13.15,0.0,66.0,10000.0,4.37,1.0,36.0372673,126.6898854,MASTER,2026012807
KR10025001,2026012808,968.375,77.10000000000002,798757.1399999999,-3.85,44.0,1030.0,-13.2,0.09,59.0,10000.0,3.75,4.0,36.0372673,126.6898854,MASTER,2026012808
KR10025001,2026012809,968.375,261.91,799019.05,-3.36,42.0,1031.0,-13.25,0.44,49.0,10000.0,4.84,5.0,36.0372673,126.6898854,MASTER,2026012809
KR10025001,2026012810,968.375,457.25,799476.3,-2.4,39.0,1031.0,-13.18,1.04,14.0,10000.0,5.19,2.0,36.0372673,126.6898854,MASTER,2026012810
KR10025001,2026012811,968.375,582.82,800059.12,-0.99,35.0,1031.0,-14.7,1.72,0.0,10000.0,5.21,355.0,36.0372673,126.6898854,MASTER,2026012811
KR10025001,2026012812,968.375,649.13,800708.25,-0.09,33.0,1030.0,-14.66,2.19,0.0,10000.0,5.72,349.0,36.0372673,126.6898854,MASTER,2026012812
KR10025001,2026012813,968.375,649.1300000000001,801357.38,0.49,33.0,1029.0,-14.36,2.2,0.0,10000.0,6.15,341.0,36.0372673,126.6898854,MASTER,2026012813
KR10025001,2026012814,968.375,574.7399999999999,801932.1200000002,0.7,34.0,1029.0,-13.68,1.75,0.0,10000.0,6.73,337.0,36.0372673,126.6898854,MASTER,2026012814
KR10025001,2026012815,968.375,421.81000000000006,802353.93,0.55,37.0,1029.0,-12.67,1.07,0.0,10000.0,7.0,336.0,36.0372673,126.6898854,MASTER,2026012815
KR10025001,2026012816,968.375,189.1800000000001,802543.1100000001,0.09,41.0,1029.0,-11.72,0.48,7.0,10000.0,6.84,338.0,36.0372673,126.6898854,MASTER,2026012816
KR10025001,2026012817,968.375,34.369999999999976,802577.48,-0.58,47.0,1029.0,-10.68,0.12,6.0,10000.0,5.76,339.0,36.0372673,126.6898854,MASTER,2026012817
KR10025001,2026012818,968.375,0.07,802577.5499999999,-0.05,37.0,1030.0,-11.6,0.0,0.0,10000.0,4.17,347.0,36.0372673,126.6898854,MASTER,2026012818
KR10025001,2026012819,968.375,0.0,802577.5499999999,-0.59,40.0,1030.0,-11.23,0.0,1.0,10000.0,3.37,356.0,36.0372673,126.6898854,MASTER,2026012819
KR10025001,2026012820,968.375,0.0,802577.5499999999,-1.19,43.0,1030.0,-10.98,0.0,2.0,10000.0,2.41,2.0,36.0372673,126.6898854,MASTER,2026012820
KR10025001,2026012821,968.375,0.0,802577.5499999999,-1.73,46.0,1031.0,-10.73,0.0,4.0,10000.0,1.56,9.0,36.0372673,126.6898854,MASTER,2026012821
KR10025001,2026012822,968.375,0.0,802577.5499999999,-2.15,50.0,1031.0,-10.19,0.0,10.0,10000.0,1.34,8.0,36.0372673,126.6898854,MASTER,2026012822
KR10025001,2026012823,968.375,0.0,802577.5499999999,-2.56,54.0,1031.0,-10.67,0.0,12.0,10000.0,1.63,2.0,36.0372673,126.6898854,MASTER,2026012823
KR10025001,2026012900,968.375,0.0,802577.5499999999,-2.42,57.0,1031.0,-10.02,0.0,16.0,10000.0,2.04,355.0,36.0372673,126.6898854,MASTER,2026012900
KR10025001,2026012901,968.375,0.0,802577.5499999999,-2.36,59.0,1031.0,-9.36,0.0,21.0,10000.0,2.37,356.0,36.0372673,126.6898854,MASTER,2026012901
KR10025001,2026012902,968.375,0.0,802577.5499999999,-2.33,61.0,1031.0,-8.92,0.0,29.0,10000.0,2.59,1.0,36.0372673,126.6898854,MASTER,2026012902
KR10025001,2026012903,968.375,0.0,802577.5499999999,-2.21,63.0,1031.0,-8.47,0.0,36.0,10000.0,2.39,3.0,36.0372673,126.6898854,MASTER,2026012903
KR10025001,2026012904,968.375,0.0,802577.5499999999,-2.39,67.0,1031.0,-7.83,0.0,81.0,10000.0,2.46,11.0,36.0372673,126.6898854,MASTER,2026012904
KR10025001,2026012905,968.375,0.0,802577.5499999999,-2.93,74.0,1031.0,-7.12,0.0,85.0,5422.0,2.31,30.0,36.0372673,126.6898854,MASTER,2026012905
KR10025001,2026012906,968.375,0.0,802577.5499999999,-6.05,68.0,1030.0,-10.45,0.0,75.0,10000.0,1.59,70.0,36.0372673,126.6898854,MASTER,2026012906
KR10025001,2026012907,968.375,2.6899999999999995,802580.24,-5.56,70.0,1030.0,-9.65,0.0,75.0,10000.0,1.68,90.0,36.0372673,126.6898854,MASTER,2026012907
KR10025001,2026012908,968.375,35.36000000000002,802615.6000000001,-5.08,71.0,1030.0,-9.02,0.07,75.0,10000.0,1.91,104.0,36.0372673,126.6898854,MASTER,2026012908
KR10025001,2026012909,968.375,141.50000000000003,802757.1,-4.12,71.0,1031.0,-8.09,0.3,76.0,10000.0,1.63,127.0,36.0372673,126.6898854,MASTER,2026012909
KR10025001,2026012910,968.375,259.59000000000003,803016.6899999998,-2.67,73.0,1031.0,-6.36,0.7,92.0,10000.0,1.14,117.0,36.0372673,126.6898854,MASTER,2026012910
KR10025001,2026012911,968.375,437.3599999999999,803454.05,-1.28,85.0,1032.0,-3.61,1.16,97.0,,1.27,337.0,36.0372673,126.6898854,MASTER,2026012911
KR10025001,2026012912,968.375,465.53,803919.58,-0.36,87.0,1031.0,-2.26,1.67,99.0,,3.42,319.0,36.0372673,126.6898854,MASTER,2026012912
KR10025001,2026012913,968.375,599.25,804518.8300000001,0.67,66.0,1030.0,-5.05,2.24,99.0,10000.0,6.24,318.0,36.0372673,126.6898854,MASTER,2026012913
KR10025001,2026012914,968.375,553.4499999999999,805072.28,0.73,56.0,1030.0,-7.28,1.86,98.0,10000.0,6.81,316.0,36.0372673,126.6898854,MASTER,2026012914
KR10025001,2026012915,968.375,408.65,805480.93,0.47,51.0,1030.0,-8.58,1.19,90.0,10000.0,6.92,315.0,36.0372673,126.6898854,MASTER,2026012915
KR10025001,2026012916,968.375,195.24000000000004,805676.17,-0.03,52.0,1030.0,-8.77,0.54,5.0,10000.0,7.31,319.0,36.0372673,126.6898854,MASTER,2026012916
KR10025001,2026012917,968.375,37.66999999999997,805713.8400000001,-0.58,55.0,1031.0,-8.52,0.14,4.0,10000.0,6.47,321.0,36.0372673,126.6898854,MASTER,2026012917
KR10025001,2026012918,968.375,0.08,805713.9200000002,0.95,51.0,1031.0,-7.15,0.0,20.0,10000.0,5.78,323.0,36.0372673,126.6898854,MASTER,2026012918
KR10025001,2026012919,968.375,0.0,805713.9200000002,0.44,52.0,1031.0,-7.35,0.0,27.0,10000.0,5.76,327.0,36.0372673,126.6898854,MASTER,2026012919
KR10025001,2026012920,968.375,0.0,805713.9200000002,-0.04,53.0,1031.0,-7.53,0.0,38.0,10000.0,5.96,332.0,36.0372673,126.6898854,MASTER,2026012920
KR10025001,2026012921,968.375,0.0,805713.9200000002,-0.66,53.0,1031.0,-8.12,0.0,50.0,10000.0,5.95,339.0,36.0372673,126.6898854,MASTER,2026012921
KR10025001,2026012922,968.375,0.0,805713.9200000002,-1.41,54.0,1032.0,-8.62,0.0,82.0,10000.0,6.03,332.0,36.0372673,126.6898854,MASTER,2026012922
KR10025001,2026012923,968.375,0.0,805713.9200000002,-2.29,55.0,1032.0,-10.3,0.0,96.0,10000.0,6.58,339.0,36.0372673,126.6898854,MASTER,2026012923
KR10025001,2026013000,968.375,0.0,805713.9200000002,-2.44,55.0,1032.0,-10.43,0.0,97.0,10000.0,6.55,342.0,36.0372673,126.6898854,MASTER,2026013000
KR10025001,2026013001,968.375,0.0,805713.9200000002,-2.49,55.0,1032.0,-10.5,0.0,98.0,10000.0,6.53,342.0,36.0372673,126.6898854,MASTER,2026013001
KR10025001,2026013002,968.375,0.0,805713.9200000002,-2.51,54.0,1032.0,-10.62,0.0,98.0,10000.0,6.46,338.0,36.0372673,126.6898854,MASTER,2026013002
KR10025001,2026013003,968.375,0.0,805713.9200000002,-2.62,54.0,1032.0,-10.78,0.0,98.0,10000.0,6.49,338.0,36.0372673,126.6898854,MASTER,2026013003
KR10025001,2026013004,968.375,0.0,805713.9200000002,-2.93,54.0,1032.0,-11.06,0.0,95.0,10000.0,5.94,343.0,36.0372673,126.6898854,MASTER,2026013004
KR10025001,2026013005,968.375,0.0,805713.9200000002,-3.07,53.0,1032.0,-11.32,0.0,98.0,10000.0,5.56,343.0,36.0372673,126.6898854,MASTER,2026013005
KR10025001,2026013006,968.375,0.0,805713.9200000002,-6.05,53.0,1031.0,-13.22,0.0,0.0,10000.0,4.7,350.0,36.0372673,126.6898854,MASTER,2026013006
KR10025001,2026013007,968.375,4.59,805718.5100000001,-5.52,54.0,1031.0,-12.51,0.0,20.0,10000.0,4.3,350.0,36.0372673,126.6898854,MASTER,2026013007
KR10025001,2026013008,968.375,82.24000000000002,805800.7500000001,-5.01,53.0,1031.0,-12.23,0.1,39.0,10000.0,4.15,353.0,36.0372673,126.6898854,MASTER,2026013008
KR10025001,2026013009,968.375,251.25000000000003,806051.9999999999,-4.23,50.0,1032.0,-12.14,0.5,59.0,10000.0,4.88,344.0,36.0372673,126.6898854,MASTER,2026013009
KR10025001,2026013010,968.375,357.92999999999995,806409.9299999999,-3.13,48.0,1032.0,-11.56,1.09,79.0,10000.0,5.04,344.0,36.0372673,126.6898854,MASTER,2026013010
KR10025001,2026013011,968.375,544.2900000000001,806954.2200000001,-1.63,44.0,1032.0,-12.47,1.75,100.0,10000.0,5.49,337.0,36.0372673,126.6898854,MASTER,2026013011
KR10025001,2026013012,968.375,434.17,807388.3900000001,-0.98,42.0,1032.0,-12.6,2.25,100.0,10000.0,6.11,333.0,36.0372673,126.6898854,MASTER,2026013012
KR10025001,2026013013,968.375,353.53000000000003,807741.9200000002,-0.67,41.0,1031.0,-12.34,2.21,100.0,10000.0,6.37,330.0,36.0372673,126.6898854,MASTER,2026013013
KR10025001,2026013014,968.375,477.9099999999999,808219.8299999998,-0.71,42.0,1030.0,-12.26,1.64,100.0,10000.0,6.39,327.0,36.0372673,126.6898854,MASTER,2026013014
KR10025001,2026013015,968.375,384.66,808604.4900000001,-0.9,44.0,1031.0,-11.86,1.14,100.0,10000.0,6.76,330.0,36.0372673,126.6898854,MASTER,2026013015
KR10025001,2026013016,968.375,207.55,808812.0399999999,-0.92,45.0,1031.0,-11.42,0.5,100.0,10000.0,6.74,331.0,36.0372673,126.6898854,MASTER,2026013016
KR10025001,2026013017,968.375,39.03999999999997,808851.08,-1.44,47.0,1030.0,-11.43,0.14,100.0,10000.0,5.41,340.0,36.0372673,126.6898854,MASTER,2026013017
KR10025001,2026013018,968.375,0.05,808851.13,-2.05,54.0,1030.0,-9.22,0.0,0.0,10000.0,4.07,339.0,36.0372673,126.6898854,MASTER,2026013018
KR10025001,2026013019,968.375,0.0,808851.13,-2.26,53.0,1030.0,-9.63,0.0,14.0,10000.0,3.89,341.0,36.0372673,126.6898854,MASTER,2026013019
KR10025001,2026013020,968.375,0.0,808851.13,-2.54,53.0,1030.0,-9.9,0.0,24.0,10000.0,2.41,350.0,36.0372673,126.6898854,MASTER,2026013020
KR10025001,2026013021,968.375,0.0,808851.13,-2.71,52.0,1031.0,-10.27,0.0,39.0,10000.0,2.53,3.0,36.0372673,126.6898854,MASTER,2026013021
KR10025001,2026013022,968.375,0.0,808851.13,-3.07,50.0,1031.0,-11.05,0.0,80.0,10000.0,2.14,31.0,36.0372673,126.6898854,MASTER,2026013022
KR10025001,2026013023,968.375,0.0,808851.13,-3.57,50.0,1031.0,-12.67,0.0,100.0,10000.0,1.63,48.0,36.0372673,126.6898854,MASTER,2026013023
KR10025001,2026013100,968.375,0.0,808851.13,-3.61,50.0,1031.0,-12.67,0.0,100.0,10000.0,1.5,39.0,36.0372673,126.6898854,MASTER,2026013100
KR10025001,2026013101,968.375,0.0,808851.13,-3.68,50.0,1030.0,-12.75,0.0,100.0,10000.0,1.3,36.0,36.0372673,126.6898854,MASTER,2026013101
KR10025001,2026013102,968.375,0.0,808851.13,-3.67,50.0,1030.0,-12.65,0.0,99.0,10000.0,1.52,30.0,36.0372673,126.6898854,MASTER,2026013102
KR10025001,2026013103,968.375,0.0,808851.13,-3.62,51.0,1030.0,-12.51,0.0,99.0,10000.0,1.87,19.0,36.0372673,126.6898854,MASTER,2026013103
KR10025001,2026013104,968.375,0.0,808851.13,-3.75,52.0,1030.0,-12.4,0.0,100.0,10000.0,2.17,21.0,36.0372673,126.6898854,MASTER,2026013104
KR10025001,2026013105,968.375,0.0,808851.13,-3.9,52.0,1029.0,-12.46,0.0,100.0,10000.0,2.31,28.0,36.0372673,126.6898854,MASTER,2026013105
KR10025001,2026013106,968.375,0.0,808851.13,-7.05,73.0,1029.0,-10.63,0.0,40.0,10000.0,2.23,28.0,36.0372673,126.6898854,MASTER,2026013106
KR10025001,2026013107,968.375,4.010000000000001,808855.1400000001,-6.5,68.0,1029.0,-10.89,0.0,52.0,10000.0,2.47,25.0,36.0372673,126.6898854,MASTER,2026013107
KR10025001,2026013108,968.375,75.95000000000002,808931.09,-5.94,64.0,1029.0,-11.02,0.11,64.0,10000.0,2.03,29.0,36.0372673,126.6898854,MASTER,2026013108
KR10025001,2026013109,968.375,257.9,809188.9900000001,-4.83,58.0,1030.0,-11.06,0.48,75.0,10000.0,1.46,30.0,36.0372673,126.6898854,MASTER,2026013109
KR10025001,2026013110,968.375,426.91,809615.8999999999,-3.02,51.0,1030.0,-10.78,1.11,14.0,10000.0,1.36,359.0,36.0372673,126.6898854,MASTER,2026013110
KR10025001,2026013111,968.375,562.4399999999999,810178.34,-0.73,44.0,1030.0,-11.59,1.82,9.0,10000.0,2.28,326.0,36.0372673,126.6898854,MASTER,2026013111
KR10025001,2026013112,968.375,630.5200000000001,810808.86,0.56,44.0,1030.0,-10.64,2.31,7.0,10000.0,3.46,322.0,36.0372673,126.6898854,MASTER,2026013112
KR10025001,2026013113,968.375,637.7,811446.56,1.35,47.0,1029.0,-8.84,2.28,7.0,10000.0,4.88,317.0,36.0372673,126.6898854,MASTER,2026013113
KR10025001,2026013114,968.375,573.5699999999999,812020.1300000001,1.39,53.0,1028.0,-7.27,1.86,9.0,10000.0,5.67,313.0,36.0372673,126.6898854,MASTER,2026013114
KR10025001,2026013115,968.375,426.99,812447.1200000001,1.43,55.0,1028.0,-6.76,1.12,13.0,10000.0,5.44,318.0,36.0372673,126.6898854,MASTER,2026013115
KR10025001,2026013116,968.375,194.24,812641.36,1.34,57.0,1027.0,-6.3,0.44,90.0,10000.0,4.93,318.0,36.0372673,126.6898854,MASTER,2026013116
KR10025001,2026013117,968.375,39.639999999999965,812681.0,0.95,64.0,1027.0,-5.17,0.12,95.0,10000.0,4.14,319.0,36.0372673,126.6898854,MASTER,2026013117
KR10025001,2026013118,968.375,0.1,812681.1000000001,-0.05,59.0,1028.0,-6.31,0.0,0.0,10000.0,3.11,324.0,36.0372673,126.6898854,MASTER,2026013118
KR10025001,2026013119,968.375,0.0,812681.1000000001,-0.2,61.0,1028.0,-6.06,0.0,5.0,10000.0,3.13,322.0,36.0372673,126.6898854,MASTER,2026013119
KR10025001,2026013120,968.375,0.0,812681.1000000001,-0.18,63.0,1028.0,-5.67,0.0,16.0,10000.0,3.48,334.0,36.0372673,126.6898854,MASTER,2026013120
KR10025001,2026013121,968.375,0.0,812681.1000000001,-0.42,64.0,1028.0,-5.72,0.0,29.0,10000.0,2.89,347.0,36.0372673,126.6898854,MASTER,2026013121
KR10025001,2026013122,968.375,0.0,812681.1000000001,-0.91,67.0,1028.0,-5.65,0.0,44.0,10000.0,1.98,347.0,36.0372673,126.6898854,MASTER,2026013122
KR10025001,2026013123,968.375,0.0,812681.1000000001,-1.21,69.0,1028.0,-6.29,0.0,47.0,10000.0,0.7,307.0,36.0372673,126.6898854,MASTER,2026013123
KR10025001,2026020100,968.375,0.0,812681.1000000001,-1.2,73.0,1028.0,-5.6,0.0,63.0,10000.0,0.83,322.0,36.0372673,126.6898854,MASTER,2026020100
KR10025001,2026020101,968.375,0.0,812681.1000000001,-1.67,92.0,1027.0,-2.82,0.0,72.0,,0.58,72.0,36.0372673,126.6898854,MASTER,2026020101
KR10025001,2026020102,968.375,0.0,812681.1000000001,-2.13,96.0,1027.0,-2.78,0.0,78.0,2373.0,2.66,73.0,36.0372673,126.6898854,MASTER,2026020102
KR10025001,2026020103,968.375,0.0,812681.1000000001,-2.34,92.0,1027.0,-3.68,0.0,79.0,10000.0,1.6,106.0,36.0372673,126.6898854,MASTER,2026020103
KR10025001,2026020104,968.375,0.0,812681.1000000001,-2.45,94.0,1027.0,-3.46,0.0,50.0,,0.73,5.0,36.0372673,126.6898854,MASTER,2026020104
KR10025001,2026020105,968.375,0.0,812681.1000000001,-1.48,91.0,1027.0,-2.89,0.0,75.0,2856.0,3.58,358.0,36.0372673,126.6898854,MASTER,2026020105
KR10025001,2026020106,968.375,0.0,812681.1000000001,-2.05,86.0,1026.0,-3.84,0.0,75.0,10000.0,5.73,335.0,36.0372673,126.6898854,MASTER,2026020106
KR10025001,2026020107,968.375,0.97,812682.0700000001,-1.9,84.0,1026.0,-3.97,0.0,80.0,10000.0,3.95,350.0,36.0372673,126.6898854,MASTER,2026020107
KR10025001,2026020108,968.375,21.97000000000001,812704.0399999999,-2.12,84.0,1026.0,-4.19,0.1,79.0,10000.0,3.37,11.0,36.0372673,126.6898854,MASTER,2026020108
KR10025001,2026020109,968.375,80.55000000000001,812784.59,-1.52,74.0,1027.0,-5.09,0.44,77.0,10000.0,3.97,358.0,36.0372673,126.6898854,MASTER,2026020109
KR10025001,2026020110,968.375,382.2399999999999,813166.8299999998,-0.59,62.0,1028.0,-6.25,1.05,33.0,10000.0,4.36,346.0,36.0372673,126.6898854,MASTER,2026020110
KR10025001,2026020111,968.375,576.22,813743.0500000002,0.45,51.0,1028.0,-8.64,1.75,14.0,10000.0,3.85,333.0,36.0372673,126.6898854,MASTER,2026020111
KR10025001,2026020112,968.375,649.0000000000001,814392.05,1.05,49.0,1028.0,-8.52,2.19,8.0,10000.0,3.8,316.0,36.0372673,126.6898854,MASTER,2026020112
KR10025001,2026020113,968.375,654.09,815046.1400000001,1.47,49.0,1027.0,-8.19,2.17,7.0,10000.0,4.06,305.0,36.0372673,126.6898854,MASTER,2026020113
KR10025001,2026020114,968.375,588.5,815634.64,1.62,49.0,1026.0,-8.13,1.8,6.0,10000.0,4.16,302.0,36.0372673,126.6898854,MASTER,2026020114
KR10025001,2026020115,968.375,430.11,816064.75,1.6,50.0,1026.0,-7.85,1.14,5.0,10000.0,4.2,297.0,36.0372673,126.6898854,MASTER,2026020115
KR10025001,2026020116,968.375,195.63,816260.38,1.3,53.0,1027.0,-7.26,0.51,2.0,10000.0,3.98,296.0,36.0372673,126.6898854,MASTER,2026020116
KR10025001,2026020117,968.375,42.30999999999997,816302.6900000001,0.79,59.0,1027.0,-6.38,0.14,3.0,10000.0,3.11,300.0,36.0372673,126.6898854,MASTER,2026020117
KR10025001,2026020118,968.375,0.24,816302.9299999998,0.95,64.0,1027.0,-4.51,0.0,0.0,10000.0,1.88,292.0,36.0372673,126.6898854,MASTER,2026020118
KR10025001,2026020119,968.375,0.0,816302.9299999998,0.6,65.0,1027.0,-4.62,0.0,1.0,10000.0,1.22,278.0,36.0372673,126.6898854,MASTER,2026020119
KR10025001,2026020120,968.375,0.0,816302.9299999998,0.3,65.0,1027.0,-4.88,0.0,2.0,10000.0,1.14,250.0,36.0372673,126.6898854,MASTER,2026020120
KR10025001,2026020121,968.375,0.0,816302.9299999998,0.06,66.0,1027.0,-4.9,0.0,2.0,10000.0,1.28,238.0,36.0372673,126.6898854,MASTER,2026020121
KR10025001,2026020122,968.375,0.0,816302.9299999998,-0.2,68.0,1027.0,-4.8,0.0,40.0,10000.0,1.23,220.0,36.0372673,126.6898854,MASTER,2026020122
KR10025001,2026020123,968.375,0.0,816302.9299999998,-0.4,69.0,1027.0,-5.53,0.0,76.0,10000.0,1.47,213.0,36.0372673,126.6898854,MASTER,2026020123
KR10025001,2026020200,968.375,0.0,816302.9299999998,-0.03,69.0,1026.0,-5.19,0.0,83.0,10000.0,2.23,217.0,36.0372673,126.6898854,MASTER,2026020200
KR10025001,2026020201,968.375,0.0,816302.9299999998,0.74,68.0,1026.0,-4.61,0.0,87.0,10000.0,3.04,212.0,36.0372673,126.6898854,MASTER,2026020201
KR10025001,2026020202,968.375,0.0,816302.9299999998,1.14,67.0,1025.0,-4.42,0.0,90.0,10000.0,4.09,203.0,36.0372673,126.6898854,MASTER,2026020202
KR10025001,2026020203,968.375,0.0,816302.9299999998,0.84,77.0,1024.0,-2.87,0.0,91.0,10000.0,3.71,248.0,36.0372673,126.6898854,MASTER,2026020203
KR10025001,2026020204,968.375,0.0,816302.9299999998,0.25,100.0,1024.0,0.21,0.0,100.0,,2.94,279.0,36.0372673,126.6898854,MASTER,2026020204
KR10025001,2026020205,968.375,0.0,816302.9299999998,1.64,90.0,1024.0,0.07,0.0,100.0,10000.0,4.91,323.0,36.0372673,126.6898854,MASTER,2026020205
KR10025001,2026020206,968.375,0.0,816302.9299999998,0.95,93.0,1024.0,-0.04,0.0,100.0,10000.0,8.03,333.0,36.0372673,126.6898854,MASTER,2026020206
KR10025001,2026020207,968.375,0.2,816303.13,0.82,89.0,1024.0,-0.69,0.0,100.0,10000.0,6.67,340.0,36.0372673,126.6898854,MASTER,2026020207
KR10025001,2026020208,968.375,9.340000000000003,816312.4699999999,0.36,84.0,1025.0,-1.79,0.1,99.0,10000.0,5.85,349.0,36.0372673,126.6898854,MASTER,2026020208
KR10025001,2026020209,968.375,34.980000000000004,816347.4499999998,0.33,75.0,1026.0,-3.16,0.44,97.0,10000.0,5.66,353.0,36.0372673,126.6898854,MASTER,2026020209
KR10025001,2026020210,968.375,70.98,816418.4299999999,0.41,65.0,1026.0,-4.78,0.99,94.0,10000.0,6.32,347.0,36.0372673,126.6898854,MASTER,2026020210
KR10025001,2026020211,968.375,329.34000000000003,816747.77,0.8,54.0,1028.0,-7.65,1.69,100.0,10000.0,6.53,338.0,36.0372673,126.6898854,MASTER,2026020211
KR10025001,2026020212,968.375,685.9800000000001,817433.7500000001,1.07,51.0,1028.0,-8.06,2.15,100.0,10000.0,7.23,328.0,36.0372673,126.6898854,MASTER,2026020212
KR10025001,2026020213,968.375,688.59,818122.34,0.89,51.0,1027.0,-8.32,2.22,100.0,10000.0,7.31,322.0,36.0372673,126.6898854,MASTER,2026020213
KR10025001,2026020214,968.375,610.2400000000001,818732.58,0.81,52.0,1027.0,-8.11,1.81,94.0,10000.0,7.18,319.0,36.0372673,126.6898854,MASTER,2026020214
KR10025001,2026020215,968.375,460.11,819192.6900000001,0.55,54.0,1027.0,-7.77,1.15,85.0,10000.0,7.12,318.0,36.0372673,126.6898854,MASTER,2026020215
KR10025001,2026020216,968.375,221.28,819413.97,0.36,54.0,1028.0,-7.91,0.54,39.0,10000.0,6.76,322.0,36.0372673,126.6898854,MASTER,2026020216
KR10025001,2026020217,968.375,35.78999999999997,819449.7599999999,0.14,58.0,1028.0,-7.35,0.14,27.0,10000.0,5.79,329.0,36.0372673,126.6898854,MASTER,2026020217
KR10025001,2026020218,968.375,0.31,819450.0700000001,0.95,51.0,1029.0,-7.15,0.0,0.0,10000.0,4.78,331.0,36.0372673,126.6898854,MASTER,2026020218
KR10025001,2026020219,968.375,0.0,819450.0700000001,0.42,54.0,1029.0,-6.93,0.0,2.0,10000.0,3.8,332.0,36.0372673,126.6898854,MASTER,2026020219
KR10025001,2026020220,968.375,0.0,819450.0700000001,-0.13,58.0,1029.0,-6.58,0.0,4.0,10000.0,3.03,335.0,36.0372673,126.6898854,MASTER,2026020220
KR10025001,2026020221,968.375,0.0,819450.0700000001,-0.67,62.0,1030.0,-6.32,0.0,7.0,10000.0,2.46,333.0,36.0372673,126.6898854,MASTER,2026020221
KR10025001,2026020222,968.375,0.0,819450.0700000001,-1.26,67.0,1031.0,-5.99,0.0,34.0,10000.0,2.18,336.0,36.0372673,126.6898854,MASTER,2026020222
KR10025001,2026020223,968.375,0.0,819450.0700000001,-1.93,71.0,1031.0,-6.67,0.0,44.0,10000.0,1.84,342.0,36.0372673,126.6898854,MASTER,2026020223
KR10025001,2026020300,968.375,0.0,819450.0700000001,-2.03,72.0,1031.0,-6.64,0.0,46.0,10000.0,1.89,345.0,36.0372673,126.6898854,MASTER,2026020300
KR10025001,2026020301,968.375,0.0,819450.0700000001,-2.12,72.0,1031.0,-6.57,0.0,46.0,10000.0,2.04,350.0,36.0372673,126.6898854,MASTER,2026020301
KR10025001,2026020302,968.375,0.0,819450.0700000001,-2.27,73.0,1031.0,-6.75,0.0,46.0,10000.0,1.75,357.0,36.0372673,126.6898854,MASTER,2026020302
KR10025001,2026020303,968.375,0.0,819450.0700000001,-2.39,73.0,1031.0,-6.82,0.0,42.0,10000.0,1.9,1.0,36.0372673,126.6898854,MASTER,2026020303
KR10025001,2026020304,968.375,0.0,819450.0700000001,-2.51,73.0,1031.0,-6.79,0.0,20.0,10000.0,1.54,4.0,36.0372673,126.6898854,MASTER,2026020304
KR10025001,2026020305,968.375,0.0,819450.0700000001,-2.7,74.0,1031.0,-6.92,0.0,29.0,10000.0,1.78,30.0,36.0372673,126.6898854,MASTER,2026020305
KR10025001,2026020306,968.375,0.0,819450.0700000001,-2.87,74.0,1031.0,-6.4,0.0,30.0,10000.0,1.53,57.0,36.0372673,126.6898854,MASTER,2026020306
KR10025001,2026020307,968.375,4.52,819454.59,-2.97,75.0,1031.0,-6.34,0.0,30.0,10000.0,1.78,87.0,36.0372673,126.6898854,MASTER,2026020307
KR10025001,2026020308,968.375,81.08000000000001,819535.67,-3.06,76.0,1031.0,-6.28,0.12,29.0,10000.0,1.78,97.0,36.0372673,126.6898854,MASTER,2026020308
KR10025001,2026020309,968.375,233.55,819769.22,-2.41,72.0,1032.0,-6.27,0.55,28.0,10000.0,2.28,104.0,36.0372673,126.6898854,MASTER,2026020309
KR10025001,2026020310,968.375,408.4700000000001,820177.69,-1.15,68.0,1032.0,-5.71,1.26,16.0,10000.0,2.63,104.0,36.0372673,126.6898854,MASTER,2026020310
KR10025001,2026020311,968.375,572.6999999999999,820750.39,0.46,63.0,1032.0,-5.79,2.07,10.0,10000.0,1.69,118.0,36.0372673,126.6898854,MASTER,2026020311
KR10025001,2026020312,968.375,651.67,821402.0599999999,1.57,61.0,1031.0,-5.32,2.63,9.0,10000.0,1.14,214.0,36.0372673,126.6898854,MASTER,2026020312
KR10025001,2026020313,968.375,651.4600000000002,822053.52,2.49,58.0,1030.0,-5.03,2.71,8.0,10000.0,1.09,225.0,36.0372673,126.6898854,MASTER,2026020313
KR10025001,2026020314,968.375,563.0500000000001,822616.5700000001,2.87,57.0,1029.0,-5.03,2.23,8.0,10000.0,1.73,241.0,36.0372673,126.6898854,MASTER,2026020314
KR10025001,2026020315,968.375,383.83,823000.4,2.83,59.0,1029.0,-4.52,1.44,7.0,10000.0,2.54,258.0,36.0372673,126.6898854,MASTER,2026020315
KR10025001,2026020316,968.375,189.1,823189.5,2.36,62.0,1029.0,-4.19,0.65,28.0,10000.0,2.28,261.0,36.0372673,126.6898854,MASTER,2026020316
KR10025001,2026020317,968.375,42.44999999999996,823231.95,1.77,68.0,1029.0,-3.65,0.17,59.0,10000.0,1.38,254.0,36.0372673,126.6898854,MASTER,2026020317
KR10025001,2026020318,968.375,0.13,823232.0800000001,3.95,56.0,1028.0,-3.56,0.0,0.0,10000.0,1.26,196.0,36.0372673,126.6898854,MASTER,2026020318
KR10025001,2026020319,968.375,0.0,823232.0800000001,3.2,60.0,1028.0,-3.37,0.0,20.0,10000.0,1.29,172.0,36.0372673,126.6898854,MASTER,2026020319
KR10025001,2026020320,968.375,0.0,823232.0800000001,2.45,63.0,1028.0,-3.42,0.0,40.0,10000.0,1.68,160.0,36.0372673,126.6898854,MASTER,2026020320
KR10025001,2026020321,968.375,0.0,823232.0800000001,1.69,67.0,1027.0,-3.34,0.0,59.0,10000.0,1.97,153.0,36.0372673,126.6898854,MASTER,2026020321
KR10025001,2026020322,968.375,0.0,823232.0800000001,0.65,72.0,1027.0,-3.37,0.0,80.0,10000.0,1.99,134.0,36.0372673,126.6898854,MASTER,2026020322
KR10025001,2026020323,968.375,0.0,823232.0800000001,-0.23,76.0,1027.0,-4.11,0.0,100.0,10000.0,2.08,134.0,36.0372673,126.6898854,MASTER,2026020323
KR10025001,2026020400,968.375,0.0,823232.0800000001,-0.24,76.0,1027.0,-4.08,0.0,100.0,10000.0,1.74,123.0,36.0372673,126.6898854,MASTER,2026020400
KR10025001,2026020401,968.375,0.0,823232.0800000001,-0.29,76.0,1026.0,-4.05,0.0,100.0,10000.0,1.81,126.0,36.0372673,126.6898854,MASTER,2026020401
KR10025001,2026020402,968.375,0.0,823232.0800000001,-0.43,77.0,1026.0,-4.02,0.0,100.0,10000.0,1.71,108.0,36.0372673,126.6898854,MASTER,2026020402
KR10025001,2026020403,968.375,0.0,823232.0800000001,-0.5,78.0,1026.0,-4.02,0.0,100.0,10000.0,1.93,107.0,36.0372673,126.6898854,MASTER,2026020403
KR10025001,2026020404,968.375,0.0,823232.0800000001,-0.51,78.0,1026.0,-4.0,0.0,100.0,10000.0,2.09,113.0,36.0372673,126.6898854,MASTER,2026020404
KR10025001,2026020405,968.375,0.0,823232.0800000001,-0.41,78.0,1025.0,-3.96,0.0,100.0,10000.0,2.45,116.0,36.0372673,126.6898854,MASTER,2026020405
KR10025001,2026020406,968.375,0.0,823232.0800000001,-1.05,80.0,1025.0,-3.71,0.0,75.0,10000.0,2.63,120.0,36.0372673,126.6898854,MASTER,2026020406
KR10025001,2026020407,968.375,4.460000000000001,823236.5399999999,-0.88,81.0,1025.0,-3.4,0.0,80.0,10000.0,2.56,113.0,36.0372673,126.6898854,MASTER,2026020407
KR10025001,2026020408,968.375,67.93,823304.47,-0.63,80.0,1025.0,-3.3,0.11,85.0,10000.0,2.4,111.0,36.0372673,126.6898854,MASTER,2026020408
KR10025001,2026020409,968.375,198.39,823502.86,0.37,75.0,1024.0,-3.13,0.51,90.0,10000.0,2.26,122.0,36.0372673,126.6898854,MASTER,2026020409
KR10025001,2026020410,968.375,346.46,823849.3200000001,2.29,68.0,1025.0,-2.65,1.01,95.0,10000.0,2.25,147.0,36.0372673,126.6898854,MASTER,2026020410
KR10025001,2026020411,968.375,440.32,824289.64,4.47,63.0,1024.0,-2.04,1.75,100.0,10000.0,2.16,162.0,36.0372673,126.6898854,MASTER,2026020411
KR10025001,2026020412,968.375,457.64,824747.28,5.52,61.0,1024.0,-1.37,2.32,98.0,10000.0,2.52,204.0,36.0372673,126.6898854,MASTER,2026020412
KR10025001,2026020413,968.375,434.82,825182.1000000001,6.16,61.0,1023.0,-1.02,2.44,100.0,10000.0,3.11,225.0,36.0372673,126.6898854,MASTER,2026020413
KR10025001,2026020414,968.375,459.44000000000017,825641.5399999999,6.15,62.0,1022.0,-0.84,2.0,99.0,10000.0,3.36,224.0,36.0372673,126.6898854,MASTER,2026020414
KR10025001,2026020415,968.375,279.87,825921.4099999999,6.21,62.0,1022.0,-0.55,1.36,98.0,10000.0,2.74,224.0,36.0372673,126.6898854,MASTER,2026020415
KR10025001,2026020416,968.375,151.03,826072.44,6.22,63.0,1021.0,-0.55,0.62,82.0,10000.0,2.91,217.0,36.0372673,126.6898854,MASTER,2026020416
KR10025001,2026020417,968.375,32.869999999999976,826105.31,5.73,68.0,1021.0,0.25,0.16,90.0,10000.0,2.35,211.0,36.0372673,126.6898854,MASTER,2026020417
KR10025001,2026020418,968.375,0.23,826105.5399999999,6.95,53.0,1021.0,-1.74,0.0,40.0,10000.0,1.3,191.0,36.0372673,126.6898854,MASTER,2026020418
KR10025001,2026020419,968.375,0.0,826105.5399999999,6.28,58.0,1021.0,-1.21,0.0,43.0,10000.0,1.11,178.0,36.0372673,126.6898854,MASTER,2026020419
KR10025001,2026020420,968.375,0.0,826105.5399999999,5.54,63.0,1021.0,-0.83,0.0,43.0,10000.0,1.48,164.0,36.0372673,126.6898854,MASTER,2026020420
KR10025001,2026020421,968.375,0.0,826105.5399999999,4.69,67.0,1021.0,-0.8,0.0,49.0,10000.0,1.98,142.0,36.0372673,126.6898854,MASTER,2026020421
KR10025001,2026020422,968.375,0.0,826105.5399999999,3.46,73.0,1021.0,-0.81,0.0,70.0,10000.0,2.39,149.0,36.0372673,126.6898854,MASTER,2026020422
KR10025001,2026020423,968.375,0.0,826105.5399999999,2.41,80.0,1020.0,-0.79,0.0,91.0,10000.0,2.39,126.0,36.0372673,126.6898854,MASTER,2026020423
KR10025001,2026020500,968.375,0.0,826105.5399999999,2.18,80.0,1020.0,-0.93,0.0,92.0,10000.0,2.1,128.0,36.0372673,126.6898854,MASTER,2026020500
KR10025001,2026020501,968.375,0.0,826105.5399999999,1.99,80.0,1020.0,-1.11,0.0,95.0,10000.0,2.01,121.0,36.0372673,126.6898854,MASTER,2026020501
KR10025001,2026020502,968.375,0.0,826105.5399999999,1.95,80.0,1020.0,-1.32,0.0,96.0,10000.0,2.41,120.0,36.0372673,126.6898854,MASTER,2026020502
KR10025001,2026020503,968.375,0.0,826105.5399999999,1.82,79.0,1020.0,-1.43,0.0,96.0,10000.0,2.47,97.0,36.0372673,126.6898854,MASTER,2026020503
KR10025001,2026020504,968.375,0.0,826105.5399999999,2.4,77.0,1019.0,-1.33,0.0,100.0,10000.0,2.49,109.0,36.0372673,126.6898854,MASTER,2026020504
KR10025001,2026020505,968.375,0.0,826105.5399999999,2.63,76.0,1019.0,-1.22,0.0,100.0,10000.0,2.41,113.0,36.0372673,126.6898854,MASTER,2026020505
KR10025001,2026020506,968.375,0.0,826105.5399999999,2.95,70.0,1019.0,-1.75,0.0,100.0,10000.0,2.2,101.0,36.0372673,126.6898854,MASTER,2026020506
KR10025001,2026020507,968.375,2.03,826107.5699999998,2.98,72.0,1019.0,-1.38,0.0,100.0,10000.0,2.34,106.0,36.0372673,126.6898854,MASTER,2026020507
KR10025001,2026020508,968.375,52.7,826160.27,3.13,73.0,1019.0,-1.09,0.06,100.0,10000.0,2.32,113.0,36.0372673,126.6898854,MASTER,2026020508
KR10025001,2026020509,968.375,185.51,826345.7799999999,3.77,74.0,1019.0,-0.38,0.37,100.0,10000.0,1.85,112.0,36.0372673,126.6898854,MASTER,2026020509
KR10025001,2026020510,968.375,311.91,826657.69,4.96,74.0,1019.0,0.72,1.13,100.0,10000.0,1.18,134.0,36.0372673,126.6898854,MASTER,2026020510
KR10025001,2026020511,968.375,201.13,826858.82,7.25,72.0,1019.0,2.45,2.22,98.0,10000.0,1.55,212.0,36.0372673,126.6898854,MASTER,2026020511
KR10025001,2026020512,968.375,539.0399999999998,827397.8600000001,8.27,73.0,1019.0,3.54,2.54,98.0,10000.0,2.75,242.0,36.0372673,126.6898854,MASTER,2026020512
KR10025001,2026020513,968.375,573.5500000000001,827971.41,8.21,78.0,1018.0,4.42,2.62,100.0,10000.0,3.68,254.0,36.0372673,126.6898854,MASTER,2026020513
KR10025001,2026020514,968.375,481.73,828453.14,9.61,73.0,1018.0,5.01,2.11,80.0,10000.0,3.88,271.0,36.0372673,126.6898854,MASTER,2026020514
KR10025001,2026020515,968.375,385.2300000000001,828838.3700000001,9.95,71.0,1018.0,4.94,1.39,75.0,10000.0,4.19,280.0,36.0372673,126.6898854,MASTER,2026020515
KR10025001,2026020516,968.375,166.17000000000002,829004.5399999999,9.52,73.0,1018.0,4.93,0.57,79.0,10000.0,4.56,304.0,36.0372673,126.6898854,MASTER,2026020516
KR10025001,2026020517,968.375,28.97999999999998,829033.52,8.77,73.0,1018.0,4.2,0.16,84.0,10000.0,4.81,316.0,36.0372673,126.6898854,MASTER,2026020517
KR10025001,2026020518,968.375,0.15,829033.6699999999,5.95,81.0,1020.0,2.94,0.0,75.0,10000.0,5.67,316.0,36.0372673,126.6898854,MASTER,2026020518
KR10025001,2026020519,968.375,0.0,829033.6699999999,5.51,82.0,1020.0,2.69,0.0,78.0,10000.0,6.62,325.0,36.0372673,126.6898854,MASTER,2026020519
KR10025001,2026020520,968.375,0.0,829033.6699999999,4.83,83.0,1020.0,2.19,0.0,82.0,10000.0,5.84,323.0,36.0372673,126.6898854,MASTER,2026020520
KR10025001,2026020521,968.375,0.0,829033.6699999999,3.97,83.0,1021.0,1.35,0.0,86.0,10000.0,5.55,329.0,36.0372673,126.6898854,MASTER,2026020521
KR10025001,2026020522,968.375,0.0,829033.6699999999,2.89,77.0,1022.0,-0.65,0.0,95.0,10000.0,5.39,334.0,36.0372673,126.6898854,MASTER,2026020522
KR10025001,2026020523,968.375,0.0,829033.6699999999,1.26,68.0,1023.0,-4.19,0.0,100.0,10000.0,5.5,335.0,36.0372673,126.6898854,MASTER,2026020523
KR10025001,2026020600,968.375,0.0,829033.6699999999,0.21,61.0,1024.0,-6.57,0.0,100.0,10000.0,5.4,333.0,36.0372673,126.6898854,MASTER,2026020600
KR10025001,2026020601,968.375,0.0,829033.6699999999,-0.52,57.0,1024.0,-8.11,0.0,100.0,10000.0,5.31,338.0,36.0372673,126.6898854,MASTER,2026020601
KR10025001,2026020602,968.375,0.0,829033.6699999999,-1.1,55.0,1025.0,-9.18,0.0,99.0,10000.0,4.86,344.0,36.0372673,126.6898854,MASTER,2026020602
KR10025001,2026020603,968.375,0.0,829033.6699999999,-1.66,53.0,1025.0,-10.02,0.0,99.0,10000.0,4.19,350.0,36.0372673,126.6898854,MASTER,2026020603
KR10025001,2026020604,968.375,0.0,829033.6699999999,-2.11,51.0,1025.0,-11.09,0.0,100.0,10000.0,4.38,348.0,36.0372673,126.6898854,MASTER,2026020604
KR10025001,2026020605,968.375,0.0,829033.6699999999,-2.59,48.0,1026.0,-12.24,0.0,100.0,10000.0,5.26,351.0,36.0372673,126.6898854,MASTER,2026020605
KR10025001,2026020606,968.375,0.0,829033.6699999999,-2.05,59.0,1025.0,-8.22,0.0,75.0,10000.0,5.39,358.0,36.0372673,126.6898854,MASTER,2026020606
KR10025001,2026020607,968.375,3.9,829037.5699999998,-2.25,56.0,1025.0,-9.0,0.0,80.0,10000.0,5.12,357.0,36.0372673,126.6898854,MASTER,2026020607
KR10025001,2026020608,968.375,84.30000000000003,829121.8700000001,-2.51,52.0,1025.0,-10.08,0.14,85.0,10000.0,4.6,357.0,36.0372673,126.6898854,MASTER,2026020608
KR10025001,2026020609,968.375,287.44,829409.31,-2.6,47.0,1026.0,-11.3,0.61,90.0,10000.0,4.74,354.0,36.0372673,126.6898854,MASTER,2026020609
KR10025001,2026020610,968.375,484.14,829893.45,-2.41,42.0,1026.0,-12.37,1.45,95.0,10000.0,5.18,351.0,36.0372673,126.6898854,MASTER,2026020610
KR10025001,2026020611,968.375,631.5100000000001,830524.96,-1.82,37.0,1027.0,-15.06,2.43,100.0,10000.0,6.48,339.0,36.0372673,126.6898854,MASTER,2026020611
KR10025001,2026020612,968.375,693.0400000000001,831218.0,-1.44,36.0,1026.0,-14.99,3.19,100.0,10000.0,6.41,343.0,36.0372673,126.6898854,MASTER,2026020612
KR10025001,2026020613,968.375,655.9200000000001,831873.9199999999,-0.91,35.0,1025.0,-14.82,3.15,98.0,10000.0,6.92,335.0,36.0372673,126.6898854,MASTER,2026020613
KR10025001,2026020614,968.375,565.1700000000001,832439.0900000001,-1.05,36.0,1025.0,-14.71,2.49,98.0,10000.0,7.1,331.0,36.0372673,126.6898854,MASTER,2026020614
KR10025001,2026020615,968.375,415.2,832854.29,-1.56,37.0,1024.0,-14.61,1.62,99.0,10000.0,7.28,331.0,36.0372673,126.6898854,MASTER,2026020615
KR10025001,2026020616,968.375,211.9,833066.19,-2.21,39.0,1024.0,-14.75,0.67,100.0,10000.0,7.36,333.0,36.0372673,126.6898854,MASTER,2026020616
KR10025001,2026020617,968.375,42.85999999999996,833109.0499999998,-3.07,40.0,1024.0,-15.04,0.18,100.0,10000.0,6.88,340.0,36.0372673,126.6898854,MASTER,2026020617
KR10025001,2026020618,968.375,0.22,833109.2699999999,-2.05,46.0,1024.0,-11.03,0.0,0.0,10000.0,5.58,348.0,36.0372673,126.6898854,MASTER,2026020618
KR10025001,2026020619,968.375,0.0,833109.2699999999,-2.47,45.0,1024.0,-11.66,0.0,20.0,10000.0,4.27,355.0,36.0372673,126.6898854,MASTER,2026020619
KR10025001,2026020620,968.375,0.0,833109.2699999999,-3.0,44.0,1024.0,-12.41,0.0,40.0,10000.0,3.97,2.0,36.0372673,126.6898854,MASTER,2026020620
KR10025001,2026020621,968.375,0.0,833109.2699999999,-3.53,44.0,1025.0,-12.9,0.0,60.0,10000.0,4.75,352.0,36.0372673,126.6898854,MASTER,2026020621
KR10025001,2026020622,968.375,0.0,833109.2699999999,-3.95,43.0,1026.0,-13.54,0.0,80.0,10000.0,4.4,345.0,36.0372673,126.6898854,MASTER,2026020622
KR10025001,2026020623,968.375,0.0,833109.2699999999,-4.31,44.0,1026.0,-14.98,0.0,100.0,10000.0,4.77,350.0,36.0372673,126.6898854,MASTER,2026020623
KR10025001,2026020700,968.375,0.0,833109.2699999999,-4.26,46.0,1026.0,-14.48,0.0,100.0,10000.0,4.79,355.0,36.0372673,126.6898854,MASTER,2026020700
KR10025001,2026020701,968.375,0.0,833109.2699999999,-4.4,50.0,1025.0,-13.62,0.0,100.0,10000.0,5.16,351.0,36.0372673,126.6898854,MASTER,2026020701
KR10025001,2026020702,968.375,0.0,833109.2699999999,-4.49,52.0,1026.0,-13.2,0.0,100.0,10000.0,5.55,342.0,36.0372673,126.6898854,MASTER,2026020702
KR10025001,2026020703,968.375,0.0,833109.2699999999,-4.55,51.0,1026.0,-13.38,0.0,100.0,10000.0,5.66,340.0,36.0372673,126.6898854,MASTER,2026020703
KR10025001,2026020704,968.375,0.0,833109.2699999999,-4.58,50.0,1026.0,-13.54,0.0,100.0,10000.0,5.82,340.0,36.0372673,126.6898854,MASTER,2026020704
KR10025001,2026020705,968.375,0.0,833109.2699999999,-4.75,52.0,1026.0,-13.36,0.0,100.0,10000.0,5.99,338.0,36.0372673,126.6898854,MASTER,2026020705
KR10025001,2026020706,968.375,0.0,833109.2699999999,-5.05,58.0,1025.0,-11.27,0.0,100.0,10000.0,5.58,338.0,36.0372673,126.6898854,MASTER,2026020706
KR10025001,2026020707,968.375,6.65,833115.9200000002,-4.96,57.0,1025.0,-11.38,0.0,99.0,10000.0,5.91,341.0,36.0372673,126.6898854,MASTER,2026020707
KR10025001,2026020708,968.375,91.78000000000004,833207.7,-4.79,56.0,1025.0,-11.41,0.13,98.0,10000.0,6.2,342.0,36.0372673,126.6898854,MASTER,2026020708
KR10025001,2026020709,968.375,299.15000000000003,833506.85,-4.41,55.0,1026.0,-11.25,0.61,96.0,10000.0,7.1,339.0,36.0372673,126.6898854,MASTER,2026020709
KR10025001,2026020710,968.375,517.9899999999999,834024.8399999999,-3.69,52.0,1026.0,-11.2,1.4,67.0,10000.0,7.85,335.0,36.0372673,126.6898854,MASTER,2026020710
KR10025001,2026020711,968.375,660.6600000000001,834685.5000000001,-2.69,48.0,1026.0,-12.27,2.22,79.0,10000.0,8.52,329.0,36.0372673,126.6898854,MASTER,2026020711
KR10025001,2026020712,968.375,729.6,835415.1000000001,-2.47,48.0,1026.0,-12.24,2.79,88.0,10000.0,9.38,325.0,36.0372673,126.6898854,MASTER,2026020712
KR10025001,2026020713,968.375,727.7199999999999,836142.8200000001,-2.58,47.0,1026.0,-12.7,2.82,92.0,10000.0,9.87,324.0,36.0372673,126.6898854,MASTER,2026020713
KR10025001,2026020714,968.375,663.33,836806.15,-2.61,46.0,1026.0,-12.87,2.24,95.0,10000.0,10.2,323.0,36.0372673,126.6898854,MASTER,2026020714
KR10025001,2026020715,968.375,502.34,837308.4900000001,-2.57,46.0,1026.0,-12.84,1.38,96.0,10000.0,10.11,322.0,36.0372673,126.6898854,MASTER,2026020715
KR10025001,2026020716,968.375,225.4,837533.89,-2.78,49.0,1026.0,-12.31,0.55,99.0,10000.0,9.68,323.0,36.0372673,126.6898854,MASTER,2026020716
KR10025001,2026020717,968.375,33.08999999999998,837566.98,-3.17,54.0,1026.0,-11.34,0.15,100.0,10000.0,8.99,325.0,36.0372673,126.6898854,MASTER,2026020717
KR10025001,2026020718,968.375,0.43,837567.41,-4.05,46.0,1026.0,-12.9,0.0,100.0,10000.0,8.11,330.0,36.0372673,126.6898854,MASTER,2026020718
KR10025001,2026020719,968.375,0.0,837567.41,-4.07,51.0,1026.0,-11.77,0.0,98.0,5897.0,7.49,333.0,36.0372673,126.6898854,MASTER,2026020719
KR10025001,2026020720,968.375,0.0,837567.41,-4.07,58.0,1026.0,-10.34,0.0,97.0,4650.0,8.49,334.0,36.0372673,126.6898854,MASTER,2026020720
KR10025001,2026020721,968.375,0.0,837567.41,-4.01,57.0,1026.0,-10.47,0.0,96.0,10000.0,9.48,331.0,36.0372673,126.6898854,MASTER,2026020721
KR10025001,2026020722,968.375,0.0,837567.41,-4.22,59.0,1026.0,-10.29,0.0,100.0,6961.0,8.94,331.0,36.0372673,126.6898854,MASTER,2026020722
KR10025001,2026020723,968.375,0.0,837567.41,-4.1,57.0,1026.0,-11.6,0.0,100.0,10000.0,8.7,330.0,36.0372673,126.6898854,MASTER,2026020723
KR10025001,2026020800,968.375,0.0,837567.41,-4.17,57.0,1026.0,-11.56,0.0,100.0,10000.0,8.94,334.0,36.0372673,126.6898854,MASTER,2026020800
KR10025001,2026020801,968.375,0.0,837567.41,-4.39,54.0,1026.0,-12.59,0.0,100.0,10000.0,9.81,335.0,36.0372673,126.6898854,MASTER,2026020801
KR10025001,2026020802,968.375,0.0,837567.41,-4.72,57.0,1026.0,-12.22,0.0,100.0,10000.0,9.32,335.0,36.0372673,126.6898854,MASTER,2026020802
KR10025001,2026020803,968.375,0.0,837567.41,-4.71,59.0,1026.0,-11.75,0.0,100.0,10000.0,9.34,334.0,36.0372673,126.6898854,MASTER,2026020803
KR10025001,2026020804,968.375,0.0,837567.41,-4.81,60.0,1026.0,-11.6,0.0,100.0,10000.0,9.45,333.0,36.0372673,126.6898854,MASTER,2026020804
KR10025001,2026020805,968.375,0.0,837567.41,-4.95,61.0,1026.0,-11.46,0.0,100.0,10000.0,9.43,333.0,36.0372673,126.6898854,MASTER,2026020805
KR10025001,2026020806,968.375,0.0,837567.41,-7.05,79.0,1026.0,-9.74,0.0,100.0,10000.0,10.01,333.0,36.0372673,126.6898854,MASTER,2026020806
KR10025001,2026020807,968.375,0.59,837568.0,-6.72,74.0,1026.0,-10.15,0.0,100.0,10000.0,10.04,333.0,36.0372673,126.6898854,MASTER,2026020807
KR10025001,2026020808,968.375,12.940000000000008,837580.94,-6.37,69.0,1027.0,-10.6,0.14,100.0,10000.0,9.46,338.0,36.0372673,126.6898854,MASTER,2026020808
KR10025001,2026020809,968.375,39.010000000000005,837619.9500000001,-5.78,63.0,1027.0,-11.05,0.56,99.0,10000.0,9.33,341.0,36.0372673,126.6898854,MASTER,2026020809
KR10025001,2026020810,968.375,73.74999999999999,837693.7000000002,-4.95,56.0,1028.0,-11.57,1.25,100.0,10000.0,9.8,337.0,36.0372673,126.6898854,MASTER,2026020810
KR10025001,2026020811,968.375,106.82000000000004,837800.5199999999,-3.89,49.0,1029.0,-13.34,2.06,95.0,10000.0,10.03,336.0,36.0372673,126.6898854,MASTER,2026020811
KR10025001,2026020812,968.375,190.33,837990.85,-3.32,48.0,1030.0,-13.14,2.62,91.0,10000.0,9.88,333.0,36.0372673,126.6898854,MASTER,2026020812
KR10025001,2026020813,968.375,564.7700000000001,838555.6199999999,-2.82,47.0,1029.0,-12.75,2.66,81.0,10000.0,9.44,331.0,36.0372673,126.6898854,MASTER,2026020813
KR10025001,2026020814,968.375,650.5500000000001,839206.1699999999,-2.39,48.0,1029.0,-12.04,2.22,70.0,10000.0,9.25,327.0,36.0372673,126.6898854,MASTER,2026020814
KR10025001,2026020815,968.375,512.96,839719.1299999999,-2.16,49.0,1029.0,-11.71,1.45,66.0,10000.0,8.9,326.0,36.0372673,126.6898854,MASTER,2026020815
KR10025001,2026020816,968.375,272.34,839991.4700000001,-2.1,50.0,1029.0,-11.21,0.69,49.0,10000.0,8.9,326.0,36.0372673,126.6898854,MASTER,2026020816
KR10025001,2026020817,968.375,54.67999999999997,840046.1500000001,-2.13,53.0,1029.0,-10.59,0.19,49.0,10000.0,8.21,327.0,36.0372673,126.6898854,MASTER,2026020817
KR10025001,2026020818,968.375,0.8400000000000001,840046.9900000001,-3.05,59.0,1030.0,-9.17,0.0,75.0,10000.0,6.74,331.0,36.0372673,126.6898854,MASTER,2026020818
KR10025001,2026020819,968.375,0.0,840046.9900000001,-3.09,58.0,1030.0,-9.4,0.0,66.0,10000.0,6.28,333.0,36.0372673,126.6898854,MASTER,2026020819
KR10025001,2026020820,968.375,0.0,840046.9900000001,-3.04,57.0,1030.0,-9.55,0.0,56.0,10000.0,6.05,330.0,36.0372673,126.6898854,MASTER,2026020820
KR10025001,2026020821,968.375,0.0,840046.9900000001,-2.91,57.0,1031.0,-9.43,0.0,46.0,10000.0,5.49,331.0,36.0372673,126.6898854,MASTER,2026020821
KR10025001,2026020822,968.375,0.0,840046.9900000001,-2.8,56.0,1031.0,-9.52,0.0,32.0,10000.0,4.5,334.0,36.0372673,126.6898854,MASTER,2026020822
KR10025001,2026020823,968.375,0.0,840046.9900000001,-2.85,58.0,1031.0,-10.17,0.0,27.0,10000.0,3.53,337.0,36.0372673,126.6898854,MASTER,2026020823
KR10025001,2026020900,968.375,0.0,840046.9900000001,-3.05,59.0,1031.0,-10.03,0.0,44.0,10000.0,2.91,345.0,36.0372673,126.6898854,MASTER,2026020900
KR10025001,2026020901,968.375,0.0,840046.9900000001,-3.41,61.0,1031.0,-10.08,0.0,58.0,10000.0,2.56,3.0,36.0372673,126.6898854,MASTER,2026020901
KR10025001,2026020902,968.375,0.0,840046.9900000001,-3.83,62.0,1032.0,-10.36,0.0,65.0,10000.0,2.16,26.0,36.0372673,126.6898854,MASTER,2026020902
KR10025001,2026020903,968.375,0.0,840046.9900000001,-4.16,62.0,1031.0,-10.63,0.0,69.0,10000.0,2.11,61.0,36.0372673,126.6898854,MASTER,2026020903
KR10025001,2026020904,968.375,0.0,840046.9900000001,-4.46,63.0,1031.0,-10.69,0.0,91.0,10000.0,2.01,78.0,36.0372673,126.6898854,MASTER,2026020904
KR10025001,2026020905,968.375,0.0,840046.9900000001,-4.63,64.0,1030.0,-10.63,0.0,86.0,10000.0,1.82,85.0,36.0372673,126.6898854,MASTER,2026020905
KR10025001,2026020906,968.375,0.0,840046.9900000001,-5.05,74.0,1030.0,-8.52,0.0,75.0,10000.0,2.23,109.0,36.0372673,126.6898854,MASTER,2026020906
KR10025001,2026020907,968.375,8.470000000000002,840055.46,-5.13,72.0,1030.0,-8.91,0.0,76.0,10000.0,2.07,111.0,36.0372673,126.6898854,MASTER,2026020907
KR10025001,2026020908,968.375,107.26000000000003,840162.7200000001,-5.13,70.0,1030.0,-9.23,0.15,74.0,10000.0,2.05,109.0,36.0372673,126.6898854,MASTER,2026020908
KR10025001,2026020909,968.375,313.59000000000003,840476.31,-4.38,65.0,1031.0,-9.35,0.65,68.0,10000.0,2.22,121.0,36.0372673,126.6898854,MASTER,2026020909
KR10025001,2026020910,968.375,524.8299999999999,841001.1399999999,-2.83,59.0,1031.0,-8.96,1.45,20.0,10000.0,2.75,130.0,36.0372673,126.6898854,MASTER,2026020910
KR10025001,2026020911,968.375,645.57,841646.7100000001,-0.75,55.0,1030.0,-8.95,2.32,5.0,10000.0,2.42,145.0,36.0372673,126.6898854,MASTER,2026020911
KR10025001,2026020912,968.375,692.34,842339.05,0.65,53.0,1030.0,-7.88,2.88,4.0,10000.0,1.57,164.0,36.0372673,126.6898854,MASTER,2026020912
KR10025001,2026020913,968.375,700.6300000000002,843039.6799999999,1.58,53.0,1028.0,-7.04,2.84,5.0,10000.0,1.5,223.0,36.0372673,126.6898854,MASTER,2026020913
KR10025001,2026020914,968.375,632.4300000000001,843672.1100000001,2.13,53.0,1027.0,-6.54,2.31,4.0,10000.0,1.93,242.0,36.0372673,126.6898854,MASTER,2026020914
KR10025001,2026020915,968.375,490.6,844162.7099999998,2.41,54.0,1026.0,-6.18,1.48,4.0,10000.0,1.91,249.0,36.0372673,126.6898854,MASTER,2026020915
KR10025001,2026020916,968.375,250.18,844412.89,2.39,56.0,1026.0,-5.74,0.69,11.0,10000.0,1.95,294.0,36.0372673,126.6898854,MASTER,2026020916
KR10025001,2026020917,968.375,48.02999999999997,844460.92,1.99,59.0,1026.0,-5.26,0.19,11.0,10000.0,2.05,299.0,36.0372673,126.6898854,MASTER,2026020917
KR10025001,2026020918,968.375,0.4900000000000001,844461.4099999999,2.95,60.0,1026.0,-3.58,0.0,0.0,10000.0,2.37,276.0,36.0372673,126.6898854,MASTER,2026020918
KR10025001,2026020919,968.375,0.0,844461.4099999999,2.17,63.0,1026.0,-3.66,0.0,3.0,10000.0,2.17,288.0,36.0372673,126.6898854,MASTER,2026020919
KR10025001,2026020920,968.375,0.0,844461.4099999999,1.41,65.0,1026.0,-3.93,0.0,7.0,10000.0,1.5,299.0,36.0372673,126.6898854,MASTER,2026020920
KR10025001,2026020921,968.375,0.0,844461.4099999999,0.77,66.0,1027.0,-4.3,0.0,19.0,10000.0,1.24,306.0,36.0372673,126.6898854,MASTER,2026020921
KR10025001,2026020922,968.375,0.0,844461.4099999999,0.01,68.0,1026.0,-4.59,0.0,80.0,10000.0,1.54,14.0,36.0372673,126.6898854,MASTER,2026020922
KR10025001,2026020923,968.375,0.0,844461.4099999999,-0.96,71.0,1026.0,-5.8,0.0,100.0,10000.0,0.85,18.0,36.0372673,126.6898854,MASTER,2026020923
KR10025001,2026021000,968.375,0.0,844461.4099999999,-0.91,70.0,1026.0,-5.82,0.0,100.0,10000.0,1.14,47.0,36.0372673,126.6898854,MASTER,2026021000
KR10025001,2026021001,968.375,0.0,844461.4099999999,-1.17,71.0,1025.0,-5.89,0.0,99.0,10000.0,1.23,81.0,36.0372673,126.6898854,MASTER,2026021001
KR10025001,2026021002,968.375,0.0,844461.4099999999,-1.2,71.0,1025.0,-5.88,0.0,99.0,10000.0,1.35,110.0,36.0372673,126.6898854,MASTER,2026021002
KR10025001,2026021003,968.375,0.0,844461.4099999999,-1.0,70.0,1025.0,-5.8,0.0,99.0,10000.0,0.91,136.0,36.0372673,126.6898854,MASTER,2026021003
KR10025001,2026021004,968.375,0.0,844461.4099999999,-0.78,70.0,1024.0,-5.67,0.0,100.0,10000.0,1.08,157.0,36.0372673,126.6898854,MASTER,2026021004
KR10025001,2026021005,968.375,0.0,844461.4099999999,-0.62,72.0,1024.0,-5.19,0.0,100.0,10000.0,1.55,169.0,36.0372673,126.6898854,MASTER,2026021005
KR10025001,2026021006,968.375,0.0,844461.4099999999,-1.05,80.0,1023.0,-3.71,0.0,75.0,10000.0,2.36,163.0,36.0372673,126.6898854,MASTER,2026021006
KR10025001,2026021007,968.375,1.61,844463.02,-0.88,79.0,1023.0,-3.69,0.0,80.0,10000.0,2.41,155.0,36.0372673,126.6898854,MASTER,2026021007
KR10025001,2026021008,968.375,32.78000000000001,844495.8,-0.82,82.0,1023.0,-3.19,0.07,85.0,10000.0,2.41,130.0,36.0372673,126.6898854,MASTER,2026021008
KR10025001,2026021009,968.375,148.66999999999996,844644.47,-0.36,80.0,1024.0,-3.04,0.4,90.0,10000.0,2.18,112.0,36.0372673,126.6898854,MASTER,2026021009
KR10025001,2026021010,968.375,193.5600000000001,844838.0300000001,0.7,75.0,1023.0,-2.85,0.68,95.0,10000.0,2.9,108.0,36.0372673,126.6898854,MASTER,2026021010
KR10025001,2026021011,968.375,152.12,844990.1499999999,2.09,73.0,1022.0,-2.41,1.49,100.0,10000.0,2.96,111.0,36.0372673,126.6898854,MASTER,2026021011
KR10025001,2026021012,968.375,226.71000000000004,845216.86,2.22,82.0,1022.0,-0.55,2.1,100.0,10000.0,2.23,125.0,36.0372673,126.6898854,MASTER,2026021012
KR10025001,2026021013,968.375,183.64999999999995,845400.51,2.76,84.0,1021.0,0.35,1.83,100.0,10000.0,2.33,125.0,36.0372673,126.6898854,MASTER,2026021013
KR10025001,2026021014,968.375,152.33000000000013,845552.84,4.3,78.0,1020.0,0.76,1.77,100.0,10000.0,1.67,136.0,36.0372673,126.6898854,MASTER,2026021014
KR10025001,2026021015,968.375,109.28000000000002,845662.1199999999,5.06,74.0,1019.0,0.62,1.22,100.0,10000.0,1.39,162.0,36.0372673,126.6898854,MASTER,2026021015
KR10025001,2026021016,968.375,47.62000000000001,845709.74,5.13,74.0,1019.0,0.77,0.58,100.0,10000.0,1.66,186.0,36.0372673,126.6898854,MASTER,2026021016
KR10025001,2026021017,968.375,17.99000000000001,845727.73,4.49,81.0,1019.0,1.35,0.16,99.0,10000.0,2.0,196.0,36.0372673,126.6898854,MASTER,2026021017
KR10025001,2026021018,968.375,0.06,845727.79,2.95,93.0,1018.0,1.93,0.0,100.0,10000.0,1.14,156.0,36.0372673,126.6898854,MASTER,2026021018
KR10025001,2026021019,968.375,0.0,845727.79,2.9,94.0,1018.0,2.03,0.0,100.0,10000.0,1.24,122.0,36.0372673,126.6898854,MASTER,2026021019
KR10025001,2026021020,968.375,0.0,845727.79,2.83,95.0,1018.0,2.11,0.0,100.0,8055.0,0.91,141.0,36.0372673,126.6898854,MASTER,2026021020
KR10025001,2026021021,968.375,0.0,845727.79,2.78,96.0,1019.0,2.21,0.0,100.0,5142.0,0.56,115.0,36.0372673,126.6898854,MASTER,2026021021
KR10025001,2026021022,968.375,0.0,845727.79,2.67,97.0,1019.0,2.24,0.0,100.0,3879.0,0.82,29.0,36.0372673,126.6898854,MASTER,2026021022
KR10025001,2026021023,968.375,0.0,845727.79,2.49,98.0,1019.0,2.06,0.0,100.0,2772.0,1.51,15.0,36.0372673,126.6898854,MASTER,2026021023
KR10025001,2026021100,968.375,0.0,845727.79,2.41,98.0,1019.0,2.07,0.0,100.0,2659.0,1.54,7.0,36.0372673,126.6898854,MASTER,2026021100
KR10025001,2026021101,968.375,0.0,845727.79,2.5,98.0,1019.0,2.08,0.0,100.0,2530.0,2.05,359.0,36.0372673,126.6898854,MASTER,2026021101
KR10025001,2026021102,968.375,0.0,845727.79,2.52,93.0,1020.0,1.39,0.0,100.0,10000.0,2.22,337.0,36.0372673,126.6898854,MASTER,2026021102
KR10025001,2026021103,968.375,0.0,845727.79,2.28,85.0,1020.0,-0.02,0.0,100.0,10000.0,1.75,328.0,36.0372673,126.6898854,MASTER,2026021103
KR10025001,2026021104,968.375,0.0,845727.79,1.69,85.0,1020.0,-0.67,0.0,9.0,10000.0,1.84,319.0,36.0372673,126.6898854,MASTER,2026021104
KR10025001,2026021105,968.375,0.0,845727.79,1.65,87.0,1020.0,-0.46,0.0,13.0,10000.0,1.96,335.0,36.0372673,126.6898854,MASTER,2026021105
KR10025001,2026021106,968.375,0.0,845727.79,1.95,93.0,1021.0,0.94,0.0,100.0,10000.0,3.44,316.0,36.0372673,126.6898854,MASTER,2026021106
KR10025001,2026021107,968.375,3.5500000000000007,845731.34,1.93,91.0,1021.0,0.62,0.0,94.0,10000.0,3.21,324.0,36.0372673,126.6898854,MASTER,2026021107
KR10025001,2026021108,968.375,29.43000000000001,845760.7699999999,1.95,91.0,1021.0,0.64,0.12,84.0,10000.0,3.05,325.0,36.0372673,126.6898854,MASTER,2026021108
KR10025001,2026021109,968.375,31.2,845791.97,2.67,88.0,1022.0,0.89,0.28,71.0,10000.0,3.15,330.0,36.0372673,126.6898854,MASTER,2026021109
KR10025001,2026021110,968.375,142.64000000000007,845934.6100000001,3.53,81.0,1023.0,0.58,0.47,67.0,10000.0,3.92,331.0,36.0372673,126.6898854,MASTER,2026021110
KR10025001,2026021111,968.375,227.45,846162.06,3.68,77.0,1023.0,-0.07,0.83,80.0,10000.0,2.51,335.0,36.0372673,126.6898854,MASTER,2026021111
KR10025001,2026021112,968.375,487.84,846649.9,3.97,76.0,1023.0,-0.04,1.2,87.0,10000.0,2.78,313.0,36.0372673,126.6898854,MASTER,2026021112
KR10025001,2026021113,968.375,417.36,847067.26,4.24,76.0,1022.0,0.33,1.44,90.0,10000.0,2.93,292.0,36.0372673,126.6898854,MASTER,2026021113
KR10025001,2026021114,968.375,314.6700000000001,847381.9300000002,4.25,80.0,1022.0,1.01,1.73,92.0,10000.0,3.47,286.0,36.0372673,126.6898854,MASTER,2026021114
KR10025001,2026021115,968.375,329.93,847711.86,4.49,77.0,1022.0,0.72,1.38,93.0,10000.0,4.84,298.0,36.0372673,126.6898854,MASTER,2026021115
KR10025001,2026021116,968.375,235.64000000000004,847947.5000000001,4.41,73.0,1022.0,-0.11,0.69,72.0,10000.0,5.32,307.0,36.0372673,126.6898854,MASTER,2026021116
KR10025001,2026021117,968.375,64.40999999999998,848011.9099999999,3.4,77.0,1023.0,-0.48,0.2,40.0,10000.0,5.05,308.0,36.0372673,126.6898854,MASTER,2026021117
KR10025001,2026021118,968.375,1.4,848013.31,4.95,65.0,1023.0,-0.95,0.0,0.0,10000.0,4.43,312.0,36.0372673,126.6898854,MASTER,2026021118
KR10025001,2026021119,968.375,0.0,848013.31,4.25,69.0,1023.0,-0.82,0.0,7.0,10000.0,3.64,314.0,36.0372673,126.6898854,MASTER,2026021119
KR10025001,2026021120,968.375,0.0,848013.31,3.41,73.0,1023.0,-0.85,0.0,12.0,10000.0,3.38,321.0,36.0372673,126.6898854,MASTER,2026021120
KR10025001,2026021121,968.375,0.0,848013.31,2.47,76.0,1024.0,-1.17,0.0,16.0,10000.0,2.97,329.0,36.0372673,126.6898854,MASTER,2026021121
KR10025001,2026021122,968.375,0.0,848013.31,1.45,80.0,1023.0,-1.43,0.0,5.0,10000.0,2.08,345.0,36.0372673,126.6898854,MASTER,2026021122
KR10025001,2026021123,968.375,0.0,848013.31,0.46,82.0,1023.0,-2.44,0.0,6.0,10000.0,1.4,354.0,36.0372673,126.6898854,MASTER,2026021123
KR10025001,2026021200,968.375,0.0,848013.31,0.38,81.0,1023.0,-2.69,0.0,6.0,10000.0,1.18,1.0,36.0372673,126.6898854,MASTER,2026021200
KR10025001,2026021201,968.375,0.0,848013.31,0.32,80.0,1024.0,-2.94,0.0,6.0,10000.0,0.86,7.0,36.0372673,126.6898854,MASTER,2026021201
KR10025001,2026021202,968.375,0.0,848013.31,0.3,79.0,1024.0,-3.16,0.0,5.0,10000.0,0.89,1.0,36.0372673,126.6898854,MASTER,2026021202
KR10025001,2026021203,968.375,0.0,848013.31,0.3,78.0,1024.0,-3.35,0.0,5.0,10000.0,1.12,352.0,36.0372673,126.6898854,MASTER,2026021203
KR10025001,2026021204,968.375,0.0,848013.31,0.28,76.0,1024.0,-3.62,0.0,8.0,10000.0,0.93,342.0,36.0372673,126.6898854,MASTER,2026021204
KR10025001,2026021205,968.375,0.0,848013.31,0.28,75.0,1024.0,-3.8,0.0,5.0,10000.0,1.0,5.0,36.0372673,126.6898854,MASTER,2026021205
KR10025001,2026021206,968.375,0.0,848013.31,-5.05,93.0,1024.0,-5.9,0.0,100.0,10000.0,0.96,31.0,36.0372673,126.6898854,MASTER,2026021206
KR10025001,2026021207,968.375,6.530000000000001,848019.8400000001,-3.97,89.0,1024.0,-5.34,0.0,81.0,10000.0,0.71,96.0,36.0372673,126.6898854,MASTER,2026021207
KR10025001,2026021208,968.375,69.56000000000002,848089.4,-2.85,87.0,1024.0,-4.5,0.17,62.0,10000.0,1.5,129.0,36.0372673,126.6898854,MASTER,2026021208
KR10025001,2026021209,968.375,201.05,848290.45,-0.92,80.0,1025.0,-3.58,0.71,42.0,10000.0,1.7,126.0,36.0372673,126.6898854,MASTER,2026021209
KR10025001,2026021210,968.375,434.8999999999999,848725.3499999999,1.64,71.0,1025.0,-2.69,1.57,23.0,10000.0,1.9,133.0,36.0372673,126.6898854,MASTER,2026021210
KR10025001,2026021211,968.375,601.58,849326.9299999999,4.68,57.0,1025.0,-3.13,2.57,4.0,10000.0,1.62,176.0,36.0372673,126.6898854,MASTER,2026021211
KR10025001,2026021212,968.375,656.61,849983.54,5.67,52.0,1024.0,-3.71,3.24,3.0,10000.0,2.23,230.0,36.0372673,126.6898854,MASTER,2026021212
KR10025001,2026021213,968.375,652.9999999999999,850636.5399999999,6.28,50.0,1023.0,-3.7,3.24,2.0,10000.0,2.82,248.0,36.0372673,126.6898854,MASTER,2026021213
KR10025001,2026021214,968.375,588.28,851224.82,6.2,51.0,1023.0,-3.3,2.62,2.0,10000.0,3.51,248.0,36.0372673,126.6898854,MASTER,2026021214
KR10025001,2026021215,968.375,446.86,851671.68,5.97,53.0,1023.0,-2.91,1.67,1.0,10000.0,3.89,246.0,36.0372673,126.6898854,MASTER,2026021215
KR10025001,2026021216,968.375,242.34,851914.0199999999,5.76,55.0,1022.0,-2.66,0.77,0.0,10000.0,3.21,246.0,36.0372673,126.6898854,MASTER,2026021216
KR10025001,2026021217,968.375,59.95999999999999,851973.9800000001,5.29,59.0,1023.0,-2.11,0.21,0.0,10000.0,3.19,240.0,36.0372673,126.6898854,MASTER,2026021217
KR10025001,2026021218,968.375,1.12,851975.1000000001,6.95,65.0,1023.0,0.83,0.0,0.0,10000.0,2.62,224.0,36.0372673,126.6898854,MASTER,2026021218
KR10025001,2026021219,968.375,0.0,851975.1000000001,6.19,68.0,1023.0,0.73,0.0,0.0,10000.0,2.35,214.0,36.0372673,126.6898854,MASTER,2026021219
KR10025001,2026021220,968.375,0.0,851975.1000000001,5.39,71.0,1023.0,0.56,0.0,0.0,10000.0,2.57,207.0,36.0372673,126.6898854,MASTER,2026021220
KR10025001,2026021221,968.375,0.0,851975.1000000001,4.41,73.0,1023.0,0.0,0.0,0.0,10000.0,2.53,181.0,36.0372673,126.6898854,MASTER,2026021221
KR10025001,2026021222,968.375,0.0,851975.1000000001,3.08,76.0,1022.0,-0.65,0.0,0.0,10000.0,2.6,153.0,36.0372673,126.6898854,MASTER,2026021222
KR10025001,2026021223,968.375,0.0,851975.1000000001,1.62,79.0,1022.0,-1.75,0.0,0.0,10000.0,2.31,151.0,36.0372673,126.6898854,MASTER,2026021223
KR10025001,2026021300,968.375,0.0,851975.1000000001,1.54,78.0,1022.0,-1.86,0.0,0.0,10000.0,2.33,160.0,36.0372673,126.6898854,MASTER,2026021300
KR10025001,2026021301,968.375,0.0,851975.1000000001,1.53,78.0,1022.0,-2.0,0.0,0.0,10000.0,2.08,155.0,36.0372673,126.6898854,MASTER,2026021301
KR10025001,2026021302,968.375,0.0,851975.1000000001,1.4,77.0,1022.0,-2.25,0.0,0.0,10000.0,2.28,145.0,36.0372673,126.6898854,MASTER,2026021302
KR10025001,2026021303,968.375,0.0,851975.1000000001,1.2,76.0,1021.0,-2.62,0.0,0.0,10000.0,2.23,140.0,36.0372673,126.6898854,MASTER,2026021303
KR10025001,2026021304,968.375,0.0,851975.1000000001,1.14,75.0,1021.0,-2.87,0.0,0.0,10000.0,2.34,150.0,36.0372673,126.6898854,MASTER,2026021304
KR10025001,2026021305,968.375,0.0,851975.1000000001,1.17,75.0,1021.0,-2.86,0.0,0.0,10000.0,2.42,155.0,36.0372673,126.6898854,MASTER,2026021305
KR10025001,2026021306,968.375,0.0,851975.1000000001,-1.05,74.0,1021.0,-4.63,0.0,40.0,10000.0,2.25,138.0,36.0372673,126.6898854,MASTER,2026021306
KR10025001,2026021307,968.375,9.14,851984.24,-0.6,75.0,1021.0,-4.03,0.0,32.0,10000.0,2.45,147.0,36.0372673,126.6898854,MASTER,2026021307
KR10025001,2026021308,968.375,94.47000000000004,852078.7100000001,0.0,74.0,1021.0,-3.61,0.16,24.0,10000.0,2.62,139.0,36.0372673,126.6898854,MASTER,2026021308
KR10025001,2026021309,968.375,239.33,852318.0399999999,1.49,70.0,1021.0,-2.99,0.61,27.0,10000.0,2.53,142.0,36.0372673,126.6898854,MASTER,2026021309
KR10025001,2026021310,968.375,437.81000000000006,852755.8499999999,4.02,65.0,1021.0,-1.73,1.36,47.0,10000.0,3.17,161.0,36.0372673,126.6898854,MASTER,2026021310
KR10025001,2026021311,968.375,549.0199999999999,853304.87,7.04,62.0,1021.0,0.14,2.22,49.0,10000.0,3.13,187.0,36.0372673,126.6898854,MASTER,2026021311
KR10025001,2026021312,968.375,575.86,853880.7300000001,8.06,61.0,1021.0,0.83,2.85,60.0,10000.0,3.73,214.0,36.0372673,126.6898854,MASTER,2026021312
KR10025001,2026021313,968.375,575.85,854456.5799999998,8.33,63.0,1020.0,1.49,2.9,64.0,10000.0,4.99,223.0,36.0372673,126.6898854,MASTER,2026021313
KR10025001,2026021314,968.375,496.79,854953.37,8.46,64.0,1020.0,1.78,2.4,69.0,10000.0,4.41,225.0,36.0372673,126.6898854,MASTER,2026021314
KR10025001,2026021315,968.375,371.8,855325.1700000002,8.35,66.0,1019.0,2.14,1.53,72.0,10000.0,4.1,229.0,36.0372673,126.6898854,MASTER,2026021315
KR10025001,2026021316,968.375,195.33,855520.5,8.12,69.0,1020.0,2.61,0.7,82.0,10000.0,4.17,236.0,36.0372673,126.6898854,MASTER,2026021316
KR10025001,2026021317,968.375,53.80999999999998,855574.31,7.41,75.0,1020.0,3.14,0.2,75.0,10000.0,3.35,227.0,36.0372673,126.6898854,MASTER,2026021317
KR10025001,2026021318,968.375,1.11,855575.42,8.95,61.0,1020.0,1.84,0.0,0.0,10000.0,2.63,232.0,36.0372673,126.6898854,MASTER,2026021318
KR10025001,2026021319,968.375,0.0,855575.42,8.17,66.0,1020.0,2.21,0.0,7.0,10000.0,2.37,233.0,36.0372673,126.6898854,MASTER,2026021319
KR10025001,2026021320,968.375,0.0,855575.42,7.32,70.0,1020.0,2.22,0.0,20.0,10000.0,1.01,211.0,36.0372673,126.6898854,MASTER,2026021320
KR10025001,2026021321,968.375,0.0,855575.42,6.41,73.0,1020.0,1.93,0.0,34.0,10000.0,1.47,151.0,36.0372673,126.6898854,MASTER,2026021321
KR10025001,2026021322,968.375,0.0,855575.42,5.28,77.0,1020.0,1.58,0.0,78.0,10000.0,1.85,136.0,36.0372673,126.6898854,MASTER,2026021322
KR10025001,2026021323,968.375,0.0,855575.42,3.91,80.0,1020.0,0.82,0.0,97.0,10000.0,1.64,124.0,36.0372673,126.6898854,MASTER,2026021323
KR10025001,2026021400,968.375,0.0,855575.42,3.74,80.0,1020.0,0.53,0.0,95.0,10000.0,1.91,139.0,36.0372673,126.6898854,MASTER,2026021400
KR10025001,2026021401,968.375,0.0,855575.42,3.59,80.0,1020.0,0.38,0.0,96.0,10000.0,1.69,139.0,36.0372673,126.6898854,MASTER,2026021401
KR10025001,2026021402,968.375,0.0,855575.42,3.59,80.0,1020.0,0.31,0.0,97.0,10000.0,1.33,131.0,36.0372673,126.6898854,MASTER,2026021402
KR10025001,2026021403,968.375,0.0,855575.42,3.69,79.0,1020.0,0.29,0.0,97.0,10000.0,1.56,127.0,36.0372673,126.6898854,MASTER,2026021403
KR10025001,2026021404,968.375,0.0,855575.42,3.59,78.0,1019.0,0.05,0.0,100.0,10000.0,1.69,95.0,36.0372673,126.6898854,MASTER,2026021404
KR10025001,2026021405,968.375,0.0,855575.42,3.38,78.0,1019.0,-0.26,0.0,100.0,10000.0,2.18,101.0,36.0372673,126.6898854,MASTER,2026021405
KR10025001,2026021406,968.375,0.0,855575.42,2.95,87.0,1018.0,1.0,0.0,75.0,10000.0,2.5,108.0,36.0372673,126.6898854,MASTER,2026021406
KR10025001,2026021407,968.375,4.060000000000001,855579.4800000001,3.1,85.0,1018.0,0.83,0.0,80.0,10000.0,2.24,111.0,36.0372673,126.6898854,MASTER,2026021407
KR10025001,2026021408,968.375,92.41,855671.89,3.41,82.0,1018.0,0.63,0.12,85.0,10000.0,2.32,111.0,36.0372673,126.6898854,MASTER,2026021408
KR10025001,2026021409,968.375,180.94,855852.8300000001,4.28,77.0,1018.0,0.61,0.49,90.0,10000.0,2.3,102.0,36.0372673,126.6898854,MASTER,2026021409
KR10025001,2026021410,968.375,285.76,856138.5900000001,5.92,68.0,1018.0,0.47,1.23,95.0,10000.0,2.23,117.0,36.0372673,126.6898854,MASTER,2026021410
KR10025001,2026021411,968.375,419.05,856557.6399999999,7.85,62.0,1018.0,1.08,1.89,100.0,10000.0,2.61,133.0,36.0372673,126.6898854,MASTER,2026021411
KR10025001,2026021412,968.375,448.84,857006.48,9.71,62.0,1017.0,2.64,2.63,100.0,10000.0,2.03,157.0,36.0372673,126.6898854,MASTER,2026021412
KR10025001,2026021413,968.375,245.28000000000003,857251.76,10.41,65.0,1017.0,3.86,2.61,100.0,10000.0,1.54,199.0,36.0372673,126.6898854,MASTER,2026021413
KR10025001,2026021414,968.375,188.88,857440.64,10.29,67.0,1016.0,4.41,1.66,100.0,10000.0,1.48,220.0,36.0372673,126.6898854,MASTER,2026021414
KR10025001,2026021415,968.375,228.74,857669.38,10.19,69.0,1016.0,4.69,1.13,100.0,10000.0,1.91,228.0,36.0372673,126.6898854,MASTER,2026021415
KR10025001,2026021416,968.375,88.57999999999996,857757.96,10.05,71.0,1016.0,4.99,0.49,100.0,10000.0,1.81,236.0,36.0372673,126.6898854,MASTER,2026021416
KR10025001,2026021417,968.375,22.17,857780.1299999999,9.84,74.0,1016.0,5.23,0.2,75.0,10000.0,1.58,251.0,36.0372673,126.6898854,MASTER,2026021417
KR10025001,2026021418,968.375,0.91,857781.04,12.95,58.0,1016.0,4.89,0.0,75.0,10000.0,1.56,286.0,36.0372673,126.6898854,MASTER,2026021418
KR10025001,2026021419,968.375,0.0,857781.04,11.76,64.0,1016.0,5.18,0.0,66.0,10000.0,0.89,276.0,36.0372673,126.6898854,MASTER,2026021419
KR10025001,2026021420,968.375,0.0,857781.04,10.47,70.0,1016.0,5.24,0.0,55.0,10000.0,0.7,298.0,36.0372673,126.6898854,MASTER,2026021420
KR10025001,2026021421,968.375,0.0,857781.04,9.12,77.0,1017.0,5.31,0.0,42.0,10000.0,0.23,230.0,36.0372673,126.6898854,MASTER,2026021421
KR10025001,2026021422,968.375,0.0,857781.04,7.72,84.0,1017.0,5.19,0.0,17.0,10000.0,0.6,282.0,36.0372673,126.6898854,MASTER,2026021422
KR10025001,2026021423,968.375,0.0,857781.04,6.26,90.0,1018.0,4.74,0.0,12.0,10000.0,0.87,315.0,36.0372673,126.6898854,MASTER,2026021423
KR10025001,2026021500,968.375,0.0,857781.04,6.09,91.0,1018.0,4.65,0.0,17.0,10000.0,0.88,328.0,36.0372673,126.6898854,MASTER,2026021500
KR10025001,2026021501,968.375,0.0,857781.04,5.88,92.0,1018.0,4.64,0.0,20.0,10000.0,0.59,323.0,36.0372673,126.6898854,MASTER,2026021501
KR10025001,2026021502,968.375,0.0,857781.04,5.67,93.0,1018.0,4.58,0.0,20.0,10000.0,0.38,295.0,36.0372673,126.6898854,MASTER,2026021502
KR10025001,2026021503,968.375,0.0,857781.04,5.43,94.0,1018.0,4.5,0.0,19.0,10000.0,0.39,342.0,36.0372673,126.6898854,MASTER,2026021503
KR10025001,2026021504,968.375,0.0,857781.04,5.22,95.0,1018.0,4.42,0.0,9.0,10000.0,0.73,352.0,36.0372673,126.6898854,MASTER,2026021504
KR10025001,2026021505,968.375,0.0,857781.04,5.09,95.0,1018.0,4.3,0.0,4.0,10000.0,1.25,349.0,36.0372673,126.6898854,MASTER,2026021505
KR10025001,2026021506,968.375,0.0,857781.04,6.95,93.0,1018.0,5.9,0.0,100.0,10000.0,0.61,74.0,36.0372673,126.6898854,MASTER,2026021506
KR10025001,2026021507,968.375,3.620000000000001,857784.6599999999,6.47,94.0,1018.0,5.58,0.0,80.0,10000.0,0.66,76.0,36.0372673,126.6898854,MASTER,2026021507
KR10025001,2026021508,968.375,33.870000000000005,857818.53,6.07,94.0,1019.0,5.18,0.17,60.0,10000.0,0.78,62.0,36.0372673,126.6898854,MASTER,2026021508
KR10025001,2026021509,968.375,89.88,857908.4099999999,6.55,91.0,1019.0,5.19,0.65,40.0,10000.0,0.96,47.0,36.0372673,126.6898854,MASTER,2026021509
KR10025001,2026021510,968.375,169.04000000000002,858077.4500000001,7.72,86.0,1020.0,5.53,1.27,20.0,10000.0,0.64,353.0,36.0372673,126.6898854,MASTER,2026021510
KR10025001,2026021511,968.375,205.04,858282.49,9.29,78.0,1021.0,5.36,2.04,0.0,10000.0,2.44,315.0,36.0372673,126.6898854,MASTER,2026021511
KR10025001,2026021512,968.375,128.79000000000002,858411.2799999999,9.67,74.0,1020.0,5.08,2.52,0.0,10000.0,3.74,310.0,36.0372673,126.6898854,MASTER,2026021512
KR10025001,2026021513,968.375,277.15000000000003,858688.4299999999,9.54,75.0,1020.0,4.98,2.93,1.0,10000.0,5.19,302.0,36.0372673,126.6898854,MASTER,2026021513
KR10025001,2026021514,968.375,349.63000000000005,859038.0599999998,9.57,73.0,1020.0,4.71,2.63,2.0,10000.0,6.31,310.0,36.0372673,126.6898854,MASTER,2026021514
KR10025001,2026021515,968.375,392.11,859430.17,9.77,57.0,1020.0,1.42,1.67,3.0,10000.0,7.69,323.0,36.0372673,126.6898854,MASTER,2026021515
KR10025001,2026021516,968.375,230.72,859660.89,8.61,48.0,1020.0,-2.04,0.85,4.0,10000.0,6.74,328.0,36.0372673,126.6898854,MASTER,2026021516
KR10025001,2026021517,968.375,54.06999999999999,859714.96,6.95,48.0,1021.0,-3.67,0.24,52.0,10000.0,6.73,318.0,36.0372673,126.6898854,MASTER,2026021517
KR10025001,2026021518,968.375,1.2000000000000002,859716.1599999999,5.95,61.0,1022.0,-0.87,0.0,20.0,10000.0,6.22,317.0,36.0372673,126.6898854,MASTER,2026021518
KR10025001,2026021519,968.375,0.0,859716.1599999999,5.47,59.0,1022.0,-1.67,0.0,31.0,10000.0,5.81,321.0,36.0372673,126.6898854,MASTER,2026021519
KR10025001,2026021520,968.375,0.0,859716.1599999999,4.87,57.0,1022.0,-2.59,0.0,44.0,10000.0,5.49,328.0,36.0372673,126.6898854,MASTER,2026021520
KR10025001,2026021521,968.375,0.0,859716.1599999999,4.22,56.0,1023.0,-3.34,0.0,58.0,10000.0,4.55,332.0,36.0372673,126.6898854,MASTER,2026021521
KR10025001,2026021522,968.375,0.0,859716.1599999999,3.34,56.0,1024.0,-4.07,0.0,84.0,10000.0,3.48,341.0,36.0372673,126.6898854,MASTER,2026021522
KR10025001,2026021523,968.375,0.0,859716.1599999999,2.09,57.0,1024.0,-5.55,0.0,80.0,10000.0,3.62,341.0,36.0372673,126.6898854,MASTER,2026021523
KR10025001,2026021600,968.375,0.0,859716.1599999999,1.48,60.0,1024.0,-5.61,0.0,57.0,10000.0,4.04,345.0,36.0372673,126.6898854,MASTER,2026021600
KR10025001,2026021601,968.375,0.0,859716.1599999999,1.06,61.0,1024.0,-5.77,0.0,64.0,10000.0,3.69,343.0,36.0372673,126.6898854,MASTER,2026021601
KR10025001,2026021602,968.375,0.0,859716.1599999999,0.8,61.0,1025.0,-5.95,0.0,72.0,10000.0,3.86,339.0,36.0372673,126.6898854,MASTER,2026021602
KR10025001,2026021603,968.375,0.0,859716.1599999999,0.66,60.0,1025.0,-6.18,0.0,76.0,10000.0,3.56,342.0,36.0372673,126.6898854,MASTER,2026021603
KR10025001,2026021604,968.375,0.0,859716.1599999999,0.59,60.0,1025.0,-6.43,0.0,100.0,10000.0,3.28,342.0,36.0372673,126.6898854,MASTER,2026021604
KR10025001,2026021605,968.375,0.0,859716.1599999999,0.56,59.0,1025.0,-6.71,0.0,100.0,10000.0,3.49,350.0,36.0372673,126.6898854,MASTER,2026021605
KR10025001,2026021606,968.375,0.0,859716.1599999999,0.95,60.0,1025.0,-5.26,0.0,75.0,10000.0,2.95,349.0,36.0372673,126.6898854,MASTER,2026021606
KR10025001,2026021607,968.375,10.340000000000003,859726.5,0.84,59.0,1025.0,-5.55,0.0,80.0,10000.0,2.59,352.0,36.0372673,126.6898854,MASTER,2026021607
KR10025001,2026021608,968.375,89.36000000000003,859815.8600000001,0.7,59.0,1025.0,-5.67,0.17,85.0,10000.0,2.54,357.0,36.0372673,126.6898854,MASTER,2026021608
KR10025001,2026021609,968.375,266.6,860082.4600000001,0.94,55.0,1026.0,-6.28,0.72,90.0,10000.0,2.41,352.0,36.0372673,126.6898854,MASTER,2026021609
KR10025001,2026021610,968.375,423.2,860505.66,1.46,50.0,1026.0,-6.95,1.58,95.0,10000.0,3.29,2.0,36.0372673,126.6898854,MASTER,2026021610
KR10025001,2026021611,968.375,485.85,860991.51,2.6,44.0,1025.0,-8.49,2.64,92.0,10000.0,2.54,355.0,36.0372673,126.6898854,MASTER,2026021611
KR10025001,2026021612,968.375,584.75,861576.26,3.5,41.0,1025.0,-8.57,3.08,95.0,10000.0,2.94,322.0,36.0372673,126.6898854,MASTER,2026021612
KR10025001,2026021613,968.375,673.1600000000001,862249.4200000002,3.99,40.0,1024.0,-8.47,3.18,96.0,10000.0,4.54,314.0,36.0372673,126.6898854,MASTER,2026021613
KR10025001,2026021614,968.375,615.54,862864.96,4.25,40.0,1023.0,-8.26,2.72,96.0,10000.0,5.82,317.0,36.0372673,126.6898854,MASTER,2026021614
KR10025001,2026021615,968.375,494.22,863359.18,4.07,42.0,1024.0,-8.07,1.74,95.0,10000.0,6.42,315.0,36.0372673,126.6898854,MASTER,2026021615
KR10025001,2026021616,968.375,256.52000000000004,863615.7,3.79,43.0,1024.0,-7.96,0.72,92.0,10000.0,6.11,321.0,36.0372673,126.6898854,MASTER,2026021616
KR10025001,2026021617,968.375,73.58999999999999,863689.2899999999,3.38,44.0,1024.0,-7.91,0.22,96.0,10000.0,5.48,323.0,36.0372673,126.6898854,MASTER,2026021617
KR10025001,2026021618,968.375,2.16,863691.45,2.95,56.0,1024.0,-4.39,0.0,0.0,10000.0,4.67,331.0,36.0372673,126.6898854,MASTER,2026021618
KR10025001,2026021619,968.375,0.0,863691.45,2.76,55.0,1024.0,-4.76,0.0,14.0,10000.0,4.08,347.0,36.0372673,126.6898854,MASTER,2026021619
KR10025001,2026021620,968.375,0.0,863691.45,2.41,54.0,1024.0,-5.27,0.0,30.0,10000.0,3.79,350.0,36.0372673,126.6898854,MASTER,2026021620
KR10025001,2026021621,968.375,0.0,863691.45,1.93,54.0,1025.0,-5.67,0.0,48.0,10000.0,3.56,345.0,36.0372673,126.6898854,MASTER,2026021621
KR10025001,2026021622,968.375,0.0,863691.45,1.44,54.0,1025.0,-6.08,0.0,79.0,10000.0,2.83,352.0,36.0372673,126.6898854,MASTER,2026021622
KR10025001,2026021623,968.375,0.0,863691.45,0.66,54.0,1026.0,-7.75,0.0,99.0,10000.0,2.12,352.0,36.0372673,126.6898854,MASTER,2026021623
KR10025001,2026021700,968.375,0.0,863691.45,0.73,53.0,1025.0,-7.82,0.0,100.0,10000.0,2.25,354.0,36.0372673,126.6898854,MASTER,2026021700
KR10025001,2026021701,968.375,0.0,863691.45,0.62,53.0,1025.0,-7.82,0.0,100.0,10000.0,2.25,357.0,36.0372673,126.6898854,MASTER,2026021701
KR10025001,2026021702,968.375,0.0,863691.45,0.34,55.0,1026.0,-7.83,0.0,85.0,10000.0,2.33,351.0,36.0372673,126.6898854,MASTER,2026021702
KR10025001,2026021703,968.375,0.0,863691.45,0.16,56.0,1025.0,-7.68,0.0,71.0,10000.0,2.23,2.0,36.0372673,126.6898854,MASTER,2026021703
KR10025001,2026021704,968.375,0.0,863691.45,-0.05,56.0,1025.0,-7.82,0.0,5.0,10000.0,1.7,15.0,36.0372673,126.6898854,MASTER,2026021704
KR10025001,2026021705,968.375,0.0,863691.45,-0.25,56.0,1025.0,-7.97,0.0,4.0,10000.0,1.79,9.0,36.0372673,126.6898854,MASTER,2026021705
KR10025001,2026021706,968.375,0.0,863691.45,-3.05,80.0,1024.0,-5.67,0.0,0.0,10000.0,1.36,36.0,36.0372673,126.6898854,MASTER,2026021706
KR10025001,2026021707,968.375,12.720000000000006,863704.1699999999,-2.56,75.0,1024.0,-5.94,0.0,1.0,10000.0,1.23,13.0,36.0372673,126.6898854,MASTER,2026021707
KR10025001,2026021708,968.375,129.25000000000003,863833.4199999999,-1.9,70.0,1024.0,-6.1,0.2,3.0,10000.0,0.99,16.0,36.0372673,126.6898854,MASTER,2026021708
KR10025001,2026021709,968.375,350.3,864183.7200000001,-0.48,61.0,1025.0,-6.33,0.72,10.0,10000.0,0.88,336.0,36.0372673,126.6898854,MASTER,2026021709
KR10025001,2026021710,968.375,555.58,864739.3,1.39,51.0,1026.0,-6.78,1.5,74.0,10000.0,1.38,309.0,36.0372673,126.6898854,MASTER,2026021710
KR10025001,2026021711,968.375,687.79,865427.09,3.7,39.0,1025.0,-9.09,2.27,56.0,10000.0,2.26,303.0,36.0372673,126.6898854,MASTER,2026021711
KR10025001,2026021712,968.375,760.5300000000002,866187.6199999999,4.55,38.0,1025.0,-8.86,2.8,37.0,10000.0,3.45,299.0,36.0372673,126.6898854,MASTER,2026021712
KR10025001,2026021713,968.375,768.0799999999999,866955.7,4.83,40.0,1024.0,-7.83,2.87,30.0,10000.0,4.48,295.0,36.0372673,126.6898854,MASTER,2026021713
KR10025001,2026021714,968.375,695.54,867651.24,4.65,43.0,1023.0,-7.03,2.42,25.0,10000.0,5.06,294.0,36.0372673,126.6898854,MASTER,2026021714
KR10025001,2026021715,968.375,564.7,868215.9399999998,4.5,46.0,1023.0,-6.11,1.6,21.0,10000.0,5.43,300.0,36.0372673,126.6898854,MASTER,2026021715
KR10025001,2026021716,968.375,332.25999999999993,868548.2000000001,4.27,51.0,1023.0,-5.14,0.79,0.0,10000.0,5.4,303.0,36.0372673,126.6898854,MASTER,2026021716
KR10025001,2026021717,968.375,85.57999999999998,868633.78,3.77,56.0,1023.0,-4.25,0.24,0.0,10000.0,5.07,302.0,36.0372673,126.6898854,MASTER,2026021717
KR10025001,2026021718,968.375,2.5,868636.28,4.95,56.0,1023.0,-2.73,0.0,0.0,10000.0,3.96,301.0,36.0372673,126.6898854,MASTER,2026021718
KR10025001,2026021719,968.375,0.0,868636.28,4.3,59.0,1023.0,-2.65,0.0,0.0,10000.0,3.46,294.0,36.0372673,126.6898854,MASTER,2026021719
KR10025001,2026021720,968.375,0.0,868636.28,3.64,62.0,1023.0,-2.61,0.0,0.0,10000.0,3.08,298.0,36.0372673,126.6898854,MASTER,2026021720
KR10025001,2026021721,968.375,0.0,868636.28,2.97,67.0,1023.0,-2.25,0.0,2.0,10000.0,2.89,290.0,36.0372673,126.6898854,MASTER,2026021721
KR10025001,2026021722,968.375,0.0,868636.28,2.31,70.0,1023.0,-2.29,0.0,49.0,10000.0,2.52,294.0,36.0372673,126.6898854,MASTER,2026021722
KR10025001,2026021723,968.375,0.0,868636.28,1.64,70.0,1023.0,-3.42,0.0,55.0,10000.0,2.55,276.0,36.0372673,126.6898854,MASTER,2026021723
KR10025001,2026021800,968.375,0.0,868636.28,1.7,65.0,1023.0,-4.3,0.0,52.0,10000.0,2.65,277.0,36.0372673,126.6898854,MASTER,2026021800
KR10025001,2026021801,968.375,0.0,868636.28,1.8,62.0,1023.0,-4.67,0.0,39.0,10000.0,2.87,282.0,36.0372673,126.6898854,MASTER,2026021801
KR10025001,2026021802,968.375,0.0,868636.28,1.89,62.0,1023.0,-4.61,0.0,31.0,10000.0,2.86,273.0,36.0372673,126.6898854,MASTER,2026021802
KR10025001,2026021803,968.375,0.0,868636.28,2.0,64.0,1022.0,-4.26,0.0,26.0,10000.0,3.01,259.0,36.0372673,126.6898854,MASTER,2026021803
KR10025001,2026021804,968.375,0.0,868636.28,2.21,67.0,1021.0,-3.47,0.0,0.0,10000.0,3.41,248.0,36.0372673,126.6898854,MASTER,2026021804
KR10025001,2026021805,968.375,0.0,868636.28,2.49,73.0,1021.0,-1.99,0.0,0.0,10000.0,3.86,249.0,36.0372673,126.6898854,MASTER,2026021805
KR10025001,2026021806,968.375,0.0,868636.28,-2.05,93.0,1020.0,-2.92,0.0,0.0,10000.0,4.36,265.0,36.0372673,126.6898854,MASTER,2026021806
KR10025001,2026021807,968.375,13.020000000000008,868649.3000000002,-0.94,89.0,1020.0,-2.34,0.0,0.0,10000.0,5.05,270.0,36.0372673,126.6898854,MASTER,2026021807
KR10025001,2026021808,968.375,103.64,868752.94,0.52,84.0,1020.0,-1.65,0.18,0.0,10000.0,6.0,278.0,36.0372673,126.6898854,MASTER,2026021808
KR10025001,2026021809,968.375,288.91,869041.8499999999,2.68,77.0,1021.0,-0.83,0.67,0.0,10000.0,7.36,289.0,36.0372673,126.6898854,MASTER,2026021809
KR10025001,2026021810,968.375,507.2999999999999,869549.1499999999,4.65,68.0,1022.0,-0.65,1.53,0.0,10000.0,7.51,302.0,36.0372673,126.6898854,MASTER,2026021810
KR10025001,2026021811,968.375,643.85,870192.9999999999,6.48,58.0,1022.0,-1.34,2.42,0.0,10000.0,6.96,313.0,36.0372673,126.6898854,MASTER,2026021811
KR10025001,2026021812,968.375,736.3599999999999,870929.36,6.95,45.0,1022.0,-4.32,3.04,0.0,10000.0,6.75,321.0,36.0372673,126.6898854,MASTER,2026021812
KR10025001,2026021813,968.375,730.7600000000001,871660.1199999999,7.13,39.0,1022.0,-6.33,3.1,0.0,10000.0,7.6,320.0,36.0372673,126.6898854,MASTER,2026021813
KR10025001,2026021814,968.375,670.23,872330.3499999999,6.3,36.0,1022.0,-8.1,2.55,0.0,10000.0,8.26,319.0,36.0372673,126.6898854,MASTER,2026021814
KR10025001,2026021815,968.375,565.2600000000001,872895.61,5.36,36.0,1023.0,-8.75,1.65,0.0,10000.0,8.44,320.0,36.0372673,126.6898854,MASTER,2026021815
KR10025001,2026021816,968.375,343.8,873239.4100000001,4.55,37.0,1023.0,-8.92,0.8,0.0,10000.0,8.05,320.0,36.0372673,126.6898854,MASTER,2026021816
KR10025001,2026021817,968.375,92.43000000000004,873331.84,3.74,39.0,1023.0,-8.82,0.24,0.0,10000.0,7.52,319.0,36.0372673,126.6898854,MASTER,2026021817
KR10025001,2026021818,968.375,3.2200000000000006,873335.0599999999,4.95,42.0,1024.0,-6.11,0.0,0.0,10000.0,6.66,320.0,36.0372673,126.6898854,MASTER,2026021818
KR10025001,2026021819,968.375,0.0,873335.0599999999,4.31,44.0,1024.0,-6.09,0.0,0.0,10000.0,5.47,323.0,36.0372673,126.6898854,MASTER,2026021819
KR10025001,2026021820,968.375,0.0,873335.0599999999,3.46,48.0,1025.0,-5.77,0.0,0.0,10000.0,4.24,326.0,36.0372673,126.6898854,MASTER,2026021820
KR10025001,2026021821,968.375,0.0,873335.0599999999,2.39,52.0,1025.0,-5.73,0.0,0.0,10000.0,3.42,327.0,36.0372673,126.6898854,MASTER,2026021821
KR10025001,2026021822,968.375,0.0,873335.0599999999,1.25,57.0,1026.0,-5.61,0.0,0.0,10000.0,2.84,325.0,36.0372673,126.6898854,MASTER,2026021822
KR10025001,2026021823,968.375,0.0,873335.0599999999,0.17,61.0,1026.0,-6.69,0.0,0.0,10000.0,2.68,325.0,36.0372673,126.6898854,MASTER,2026021823
KR10025001,2026021900,968.375,0.0,873335.0599999999,0.15,60.0,1026.0,-6.65,0.0,0.0,10000.0,2.26,323.0,36.0372673,126.6898854,MASTER,2026021900
KR10025001,2026021901,968.375,0.0,873335.0599999999,0.15,61.0,1026.0,-6.53,0.0,0.0,10000.0,2.16,321.0,36.0372673,126.6898854,MASTER,2026021901
KR10025001,2026021902,968.375,0.0,873335.0599999999,0.13,62.0,1027.0,-6.48,0.0,0.0,10000.0,1.68,328.0,36.0372673,126.6898854,MASTER,2026021902
KR10025001,2026021903,968.375,0.0,873335.0599999999,-0.03,63.0,1026.0,-6.48,0.0,0.0,10000.0,1.39,358.0,36.0372673,126.6898854,MASTER,2026021903
KR10025001,2026021904,968.375,0.0,873335.0599999999,-0.36,64.0,1026.0,-6.5,0.0,2.0,10000.0,1.75,16.0,36.0372673,126.6898854,MASTER,2026021904
KR10025001,2026021905,968.375,0.0,873335.0599999999,-0.67,64.0,1026.0,-6.64,0.0,2.0,10000.0,1.49,32.0,36.0372673,126.6898854,MASTER,2026021905
KR10025001,2026021906,968.375,0.0,873335.0599999999,-5.05,93.0,1026.0,-5.9,0.0,0.0,10000.0,1.25,68.0,36.0372673,126.6898854,MASTER,2026021906
KR10025001,2026021907,968.375,14.120000000000006,873349.18,-4.29,87.0,1026.0,-5.92,0.0,0.0,10000.0,1.12,94.0,36.0372673,126.6898854,MASTER,2026021907
KR10025001,2026021908,968.375,135.14,873484.32,-3.34,81.0,1026.0,-5.81,0.2,0.0,10000.0,0.96,91.0,36.0372673,126.6898854,MASTER,2026021908
KR10025001,2026021909,968.375,358.5,873842.82,-1.63,71.0,1027.0,-5.68,0.72,0.0,10000.0,0.52,85.0,36.0372673,126.6898854,MASTER,2026021909
KR10025001,2026021910,968.375,567.1300000000001,874409.9500000001,0.7,61.0,1027.0,-5.28,1.54,0.0,10000.0,1.07,230.0,36.0372673,126.6898854,MASTER,2026021910
KR10025001,2026021911,968.375,663.2500000000001,875073.2,3.24,49.0,1027.0,-6.53,2.42,0.0,10000.0,2.14,241.0,36.0372673,126.6898854,MASTER,2026021911
KR10025001,2026021912,968.375,769.1700000000003,875842.3700000001,4.26,47.0,1026.0,-6.12,3.01,0.0,10000.0,3.18,248.0,36.0372673,126.6898854,MASTER,2026021912
KR10025001,2026021913,968.375,764.3699999999999,876606.7399999999,4.31,49.0,1025.0,-5.44,3.07,0.0,10000.0,3.36,263.0,36.0372673,126.6898854,MASTER,2026021913
KR10025001,2026021914,968.375,686.5400000000001,877293.2800000001,4.51,50.0,1025.0,-5.02,2.59,0.0,10000.0,3.97,258.0,36.0372673,126.6898854,MASTER,2026021914
KR10025001,2026021915,968.375,558.1600000000001,877851.44,4.52,52.0,1024.0,-4.6,1.71,0.0,10000.0,3.48,275.0,36.0372673,126.6898854,MASTER,2026021915
KR10025001,2026021916,968.375,334.47,878185.9099999999,4.56,51.0,1024.0,-4.72,0.84,1.0,10000.0,2.27,290.0,36.0372673,126.6898854,MASTER,2026021916
KR10025001,2026021917,968.375,92.13,878278.04,4.26,53.0,1023.0,-4.56,0.26,2.0,10000.0,2.13,264.0,36.0372673,126.6898854,MASTER,2026021917
KR10025001,2026021918,968.375,3.3200000000000007,878281.36,4.95,56.0,1023.0,-2.73,0.0,0.0,10000.0,2.53,244.0,36.0372673,126.6898854,MASTER,2026021918
KR10025001,2026021919,968.375,0.0,878281.36,4.33,59.0,1023.0,-2.63,0.0,0.0,10000.0,1.61,242.0,36.0372673,126.6898854,MASTER,2026021919
KR10025001,2026021920,968.375,0.0,878281.36,3.67,61.0,1023.0,-2.78,0.0,2.0,10000.0,1.32,224.0,36.0372673,126.6898854,MASTER,2026021920
KR10025001,2026021921,968.375,0.0,878281.36,3.02,62.0,1023.0,-3.13,0.0,3.0,10000.0,0.99,193.0,36.0372673,126.6898854,MASTER,2026021921
KR10025001,2026021922,968.375,0.0,878281.36,2.27,65.0,1023.0,-3.21,0.0,1.0,10000.0,1.49,163.0,36.0372673,126.6898854,MASTER,2026021922
KR10025001,2026021923,968.375,0.0,878281.36,1.35,67.0,1023.0,-4.16,0.0,1.0,10000.0,1.72,151.0,36.0372673,126.6898854,MASTER,2026021923
KR10025001,2026022000,968.375,0.0,878281.36,1.11,67.0,1023.0,-4.47,0.0,1.0,10000.0,2.03,148.0,36.0372673,126.6898854,MASTER,2026022000
KR10025001,2026022001,968.375,0.0,878281.36,0.98,66.0,1023.0,-4.86,0.0,2.0,10000.0,2.14,146.0,36.0372673,126.6898854,MASTER,2026022001
KR10025001,2026022002,968.375,0.0,878281.36,0.98,65.0,1023.0,-4.99,0.0,2.0,10000.0,2.19,148.0,36.0372673,126.6898854,MASTER,2026022002
KR10025001,2026022003,968.375,0.0,878281.36,0.9,64.0,1022.0,-5.22,0.0,1.0,10000.0,2.39,138.0,36.0372673,126.6898854,MASTER,2026022003
KR10025001,2026022004,968.375,0.0,878281.36,0.71,62.0,1022.0,-5.82,0.0,0.0,10000.0,2.5,122.0,36.0372673,126.6898854,MASTER,2026022004
KR10025001,2026022005,968.375,0.0,878281.36,0.65,59.0,1021.0,-6.56,0.0,0.0,10000.0,2.59,118.0,36.0372673,126.6898854,MASTER,2026022005
KR10025001,2026022006,968.375,0.0,878281.36,-2.05,80.0,1021.0,-4.69,0.0,0.0,10000.0,2.51,119.0,36.0372673,126.6898854,MASTER,2026022006
KR10025001,2026022007,968.375,14.420000000000009,878295.7800000001,-1.5,75.0,1021.0,-4.91,0.0,0.0,10000.0,2.56,118.0,36.0372673,126.6898854,MASTER,2026022007
KR10025001,2026022008,968.375,117.15000000000002,878412.93,-0.68,70.0,1021.0,-4.92,0.18,0.0,10000.0,2.8,119.0,36.0372673,126.6898854,MASTER,2026022008
KR10025001,2026022009,968.375,311.87,878724.7999999999,1.27,62.0,1021.0,-4.61,0.69,0.0,10000.0,3.24,128.0,36.0372673,126.6898854,MASTER,2026022009
KR10025001,2026022010,968.375,512.03,879236.8300000001,4.19,59.0,1020.0,-2.74,1.45,0.0,10000.0,3.54,144.0,36.0372673,126.6898854,MASTER,2026022010
KR10025001,2026022011,968.375,630.9700000000001,879867.8000000002,7.66,58.0,1020.0,-0.13,2.34,0.0,10000.0,3.36,170.0,36.0372673,126.6898854,MASTER,2026022011
KR10025001,2026022012,968.375,686.02,880553.82,9.01,57.0,1019.0,0.69,2.97,0.0,10000.0,3.97,200.0,36.0372673,126.6898854,MASTER,2026022012
KR10025001,2026022013,968.375,696.1799999999998,881250.0000000001,9.68,55.0,1018.0,0.65,3.04,0.0,10000.0,4.87,215.0,36.0372673,126.6898854,MASTER,2026022013
KR10025001,2026022014,968.375,634.27,881884.2700000001,9.83,54.0,1017.0,0.59,2.5,0.0,10000.0,5.34,221.0,36.0372673,126.6898854,MASTER,2026022014
KR10025001,2026022015,968.375,505.03,882389.3,9.82,54.0,1017.0,0.55,1.66,0.0,10000.0,5.4,220.0,36.0372673,126.6898854,MASTER,2026022015
KR10025001,2026022016,968.375,291.64000000000004,882680.94,9.59,56.0,1016.0,0.91,0.8,0.0,10000.0,5.24,222.0,36.0372673,126.6898854,MASTER,2026022016
KR10025001,2026022017,968.375,81.32,882762.2600000001,8.99,61.0,1016.0,1.58,0.25,0.0,10000.0,4.59,213.0,36.0372673,126.6898854,MASTER,2026022017
KR10025001,2026022018,968.375,3.790000000000002,882766.0499999999,10.95,50.0,1016.0,0.94,0.0,0.0,10000.0,3.98,213.0,36.0372673,126.6898854,MASTER,2026022018
KR10025001,2026022019,968.375,0.0,882766.0499999999,10.01,55.0,1016.0,1.39,0.0,0.0,10000.0,3.53,201.0,36.0372673,126.6898854,MASTER,2026022019
KR10025001,2026022020,968.375,0.0,882766.0499999999,8.97,60.0,1016.0,1.63,0.0,0.0,10000.0,3.26,184.0,36.0372673,126.6898854,MASTER,2026022020
KR10025001,2026022021,968.375,0.0,882766.0499999999,7.76,65.0,1016.0,1.6,0.0,0.0,10000.0,3.02,174.0,36.0372673,126.6898854,MASTER,2026022021
KR10025001,2026022022,968.375,0.0,882766.0499999999,6.45,68.0,1016.0,0.98,0.0,0.0,10000.0,3.04,161.0,36.0372673,126.6898854,MASTER,2026022022
KR10025001,2026022023,968.375,0.0,882766.0499999999,4.99,69.0,1017.0,-0.28,0.0,0.0,10000.0,3.02,152.0,36.0372673,126.6898854,MASTER,2026022023
KR10025001,2026022100,968.375,0.0,882766.0499999999,4.69,70.0,1016.0,-0.42,0.0,0.0,10000.0,3.08,147.0,36.0372673,126.6898854,MASTER,2026022100
KR10025001,2026022101,968.375,0.0,882766.0499999999,4.43,71.0,1016.0,-0.45,0.0,1.0,10000.0,3.05,140.0,36.0372673,126.6898854,MASTER,2026022101
KR10025001,2026022102,968.375,0.0,882766.0499999999,4.18,73.0,1016.0,-0.29,0.0,1.0,10000.0,3.09,137.0,36.0372673,126.6898854,MASTER,2026022102
KR10025001,2026022103,968.375,0.0,882766.0499999999,3.97,76.0,1016.0,0.02,0.0,1.0,10000.0,3.04,139.0,36.0372673,126.6898854,MASTER,2026022103
KR10025001,2026022104,968.375,0.0,882766.0499999999,3.81,77.0,1015.0,0.18,0.0,0.0,10000.0,3.09,139.0,36.0372673,126.6898854,MASTER,2026022104
KR10025001,2026022105,968.375,0.0,882766.0499999999,3.71,78.0,1015.0,0.11,0.0,0.0,10000.0,3.28,134.0,36.0372673,126.6898854,MASTER,2026022105
KR10025001,2026022106,968.375,0.0,882766.0499999999,4.95,75.0,1015.0,0.9,0.0,0.0,10000.0,3.49,130.0,36.0372673,126.6898854,MASTER,2026022106
KR10025001,2026022107,968.375,17.690000000000005,882783.74,4.66,76.0,1015.0,0.8,0.0,0.0,10000.0,3.46,125.0,36.0372673,126.6898854,MASTER,2026022107
KR10025001,2026022108,968.375,120.78,882904.5199999999,4.57,76.0,1015.0,0.71,0.2,0.0,10000.0,3.5,126.0,36.0372673,126.6898854,MASTER,2026022108
KR10025001,2026022109,968.375,300.77,883205.29,5.78,73.0,1015.0,1.32,0.78,0.0,10000.0,3.63,138.0,36.0372673,126.6898854,MASTER,2026022109
KR10025001,2026022110,968.375,495.88,883701.1700000002,8.18,68.0,1015.0,2.63,1.76,0.0,10000.0,4.94,165.0,36.0372673,126.6898854,MASTER,2026022110
KR10025001,2026022111,968.375,630.73,884331.8999999999,11.32,59.0,1015.0,3.3,2.77,0.0,10000.0,6.06,183.0,36.0372673,126.6898854,MASTER,2026022111
KR10025001,2026022112,968.375,705.2899999999998,885037.19,12.47,52.0,1015.0,2.7,3.39,0.0,10000.0,7.36,196.0,36.0372673,126.6898854,MASTER,2026022112
KR10025001,2026022113,968.375,705.7499999999999,885742.9400000001,13.3,50.0,1013.0,2.55,3.53,0.0,10000.0,8.21,200.0,36.0372673,126.6898854,MASTER,2026022113
KR10025001,2026022114,968.375,628.3000000000001,886371.24,13.37,48.0,1012.0,2.06,2.91,1.0,10000.0,8.61,210.0,36.0372673,126.6898854,MASTER,2026022114
KR10025001,2026022115,968.375,501.58,886872.82,13.47,50.0,1012.0,2.29,1.91,1.0,10000.0,8.39,211.0,36.0372673,126.6898854,MASTER,2026022115
KR10025001,2026022116,968.375,296.2,887169.02,12.97,51.0,1011.0,2.67,0.91,38.0,10000.0,7.56,211.0,36.0372673,126.6898854,MASTER,2026022116
KR10025001,2026022117,968.375,85.37000000000005,887254.3899999999,11.97,57.0,1011.0,3.38,0.28,22.0,10000.0,6.78,208.0,36.0372673,126.6898854,MASTER,2026022117
KR10025001,2026022118,968.375,4.010000000000001,887258.4000000003,15.95,39.0,1010.0,2.02,0.0,0.0,10000.0,7.17,194.0,36.0372673,126.6898854,MASTER,2026022118
KR10025001,2026022119,968.375,0.0,887258.4000000003,14.85,44.0,1010.0,2.72,0.0,3.0,10000.0,6.44,188.0,36.0372673,126.6898854,MASTER,2026022119
KR10025001,2026022120,968.375,0.0,887258.4000000003,13.61,48.0,1010.0,2.82,0.0,4.0,10000.0,6.31,182.0,36.0372673,126.6898854,MASTER,2026022120
KR10025001,2026022121,968.375,0.0,887258.4000000003,12.36,53.0,1010.0,3.06,0.0,6.0,10000.0,6.48,178.0,36.0372673,126.6898854,MASTER,2026022121
KR10025001,2026022122,968.375,0.0,887258.4000000003,10.83,59.0,1010.0,3.15,0.0,5.0,10000.0,5.74,176.0,36.0372673,126.6898854,MASTER,2026022122
KR10025001,2026022123,968.375,0.0,887258.4000000003,9.16,64.0,1011.0,2.69,0.0,8.0,10000.0,5.49,174.0,36.0372673,126.6898854,MASTER,2026022123
KR10025001,2026022200,968.375,0.0,887258.4000000003,8.95,63.0,1011.0,2.1,0.0,16.0,10000.0,5.51,172.0,36.0372673,126.6898854,MASTER,2026022200
KR10025001,2026022201,968.375,0.0,887258.4000000003,8.86,66.0,1010.0,2.68,0.0,17.0,10000.0,6.04,173.0,36.0372673,126.6898854,MASTER,2026022201
KR10025001,2026022202,968.375,0.0,887258.4000000003,9.48,69.0,1010.0,3.99,0.0,28.0,10000.0,7.01,179.0,36.0372673,126.6898854,MASTER,2026022202
KR10025001,2026022203,968.375,0.0,887258.4000000003,9.55,75.0,1009.0,5.26,0.0,30.0,10000.0,7.03,182.0,36.0372673,126.6898854,MASTER,2026022203
KR10025001,2026022204,968.375,0.0,887258.4000000003,9.33,81.0,1009.0,6.17,0.0,98.0,10000.0,6.65,179.0,36.0372673,126.6898854,MASTER,2026022204
KR10025001,2026022205,968.375,0.0,887258.4000000003,9.2,86.0,1009.0,6.89,0.0,75.0,10000.0,6.21,180.0,36.0372673,126.6898854,MASTER,2026022205
KR10025001,2026022206,968.375,0.0,887258.4000000003,11.95,76.0,1008.0,7.86,0.0,0.0,10000.0,6.05,180.0,36.0372673,126.6898854,MASTER,2026022206
KR10025001,2026022207,968.375,28.80000000000001,887287.2000000002,11.32,79.0,1008.0,7.81,0.0,8.0,10000.0,5.94,175.0,36.0372673,126.6898854,MASTER,2026022207
KR10025001,2026022208,968.375,71.05,887358.2499999999,11.08,82.0,1008.0,8.13,0.12,22.0,10000.0,6.5,181.0,36.0372673,126.6898854,MASTER,2026022208
KR10025001,2026022209,968.375,47.62,887405.87,11.31,84.0,1009.0,8.71,0.52,37.0,10000.0,7.12,217.0,36.0372673,126.6898854,MASTER,2026022209
KR10025001,2026022210,968.375,156.23999999999998,887562.1100000001,10.53,88.0,1010.0,8.63,0.39,76.0,10000.0,9.82,233.0,36.0372673,126.6898854,MASTER,2026022210
KR10025001,2026022211,968.375,381.8500000000001,887943.96,8.92,95.0,1010.0,7.79,1.08,98.0,7600.0,7.19,238.0,36.0372673,126.6898854,MASTER,2026022211
KR10025001,2026022212,968.375,494.62,888438.58,8.58,87.0,1010.0,6.27,3.42,100.0,10000.0,5.83,259.0,36.0372673,126.6898854,MASTER,2026022212
KR10025001,2026022213,968.375,492.74000000000007,888931.3200000001,8.66,58.0,1011.0,0.54,3.61,75.0,10000.0,7.97,295.0,36.0372673,126.6898854,MASTER,2026022213
KR10025001,2026022214,968.375,439.99,889371.3099999999,7.71,58.0,1012.0,-0.47,2.91,60.0,10000.0,8.83,301.0,36.0372673,126.6898854,MASTER,2026022214
KR10025001,2026022215,968.375,404.65,889775.96,7.26,55.0,1013.0,-2.04,1.88,50.0,10000.0,8.55,302.0,36.0372673,126.6898854,MASTER,2026022215
KR10025001,2026022216,968.375,290.91,890066.87,6.34,56.0,1014.0,-2.59,0.92,0.0,10000.0,8.7,306.0,36.0372673,126.6898854,MASTER,2026022216
KR10025001,2026022217,968.375,97.38,890164.25,5.45,54.0,1016.0,-4.1,0.29,0.0,10000.0,8.09,310.0,36.0372673,126.6898854,MASTER,2026022217
KR10025001,2026022218,968.375,5.150000000000002,890169.4,6.95,53.0,1017.0,-1.74,0.0,0.0,10000.0,7.16,324.0,36.0372673,126.6898854,MASTER,2026022218
KR10025001,2026022219,968.375,0.0,890169.4,6.22,52.0,1017.0,-2.56,0.0,0.0,10000.0,6.09,331.0,36.0372673,126.6898854,MASTER,2026022219
KR10025001,2026022220,968.375,0.0,890169.4,5.25,51.0,1018.0,-3.59,0.0,0.0,10000.0,5.56,332.0,36.0372673,126.6898854,MASTER,2026022220
KR10025001,2026022221,968.375,0.0,890169.4,4.3,50.0,1019.0,-4.61,0.0,0.0,10000.0,5.43,329.0,36.0372673,126.6898854,MASTER,2026022221
KR10025001,2026022222,968.375,0.0,890169.4,3.25,48.0,1021.0,-5.95,0.0,0.0,10000.0,5.55,330.0,36.0372673,126.6898854,MASTER,2026022222
KR10025001,2026022223,968.375,0.0,890169.4,1.91,48.0,1023.0,-7.97,0.0,0.0,10000.0,3.64,338.0,36.0372673,126.6898854,MASTER,2026022223
KR10025001,2026022300,968.375,0.0,890169.4,1.64,51.0,1023.0,-7.48,0.0,7.0,10000.0,1.8,356.0,36.0372673,126.6898854,MASTER,2026022300
KR10025001,2026022301,968.375,0.0,890169.4,1.53,52.0,1023.0,-7.24,0.0,20.0,10000.0,0.97,350.0,36.0372673,126.6898854,MASTER,2026022301
KR10025001,2026022302,968.375,0.0,890169.4,1.41,53.0,1024.0,-7.22,0.0,16.0,10000.0,1.13,330.0,36.0372673,126.6898854,MASTER,2026022302
KR10025001,2026022303,968.375,0.0,890169.4,1.09,53.0,1023.0,-7.43,0.0,14.0,10000.0,0.92,349.0,36.0372673,126.6898854,MASTER,2026022303
KR10025001,2026022304,968.375,0.0,890169.4,0.83,54.0,1024.0,-7.64,0.0,1.0,10000.0,0.93,344.0,36.0372673,126.6898854,MASTER,2026022304
KR10025001,2026022305,968.375,0.0,890169.4,0.65,53.0,1024.0,-7.97,0.0,4.0,10000.0,0.41,14.0,36.0372673,126.6898854,MASTER,2026022305
KR10025001,2026022306,968.375,0.0,890169.4,-1.05,74.0,1025.0,-4.63,0.0,0.0,10000.0,1.38,7.0,36.0372673,126.6898854,MASTER,2026022306
KR10025001,2026022307,968.375,21.11000000000001,890190.5099999999,-0.67,69.0,1025.0,-5.08,0.0,0.0,10000.0,1.2,14.0,36.0372673,126.6898854,MASTER,2026022307
KR10025001,2026022308,968.375,143.4,890333.9099999999,0.0,64.0,1025.0,-5.31,0.25,1.0,10000.0,1.13,33.0,36.0372673,126.6898854,MASTER,2026022308
KR10025001,2026022309,968.375,342.49000000000007,890676.4,1.55,54.0,1026.0,-5.99,0.89,1.0,10000.0,1.22,2.0,36.0372673,126.6898854,MASTER,2026022309
KR10025001,2026022310,968.375,541.23,891217.6300000001,3.56,45.0,1027.0,-6.44,1.8,0.0,10000.0,2.62,342.0,36.0372673,126.6898854,MASTER,2026022310
KR10025001,2026022311,968.375,674.3499999999999,891891.98,5.82,36.0,1027.0,-8.14,2.89,5.0,10000.0,3.21,321.0,36.0372673,126.6898854,MASTER,2026022311
KR10025001,2026022312,968.375,662.24,892554.2200000001,6.38,37.0,1027.0,-7.66,3.6,31.0,10000.0,3.88,304.0,36.0372673,126.6898854,MASTER,2026022312
KR10025001,2026022313,968.375,502.67,893056.89,6.4,39.0,1026.0,-7.0,3.43,49.0,10000.0,4.34,294.0,36.0372673,126.6898854,MASTER,2026022313
KR10025001,2026022314,968.375,290.57000000000005,893347.46,6.41,42.0,1026.0,-6.08,2.58,59.0,10000.0,5.04,293.0,36.0372673,126.6898854,MASTER,2026022314
KR10025001,2026022315,968.375,223.94,893571.4000000001,6.23,39.0,1026.0,-7.38,1.54,66.0,10000.0,4.89,302.0,36.0372673,126.6898854,MASTER,2026022315
KR10025001,2026022316,968.375,138.54999999999998,893709.95,6.91,31.0,1026.0,-9.41,0.52,100.0,10000.0,4.67,317.0,36.0372673,126.6898854,MASTER,2026022316
KR10025001,2026022317,968.375,61.74999999999999,893771.7000000001,6.98,30.0,1025.0,-9.74,0.23,100.0,10000.0,3.38,1.0,36.0372673,126.6898854,MASTER,2026022317
KR10025001,2026022318,968.375,4.510000000000002,893776.2100000001,4.95,42.0,1026.0,-6.11,0.0,40.0,10000.0,3.37,3.0,36.0372673,126.6898854,MASTER,2026022318
KR10025001,2026022319,968.375,0.0,893776.2100000001,4.83,40.0,1026.0,-6.77,0.0,52.0,10000.0,2.92,21.0,36.0372673,126.6898854,MASTER,2026022319
KR10025001,2026022320,968.375,0.0,893776.2100000001,4.49,38.0,1026.0,-7.64,0.0,64.0,10000.0,2.99,20.0,36.0372673,126.6898854,MASTER,2026022320
KR10025001,2026022321,968.375,0.0,893776.2100000001,3.83,37.0,1026.0,-8.47,0.0,76.0,10000.0,3.29,23.0,36.0372673,126.6898854,MASTER,2026022321
KR10025001,2026022322,968.375,0.0,893776.2100000001,3.15,35.0,1027.0,-9.65,0.0,88.0,10000.0,3.24,31.0,36.0372673,126.6898854,MASTER,2026022322
KR10025001,2026022323,968.375,0.0,893776.2100000001,2.23,35.0,1026.0,-11.48,0.0,100.0,10000.0,3.17,30.0,36.0372673,126.6898854,MASTER,2026022323
KR10025001,2026022400,968.375,0.0,893776.2100000001,2.12,36.0,1026.0,-11.48,0.0,100.0,10000.0,3.68,26.0,36.0372673,126.6898854,MASTER,2026022400
KR10025001,2026022401,968.375,0.0,893776.2100000001,2.32,36.0,1026.0,-11.3,0.0,100.0,10000.0,4.33,33.0,36.0372673,126.6898854,MASTER,2026022401
KR10025001,2026022402,968.375,0.0,893776.2100000001,2.11,37.0,1025.0,-11.28,0.0,100.0,10000.0,4.23,31.0,36.0372673,126.6898854,MASTER,2026022402
KR10025001,2026022403,968.375,0.0,893776.2100000001,1.97,37.0,1025.0,-11.32,0.0,100.0,10000.0,3.83,28.0,36.0372673,126.6898854,MASTER,2026022403
KR10025001,2026022404,968.375,0.0,893776.2100000001,1.95,36.0,1024.0,-11.49,0.0,100.0,10000.0,4.59,34.0,36.0372673,126.6898854,MASTER,2026022404
KR10025001,2026022405,968.375,0.0,893776.2100000001,1.81,36.0,1023.0,-11.78,0.0,100.0,10000.0,5.04,39.0,36.0372673,126.6898854,MASTER,2026022405
KR10025001,2026022406,968.375,0.0,893776.2100000001,1.95,30.0,1023.0,-12.32,0.0,40.0,10000.0,4.75,26.0,36.0372673,126.6898854,MASTER,2026022406
KR10025001,2026022407,968.375,1.15,893777.36,2.06,31.0,1023.0,-11.87,0.0,52.0,8920.0,4.67,23.0,36.0372673,126.6898854,MASTER,2026022407
KR10025001,2026022408,968.375,7.340000000000004,893784.7,2.24,33.0,1023.0,-11.03,0.09,64.0,10000.0,3.97,26.0,36.0372673,126.6898854,MASTER,2026022408
KR10025001,2026022409,968.375,14.69000000000001,893799.3899999999,2.36,37.0,1024.0,-9.65,0.26,76.0,10000.0,2.83,65.0,36.0372673,126.6898854,MASTER,2026022409
KR10025001,2026022410,968.375,8.270000000000005,893807.6599999998,1.7,53.0,1024.0,-6.08,0.56,88.0,10000.0,3.2,46.0,36.0372673,126.6898854,MASTER,2026022410
KR10025001,2026022411,968.375,11.920000000000009,893819.5799999998,0.03,88.0,1024.0,-1.92,0.82,100.0,538.0,3.98,33.0,36.0372673,126.6898854,MASTER,2026022411
KR10025001,2026022412,968.375,11.310000000000008,893830.89,0.21,96.0,1025.0,-0.37,1.0,100.0,171.0,3.68,38.0,36.0372673,126.6898854,MASTER,2026022412
KR10025001,2026022413,968.375,16.26000000000001,893847.1499999999,0.6,98.0,1023.0,0.07,1.12,100.0,1480.0,4.95,39.0,36.0372673,126.6898854,MASTER,2026022413
KR10025001,2026022414,968.375,23.13000000000001,893870.28,1.38,95.0,1023.0,0.58,1.42,100.0,10000.0,3.23,48.0,36.0372673,126.6898854,MASTER,2026022414
KR10025001,2026022415,968.375,27.34999999999999,893897.6300000001,1.8,96.0,1022.0,1.18,1.09,100.0,10000.0,4.51,42.0,36.0372673,126.6898854,MASTER,2026022415
KR10025001,2026022416,968.375,24.440000000000005,893922.0700000001,2.39,94.0,1021.0,1.47,0.86,100.0,10000.0,4.18,42.0,36.0372673,126.6898854,MASTER,2026022416
KR10025001,2026022417,968.375,19.47,893941.5399999998,3.09,92.0,1022.0,1.76,0.27,100.0,10000.0,4.01,37.0,36.0372673,126.6898854,MASTER,2026022417
KR10025001,2026022418,968.375,1.9900000000000004,893943.5299999999,2.95,87.0,1022.0,1.0,0.0,100.0,10000.0,4.0,36.0,36.0372673,126.6898854,MASTER,2026022418
KR10025001,2026022419,968.375,0.0,893943.5299999999,2.92,87.0,1022.0,0.97,0.0,100.0,10000.0,4.34,27.0,36.0372673,126.6898854,MASTER,2026022419
KR10025001,2026022420,968.375,0.0,893943.5299999999,2.72,89.0,1022.0,1.09,0.0,100.0,10000.0,4.32,27.0,36.0372673,126.6898854,MASTER,2026022420
KR10025001,2026022421,968.375,0.0,893943.5299999999,2.38,90.0,1023.0,0.91,0.0,98.0,10000.0,4.18,27.0,36.0372673,126.6898854,MASTER,2026022421
KR10025001,2026022422,968.375,0.0,893943.5299999999,1.94,91.0,1023.0,0.63,0.0,22.0,10000.0,4.21,24.0,36.0372673,126.6898854,MASTER,2026022422
KR10025001,2026022423,968.375,0.0,893943.5299999999,1.58,91.0,1023.0,0.21,0.0,1.0,10000.0,4.28,20.0,36.0372673,126.6898854,MASTER,2026022423
KR10025001,2026022500,968.375,0.0,893943.5299999999,1.41,91.0,1023.0,0.05,0.0,0.0,10000.0,4.1,27.0,36.0372673,126.6898854,MASTER,2026022500
KR10025001,2026022501,968.375,0.0,893943.5299999999,1.22,90.0,1023.0,-0.23,0.0,0.0,10000.0,4.14,30.0,36.0372673,126.6898854,MASTER,2026022501
KR10025001,2026022502,968.375,0.0,893943.5299999999,1.09,90.0,1023.0,-0.51,0.0,0.0,10000.0,4.25,30.0,36.0372673,126.6898854,MASTER,2026022502
KR10025001,2026022503,968.375,0.0,893943.5299999999,0.91,90.0,1022.0,-0.66,0.0,0.0,10000.0,3.9,30.0,36.0372673,126.6898854,MASTER,2026022503
KR10025001,2026022504,968.375,0.0,893943.5299999999,0.75,90.0,1022.0,-0.92,0.0,0.0,10000.0,3.91,31.0,36.0372673,126.6898854,MASTER,2026022504
KR10025001,2026022505,968.375,0.0,893943.5299999999,0.7,90.0,1022.0,-0.99,0.0,1.0,10000.0,3.85,33.0,36.0372673,126.6898854,MASTER,2026022505
KR10025001,2026022506,968.375,0.0,893943.5299999999,0.95,86.0,1022.0,-0.99,0.0,0.0,10000.0,6.22,41.0,36.0372673,126.6898854,MASTER,2026022506
KR10025001,2026022507,968.375,11.390000000000008,893954.92,1.18,85.0,1022.0,-0.93,0.0,0.0,10000.0,6.4,48.0,36.0372673,126.6898854,MASTER,2026022507
KR10025001,2026022508,968.375,97.27000000000002,894052.1900000001,1.48,83.0,1022.0,-0.96,0.27,0.0,10000.0,6.69,58.0,36.0372673,126.6898854,MASTER,2026022508
KR10025001,2026022509,968.375,284.13,894336.32,2.39,80.0,1023.0,-0.62,1.0,1.0,10000.0,6.49,64.0,36.0372673,126.6898854,MASTER,2026022509
KR10025001,2026022510,968.375,523.98,894860.2999999999,4.25,73.0,1023.0,-0.13,2.09,3.0,10000.0,6.17,73.0,36.0372673,126.6898854,MASTER,2026022510
KR10025001,2026022511,968.375,720.7899999999998,895581.0900000001,6.94,63.0,1023.0,0.24,3.27,2.0,10000.0,4.92,82.0,36.0372673,126.6898854,MASTER,2026022511
KR10025001,2026022512,968.375,786.3900000000002,896367.48,8.51,56.0,1023.0,0.11,4.03,2.0,10000.0,3.44,93.0,36.0372673,126.6898854,MASTER,2026022512
KR10025001,2026022513,968.375,779.99,897147.4700000001,9.49,52.0,1022.0,-0.07,4.04,1.0,10000.0,2.22,107.0,36.0372673,126.6898854,MASTER,2026022513
KR10025001,2026022514,968.375,699.77,897847.24,10.08,51.0,1022.0,-0.04,3.38,1.0,10000.0,1.14,102.0,36.0372673,126.6898854,MASTER,2026022514
KR10025001,2026022515,968.375,569.94,898417.1799999999,10.09,52.0,1021.0,0.42,2.27,1.0,10000.0,1.0,77.0,36.0372673,126.6898854,MASTER,2026022515
KR10025001,2026022516,968.375,364.6,898781.78,9.75,54.0,1021.0,0.73,1.13,0.0,10000.0,1.54,55.0,36.0372673,126.6898854,MASTER,2026022516
KR10025001,2026022517,968.375,111.8,898893.58,9.6,58.0,1021.0,1.57,0.36,0.0,10000.0,1.89,54.0,36.0372673,126.6898854,MASTER,2026022517
KR10025001,2026022518,968.375,5.560000000000002,898899.1399999999,13.95,41.0,1021.0,0.92,0.0,0.0,10000.0,0.37,52.0,36.0372673,126.6898854,MASTER,2026022518
KR10025001,2026022519,968.375,0.0,898899.1399999999,12.46,49.0,1021.0,2.05,0.0,0.0,10000.0,0.84,319.0,36.0372673,126.6898854,MASTER,2026022519
KR10025001,2026022520,968.375,0.0,898899.1399999999,10.67,57.0,1021.0,2.51,0.0,0.0,10000.0,0.64,318.0,36.0372673,126.6898854,MASTER,2026022520
KR10025001,2026022521,968.375,0.0,898899.1399999999,8.65,65.0,1022.0,2.45,0.0,1.0,10000.0,0.58,4.0,36.0372673,126.6898854,MASTER,2026022521
KR10025001,2026022522,968.375,0.0,898899.1399999999,6.56,75.0,1023.0,2.45,0.0,0.0,10000.0,0.18,87.0,36.0372673,126.6898854,MASTER,2026022522
KR10025001,2026022523,968.375,0.0,898899.1399999999,4.31,86.0,1023.0,2.1,0.0,0.0,10000.0,0.77,97.0,36.0372673,126.6898854,MASTER,2026022523
KR10025001,2026022600,968.375,0.0,898899.1399999999,3.88,88.0,1022.0,1.97,0.0,0.0,10000.0,1.18,90.0,36.0372673,126.6898854,MASTER,2026022600
KR10025001,2026022601,968.375,0.0,898899.1399999999,3.55,89.0,1022.0,1.8,0.0,0.0,10000.0,1.37,70.0,36.0372673,126.6898854,MASTER,2026022601
KR10025001,2026022602,968.375,0.0,898899.1399999999,3.17,90.0,1023.0,1.54,0.0,0.0,10000.0,1.18,54.0,36.0372673,126.6898854,MASTER,2026022602
KR10025001,2026022603,968.375,0.0,898899.1399999999,2.88,89.0,1022.0,1.2,0.0,0.0,10000.0,2.28,44.0,36.0372673,126.6898854,MASTER,2026022603
KR10025001,2026022604,968.375,0.0,898899.1399999999,2.47,89.0,1022.0,0.73,0.0,0.0,10000.0,1.94,46.0,36.0372673,126.6898854,MASTER,2026022604
KR10025001,2026022605,968.375,0.0,898899.1399999999,2.34,88.0,1022.0,0.42,0.0,3.0,10000.0,2.42,55.0,36.0372673,126.6898854,MASTER,2026022605
KR10025001,2026022606,968.375,0.0,898899.1399999999,1.95,87.0,1022.0,0.02,0.0,0.0,10000.0,2.83,60.0,36.0372673,126.6898854,MASTER,2026022606
KR10025001,2026022607,968.375,21.66000000000001,898920.7999999999,1.94,88.0,1022.0,0.17,0.0,9.0,10000.0,2.74,59.0,36.0372673,126.6898854,MASTER,2026022607
KR10025001,2026022608,968.375,150.07000000000002,899070.87,2.21,86.0,1022.0,0.11,0.3,22.0,10000.0,2.51,54.0,36.0372673,126.6898854,MASTER,2026022608
KR10025001,2026022609,968.375,347.24,899418.11,3.33,82.0,1022.0,0.56,1.01,38.0,10000.0,2.61,52.0,36.0372673,126.6898854,MASTER,2026022609
KR10025001,2026022610,968.375,542.65,899960.76,5.21,75.0,1021.0,1.15,2.06,74.0,10000.0,3.39,54.0,36.0372673,126.6898854,MASTER,2026022610
KR10025001,2026022611,968.375,500.04,900460.8,7.36,67.0,1021.0,1.58,3.05,95.0,10000.0,1.83,26.0,36.0372673,126.6898854,MASTER,2026022611
KR10025001,2026022612,968.375,426.9200000000001,900887.72,8.44,63.0,1020.0,1.66,3.58,97.0,10000.0,1.8,29.0,36.0372673,126.6898854,MASTER,2026022612
KR10025001,2026022613,968.375,307.58,901195.3,9.24,60.0,1020.0,1.81,3.55,97.0,10000.0,3.29,313.0,36.0372673,126.6898854,MASTER,2026022613
KR10025001,2026022614,968.375,258.7300000000001,901454.03,9.04,63.0,1019.0,2.23,2.99,98.0,10000.0,4.04,296.0,36.0372673,126.6898854,MASTER,2026022614
KR10025001,2026022615,968.375,170.73,901624.76,8.93,66.0,1018.0,2.61,1.65,98.0,10000.0,3.01,293.0,36.0372673,126.6898854,MASTER,2026022615
KR10025001,2026022616,968.375,136.36,901761.12,8.55,71.0,1018.0,3.19,0.56,100.0,10000.0,2.61,294.0,36.0372673,126.6898854,MASTER,2026022616
KR10025001,2026022617,968.375,60.84000000000001,901821.96,7.81,78.0,1017.0,3.61,0.22,100.0,10000.0,3.12,288.0,36.0372673,126.6898854,MASTER,2026022617
KR10025001,2026022618,968.375,3.5800000000000005,901825.54,8.95,57.0,1017.0,0.9,0.0,40.0,10000.0,4.06,312.0,36.0372673,126.6898854,MASTER,2026022618
KR10025001,2026022619,968.375,0.0,901825.54,8.44,62.0,1017.0,1.59,0.0,52.0,10000.0,2.89,318.0,36.0372673,126.6898854,MASTER,2026022619
KR10025001,2026022620,968.375,0.0,901825.54,7.93,66.0,1017.0,1.98,0.0,64.0,10000.0,2.02,319.0,36.0372673,126.6898854,MASTER,2026022620
KR10025001,2026022621,968.375,0.0,901825.54,7.65,69.0,1017.0,2.33,0.0,76.0,10000.0,2.13,322.0,36.0372673,126.6898854,MASTER,2026022621
KR10025001,2026022622,968.375,0.0,901825.54,7.04,75.0,1017.0,2.92,0.0,88.0,10000.0,2.67,351.0,36.0372673,126.6898854,MASTER,2026022622
KR10025001,2026022623,968.375,0.0,901825.54,6.78,79.0,1017.0,3.3,0.0,100.0,10000.0,1.58,12.0,36.0372673,126.6898854,MASTER,2026022623
KR10025001,2026022700,968.375,0.0,901825.54,6.84,80.0,1017.0,3.66,0.0,100.0,10000.0,1.44,82.0,36.0372673,126.6898854,MASTER,2026022700
KR10025001,2026022701,968.375,0.0,901825.54,6.68,83.0,1017.0,3.92,0.0,100.0,10000.0,1.41,75.0,36.0372673,126.6898854,MASTER,2026022701
KR10025001,2026022702,968.375,0.0,901825.54,6.4,85.0,1017.0,4.02,0.0,100.0,10000.0,0.48,120.0,36.0372673,126.6898854,MASTER,2026022702
KR10025001,2026022703,968.375,0.0,901825.54,6.15,86.0,1016.0,3.83,0.0,100.0,10000.0,1.64,59.0,36.0372673,126.6898854,MASTER,2026022703
KR10025001,2026022704,968.375,0.0,901825.54,6.15,86.0,1016.0,3.89,0.0,100.0,10000.0,2.04,58.0,36.0372673,126.6898854,MASTER,2026022704
KR10025001,2026022705,968.375,0.0,901825.54,5.95,86.0,1016.0,3.74,0.0,100.0,10000.0,2.51,52.0,36.0372673,126.6898854,MASTER,2026022705
KR10025001,2026022706,968.375,0.0,901825.54,7.95,81.0,1015.0,4.89,0.0,100.0,10000.0,3.77,46.0,36.0372673,126.6898854,MASTER,2026022706
KR10025001,2026022707,968.375,10.530000000000005,901836.07,7.63,82.0,1015.0,4.76,0.0,100.0,10000.0,3.58,52.0,36.0372673,126.6898854,MASTER,2026022707
KR10025001,2026022708,968.375,107.65,901943.72,7.38,83.0,1015.0,4.69,0.27,100.0,10000.0,3.55,53.0,36.0372673,126.6898854,MASTER,2026022708
KR10025001,2026022709,968.375,236.57,902180.29,7.26,82.0,1016.0,4.4,0.85,100.0,10000.0,3.95,44.0,36.0372673,126.6898854,MASTER,2026022709
KR10025001,2026022710,968.375,287.76000000000005,902468.05,7.49,78.0,1016.0,3.91,1.67,100.0,10000.0,3.76,37.0,36.0372673,126.6898854,MASTER,2026022710
KR10025001,2026022711,968.375,308.89,902776.94,8.03,75.0,1016.0,3.82,2.61,100.0,10000.0,3.42,21.0,36.0372673,126.6898854,MASTER,2026022711
KR10025001,2026022712,968.375,329.31,903106.25,8.45,74.0,1016.0,3.96,2.87,100.0,10000.0,2.57,12.0,36.0372673,126.6898854,MASTER,2026022712
KR10025001,2026022713,968.375,298.59000000000003,903404.84,8.68,73.0,1015.0,4.13,3.46,100.0,10000.0,2.04,338.0,36.0372673,126.6898854,MASTER,2026022713
KR10025001,2026022714,968.375,365.44,903770.28,8.88,74.0,1015.0,4.26,2.0,100.0,10000.0,1.94,311.0,36.0372673,126.6898854,MASTER,2026022714
KR10025001,2026022715,968.375,380.01,904150.29,9.37,72.0,1014.0,4.42,1.06,100.0,10000.0,0.39,52.0,36.0372673,126.6898854,MASTER,2026022715
KR10025001,2026022716,968.375,320.93,904471.22,10.36,68.0,1014.0,4.49,1.0,38.0,10000.0,1.11,98.0,36.0372673,126.6898854,MASTER,2026022716
KR10025001,2026022717,968.375,107.53000000000002,904578.75,10.35,67.0,1015.0,4.41,0.28,28.0,10000.0,0.7,354.0,36.0372673,126.6898854,MASTER,2026022717
KR10025001,2026022718,968.375,7.270000000000002,904586.02,9.95,66.0,1015.0,3.9,0.0,0.0,10000.0,1.36,326.0,36.0372673,126.6898854,MASTER,2026022718
KR10025001,2026022719,968.375,0.0,904586.02,9.45,69.0,1015.0,4.06,0.0,4.0,10000.0,1.88,329.0,36.0372673,126.6898854,MASTER,2026022719
KR10025001,2026022720,968.375,0.0,904586.02,8.75,73.0,1015.0,4.19,0.0,8.0,10000.0,1.38,336.0,36.0372673,126.6898854,MASTER,2026022720
KR10025001,2026022721,968.375,0.0,904586.02,8.48,74.0,1016.0,4.12,0.0,17.0,10000.0,1.21,341.0,36.0372673,126.6898854,MASTER,2026022721
KR10025001,2026022722,968.375,0.0,904586.02,7.62,78.0,1017.0,4.03,0.0,48.0,10000.0,1.53,349.0,36.0372673,126.6898854,MASTER,2026022722
KR10025001,2026022723,968.375,0.0,904586.02,6.54,81.0,1017.0,3.47,0.0,31.0,10000.0,1.93,4.0,36.0372673,126.6898854,MASTER,2026022723
KR10025001,2026022800,968.375,0.0,904586.02,6.36,80.0,1017.0,3.02,0.0,23.0,10000.0,1.87,9.0,36.0372673,126.6898854,MASTER,2026022800
KR10025001,2026022801,968.375,0.0,904586.02,5.89,79.0,1018.0,2.45,0.0,18.0,10000.0,1.9,349.0,36.0372673,126.6898854,MASTER,2026022801
KR10025001,2026022802,968.375,0.0,904586.02,5.44,78.0,1019.0,1.85,0.0,15.0,10000.0,2.06,338.0,36.0372673,126.6898854,MASTER,2026022802
KR10025001,2026022803,968.375,0.0,904586.02,5.19,76.0,1019.0,1.3,0.0,12.0,10000.0,2.08,7.0,36.0372673,126.6898854,MASTER,2026022803
KR10025001,2026022804,968.375,0.0,904586.02,4.91,76.0,1019.0,0.99,0.0,0.0,10000.0,2.59,39.0,36.0372673,126.6898854,MASTER,2026022804
KR10025001,2026022805,968.375,0.0,904586.02,4.59,78.0,1019.0,0.89,0.0,0.0,10000.0,2.13,37.0,36.0372673,126.6898854,MASTER,2026022805
KR10025001,2026022806,968.375,0.0,904586.02,0.95,100.0,1020.0,0.95,0.0,0.0,10000.0,2.16,44.0,36.0372673,126.6898854,MASTER,2026022806
KR10025001,2026022807,968.375,26.290000000000013,904612.31,1.63,97.0,1020.0,1.21,0.0,0.0,10000.0,2.59,45.0,36.0372673,126.6898854,MASTER,2026022807
KR10025001,2026022808,968.375,154.52,904766.8299999998,2.5,94.0,1020.0,1.63,0.29,0.0,10000.0,2.64,52.0,36.0372673,126.6898854,MASTER,2026022808
KR10025001,2026022809,968.375,367.52,905134.35,4.38,85.0,1021.0,2.08,0.97,0.0,10000.0,3.03,50.0,36.0372673,126.6898854,MASTER,2026022809
KR10025001,2026022810,968.375,569.2500000000002,905703.6,6.91,72.0,1021.0,2.22,2.04,0.0,10000.0,3.07,50.0,36.0372673,126.6898854,MASTER,2026022810
KR10025001,2026022811,968.375,696.4600000000002,906400.06,9.89,57.0,1021.0,1.7,3.07,0.0,10000.0,3.1,46.0,36.0372673,126.6898854,MASTER,2026022811
KR10025001,2026022812,968.375,756.2499999999998,907156.31,11.14,51.0,1021.0,1.37,3.86,0.0,10000.0,2.73,38.0,36.0372673,126.6898854,MASTER,2026022812
KR10025001,2026022813,968.375,751.1099999999998,907907.42,12.08,48.0,1021.0,1.13,3.97,0.0,10000.0,2.5,29.0,36.0372673,126.6898854,MASTER,2026022813
KR10025001,2026022814,968.375,679.88,908587.3,12.58,46.0,1020.0,0.99,3.41,0.0,10000.0,1.87,1.0,36.0372673,126.6898854,MASTER,2026022814
KR10025001,2026022815,968.375,543.84,909131.14,12.8,46.0,1020.0,1.0,2.3,0.0,10000.0,2.01,335.0,36.0372673,126.6898854,MASTER,2026022815
KR10025001,2026022816,968.375,343.81,909474.95,12.32,49.0,1020.0,1.32,1.16,0.0,10000.0,2.56,301.0,36.0372673,126.6898854,MASTER,2026022816
KR10025001,2026022817,968.375,111.75,909586.6999999998,10.81,56.0,1020.0,2.14,0.38,0.0,10000.0,3.84,285.0,36.0372673,126.6898854,MASTER,2026022817
KR10025001,2026022818,968.375,7.550000000000001,909594.25,11.95,43.0,1021.0,-0.2,0.0,0.0,10000.0,2.97,292.0,36.0372673,126.6898854,MASTER,2026022818
KR10025001,2026022819,968.375,0.0,909594.25,11.14,48.0,1021.0,0.55,0.0,0.0,10000.0,2.48,303.0,36.0372673,126.6898854,MASTER,2026022819
KR10025001,2026022820,968.375,0.0,909594.25,10.32,53.0,1021.0,1.17,0.0,0.0,10000.0,1.89,330.0,36.0372673,126.6898854,MASTER,2026022820
KR10025001,2026022821,968.375,0.0,909594.25,9.41,58.0,1022.0,1.57,0.0,1.0,10000.0,1.35,304.0,36.0372673,126.6898854,MASTER,2026022821
KR10025001,2026022822,968.375,0.0,909594.25,8.07,67.0,1022.0,2.32,0.0,21.0,10000.0,0.82,262.0,36.0372673,126.6898854,MASTER,2026022822
KR10025001,2026022823,968.375,0.0,909594.25,6.34,78.0,1023.0,2.67,0.0,26.0,10000.0,1.34,223.0,36.0372673,126.6898854,MASTER,2026022823
KR10025001,2026030100,968.375,0.0,909594.25,5.92,81.0,1023.0,2.85,0.0,50.0,10000.0,1.27,194.0,36.0372673,126.6898854,MASTER,2026030100
KR10025001,2026030101,968.375,0.0,909594.25,5.7,81.0,1024.0,2.65,0.0,63.0,10000.0,0.87,169.0,36.0372673,126.6898854,MASTER,2026030101
KR10025001,2026030102,968.375,0.0,909594.25,5.53,81.0,1024.0,2.39,0.0,70.0,10000.0,0.93,91.0,36.0372673,126.6898854,MASTER,2026030102
KR10025001,2026030103,968.375,0.0,909594.25,5.37,80.0,1024.0,2.11,0.0,75.0,10000.0,1.63,58.0,36.0372673,126.6898854,MASTER,2026030103
KR10025001,2026030104,968.375,0.0,909594.25,4.96,81.0,1023.0,1.83,0.0,90.0,10000.0,2.68,60.0,36.0372673,126.6898854,MASTER,2026030104
KR10025001,2026030105,968.375,0.0,909594.25,4.52,83.0,1023.0,1.8,0.0,95.0,10000.0,3.01,49.0,36.0372673,126.6898854,MASTER,2026030105
KR10025001,2026030106,968.375,0.0,909594.25,6.95,70.0,1023.0,1.86,0.0,100.0,10000.0,3.47,55.0,36.0372673,126.6898854,MASTER,2026030106
KR10025001,2026030107,968.375,32.830000000000005,909627.08,6.34,73.0,1023.0,1.86,0.0,98.0,10000.0,3.32,58.0,36.0372673,126.6898854,MASTER,2026030107
KR10025001,2026030108,968.375,150.47000000000003,909777.55,5.99,75.0,1023.0,1.9,0.27,96.0,10000.0,2.78,20.0,36.0372673,126.6898854,MASTER,2026030108
KR10025001,2026030109,968.375,381.09,910158.64,6.48,72.0,1024.0,1.8,0.9,95.0,10000.0,3.79,56.0,36.0372673,126.6898854,MASTER,2026030109
KR10025001,2026030110,968.375,547.7900000000001,910706.43,7.66,67.0,1024.0,1.93,1.98,98.0,10000.0,3.52,70.0,36.0372673,126.6898854,MASTER,2026030110
KR10025001,2026030111,968.375,691.6499999999999,911398.08,9.16,62.0,1024.0,2.2,2.95,100.0,10000.0,2.49,81.0,36.0372673,126.6898854,MASTER,2026030111
KR10025001,2026030112,968.375,638.0400000000002,912036.12,10.39,58.0,1023.0,2.45,3.92,100.0,10000.0,2.17,79.0,36.0372673,126.6898854,MASTER,2026030112
KR10025001,2026030113,968.375,569.3400000000001,912605.46,11.55,55.0,1023.0,2.63,4.07,96.0,10000.0,0.88,360.0,36.0372673,126.6898854,MASTER,2026030113
KR10025001,2026030114,968.375,615.2299999999999,913220.69,11.84,54.0,1023.0,2.67,3.37,95.0,10000.0,2.32,275.0,36.0372673,126.6898854,MASTER,2026030114
KR10025001,2026030115,968.375,513.6399999999999,913734.33,11.5,56.0,1022.0,2.82,2.14,95.0,10000.0,3.87,291.0,36.0372673,126.6898854,MASTER,2026030115
KR10025001,2026030116,968.375,224.7,913959.03,11.18,58.0,1022.0,2.68,1.02,94.0,10000.0,3.46,299.0,36.0372673,126.6898854,MASTER,2026030116
KR10025001,2026030117,968.375,73.74,914032.77,10.01,63.0,1022.0,2.74,0.35,97.0,10000.0,4.07,290.0,36.0372673,126.6898854,MASTER,2026030117
KR10025001,2026030118,968.375,4.150000000000001,914036.9200000002,9.95,53.0,1021.0,0.82,0.0,75.0,10000.0,2.39,354.0,36.0372673,126.6898854,MASTER,2026030118
KR10025001,2026030119,968.375,0.0,914036.9200000002,9.82,55.0,1021.0,1.22,0.0,80.0,10000.0,6.91,56.0,36.0372673,126.6898854,MASTER,2026030119
KR10025001,2026030120,968.375,0.0,914036.9200000002,9.36,57.0,1021.0,1.28,0.0,85.0,10000.0,7.6,54.0,36.0372673,126.6898854,MASTER,2026030120
KR10025001,2026030121,968.375,0.0,914036.9200000002,8.88,59.0,1021.0,1.31,0.0,90.0,10000.0,7.35,59.0,36.0372673,126.6898854,MASTER,2026030121
KR10025001,2026030122,968.375,0.0,914036.9200000002,8.4,64.0,1021.0,1.99,0.0,95.0,10000.0,5.41,62.0,36.0372673,126.6898854,MASTER,2026030122
KR10025001,2026030123,968.375,0.0,914036.9200000002,7.8,68.0,1021.0,2.14,0.0,100.0,10000.0,4.86,53.0,36.0372673,126.6898854,MASTER,2026030123
KR10025001,2026030200,968.375,0.0,914036.9200000002,7.33,68.0,1020.0,1.75,0.0,100.0,10000.0,4.33,51.0,36.0372673,126.6898854,MASTER,2026030200
KR10025001,2026030201,968.375,0.0,914036.9200000002,6.92,68.0,1021.0,1.41,0.0,100.0,10000.0,4.84,42.0,36.0372673,126.6898854,MASTER,2026030201
KR10025001,2026030202,968.375,0.0,914036.9200000002,6.54,71.0,1021.0,1.54,0.0,100.0,10000.0,5.57,44.0,36.0372673,126.6898854,MASTER,2026030202
KR10025001,2026030203,968.375,0.0,914036.9200000002,6.56,73.0,1020.0,1.95,0.0,100.0,10000.0,5.68,53.0,36.0372673,126.6898854,MASTER,2026030203
KR10025001,2026030204,968.375,0.0,914036.9200000002,6.34,70.0,1019.0,1.23,0.0,100.0,10000.0,6.82,50.0,36.0372673,126.6898854,MASTER,2026030204
KR10025001,2026030205,968.375,0.0,914036.9200000002,6.4,68.0,1018.0,0.92,0.0,100.0,10000.0,8.16,59.0,36.0372673,126.6898854,MASTER,2026030205
KR10025001,2026030206,968.375,0.0,914036.9200000002,5.95,87.0,1018.0,3.95,0.0,100.0,10000.0,5.64,72.0,36.0372673,126.6898854,MASTER,2026030206
KR10025001,2026030207,968.375,2.02,914038.94,5.96,85.0,1018.0,3.63,0.0,100.0,10000.0,6.88,70.0,36.0372673,126.6898854,MASTER,2026030207
KR10025001,2026030208,968.375,13.93000000000001,914052.87,5.84,86.0,1018.0,3.68,0.03,100.0,10000.0,8.32,71.0,36.0372673,126.6898854,MASTER,2026030208
KR10025001,2026030209,968.375,45.28,914098.1499999998,5.81,85.0,1018.0,3.49,0.14,100.0,9399.0,8.56,70.0,36.0372673,126.6898854,MASTER,2026030209
KR10025001,2026030210,968.375,96.45000000000005,914194.6,5.85,85.0,1017.0,3.53,0.29,100.0,10000.0,8.55,70.0,36.0372673,126.6898854,MASTER,2026030210
KR10025001,2026030211,968.375,134.61,914329.21,5.9,84.0,1017.0,3.34,0.34,100.0,10000.0,8.31,64.0,36.0372673,126.6898854,MASTER,2026030211
KR10025001,2026030212,968.375,155.0900000000001,914484.3,6.06,83.0,1017.0,3.31,0.33,100.0,10000.0,8.84,66.0,36.0372673,126.6898854,MASTER,2026030212
KR10025001,2026030213,968.375,115.92000000000006,914600.22,6.07,85.0,1015.0,3.61,0.36,100.0,10000.0,9.98,71.0,36.0372673,126.6898854,MASTER,2026030213
KR10025001,2026030214,968.375,80.48,914680.7,6.18,85.0,1013.0,3.81,0.39,100.0,10000.0,10.21,71.0,36.0372673,126.6898854,MASTER,2026030214
KR10025001,2026030215,968.375,44.33999999999999,914725.04,6.39,83.0,1013.0,3.63,0.31,100.0,10000.0,10.41,71.0,36.0372673,126.6898854,MASTER,2026030215
KR10025001,2026030216,968.375,19.28000000000001,914744.32,6.26,83.0,1012.0,3.52,0.16,100.0,10000.0,10.55,70.0,36.0372673,126.6898854,MASTER,2026030216
KR10025001,2026030217,968.375,4.740000000000003,914749.06,6.08,85.0,1013.0,3.58,0.05,100.0,8349.0,9.76,69.0,36.0372673,126.6898854,MASTER,2026030217
KR10025001,2026030218,968.375,0.27,914749.33,6.95,87.0,1014.0,4.94,0.0,100.0,5605.0,9.92,59.0,36.0372673,126.6898854,MASTER,2026030218
KR10025001,2026030219,968.375,0.0,914749.33,6.67,87.0,1014.0,4.66,0.0,100.0,5590.0,10.39,62.0,36.0372673,126.6898854,MASTER,2026030219
KR10025001,2026030220,968.375,0.0,914749.33,6.38,87.0,1015.0,4.38,0.0,100.0,10000.0,10.54,62.0,36.0372673,126.6898854,MASTER,2026030220
KR10025001,2026030221,968.375,0.0,914749.33,5.99,87.0,1015.0,3.99,0.0,100.0,10000.0,10.94,71.0,36.0372673,126.6898854,MASTER,2026030221
KR10025001,2026030222,968.375,0.0,914749.33,5.55,87.0,1016.0,3.56,0.0,100.0,10000.0,9.3,78.0,36.0372673,126.6898854,MASTER,2026030222
KR10025001,2026030223,968.375,0.0,914749.33,5.17,86.0,1017.0,2.89,0.0,100.0,10000.0,7.89,71.0,36.0372673,126.6898854,MASTER,2026030223
KR10025001,2026030300,968.375,0.0,914749.33,5.45,82.0,1017.0,2.61,0.0,100.0,10000.0,7.93,60.0,36.0372673,126.6898854,MASTER,2026030300
KR10025001,2026030301,968.375,0.0,914749.33,5.46,82.0,1017.0,2.56,0.0,100.0,10000.0,8.52,58.0,36.0372673,126.6898854,MASTER,2026030301
KR10025001,2026030302,968.375,0.0,914749.33,5.15,85.0,1017.0,2.71,0.0,100.0,10000.0,8.98,55.0,36.0372673,126.6898854,MASTER,2026030302
KR10025001,2026030303,968.375,0.0,914749.33,4.87,89.0,1017.0,3.05,0.0,100.0,10000.0,8.57,48.0,36.0372673,126.6898854,MASTER,2026030303
KR10025001,2026030304,968.375,0.0,914749.33,4.68,92.0,1018.0,3.34,0.0,100.0,10000.0,7.75,41.0,36.0372673,126.6898854,MASTER,2026030304
KR10025001,2026030305,968.375,0.0,914749.33,4.83,89.0,1018.0,3.14,0.0,100.0,10000.0,8.02,39.0,36.0372673,126.6898854,MASTER,2026030305
KR10025001,2026030306,968.375,0.01,914749.34,5.95,81.0,1019.0,2.94,0.0,100.0,10000.0,8.37,44.0,36.0372673,126.6898854,MASTER,2026030306
KR10025001,2026030307,968.375,29.640000000000004,914778.98,5.71,83.0,1019.0,3.05,0.0,100.0,10000.0,8.01,39.0,36.0372673,126.6898854,MASTER,2026030307
KR10025001,2026030308,968.375,172.98999999999995,914951.97,5.52,85.0,1019.0,3.2,0.2,100.0,10000.0,7.93,40.0,36.0372673,126.6898854,MASTER,2026030308
KR10025001,2026030309,968.375,416.46,915368.43,5.59,85.0,1020.0,3.27,1.12,100.0,10000.0,6.88,45.0,36.0372673,126.6898854,MASTER,2026030309
KR10025001,2026030310,968.375,617.2700000000001,915985.7,6.48,79.0,1021.0,3.11,2.43,86.0,10000.0,7.65,49.0,36.0372673,126.6898854,MASTER,2026030310
KR10025001,2026030311,968.375,737.91,916723.61,7.05,76.0,1021.0,3.01,3.64,87.0,10000.0,7.13,51.0,36.0372673,126.6898854,MASTER,2026030311
KR10025001,2026030312,968.375,801.5200000000003,917525.13,7.67,72.0,1021.0,2.76,4.24,88.0,10000.0,7.07,54.0,36.0372673,126.6898854,MASTER,2026030312
KR10025001,2026030313,968.375,788.1500000000002,918313.28,9.14,65.0,1022.0,2.9,4.44,86.0,10000.0,6.61,53.0,36.0372673,126.6898854,MASTER,2026030313
KR10025001,2026030314,968.375,668.2,918981.48,9.88,62.0,1021.0,2.96,3.79,74.0,10000.0,5.95,53.0,36.0372673,126.6898854,MASTER,2026030314
KR10025001,2026030315,968.375,536.28,919517.76,10.07,61.0,1021.0,2.86,2.54,67.0,10000.0,5.65,60.0,36.0372673,126.6898854,MASTER,2026030315
KR10025001,2026030316,968.375,367.13999999999993,919884.9,10.18,60.0,1021.0,2.67,1.24,9.0,10000.0,4.39,59.0,36.0372673,126.6898854,MASTER,2026030316
KR10025001,2026030317,968.375,122.82000000000002,920007.72,9.97,59.0,1022.0,2.32,0.41,8.0,10000.0,3.13,49.0,36.0372673,126.6898854,MASTER,2026030317
KR10025001,2026030318,968.375,9.130000000000004,920016.85,9.95,71.0,1022.0,4.94,0.0,0.0,10000.0,2.96,340.0,36.0372673,126.6898854,MASTER,2026030318
KR10025001,2026030319,968.375,0.0,920016.85,9.52,71.0,1022.0,4.53,0.0,8.0,10000.0,3.34,337.0,36.0372673,126.6898854,MASTER,2026030319
KR10025001,2026030320,968.375,0.0,920016.85,8.88,71.0,1022.0,3.92,0.0,13.0,10000.0,3.55,342.0,36.0372673,126.6898854,MASTER,2026030320
KR10025001,2026030321,968.375,0.0,920016.85,7.82,71.0,1023.0,2.9,0.0,17.0,10000.0,4.77,345.0,36.0372673,126.6898854,MASTER,2026030321
KR10025001,2026030322,968.375,0.0,920016.85,6.47,74.0,1024.0,2.18,0.0,4.0,10000.0,4.3,337.0,36.0372673,126.6898854,MASTER,2026030322
KR10025001,2026030323,968.375,0.0,920016.85,5.09,77.0,1024.0,1.22,0.0,5.0,10000.0,3.45,342.0,36.0372673,126.6898854,MASTER,2026030323
KR10025001,2026030400,968.375,0.0,920016.85,4.82,78.0,1024.0,1.24,0.0,5.0,10000.0,3.02,343.0,36.0372673,126.6898854,MASTER,2026030400
KR10025001,2026030401,968.375,0.0,920016.85,4.57,79.0,1025.0,1.25,0.0,5.0,10000.0,2.5,331.0,36.0372673,126.6898854,MASTER,2026030401
KR10025001,2026030402,968.375,0.0,920016.85,4.28,80.0,1025.0,1.12,0.0,5.0,10000.0,2.5,338.0,36.0372673,126.6898854,MASTER,2026030402
KR10025001,2026030403,968.375,0.0,920016.85,4.0,81.0,1025.0,1.01,0.0,4.0,10000.0,2.91,342.0,36.0372673,126.6898854,MASTER,2026030403
KR10025001,2026030404,968.375,0.0,920016.85,3.72,82.0,1025.0,0.82,0.0,0.0,10000.0,2.73,346.0,36.0372673,126.6898854,MASTER,2026030404
KR10025001,2026030405,968.375,0.0,920016.85,3.46,82.0,1025.0,0.61,0.0,0.0,10000.0,2.75,355.0,36.0372673,126.6898854,MASTER,2026030405
KR10025001,2026030406,968.375,0.09,920016.94,0.95,86.0,1024.0,-0.99,0.0,0.0,10000.0,2.17,34.0,36.0372673,126.6898854,MASTER,2026030406
KR10025001,2026030407,968.375,34.02000000000002,920050.96,1.36,85.0,1024.0,-0.78,0.0,0.0,10000.0,2.04,42.0,36.0372673,126.6898854,MASTER,2026030407
KR10025001,2026030408,968.375,173.72,920224.68,2.08,82.0,1024.0,-0.59,0.32,0.0,10000.0,1.73,29.0,36.0372673,126.6898854,MASTER,2026030408
KR10025001,2026030409,968.375,398.24000000000007,920622.92,3.63,75.0,1025.0,-0.34,0.99,1.0,10000.0,1.93,7.0,36.0372673,126.6898854,MASTER,2026030409
KR10025001,2026030410,968.375,578.5800000000002,921201.5,5.66,65.0,1026.0,-0.35,1.94,0.0,10000.0,2.46,350.0,36.0372673,126.6898854,MASTER,2026030410
KR10025001,2026030411,968.375,674.9,921876.4,7.98,55.0,1025.0,-0.59,2.89,6.0,10000.0,3.06,341.0,36.0372673,126.6898854,MASTER,2026030411
KR10025001,2026030412,968.375,756.8799999999999,922633.28,8.71,54.0,1025.0,-0.23,3.57,21.0,10000.0,4.16,332.0,36.0372673,126.6898854,MASTER,2026030412
KR10025001,2026030413,968.375,750.77,923384.05,9.09,54.0,1025.0,0.06,3.64,39.0,10000.0,4.57,324.0,36.0372673,126.6898854,MASTER,2026030413
KR10025001,2026030414,968.375,671.43,924055.48,9.39,54.0,1024.0,0.33,3.15,37.0,10000.0,4.48,317.0,36.0372673,126.6898854,MASTER,2026030414
KR10025001,2026030415,968.375,525.49,924580.97,9.32,56.0,1024.0,0.78,2.13,32.0,10000.0,5.56,312.0,36.0372673,126.6898854,MASTER,2026030415
KR10025001,2026030416,968.375,326.95,924907.92,8.68,60.0,1023.0,1.04,1.07,5.0,10000.0,5.86,312.0,36.0372673,126.6898854,MASTER,2026030416
KR10025001,2026030417,968.375,116.21999999999998,925024.14,7.86,63.0,1023.0,1.06,0.36,4.0,10000.0,5.78,315.0,36.0372673,126.6898854,MASTER,2026030417
KR10025001,2026030418,968.375,9.710000000000004,925033.85,9.95,62.0,1024.0,3.02,0.0,0.0,10000.0,4.73,322.0,36.0372673,126.6898854,MASTER,2026030418
KR10025001,2026030419,968.375,0.0,925033.85,9.17,64.0,1024.0,2.72,0.0,0.0,10000.0,3.71,329.0,36.0372673,126.6898854,MASTER,2026030419
KR10025001,2026030420,968.375,0.0,925033.85,8.32,65.0,1024.0,2.13,0.0,0.0,10000.0,2.74,335.0,36.0372673,126.6898854,MASTER,2026030420
KR10025001,2026030421,968.375,0.0,925033.85,7.36,67.0,1024.0,1.64,0.0,0.0,10000.0,2.84,348.0,36.0372673,126.6898854,MASTER,2026030421
KR10025001,2026030422,968.375,0.0,925033.85,6.2,68.0,1025.0,0.74,0.0,2.0,10000.0,2.87,349.0,36.0372673,126.6898854,MASTER,2026030422
KR10025001,2026030423,968.375,0.0,925033.85,4.91,70.0,1025.0,-0.33,0.0,2.0,10000.0,2.4,342.0,36.0372673,126.6898854,MASTER,2026030423
KR10025001,2026030500,968.375,0.0,925033.85,4.59,69.0,1025.0,-0.64,0.0,3.0,10000.0,2.33,358.0,36.0372673,126.6898854,MASTER,2026030500
KR10025001,2026030501,968.375,0.0,925033.85,4.26,69.0,1025.0,-1.05,0.0,4.0,10000.0,1.32,23.0,36.0372673,126.6898854,MASTER,2026030501
KR10025001,2026030502,968.375,0.0,925033.85,3.91,68.0,1025.0,-1.5,0.0,4.0,10000.0,2.09,38.0,36.0372673,126.6898854,MASTER,2026030502
KR10025001,2026030503,968.375,0.0,925033.85,3.49,69.0,1024.0,-1.73,0.0,3.0,10000.0,2.06,51.0,36.0372673,126.6898854,MASTER,2026030503
KR10025001,2026030504,968.375,0.0,925033.85,3.1,70.0,1023.0,-1.89,0.0,14.0,10000.0,2.7,62.0,36.0372673,126.6898854,MASTER,2026030504
KR10025001,2026030505,968.375,0.0,925033.85,2.81,72.0,1024.0,-1.92,0.0,15.0,10000.0,1.83,66.0,36.0372673,126.6898854,MASTER,2026030505
KR10025001,2026030506,968.375,0.09,925033.94,1.95,93.0,1023.0,0.94,0.0,0.0,10000.0,2.47,55.0,36.0372673,126.6898854,MASTER,2026030506
KR10025001,2026030507,968.375,47.43,925081.37,2.07,89.0,1023.0,0.45,0.0,1.0,10000.0,2.49,70.0,36.0372673,126.6898854,MASTER,2026030507
KR10025001,2026030508,968.375,150.53,925231.9,2.51,84.0,1023.0,0.09,0.3,3.0,10000.0,2.45,82.0,36.0372673,126.6898854,MASTER,2026030508
KR10025001,2026030509,968.375,372.67,925604.57,3.91,75.0,1024.0,-0.1,0.88,14.0,10000.0,2.25,107.0,36.0372673,126.6898854,MASTER,2026030509
KR10025001,2026030510,968.375,567.21,926171.78,6.12,65.0,1025.0,0.04,1.81,38.0,10000.0,2.28,111.0,36.0372673,126.6898854,MASTER,2026030510
KR10025001,2026030511,968.375,394.77,926566.55,8.71,56.0,1024.0,0.39,2.79,74.0,10000.0,2.0,148.0,36.0372673,126.6898854,MASTER,2026030511
KR10025001,2026030512,968.375,445.45,927012.0,10.11,59.0,1024.0,2.27,3.42,83.0,10000.0,2.47,173.0,36.0372673,126.6898854,MASTER,2026030512
KR10025001,2026030513,968.375,479.52,927491.52,11.2,59.0,1023.0,3.44,3.3,87.0,10000.0,2.42,174.0,36.0372673,126.6898854,MASTER,2026030513
KR10025001,2026030514,968.375,337.3,927828.82,11.9,57.0,1021.0,3.64,2.77,90.0,10000.0,1.82,201.0,36.0372673,126.6898854,MASTER,2026030514
KR10025001,2026030515,968.375,143.66000000000005,927972.48,11.73,59.0,1021.0,3.86,1.89,90.0,10000.0,4.24,265.0,36.0372673,126.6898854,MASTER,2026030515
KR10025001,2026030516,968.375,53.72999999999994,928026.21,10.04,68.0,1021.0,4.35,0.74,100.0,10000.0,4.25,266.0,36.0372673,126.6898854,MASTER,2026030516
KR10025001,2026030517,968.375,7.490000000000005,928033.7,9.05,71.0,1021.0,3.99,0.17,100.0,10000.0,4.87,282.0,36.0372673,126.6898854,MASTER,2026030517
KR10025001,2026030518,968.375,0.7300000000000001,928034.4299999998,10.95,71.0,1021.0,5.9,0.0,100.0,9917.0,5.57,280.0,36.0372673,126.6898854,MASTER,2026030518
KR10025001,2026030519,968.375,0.0,928034.4299999998,9.96,76.0,1021.0,5.93,0.0,100.0,8532.0,5.87,297.0,36.0372673,126.6898854,MASTER,2026030519
KR10025001,2026030520,968.375,0.0,928034.4299999998,8.73,79.0,1021.0,5.3,0.0,100.0,7740.0,5.34,305.0,36.0372673,126.6898854,MASTER,2026030520
KR10025001,2026030521,968.375,0.0,928034.4299999998,7.38,83.0,1021.0,4.69,0.0,100.0,9065.0,3.63,313.0,36.0372673,126.6898854,MASTER,2026030521
KR10025001,2026030522,968.375,0.0,928034.4299999998,5.97,88.0,1022.0,4.14,0.0,100.0,5696.0,4.07,289.0,36.0372673,126.6898854,MASTER,2026030522
KR10025001,2026030523,968.375,0.0,928034.4299999998,2.52,98.0,1022.0,2.08,0.0,100.0,,4.61,299.0,36.0372673,126.6898854,MASTER,2026030523
KR10025001,2026030600,968.375,0.0,928034.4299999998,1.63,99.0,1022.0,1.36,0.0,100.0,156.0,3.86,304.0,36.0372673,126.6898854,MASTER,2026030600
KR10025001,2026030601,968.375,0.0,928034.4299999998,1.6,99.0,1022.0,1.4,0.0,100.0,47.0,2.45,294.0,36.0372673,126.6898854,MASTER,2026030601
KR10025001,2026030602,968.375,0.0,928034.4299999998,1.67,99.0,1022.0,1.4,0.0,100.0,61.0,1.83,294.0,36.0372673,126.6898854,MASTER,2026030602
KR10025001,2026030603,968.375,0.0,928034.4299999998,2.06,97.0,1021.0,1.54,0.0,100.0,3433.0,3.25,296.0,36.0372673,126.6898854,MASTER,2026030603
KR10025001,2026030604,968.375,0.0,928034.4299999998,2.46,90.0,1021.0,0.81,0.0,100.0,10000.0,3.5,300.0,36.0372673,126.6898854,MASTER,2026030604
KR10025001,2026030605,968.375,0.0,928034.4299999998,2.76,85.0,1021.0,0.34,0.0,100.0,10000.0,2.66,302.0,36.0372673,126.6898854,MASTER,2026030605
KR10025001,2026030606,968.375,0.0,928034.4299999998,0.95,100.0,1021.0,0.95,0.0,0.0,10000.0,2.53,327.0,36.0372673,126.6898854,MASTER,2026030606
KR10025001,2026030607,968.375,8.750000000000004,928043.1799999998,1.07,97.0,1021.0,0.65,0.0,11.0,10000.0,2.17,341.0,36.0372673,126.6898854,MASTER,2026030607
KR10025001,2026030608,968.375,39.14,928082.32,1.52,94.0,1021.0,0.66,0.31,19.0,10000.0,0.87,356.0,36.0372673,126.6898854,MASTER,2026030608
KR10025001,2026030609,968.375,64.51,928146.83,2.5,88.0,1022.0,0.72,0.99,32.0,10000.0,1.09,321.0,36.0372673,126.6898854,MASTER,2026030609
KR10025001,2026030610,968.375,78.47999999999999,928225.31,3.78,77.0,1022.0,0.13,1.82,74.0,10000.0,3.25,313.0,36.0372673,126.6898854,MASTER,2026030610
KR10025001,2026030611,968.375,119.48000000000005,928344.79,4.9,68.0,1022.0,-0.57,2.24,94.0,10000.0,5.6,311.0,36.0372673,126.6898854,MASTER,2026030611
KR10025001,2026030612,968.375,92.64000000000004,928437.43,4.62,71.0,1023.0,-0.21,2.61,96.0,10000.0,5.84,312.0,36.0372673,126.6898854,MASTER,2026030612
KR10025001,2026030613,968.375,361.8,928799.23,5.05,71.0,1023.0,0.24,2.46,97.0,10000.0,6.37,307.0,36.0372673,126.6898854,MASTER,2026030613
KR10025001,2026030614,968.375,84.79999999999997,928884.03,5.15,73.0,1022.0,0.56,1.34,95.0,7771.0,6.96,302.0,36.0372673,126.6898854,MASTER,2026030614
KR10025001,2026030615,968.375,122.66,929006.69,3.59,78.0,1022.0,0.02,1.43,97.0,10000.0,7.76,320.0,36.0372673,126.6898854,MASTER,2026030615
KR10025001,2026030616,968.375,93.15999999999998,929099.85,3.39,68.0,1023.0,-2.04,1.04,82.0,10000.0,8.85,315.0,36.0372673,126.6898854,MASTER,2026030616
KR10025001,2026030617,968.375,14.31000000000001,929114.16,2.77,68.0,1023.0,-2.72,0.36,71.0,10000.0,8.42,313.0,36.0372673,126.6898854,MASTER,2026030617
KR10025001,2026030618,968.375,0.61,929114.77,2.95,70.0,1023.0,-1.75,0.0,100.0,10000.0,7.8,314.0,36.0372673,126.6898854,MASTER,2026030618
KR10025001,2026030619,968.375,0.0,929114.77,2.61,69.0,1023.0,-2.21,0.0,91.0,10000.0,7.45,314.0,36.0372673,126.6898854,MASTER,2026030619
KR10025001,2026030620,968.375,0.0,929114.77,2.15,69.0,1024.0,-2.6,0.0,82.0,10000.0,7.09,316.0,36.0372673,126.6898854,MASTER,2026030620
KR10025001,2026030621,968.375,0.0,929114.77,1.64,68.0,1024.0,-3.21,0.0,71.0,10000.0,6.57,313.0,36.0372673,126.6898854,MASTER,2026030621
KR10025001,2026030622,968.375,0.0,929114.77,1.21,66.0,1025.0,-3.92,0.0,57.0,10000.0,6.8,308.0,36.0372673,126.6898854,MASTER,2026030622
KR10025001,2026030623,968.375,0.0,929114.77,0.74,64.0,1025.0,-5.43,0.0,46.0,10000.0,7.24,314.0,36.0372673,126.6898854,MASTER,2026030623
KR10025001,2026030700,968.375,0.0,929114.77,0.74,63.0,1025.0,-5.55,0.0,36.0,10000.0,6.92,319.0,36.0372673,126.6898854,MASTER,2026030700
KR10025001,2026030701,968.375,0.0,929114.77,0.76,61.0,1025.0,-5.98,0.0,29.0,10000.0,6.13,324.0,36.0372673,126.6898854,MASTER,2026030701
KR10025001,2026030702,968.375,0.0,929114.77,0.76,58.0,1026.0,-6.76,0.0,24.0,10000.0,6.26,327.0,36.0372673,126.6898854,MASTER,2026030702
KR10025001,2026030703,968.375,0.0,929114.77,0.63,57.0,1025.0,-6.91,0.0,21.0,10000.0,6.43,329.0,36.0372673,126.6898854,MASTER,2026030703
KR10025001,2026030704,968.375,0.0,929114.77,0.34,57.0,1025.0,-7.22,0.0,4.0,10000.0,5.74,339.0,36.0372673,126.6898854,MASTER,2026030704
KR10025001,2026030705,968.375,0.0,929114.77,0.04,57.0,1026.0,-7.61,0.0,3.0,10000.0,4.58,337.0,36.0372673,126.6898854,MASTER,2026030705
KR10025001,2026030706,968.375,0.22,929114.99,1.95,55.0,1027.0,-5.44,0.0,100.0,10000.0,4.04,333.0,36.0372673,126.6898854,MASTER,2026030706
KR10025001,2026030707,968.375,40.38000000000002,929155.37,1.55,56.0,1027.0,-5.56,0.0,81.0,10000.0,4.82,328.0,36.0372673,126.6898854,MASTER,2026030707
KR10025001,2026030708,968.375,190.92,929346.29,1.48,55.0,1027.0,-5.83,0.33,66.0,10000.0,5.37,326.0,36.0372673,126.6898854,MASTER,2026030708
KR10025001,2026030709,968.375,400.4200000000001,929746.71,1.76,52.0,1028.0,-6.25,1.02,53.0,10000.0,6.54,320.0,36.0372673,126.6898854,MASTER,2026030709
KR10025001,2026030710,968.375,609.9300000000001,930356.64,2.22,50.0,1029.0,-6.32,2.06,94.0,10000.0,7.0,318.0,36.0372673,126.6898854,MASTER,2026030710
KR10025001,2026030711,968.375,773.5099999999999,931130.15,2.9,48.0,1029.0,-7.21,3.12,47.0,10000.0,7.12,316.0,36.0372673,126.6898854,MASTER,2026030711
KR10025001,2026030712,968.375,835.54,931965.69,3.26,47.0,1029.0,-6.96,3.88,31.0,10000.0,7.54,313.0,36.0372673,126.6898854,MASTER,2026030712
KR10025001,2026030713,968.375,841.8999999999999,932807.59,3.35,48.0,1029.0,-6.82,3.91,23.0,10000.0,7.93,313.0,36.0372673,126.6898854,MASTER,2026030713
KR10025001,2026030714,968.375,774.38,933581.97,3.25,48.0,1028.0,-6.66,3.28,19.0,10000.0,8.11,313.0,36.0372673,126.6898854,MASTER,2026030714
KR10025001,2026030715,968.375,632.4699999999999,934214.44,3.08,48.0,1028.0,-6.92,2.22,16.0,10000.0,7.85,317.0,36.0372673,126.6898854,MASTER,2026030715
KR10025001,2026030716,968.375,414.34,934628.78,2.78,49.0,1027.0,-7.01,1.16,0.0,10000.0,7.65,321.0,36.0372673,126.6898854,MASTER,2026030716
KR10025001,2026030717,968.375,154.09000000000003,934782.8700000002,2.4,49.0,1027.0,-7.38,0.4,0.0,10000.0,6.89,324.0,36.0372673,126.6898854,MASTER,2026030717
KR10025001,2026030718,968.375,12.390000000000008,934795.26,3.95,48.0,1028.0,-5.37,0.0,0.0,10000.0,6.28,328.0,36.0372673,126.6898854,MASTER,2026030718
KR10025001,2026030719,968.375,0.0,934795.26,3.28,50.0,1028.0,-5.45,0.0,0.0,10000.0,5.11,331.0,36.0372673,126.6898854,MASTER,2026030719
KR10025001,2026030720,968.375,0.0,934795.26,2.42,52.0,1028.0,-5.7,0.0,0.0,10000.0,4.11,337.0,36.0372673,126.6898854,MASTER,2026030720
KR10025001,2026030721,968.375,0.0,934795.26,1.53,54.0,1029.0,-6.0,0.0,0.0,10000.0,3.57,349.0,36.0372673,126.6898854,MASTER,2026030721
KR10025001,2026030722,968.375,0.0,934795.26,0.73,55.0,1029.0,-6.46,0.0,0.0,10000.0,2.48,324.0,36.0372673,126.6898854,MASTER,2026030722
KR10025001,2026030723,968.375,0.0,934795.26,0.12,56.0,1030.0,-7.73,0.0,0.0,10000.0,2.66,324.0,36.0372673,126.6898854,MASTER,2026030723
KR10025001,2026030800,968.375,0.0,934795.26,0.14,56.0,1030.0,-7.62,0.0,0.0,10000.0,2.86,352.0,36.0372673,126.6898854,MASTER,2026030800
KR10025001,2026030801,968.375,0.0,934795.26,-0.12,57.0,1029.0,-7.81,0.0,0.0,10000.0,2.12,14.0,36.0372673,126.6898854,MASTER,2026030801
KR10025001,2026030802,968.375,0.0,934795.26,-0.36,57.0,1029.0,-7.99,0.0,0.0,10000.0,1.97,34.0,36.0372673,126.6898854,MASTER,2026030802
KR10025001,2026030803,968.375,0.0,934795.26,-0.66,57.0,1029.0,-8.27,0.0,0.0,10000.0,1.22,41.0,36.0372673,126.6898854,MASTER,2026030803
KR10025001,2026030804,968.375,0.0,934795.26,-0.72,56.0,1029.0,-8.38,0.0,0.0,10000.0,1.13,17.0,36.0372673,126.6898854,MASTER,2026030804
KR10025001,2026030805,968.375,0.0,934795.26,-0.79,56.0,1029.0,-8.5,0.0,0.0,10000.0,0.91,21.0,36.0372673,126.6898854,MASTER,2026030805
KR10025001,2026030806,968.375,0.45,934795.71,-3.05,80.0,1028.0,-5.67,0.0,0.0,10000.0,1.37,70.0,36.0372673,126.6898854,MASTER,2026030806
KR10025001,2026030807,968.375,41.120000000000005,934836.83,-2.7,75.0,1028.0,-6.08,0.0,1.0,10000.0,1.25,72.0,36.0372673,126.6898854,MASTER,2026030807
KR10025001,2026030808,968.375,205.3,935042.13,-2.0,69.0,1028.0,-6.37,0.35,2.0,10000.0,1.26,90.0,36.0372673,126.6898854,MASTER,2026030808
KR10025001,2026030809,968.375,444.0,935486.13,-0.63,60.0,1029.0,-6.67,1.11,4.0,10000.0,1.08,42.0,36.0372673,126.6898854,MASTER,2026030809
KR10025001,2026030810,968.375,635.3599999999999,936121.49,1.22,50.0,1029.0,-7.15,2.19,79.0,10000.0,1.26,0.0,36.0372673,126.6898854,MASTER,2026030810
KR10025001,2026030811,968.375,752.3999999999999,936873.89,3.65,39.0,1029.0,-9.25,3.29,90.0,10000.0,0.98,322.0,36.0372673,126.6898854,MASTER,2026030811
KR10025001,2026030812,968.375,779.4500000000002,937653.34,4.33,39.0,1029.0,-8.67,3.89,94.0,10000.0,2.75,283.0,36.0372673,126.6898854,MASTER,2026030812
KR10025001,2026030813,968.375,759.68,938413.02,4.63,41.0,1029.0,-7.69,3.65,95.0,10000.0,3.68,283.0,36.0372673,126.6898854,MASTER,2026030813
KR10025001,2026030814,968.375,658.21,939071.23,4.47,43.0,1028.0,-7.22,3.12,96.0,10000.0,3.94,286.0,36.0372673,126.6898854,MASTER,2026030814
KR10025001,2026030815,968.375,432.8200000000001,939504.05,4.53,43.0,1027.0,-6.97,1.82,97.0,10000.0,4.5,291.0,36.0372673,126.6898854,MASTER,2026030815
KR10025001,2026030816,968.375,299.86000000000007,939803.91,4.24,44.0,1027.0,-7.05,0.8,100.0,10000.0,3.89,302.0,36.0372673,126.6898854,MASTER,2026030816
KR10025001,2026030817,968.375,133.21000000000006,939937.12,3.89,46.0,1027.0,-6.61,0.26,100.0,10000.0,4.82,309.0,36.0372673,126.6898854,MASTER,2026030817
KR10025001,2026030818,968.375,13.480000000000006,939950.6,4.95,48.0,1027.0,-4.55,0.0,20.0,10000.0,4.45,318.0,36.0372673,126.6898854,MASTER,2026030818
KR10025001,2026030819,968.375,0.0,939950.6,4.5,49.0,1027.0,-4.68,0.0,36.0,10000.0,4.53,323.0,36.0372673,126.6898854,MASTER,2026030819
KR10025001,2026030820,968.375,0.0,939950.6,3.85,51.0,1027.0,-4.75,0.0,51.0,10000.0,3.97,334.0,36.0372673,126.6898854,MASTER,2026030820
KR10025001,2026030821,968.375,0.0,939950.6,3.02,52.0,1028.0,-5.2,0.0,64.0,10000.0,3.34,336.0,36.0372673,126.6898854,MASTER,2026030821
KR10025001,2026030822,968.375,0.0,939950.6,2.33,54.0,1029.0,-5.34,0.0,50.0,10000.0,2.96,340.0,36.0372673,126.6898854,MASTER,2026030822
KR10025001,2026030823,968.375,0.0,939950.6,1.39,57.0,1029.0,-6.28,0.0,65.0,10000.0,2.33,347.0,36.0372673,126.6898854,MASTER,2026030823
KR10025001,2026030900,968.375,0.0,939950.6,1.17,59.0,1028.0,-6.16,0.0,45.0,10000.0,2.21,1.0,36.0372673,126.6898854,MASTER,2026030900
KR10025001,2026030901,968.375,0.0,939950.6,1.06,59.0,1029.0,-6.08,0.0,38.0,10000.0,1.51,349.0,36.0372673,126.6898854,MASTER,2026030901
KR10025001,2026030902,968.375,0.0,939950.6,1.02,60.0,1028.0,-6.05,0.0,52.0,10000.0,1.39,18.0,36.0372673,126.6898854,MASTER,2026030902
KR10025001,2026030903,968.375,0.0,939950.6,1.01,60.0,1028.0,-5.92,0.0,59.0,10000.0,0.45,3.0,36.0372673,126.6898854,MASTER,2026030903
KR10025001,2026030904,968.375,0.0,939950.6,0.91,61.0,1028.0,-5.78,0.0,23.0,10000.0,0.93,18.0,36.0372673,126.6898854,MASTER,2026030904
KR10025001,2026030905,968.375,0.0,939950.6,1.01,63.0,1028.0,-5.32,0.0,19.0,10000.0,1.09,18.0,36.0372673,126.6898854,MASTER,2026030905
KR10025001,2026030906,968.375,0.0,939950.6,0.95,75.0,1028.0,-2.63,0.0,100.0,10000.0,1.19,358.0,36.0372673,126.6898854,MASTER,2026030906
KR10025001,2026030907,968.375,4.8400000000000025,939955.4399999998,0.96,72.0,1028.0,-3.11,0.0,99.0,10000.0,0.8,5.0,36.0372673,126.6898854,MASTER,2026030907
KR10025001,2026030908,968.375,17.540000000000013,939972.9800000002,1.41,70.0,1028.0,-3.06,0.24,93.0,10000.0,0.33,325.0,36.0372673,126.6898854,MASTER,2026030908
KR10025001,2026030909,968.375,109.38,940082.36,2.25,73.0,1028.0,-1.84,0.49,90.0,10000.0,0.94,295.0,36.0372673,126.6898854,MASTER,2026030909
KR10025001,2026030910,968.375,360.57,940442.93,2.75,87.0,1028.0,0.81,0.83,100.0,2047.0,1.82,293.0,36.0372673,126.6898854,MASTER,2026030910
KR10025001,2026030911,968.375,578.22,941021.15,4.2,84.0,1028.0,1.65,1.29,100.0,10000.0,3.87,318.0,36.0372673,126.6898854,MASTER,2026030911
KR10025001,2026030912,968.375,778.21,941799.36,4.91,73.0,1028.0,0.44,2.57,100.0,10000.0,5.47,315.0,36.0372673,126.6898854,MASTER,2026030912
KR10025001,2026030913,968.375,787.08,942586.44,6.0,65.0,1027.0,-0.21,3.78,95.0,10000.0,6.24,306.0,36.0372673,126.6898854,MASTER,2026030913
KR10025001,2026030914,968.375,702.9200000000001,943289.36,6.13,61.0,1027.0,-0.92,3.19,75.0,10000.0,6.95,304.0,36.0372673,126.6898854,MASTER,2026030914
KR10025001,2026030915,968.375,537.3000000000001,943826.66,5.84,63.0,1027.0,-0.69,2.17,63.0,10000.0,7.67,308.0,36.0372673,126.6898854,MASTER,2026030915
KR10025001,2026030916,968.375,321.22,944147.88,5.32,61.0,1027.0,-1.74,1.14,4.0,10000.0,7.94,312.0,36.0372673,126.6898854,MASTER,2026030916
KR10025001,2026030917,968.375,122.02999999999996,944269.91,4.62,59.0,1027.0,-2.84,0.4,6.0,10000.0,8.0,317.0,36.0372673,126.6898854,MASTER,2026030917
KR10025001,2026030918,968.375,12.250000000000009,944282.16,5.95,56.0,1028.0,-1.9,0.0,0.0,10000.0,7.32,323.0,36.0372673,126.6898854,MASTER,2026030918
KR10025001,2026030919,968.375,0.0,944282.16,5.28,58.0,1028.0,-2.04,0.0,1.0,10000.0,6.69,325.0,36.0372673,126.6898854,MASTER,2026030919
KR10025001,2026030920,968.375,0.0,944282.16,4.57,59.0,1028.0,-2.43,0.0,1.0,10000.0,6.24,327.0,36.0372673,126.6898854,MASTER,2026030920
KR10025001,2026030921,968.375,0.0,944282.16,3.8,61.0,1028.0,-2.67,0.0,1.0,10000.0,5.79,326.0,36.0372673,126.6898854,MASTER,2026030921
KR10025001,2026030922,968.375,0.0,944282.16,2.85,63.0,1028.0,-3.09,0.0,0.0,10000.0,5.16,330.0,36.0372673,126.6898854,MASTER,2026030922
KR10025001,2026030923,968.375,0.0,944282.16,1.74,65.0,1029.0,-4.26,0.0,0.0,10000.0,4.07,336.0,36.0372673,126.6898854,MASTER,2026030923
KR10025001,2026031000,968.375,0.0,944282.16,1.41,66.0,1029.0,-4.22,0.0,0.0,10000.0,2.98,348.0,36.0372673,126.6898854,MASTER,2026031000
KR10025001,2026031001,968.375,0.0,944282.16,1.13,68.0,1029.0,-4.26,0.0,0.0,10000.0,2.49,4.0,36.0372673,126.6898854,MASTER,2026031001
KR10025001,2026031002,968.375,0.0,944282.16,0.79,69.0,1029.0,-4.43,0.0,0.0,10000.0,1.71,30.0,36.0372673,126.6898854,MASTER,2026031002
KR10025001,2026031003,968.375,0.0,944282.16,0.52,69.0,1028.0,-4.55,0.0,0.0,10000.0,1.18,74.0,36.0372673,126.6898854,MASTER,2026031003
KR10025001,2026031004,968.375,0.0,944282.16,0.33,70.0,1028.0,-4.72,0.0,0.0,10000.0,0.95,101.0,36.0372673,126.6898854,MASTER,2026031004
KR10025001,2026031005,968.375,0.0,944282.16,0.33,69.0,1028.0,-4.77,0.0,0.0,10000.0,1.03,135.0,36.0372673,126.6898854,MASTER,2026031005
KR10025001,2026031006,968.375,0.8700000000000001,944283.03,-1.05,86.0,1028.0,-2.85,0.0,0.0,10000.0,1.16,137.0,36.0372673,126.6898854,MASTER,2026031006
KR10025001,2026031007,968.375,42.23000000000002,944325.26,-0.76,83.0,1028.0,-2.99,0.0,0.0,10000.0,1.08,136.0,36.0372673,126.6898854,MASTER,2026031007
KR10025001,2026031008,968.375,183.87,944509.13,-0.01,78.0,1028.0,-2.99,0.35,4.0,10000.0,0.95,140.0,36.0372673,126.6898854,MASTER,2026031008
KR10025001,2026031009,968.375,402.64,944911.77,1.5,71.0,1029.0,-2.81,1.09,6.0,10000.0,0.64,150.0,36.0372673,126.6898854,MASTER,2026031009
KR10025001,2026031010,968.375,585.5700000000002,945497.34,3.47,61.0,1029.0,-2.95,2.22,3.0,10000.0,1.05,238.0,36.0372673,126.6898854,MASTER,2026031010
KR10025001,2026031011,968.375,584.23,946081.57,5.42,50.0,1029.0,-4.34,3.33,2.0,10000.0,2.26,261.0,36.0372673,126.6898854,MASTER,2026031011
KR10025001,2026031012,968.375,800.6200000000001,946882.19,6.05,48.0,1028.0,-4.27,3.99,1.0,10000.0,3.08,269.0,36.0372673,126.6898854,MASTER,2026031012
KR10025001,2026031013,968.375,800.11,947682.3,6.31,48.0,1028.0,-4.11,3.98,2.0,10000.0,3.73,270.0,36.0372673,126.6898854,MASTER,2026031013
KR10025001,2026031014,968.375,739.48,948421.78,6.29,47.0,1027.0,-4.34,3.29,3.0,10000.0,3.98,277.0,36.0372673,126.6898854,MASTER,2026031014
KR10025001,2026031015,968.375,597.91,949019.69,6.18,46.0,1026.0,-4.56,2.24,3.0,10000.0,3.96,281.0,36.0372673,126.6898854,MASTER,2026031015
KR10025001,2026031016,968.375,402.96,949422.65,5.89,47.0,1026.0,-4.6,1.17,4.0,10000.0,3.59,282.0,36.0372673,126.6898854,MASTER,2026031016
KR10025001,2026031017,968.375,151.73,949574.38,5.39,49.0,1026.0,-4.41,0.42,22.0,10000.0,3.44,285.0,36.0372673,126.6898854,MASTER,2026031017
KR10025001,2026031018,968.375,12.510000000000003,949586.89,6.95,45.0,1026.0,-3.68,0.0,0.0,10000.0,3.12,287.0,36.0372673,126.6898854,MASTER,2026031018
KR10025001,2026031019,968.375,0.0,949586.89,6.27,48.0,1026.0,-3.47,0.0,19.0,10000.0,2.71,294.0,36.0372673,126.6898854,MASTER,2026031019
KR10025001,2026031020,968.375,0.0,949586.89,5.5,51.0,1026.0,-3.39,0.0,39.0,10000.0,2.37,299.0,36.0372673,126.6898854,MASTER,2026031020
KR10025001,2026031021,968.375,0.0,949586.89,4.67,54.0,1026.0,-3.39,0.0,59.0,10000.0,1.94,307.0,36.0372673,126.6898854,MASTER,2026031021
KR10025001,2026031022,968.375,0.0,949586.89,3.61,58.0,1026.0,-3.43,0.0,80.0,10000.0,0.81,304.0,36.0372673,126.6898854,MASTER,2026031022
KR10025001,2026031023,968.375,0.0,949586.89,2.42,62.0,1026.0,-4.21,0.0,100.0,10000.0,0.86,342.0,36.0372673,126.6898854,MASTER,2026031023
KR10025001,2026031100,968.375,0.0,949586.89,2.25,63.0,1026.0,-4.19,0.0,100.0,10000.0,0.77,1.0,36.0372673,126.6898854,MASTER,2026031100
KR10025001,2026031101,968.375,0.0,949586.89,1.72,65.0,1026.0,-4.24,0.0,92.0,10000.0,0.94,17.0,36.0372673,126.6898854,MASTER,2026031101
KR10025001,2026031102,968.375,0.0,949586.89,1.39,67.0,1027.0,-4.22,0.0,76.0,10000.0,1.25,20.0,36.0372673,126.6898854,MASTER,2026031102
KR10025001,2026031103,968.375,0.0,949586.89,1.25,67.0,1026.0,-4.3,0.0,79.0,10000.0,1.35,42.0,36.0372673,126.6898854,MASTER,2026031103
KR10025001,2026031104,968.375,0.0,949586.89,1.12,67.0,1026.0,-4.45,0.0,100.0,10000.0,1.51,51.0,36.0372673,126.6898854,MASTER,2026031104
KR10025001,2026031105,968.375,0.0,949586.89,1.01,67.0,1026.0,-4.62,0.0,100.0,10000.0,1.63,58.0,36.0372673,126.6898854,MASTER,2026031105
KR10025001,2026031106,968.375,0.13,949587.02,-1.05,86.0,1026.0,-2.85,0.0,0.0,10000.0,1.83,68.0,36.0372673,126.6898854,MASTER,2026031106
KR10025001,2026031107,968.375,36.36000000000001,949623.38,-0.65,82.0,1026.0,-3.03,0.0,19.0,10000.0,1.6,74.0,36.0372673,126.6898854,MASTER,2026031107
KR10025001,2026031108,968.375,140.12000000000006,949763.5,0.15,76.0,1026.0,-3.16,0.27,38.0,10000.0,1.73,75.0,36.0372673,126.6898854,MASTER,2026031108
KR10025001,2026031109,968.375,352.67,950116.17,1.6,68.0,1027.0,-3.24,0.86,56.0,10000.0,1.79,72.0,36.0372673,126.6898854,MASTER,2026031109
KR10025001,2026031110,968.375,541.4699999999999,950657.64,3.69,58.0,1027.0,-3.36,1.76,74.0,10000.0,1.4,61.0,36.0372673,126.6898854,MASTER,2026031110
KR10025001,2026031111,968.375,638.9200000000002,951296.5599999998,6.41,45.0,1027.0,-4.83,2.65,72.0,10000.0,1.07,338.0,36.0372673,126.6898854,MASTER,2026031111
KR10025001,2026031112,968.375,717.3800000000001,952013.94,7.36,41.0,1027.0,-5.15,3.23,63.0,10000.0,2.31,310.0,36.0372673,126.6898854,MASTER,2026031112
KR10025001,2026031113,968.375,721.89,952735.83,7.99,40.0,1026.0,-5.0,3.18,61.0,10000.0,3.34,297.0,36.0372673,126.6898854,MASTER,2026031113
KR10025001,2026031114,968.375,646.8,953382.63,7.92,43.0,1025.0,-4.27,2.67,58.0,10000.0,4.29,287.0,36.0372673,126.6898854,MASTER,2026031114
KR10025001,2026031115,968.375,501.9800000000001,953884.61,7.45,45.0,1025.0,-3.82,1.82,60.0,10000.0,4.92,291.0,36.0372673,126.6898854,MASTER,2026031115
KR10025001,2026031116,968.375,300.82000000000005,954185.43,7.14,46.0,1025.0,-3.81,0.96,91.0,10000.0,5.35,301.0,36.0372673,126.6898854,MASTER,2026031116
KR10025001,2026031117,968.375,119.07,954304.5,6.96,49.0,1025.0,-3.15,0.36,53.0,10000.0,5.43,311.0,36.0372673,126.6898854,MASTER,2026031117
KR10025001,2026031118,968.375,12.010000000000003,954316.51,6.95,65.0,1025.0,0.83,0.0,0.0,10000.0,5.03,318.0,36.0372673,126.6898854,MASTER,2026031118
KR10025001,2026031119,968.375,0.0,954316.51,6.57,66.0,1025.0,0.68,0.0,15.0,10000.0,5.03,320.0,36.0372673,126.6898854,MASTER,2026031119
KR10025001,2026031120,968.375,0.0,954316.51,6.11,68.0,1025.0,0.65,0.0,25.0,10000.0,4.61,331.0,36.0372673,126.6898854,MASTER,2026031120
KR10025001,2026031121,968.375,0.0,954316.51,5.54,70.0,1026.0,0.51,0.0,32.0,10000.0,3.84,338.0,36.0372673,126.6898854,MASTER,2026031121
KR10025001,2026031122,968.375,0.0,954316.51,4.85,71.0,1026.0,0.04,0.0,9.0,10000.0,2.89,344.0,36.0372673,126.6898854,MASTER,2026031122
KR10025001,2026031123,968.375,0.0,954316.51,4.04,72.0,1026.0,-0.53,0.0,30.0,10000.0,2.6,352.0,36.0372673,126.6898854,MASTER,2026031123
KR10025001,2026031200,968.375,0.0,954316.51,3.89,73.0,1026.0,-0.63,0.0,47.0,10000.0,2.31,359.0,36.0372673,126.6898854,MASTER,2026031200
KR10025001,2026031201,968.375,0.0,954316.51,3.63,74.0,1026.0,-0.74,0.0,58.0,10000.0,2.08,10.0,36.0372673,126.6898854,MASTER,2026031201
KR10025001,2026031202,968.375,0.0,954316.51,3.27,75.0,1027.0,-0.85,0.0,63.0,10000.0,2.09,18.0,36.0372673,126.6898854,MASTER,2026031202
KR10025001,2026031203,968.375,0.0,954316.51,2.97,76.0,1026.0,-0.88,0.0,67.0,10000.0,1.83,25.0,36.0372673,126.6898854,MASTER,2026031203
KR10025001,2026031204,968.375,0.0,954316.51,2.67,78.0,1026.0,-0.81,0.0,78.0,10000.0,1.58,29.0,36.0372673,126.6898854,MASTER,2026031204
KR10025001,2026031205,968.375,0.0,954316.51,2.44,80.0,1026.0,-0.72,0.0,73.0,10000.0,1.65,40.0,36.0372673,126.6898854,MASTER,2026031205
KR10025001,2026031206,968.375,0.7800000000000001,954317.29,0.95,86.0,1026.0,-0.99,0.0,20.0,10000.0,2.02,25.0,36.0372673,126.6898854,MASTER,2026031206
KR10025001,2026031207,968.375,46.88000000000002,954364.17,1.14,87.0,1026.0,-0.69,0.0,17.0,10000.0,1.88,29.0,36.0372673,126.6898854,MASTER,2026031207
KR10025001,2026031208,968.375,180.88,954545.05,1.77,84.0,1026.0,-0.56,0.32,14.0,10000.0,1.7,32.0,36.0372673,126.6898854,MASTER,2026031208
KR10025001,2026031209,968.375,373.86000000000007,954918.91,3.28,78.0,1027.0,-0.16,0.94,11.0,10000.0,1.91,30.0,36.0372673,126.6898854,MASTER,2026031209
KR10025001,2026031210,968.375,556.67,955475.5799999998,5.37,69.0,1027.0,0.15,1.81,4.0,10000.0,2.26,20.0,36.0372673,126.6898854,MASTER,2026031210
KR10025001,2026031211,968.375,674.77,956150.35,8.01,59.0,1027.0,0.4,2.69,0.0,10000.0,2.47,356.0,36.0372673,126.6898854,MASTER,2026031211
KR10025001,2026031212,968.375,741.3300000000003,956891.68,9.01,55.0,1027.0,0.2,3.24,2.0,10000.0,2.81,342.0,36.0372673,126.6898854,MASTER,2026031212
KR10025001,2026031213,968.375,755.3,957646.98,9.75,52.0,1026.0,0.05,3.41,3.0,10000.0,3.0,338.0,36.0372673,126.6898854,MASTER,2026031213
KR10025001,2026031214,968.375,676.9399999999999,958323.92,10.27,50.0,1025.0,-0.01,2.89,10.0,10000.0,3.16,332.0,36.0372673,126.6898854,MASTER,2026031214
KR10025001,2026031215,968.375,528.5600000000001,958852.48,10.5,49.0,1025.0,-0.09,1.99,17.0,10000.0,2.78,336.0,36.0372673,126.6898854,MASTER,2026031215
KR10025001,2026031216,968.375,308.5899999999999,959161.07,10.54,48.0,1025.0,-0.47,1.06,32.0,10000.0,3.26,331.0,36.0372673,126.6898854,MASTER,2026031216
KR10025001,2026031217,968.375,108.32999999999996,959269.4,10.34,47.0,1024.0,-0.8,0.4,40.0,10000.0,3.45,341.0,36.0372673,126.6898854,MASTER,2026031217
KR10025001,2026031218,968.375,7.810000000000002,959277.21,8.95,61.0,1025.0,1.84,0.0,0.0,10000.0,4.19,333.0,36.0372673,126.6898854,MASTER,2026031218
KR10025001,2026031219,968.375,0.0,93034.8,8.69,60.0,1025.0,1.37,0.0,2.0,10000.0,5.14,338.0,36.0372673,126.6898854,MASTER,2026031219
KR10025001,2026031220,968.375,0.0,93034.8,8.17,62.0,1025.0,1.33,0.0,3.0,10000.0,3.89,356.0,36.0372673,126.6898854,MASTER,2026031220
KR10025001,2026031221,968.375,0.0,93034.8,7.47,63.0,1026.0,0.89,0.0,5.0,10000.0,3.5,11.0,36.0372673,126.6898854,MASTER,2026031221
KR10025001,2026031222,968.375,0.0,93034.8,6.46,65.0,1027.0,0.36,0.0,0.0,10000.0,3.85,46.0,36.0372673,126.6898854,MASTER,2026031222
KR10025001,2026031223,96.52,0.49,93034.8,5.49,71.0,1028.0,0.5,0.0,4.0,10000.0,4.56,60.0,36.0372673,126.6898854,MASTER,2026031223
KR10025001,2026031300,968.375,4.77,959282.47,4.9,72.0,1028.0,0.1,0.0,3.0,10000.0,4.34,53.0,36.0372673,126.6898854,MASTER,2026031300
KR10025001,2026031301,968.375,0.0,959282.47,4.59,72.0,1028.0,-0.09,0.0,2.0,10000.0,4.97,47.0,36.0372673,126.6898854,MASTER,2026031301
KR10025001,2026031302,968.375,0.0,959282.47,4.22,74.0,1029.0,-0.11,0.0,1.0,10000.0,5.42,52.0,36.0372673,126.6898854,MASTER,2026031302
KR10025001,2026031303,968.375,0.0,959282.47,3.74,76.0,1028.0,-0.3,0.0,1.0,10000.0,4.78,52.0,36.0372673,126.6898854,MASTER,2026031303
KR10025001,2026031304,968.375,0.0,959282.47,3.4,77.0,1028.0,-0.33,0.0,0.0,10000.0,4.5,52.0,36.0372673,126.6898854,MASTER,2026031304
KR10025001,2026031305,968.375,0.0,959282.47,3.04,79.0,1029.0,-0.32,0.0,0.0,10000.0,4.05,47.0,36.0372673,126.6898854,MASTER,2026031305
KR10025001,2026031306,968.375,0.0,959282.47,3.95,70.0,1029.0,-0.9,0.0,0.0,10000.0,4.75,46.0,36.0372673,126.6898854,MASTER,2026031306
KR10025001,2026031307,968.375,0.0,964779.62,3.77,72.0,1029.0,-0.71,0.0,0.0,10000.0,5.18,46.0,36.0372673,126.6898854,MASTER,2026031307
KR10025001,2026031308,968.375,0.0,964779.62,4.02,72.0,1029.0,-0.5,0.37,0.0,10000.0,5.56,50.0,36.0372673,126.6898854,MASTER,2026031308
KR10025001,2026031309,968.375,0.0,964779.62,5.06,67.0,1030.0,-0.49,1.14,0.0,10000.0,5.89,62.0,36.0372673,126.6898854,MASTER,2026031309
KR10025001,2026031310,968.375,1295.8099999999995,960578.28,6.6,58.0,1031.0,-0.94,2.26,1.0,10000.0,5.96,69.0,36.0372673,126.6898854,MASTER,2026031310
KR10025001,2026031311,968.375,739.93,961318.21,8.27,51.0,1031.0,-1.29,3.47,2.0,10000.0,4.77,65.0,36.0372673,126.6898854,MASTER,2026031311
KR10025001,2026031312,968.375,784.2500000000001,962102.46,9.02,47.0,1030.0,-1.9,4.27,3.0,10000.0,3.67,55.0,36.0372673,126.6898854,MASTER,2026031312
KR10025001,2026031313,968.375,791.7000000000002,962894.16,9.73,42.0,1029.0,-2.79,4.42,3.0,10000.0,3.1,46.0,36.0372673,126.6898854,MASTER,2026031313
KR10025001,2026031314,968.375,737.1599999999999,963631.32,10.18,39.0,1029.0,-3.48,3.77,4.0,10000.0,2.61,22.0,36.0372673,126.6898854,MASTER,2026031314
KR10025001,2026031315,968.375,593.0,964224.32,10.29,39.0,1028.0,-3.55,2.6,4.0,10000.0,2.07,12.0,36.0372673,126.6898854,MASTER,2026031315
KR10025001,2026031316,968.375,392.65,964616.97,10.31,39.0,1028.0,-3.59,1.38,4.0,10000.0,0.84,357.0,36.0372673,126.6898854,MASTER,2026031316
KR10025001,2026031317,968.375,152.25000000000003,964769.22,9.94,40.0,1028.0,-3.4,0.5,4.0,10000.0,0.9,286.0,36.0372673,126.6898854,MASTER,2026031317
KR10025001,2026031318,968.375,10.400000000000004,964779.62,10.95,35.0,1028.0,-3.46,0.0,0.0,10000.0,2.47,293.0,36.0372673,126.6898854,MASTER,2026031318
KR10025001,2026031319,968.375,0.0,964779.62,10.14,40.0,1028.0,-2.51,0.0,2.0,10000.0,4.3,309.0,36.0372673,126.6898854,MASTER,2026031319
KR10025001,2026031320,968.375,0.0,964779.62,9.07,47.0,1028.0,-1.44,0.0,4.0,10000.0,3.66,320.0,36.0372673,126.6898854,MASTER,2026031320
KR10025001,2026031321,968.375,0.0,964779.62,8.01,53.0,1029.0,-0.86,0.0,15.0,10000.0,3.27,337.0,36.0372673,126.6898854,MASTER,2026031321
KR10025001,2026031322,968.375,0.0,964779.62,7.21,55.0,1029.0,-1.08,0.0,79.0,10000.0,2.58,12.0,36.0372673,126.6898854,MASTER,2026031322
KR10025001,2026031323,968.375,0.0,964779.62,5.74,57.0,1029.0,-2.15,0.0,67.0,10000.0,2.64,29.0,36.0372673,126.6898854,MASTER,2026031323
KR10025001,2026031400,968.375,0.0,964779.62,5.09,58.0,1030.0,-2.64,0.0,50.0,10000.0,2.52,54.0,36.0372673,126.6898854,MASTER,2026031400
KR10025001,2026031401,968.375,0.0,964779.62,4.37,60.0,1030.0,-2.61,0.0,42.0,10000.0,2.23,84.0,36.0372673,126.6898854,MASTER,2026031401
KR10025001,2026031402,968.375,0.0,964779.62,3.98,63.0,1030.0,-2.39,0.0,36.0,10000.0,2.22,81.0,36.0372673,126.6898854,MASTER,2026031402
KR10025001,2026031403,968.375,0.0,964779.62,3.63,66.0,1029.0,-2.12,0.0,40.0,10000.0,2.37,91.0,36.0372673,126.6898854,MASTER,2026031403
KR10025001,2026031404,968.375,0.0,964779.62,3.36,68.0,1029.0,-2.05,0.0,100.0,10000.0,2.05,103.0,36.0372673,126.6898854,MASTER,2026031404
KR10025001,2026031405,968.375,0.0,964779.62,3.3,68.0,1029.0,-2.06,0.0,100.0,10000.0,1.86,102.0,36.0372673,126.6898854,MASTER,2026031405
KR10025001,2026031406,968.375,1.41,964781.03,1.95,80.0,1029.0,-1.0,0.0,20.0,10000.0,1.26,93.0,36.0372673,126.6898854,MASTER,2026031406
KR10025001,2026031407,968.375,58.70000000000003,964839.73,2.15,78.0,1029.0,-1.13,0.0,32.0,10000.0,1.88,96.0,36.0372673,126.6898854,MASTER,2026031407
KR10025001,2026031408,968.375,170.37000000000003,965010.1,2.88,74.0,1030.0,-1.14,0.34,46.0,10000.0,0.82,118.0,36.0372673,126.6898854,MASTER,2026031408
KR10025001,2026031409,968.375,390.51,965400.61,4.21,68.0,1030.0,-1.03,1.02,58.0,10000.0,1.47,148.0,36.0372673,126.6898854,MASTER,2026031409
KR10025001,2026031410,968.375,452.4799999999999,965853.09,5.99,61.0,1030.0,-0.84,2.14,84.0,10000.0,1.07,186.0,36.0372673,126.6898854,MASTER,2026031410
KR10025001,2026031411,968.375,459.27,966312.36,8.02,53.0,1030.0,-1.15,3.8,100.0,10000.0,1.96,233.0,36.0372673,126.6898854,MASTER,2026031411
KR10025001,2026031412,968.375,480.71,966793.07,8.96,50.0,1029.0,-1.25,4.83,93.0,10000.0,2.72,249.0,36.0372673,126.6898854,MASTER,2026031412
KR10025001,2026031413,968.375,378.09,967171.16,9.4,49.0,1029.0,-1.02,4.82,95.0,10000.0,3.47,261.0,36.0372673,126.6898854,MASTER,2026031413
KR10025001,2026031414,968.375,293.3200000000001,967464.48,9.31,50.0,1028.0,-0.74,3.92,90.0,10000.0,4.45,277.0,36.0372673,126.6898854,MASTER,2026031414
KR10025001,2026031415,968.375,155.72,967620.2,9.22,51.0,1028.0,-0.69,2.83,86.0,10000.0,4.62,285.0,36.0372673,126.6898854,MASTER,2026031415
KR10025001,2026031416,968.375,192.27,967812.47,8.92,51.0,1028.0,-0.98,1.46,46.0,10000.0,5.03,292.0,36.0372673,126.6898854,MASTER,2026031416
KR10025001,2026031417,968.375,68.04999999999998,967880.52,8.3,49.0,1028.0,-1.95,0.52,61.0,10000.0,5.2,302.0,36.0372673,126.6898854,MASTER,2026031417
KR10025001,2026031418,968.375,9.750000000000004,967890.27,7.34,52.0,1028.0,-1.64,0.06,86.0,10000.0,4.35,303.0,36.0372673,126.6898854,MASTER,2026031418
KR10025001,2026031419,968.375,0.0,967890.27,7.1,53.0,1028.0,-1.61,0.0,83.0,10000.0,4.02,302.0,36.0372673,126.6898854,MASTER,2026031419
KR10025001,2026031420,968.375,0.0,967890.27,6.74,55.0,1028.0,-1.46,0.0,81.0,10000.0,3.43,307.0,36.0372673,126.6898854,MASTER,2026031420
KR10025001,2026031421,968.375,0.0,967890.27,6.33,57.0,1028.0,-1.37,0.0,80.0,10000.0,2.9,311.0,36.0372673,126.6898854,MASTER,2026031421
KR10025001,2026031422,968.375,0.0,967890.27,5.79,60.0,1028.0,-1.21,0.0,96.0,10000.0,2.56,318.0,36.0372673,126.6898854,MASTER,2026031422
KR10025001,2026031423,968.375,0.0,967890.27,5.32,63.0,1028.0,-1.29,0.0,100.0,10000.0,2.28,326.0,36.0372673,126.6898854,MASTER,2026031423
KR10025001,2026031500,968.375,0.0,967890.27,5.16,63.0,1028.0,-1.38,0.0,100.0,10000.0,1.77,330.0,36.0372673,126.6898854,MASTER,2026031500
KR10025001,2026031501,968.375,0.0,967890.27,4.87,65.0,1027.0,-1.35,0.0,98.0,10000.0,2.14,328.0,36.0372673,126.6898854,MASTER,2026031501
KR10025001,2026031502,968.375,0.0,967890.27,4.7,67.0,1027.0,-0.91,0.0,94.0,10000.0,1.81,330.0,36.0372673,126.6898854,MASTER,2026031502
KR10025001,2026031503,968.375,0.0,967890.27,5.12,68.0,1027.0,-0.42,0.0,95.0,10000.0,1.87,336.0,36.0372673,126.6898854,MASTER,2026031503
KR10025001,2026031504,968.375,0.0,967890.27,4.84,72.0,1027.0,0.03,0.0,94.0,10000.0,1.66,342.0,36.0372673,126.6898854,MASTER,2026031504
KR10025001,2026031505,968.375,0.0,967890.27,4.77,74.0,1026.0,0.41,0.0,90.0,10000.0,1.21,347.0,36.0372673,126.6898854,MASTER,2026031505
KR10025001,2026031506,968.375,0.56,967890.83,3.95,81.0,1026.0,0.99,0.0,100.0,10000.0,0.61,18.0,36.0372673,126.6898854,MASTER,2026031506
KR10025001,2026031507,968.375,27.16000000000001,967917.99,4.18,76.0,1026.0,0.33,0.0,100.0,10000.0,0.78,11.0,36.0372673,126.6898854,MASTER,2026031507
KR10025001,2026031508,968.375,117.96,968035.95,4.71,71.0,1026.0,-0.08,0.25,100.0,10000.0,0.75,24.0,36.0372673,126.6898854,MASTER,2026031508
KR10025001,2026031509,968.375,159.32999999999998,968195.28,5.61,66.0,1027.0,-0.21,0.54,100.0,10000.0,0.79,356.0,36.0372673,126.6898854,MASTER,2026031509
KR10025001,2026031510,968.375,213.73,968409.01,6.59,64.0,1027.0,0.27,0.87,100.0,10000.0,0.4,325.0,36.0372673,126.6898854,MASTER,2026031510
KR10025001,2026031511,968.375,409.13,968818.14,8.12,63.0,1026.0,1.3,1.21,100.0,10000.0,0.84,243.0,36.0372673,126.6898854,MASTER,2026031511
KR10025001,2026031512,968.375,413.1599999999999,969231.2999999998,8.53,66.0,1026.0,2.34,2.12,100.0,10000.0,3.29,277.0,36.0372673,126.6898854,MASTER,2026031512
KR10025001,2026031513,968.375,247.47000000000003,969478.77,7.89,74.0,1026.0,3.47,1.49,100.0,10000.0,5.55,294.0,36.0372673,126.6898854,MASTER,2026031513
KR10025001,2026031514,968.375,280.12,969758.89,6.64,80.0,1025.0,3.26,2.63,100.0,10000.0,4.41,303.0,36.0372673,126.6898854,MASTER,2026031514
KR10025001,2026031515,968.375,212.98000000000005,969971.87,7.49,75.0,1025.0,3.3,2.53,98.0,10000.0,4.91,304.0,36.0372673,126.6898854,MASTER,2026031515
KR10025001,2026031516,968.375,229.34,970201.21,7.67,70.0,1025.0,2.44,1.34,71.0,10000.0,5.4,309.0,36.0372673,126.6898854,MASTER,2026031516
KR10025001,2026031517,968.375,96.51999999999995,970297.7300000002,7.4,63.0,1025.0,0.68,0.55,50.0,10000.0,4.82,309.0,36.0372673,126.6898854,MASTER,2026031517
KR10025001,2026031518,968.375,14.55000000000001,970312.28,7.95,76.0,1025.0,3.99,0.1,20.0,10000.0,3.56,322.0,36.0372673,126.6898854,MASTER,2026031518
KR10025001,2026031519,968.375,0.0,970312.28,7.39,77.0,1025.0,3.63,0.0,28.0,10000.0,3.22,314.0,36.0372673,126.6898854,MASTER,2026031519
KR10025001,2026031520,968.375,0.0,970312.28,6.55,77.0,1025.0,2.81,0.0,32.0,10000.0,2.71,303.0,36.0372673,126.6898854,MASTER,2026031520
KR10025001,2026031521,968.375,0.0,970312.28,5.65,77.0,1026.0,1.94,0.0,34.0,10000.0,2.61,335.0,36.0372673,126.6898854,MASTER,2026031521
KR10025001,2026031522,968.375,0.0,970312.28,4.65,77.0,1026.0,0.97,0.0,38.0,10000.0,2.29,317.0,36.0372673,126.6898854,MASTER,2026031522
KR10025001,2026031523,968.375,0.0,970312.28,3.78,76.0,1026.0,-0.17,0.0,70.0,10000.0,2.67,334.0,36.0372673,126.6898854,MASTER,2026031523
KR10025001,2026031600,968.375,0.0,970312.28,3.75,75.0,1026.0,-0.41,0.0,75.0,10000.0,3.07,317.0,36.0372673,126.6898854,MASTER,2026031600
KR10025001,2026031601,968.375,0.0,970312.28,3.69,73.0,1026.0,-0.81,0.0,81.0,10000.0,3.58,327.0,36.0372673,126.6898854,MASTER,2026031601
KR10025001,2026031602,968.375,0.0,970312.28,3.6,70.0,1026.0,-1.39,0.0,85.0,10000.0,3.67,339.0,36.0372673,126.6898854,MASTER,2026031602
KR10025001,2026031603,968.375,0.0,970312.28,3.12,70.0,1025.0,-1.95,0.0,87.0,10000.0,2.38,341.0,36.0372673,126.6898854,MASTER,2026031603
KR10025001,2026031604,968.375,0.0,970312.28,3.33,68.0,1024.0,-2.06,0.0,99.0,10000.0,2.64,21.0,36.0372673,126.6898854,MASTER,2026031604
KR10025001,2026031605,968.375,0.0,970312.28,3.07,71.0,1024.0,-1.72,0.0,100.0,10000.0,2.64,50.0,36.0372673,126.6898854,MASTER,2026031605
KR10025001,2026031606,968.375,1.4300000000000002,970313.71,2.95,87.0,1025.0,1.0,0.0,0.0,10000.0,1.44,39.0,36.0372673,126.6898854,MASTER,2026031606
KR10025001,2026031607,968.375,53.77000000000001,970367.48,2.9,85.0,1025.0,0.63,0.0,20.0,10000.0,2.8,24.0,36.0372673,126.6898854,MASTER,2026031607
KR10025001,2026031608,968.375,211.88,970579.36,3.26,81.0,1025.0,0.32,0.48,39.0,10000.0,1.24,51.0,36.0372673,126.6898854,MASTER,2026031608
KR10025001,2026031609,968.375,427.18,971006.54,4.34,75.0,1025.0,0.31,1.33,59.0,10000.0,1.43,79.0,36.0372673,126.6898854,MASTER,2026031609
KR10025001,2026031610,968.375,554.3,971560.84,6.0,67.0,1025.0,0.34,2.87,70.0,10000.0,1.48,24.0,36.0372673,126.6898854,MASTER,2026031610
KR10025001,2026031611,968.375,720.87,972281.71,8.29,54.0,1024.0,-0.5,4.14,85.0,10000.0,1.49,2.0,36.0372673,126.6898854,MASTER,2026031611
KR10025001,2026031612,968.375,761.5999999999999,973043.31,9.44,48.0,1024.0,-1.04,4.89,90.0,10000.0,1.62,332.0,36.0372673,126.6898854,MASTER,2026031612
KR10025001,2026031613,968.375,716.39,973759.7,10.18,45.0,1023.0,-1.42,4.98,93.0,10000.0,2.29,290.0,36.0372673,126.6898854,MASTER,2026031613
KR10025001,2026031614,968.375,368.1,974127.8,9.71,46.0,1023.0,-1.43,4.12,95.0,10000.0,4.25,285.0,36.0372673,126.6898854,MASTER,2026031614
KR10025001,2026031615,968.375,312.11,974439.91,8.74,48.0,1022.0,-1.85,2.67,96.0,10000.0,4.8,283.0,36.0372673,126.6898854,MASTER,2026031615
KR10025001,2026031616,968.375,251.01,974690.9199999998,8.29,47.0,1022.0,-2.7,1.36,100.0,10000.0,4.23,288.0,36.0372673,126.6898854,MASTER,2026031616
KR10025001,2026031617,968.375,140.0,974830.92,8.01,46.0,1022.0,-3.02,0.53,100.0,10000.0,4.39,293.0,36.0372673,126.6898854,MASTER,2026031617
KR10025001,2026031618,968.375,18.450000000000006,974849.37,9.95,34.0,1022.0,-4.59,0.1,75.0,10000.0,4.64,308.0,36.0372673,126.6898854,MASTER,2026031618
KR10025001,2026031619,968.375,0.0,974849.37,9.17,40.0,1022.0,-3.29,0.0,80.0,10000.0,3.57,308.0,36.0372673,126.6898854,MASTER,2026031619
KR10025001,2026031620,968.375,0.0,974849.37,8.31,45.0,1022.0,-2.58,0.0,85.0,10000.0,2.96,310.0,36.0372673,126.6898854,MASTER,2026031620
KR10025001,2026031621,968.375,0.0,974849.37,7.42,51.0,1023.0,-1.81,0.0,90.0,10000.0,1.86,311.0,36.0372673,126.6898854,MASTER,2026031621
KR10025001,2026031622,968.375,0.0,974849.37,6.37,57.0,1023.0,-1.34,0.0,86.0,10000.0,1.05,282.0,36.0372673,126.6898854,MASTER,2026031622
KR10025001,2026031623,968.375,0.0,974849.37,5.24,63.0,1023.0,-1.2,0.0,84.0,10000.0,0.98,281.0,36.0372673,126.6898854,MASTER,2026031623
KR10025001,2026031700,968.375,0.0,974849.37,4.97,64.0,1023.0,-1.22,0.0,82.0,10000.0,0.71,281.0,36.0372673,126.6898854,MASTER,2026031700
KR10025001,2026031701,968.375,0.0,974849.37,4.89,65.0,1023.0,-1.29,0.0,83.0,10000.0,0.53,258.0,36.0372673,126.6898854,MASTER,2026031701
KR10025001,2026031702,968.375,0.0,974849.37,4.79,64.0,1023.0,-1.48,0.0,85.0,10000.0,0.99,300.0,36.0372673,126.6898854,MASTER,2026031702
KR10025001,2026031703,968.375,0.0,974849.37,4.5,64.0,1023.0,-1.68,0.0,76.0,10000.0,1.17,308.0,36.0372673,126.6898854,MASTER,2026031703
KR10025001,2026031704,968.375,0.0,974849.37,4.21,65.0,1023.0,-1.93,0.0,15.0,10000.0,1.35,342.0,36.0372673,126.6898854,MASTER,2026031704
KR10025001,2026031705,968.375,0.0,974849.37,3.94,65.0,1023.0,-2.03,0.0,28.0,10000.0,1.35,350.0,36.0372673,126.6898854,MASTER,2026031705
KR10025001,2026031706,968.375,2.309999999999999,974851.6799999998,1.95,80.0,1023.0,-1.0,0.0,0.0,10000.0,1.77,28.0,36.0372673,126.6898854,MASTER,2026031706
KR10025001,2026031707,968.375,59.80000000000001,974911.48,2.26,78.0,1023.0,-1.04,0.0,19.0,10000.0,1.24,77.0,36.0372673,126.6898854,MASTER,2026031707
KR10025001,2026031708,968.375,220.9,975132.38,3.08,74.0,1023.0,-0.97,0.48,38.0,10000.0,1.41,61.0,36.0372673,126.6898854,MASTER,2026031708
KR10025001,2026031709,968.375,440.28,975572.66,4.72,68.0,1023.0,-0.6,1.46,47.0,10000.0,1.81,71.0,36.0372673,126.6898854,MASTER,2026031709
KR10025001,2026031710,968.375,622.69,976195.35,7.07,60.0,1023.0,-0.14,2.8,51.0,10000.0,1.13,98.0,36.0372673,126.6898854,MASTER,2026031710
KR10025001,2026031711,968.375,726.9599999999998,976922.31,9.91,49.0,1023.0,-0.4,4.22,33.0,10000.0,0.98,101.0,36.0372673,126.6898854,MASTER,2026031711
KR10025001,2026031712,968.375,787.2500000000001,977709.56,11.28,42.0,1022.0,-1.4,5.15,22.0,10000.0,1.03,189.0,36.0372673,126.6898854,MASTER,2026031712
KR10025001,2026031713,968.375,790.48,978500.0399999998,11.87,39.0,1022.0,-2.33,5.22,17.0,10000.0,2.14,255.0,36.0372673,126.6898854,MASTER,2026031713
KR10025001,2026031714,968.375,727.2699999999999,979227.31,11.93,38.0,1021.0,-2.11,4.4,13.0,10000.0,3.24,263.0,36.0372673,126.6898854,MASTER,2026031714
KR10025001,2026031715,968.375,609.3199999999999,979836.63,11.6,40.0,1020.0,-1.81,3.02,11.0,10000.0,3.85,275.0,36.0372673,126.6898854,MASTER,2026031715
KR10025001,2026031716,968.375,416.9,980253.53,10.7,41.0,1020.0,-2.19,1.61,0.0,10000.0,4.42,291.0,36.0372673,126.6898854,MASTER,2026031716
KR10025001,2026031717,968.375,171.97000000000006,980425.5,9.84,39.0,1020.0,-3.64,0.6,0.0,10000.0,4.08,304.0,36.0372673,126.6898854,MASTER,2026031717
KR10025001,2026031718,968.375,16.85000000000001,980442.35,12.95,35.0,1020.0,-1.89,0.11,0.0,10000.0,2.81,307.0,36.0372673,126.6898854,MASTER,2026031718
KR10025001,2026031719,968.375,0.0,980442.35,12.01,38.0,1020.0,-1.64,0.0,1.0,10000.0,1.52,304.0,36.0372673,126.6898854,MASTER,2026031719
KR10025001,2026031720,968.375,0.0,980442.35,10.94,39.0,1020.0,-2.18,0.0,10.0,10000.0,2.01,286.0,36.0372673,126.6898854,MASTER,2026031720
KR10025001,2026031721,968.375,0.0,980442.35,9.72,41.0,1020.0,-2.56,0.0,22.0,10000.0,1.25,282.0,36.0372673,126.6898854,MASTER,2026031721
KR10025001,2026031722,968.375,0.0,980442.35,8.62,43.0,1020.0,-2.87,0.0,80.0,10000.0,0.52,270.0,36.0372673,126.6898854,MASTER,2026031722
KR10025001,2026031723,968.375,0.0,980442.35,7.57,45.0,1020.0,-3.67,0.0,100.0,10000.0,0.7,97.0,36.0372673,126.6898854,MASTER,2026031723
KR10025001,2026031800,968.375,0.0,980442.35,7.97,45.0,1019.0,-3.27,0.0,100.0,10000.0,1.1,117.0,36.0372673,126.6898854,MASTER,2026031800
KR10025001,2026031801,968.375,0.0,980442.35,7.95,48.0,1018.0,-2.55,0.0,100.0,10000.0,1.25,133.0,36.0372673,126.6898854,MASTER,2026031801
KR10025001,2026031802,968.375,0.0,980442.35,7.71,53.0,1018.0,-1.32,0.0,100.0,10000.0,0.79,87.0,36.0372673,126.6898854,MASTER,2026031802
KR10025001,2026031803,968.375,0.0,980442.35,6.9,65.0,1017.0,0.71,0.0,100.0,9368.0,2.19,102.0,36.0372673,126.6898854,MASTER,2026031803
KR10025001,2026031804,968.375,0.0,980442.35,6.2,79.0,1016.0,2.65,0.0,100.0,6092.0,2.06,73.0,36.0372673,126.6898854,MASTER,2026031804
KR10025001,2026031805,968.375,0.0,980442.35,5.63,87.0,1016.0,3.72,0.0,100.0,7605.0,3.0,47.0,36.0372673,126.6898854,MASTER,2026031805
KR10025001,2026031806,968.375,0.0,980442.35,6.46,95.0,1015.0,5.72,0.0,100.0,8410.0,2.38,44.0,36.0372673,126.6898854,MASTER,2026031806
KR10025001,2026031807,968.375,6.300000000000003,980448.65,6.43,96.0,1015.0,5.84,0.0,100.0,6167.0,3.09,346.0,36.0372673,126.6898854,MASTER,2026031807
KR10025001,2026031808,968.375,38.02000000000001,980486.6700000002,6.4,96.0,1015.0,5.81,0.05,100.0,10000.0,2.85,23.0,36.0372673,126.6898854,MASTER,2026031808
KR10025001,2026031809,968.375,92.81000000000004,980579.48,6.71,95.0,1014.0,5.97,0.13,100.0,10000.0,2.71,28.0,36.0372673,126.6898854,MASTER,2026031809
KR10025001,2026031810,968.375,111.23999999999998,980690.72,6.88,95.0,1014.0,6.14,0.2,100.0,10000.0,2.8,16.0,36.0372673,126.6898854,MASTER,2026031810
KR10025001,2026031811,968.375,126.07,980816.79,6.88,95.0,1014.0,5.9,0.32,100.0,10000.0,3.44,355.0,36.0372673,126.6898854,MASTER,2026031811
KR10025001,2026031812,968.375,104.95000000000005,980921.74,6.41,92.0,1014.0,5.04,0.45,100.0,10000.0,4.84,343.0,36.0372673,126.6898854,MASTER,2026031812
KR10025001,2026031813,968.375,52.80999999999994,980974.5500000002,5.94,88.0,1014.0,3.96,0.51,100.0,10000.0,5.14,349.0,36.0372673,126.6898854,MASTER,2026031813
KR10025001,2026031814,968.375,71.72,981046.27,5.55,87.0,1014.0,3.32,0.44,100.0,10000.0,4.88,359.0,36.0372673,126.6898854,MASTER,2026031814
KR10025001,2026031815,968.375,66.13000000000002,981112.4,5.67,86.0,1013.0,3.16,0.53,100.0,10000.0,4.25,359.0,36.0372673,126.6898854,MASTER,2026031815
KR10025001,2026031816,968.375,80.61000000000001,981193.01,6.09,84.0,1014.0,3.32,0.98,100.0,10000.0,2.95,345.0,36.0372673,126.6898854,MASTER,2026031816
KR10025001,2026031817,968.375,67.07999999999998,981260.09,6.83,82.0,1015.0,3.44,0.38,100.0,10000.0,4.86,315.0,36.0372673,126.6898854,MASTER,2026031817
KR10025001,2026031818,968.375,9.470000000000004,981269.5599999998,7.95,87.0,1014.0,5.92,0.08,100.0,10000.0,5.66,321.0,36.0372673,126.6898854,MASTER,2026031818
KR10025001,2026031819,968.375,0.0,981269.5599999998,7.46,86.0,1014.0,5.27,0.0,100.0,10000.0,5.43,324.0,36.0372673,126.6898854,MASTER,2026031819
KR10025001,2026031820,968.375,0.0,981269.5599999998,6.77,85.0,1015.0,4.43,0.0,100.0,10000.0,5.09,321.0,36.0372673,126.6898854,MASTER,2026031820
KR10025001,2026031821,968.375,0.0,981269.5599999998,5.91,84.0,1016.0,3.42,0.0,98.0,10000.0,3.54,307.0,36.0372673,126.6898854,MASTER,2026031821
KR10025001,2026031822,968.375,0.0,981269.5599999998,5.13,82.0,1017.0,2.31,0.0,84.0,10000.0,4.35,305.0,36.0372673,126.6898854,MASTER,2026031822
KR10025001,2026031823,968.375,0.0,981269.5599999998,4.12,79.0,1018.0,0.81,0.0,47.0,10000.0,4.48,316.0,36.0372673,126.6898854,MASTER,2026031823
KR10025001,2026031900,968.375,0.0,981269.5599999998,3.97,77.0,1018.0,0.31,0.0,37.0,10000.0,5.02,326.0,36.0372673,126.6898854,MASTER,2026031900
KR10025001,2026031901,968.375,0.0,981269.5599999998,3.8,74.0,1018.0,-0.45,0.0,41.0,10000.0,4.54,336.0,36.0372673,126.6898854,MASTER,2026031901
KR10025001,2026031902,968.375,0.0,981269.5599999998,3.38,72.0,1019.0,-1.32,0.0,52.0,10000.0,3.99,338.0,36.0372673,126.6898854,MASTER,2026031902
KR10025001,2026031903,968.375,0.0,981269.5599999998,3.01,70.0,1019.0,-2.22,0.0,50.0,10000.0,3.36,339.0,36.0372673,126.6898854,MASTER,2026031903
KR10025001,2026031904,968.375,0.0,981269.5599999998,2.83,67.0,1018.0,-2.84,0.0,94.0,10000.0,2.72,341.0,36.0372673,126.6898854,MASTER,2026031904
KR10025001,2026031905,968.375,0.0,981269.5599999998,2.5,65.0,1018.0,-3.45,0.0,93.0,10000.0,2.39,341.0,36.0372673,126.6898854,MASTER,2026031905
KR10025001,2026031906,968.375,3.28,981272.84,0.95,75.0,1019.0,-2.63,0.0,0.0,10000.0,2.11,337.0,36.0372673,126.6898854,MASTER,2026031906
KR10025001,2026031907,968.375,67.38000000000002,981340.22,1.27,74.0,1019.0,-2.52,0.0,15.0,10000.0,2.57,339.0,36.0372673,126.6898854,MASTER,2026031907
KR10025001,2026031908,968.375,254.26000000000005,981594.48,2.02,70.0,1019.0,-2.54,0.51,32.0,10000.0,2.68,344.0,36.0372673,126.6898854,MASTER,2026031908
KR10025001,2026031909,968.375,499.8,982094.28,3.31,62.0,1020.0,-2.89,1.55,50.0,10000.0,2.89,349.0,36.0372673,126.6898854,MASTER,2026031909
KR10025001,2026031910,968.375,675.0199999999999,982769.3000000002,5.41,51.0,1020.0,-3.46,2.93,46.0,10000.0,3.51,355.0,36.0372673,126.6898854,MASTER,2026031910
KR10025001,2026031911,968.375,790.86,983560.1599999998,8.25,39.0,1020.0,-4.98,4.34,28.0,10000.0,3.71,348.0,36.0372673,126.6898854,MASTER,2026031911
KR10025001,2026031912,968.375,853.68,984413.84,9.53,36.0,1020.0,-5.26,5.27,19.0,10000.0,4.24,332.0,36.0372673,126.6898854,MASTER,2026031912
KR10025001,2026031913,968.375,844.54,985258.38,10.05,35.0,1020.0,-5.28,5.28,14.0,10000.0,5.15,320.0,36.0372673,126.6898854,MASTER,2026031913
KR10025001,2026031914,968.375,776.1,986034.48,9.82,37.0,1020.0,-4.61,4.41,11.0,10000.0,6.77,313.0,36.0372673,126.6898854,MASTER,2026031914
KR10025001,2026031915,968.375,646.7799999999999,986681.26,9.13,38.0,1019.0,-4.85,3.04,26.0,10000.0,6.77,320.0,36.0372673,126.6898854,MASTER,2026031915
KR10025001,2026031916,968.375,449.47,987130.73,8.56,38.0,1019.0,-5.27,1.55,72.0,10000.0,6.62,318.0,36.0372673,126.6898854,MASTER,2026031916
KR10025001,2026031917,968.375,188.96000000000004,987319.69,7.59,39.0,1020.0,-5.71,0.57,86.0,10000.0,5.69,321.0,36.0372673,126.6898854,MASTER,2026031917
KR10025001,2026031918,968.375,22.019999999999992,987341.7099999998,8.95,34.0,1020.0,-5.37,0.11,0.0,10000.0,4.94,316.0,36.0372673,126.6898854,MASTER,2026031918
KR10025001,2026031919,968.375,0.0,987341.7099999998,8.14,38.0,1020.0,-4.71,0.0,11.0,10000.0,4.26,315.0,36.0372673,126.6898854,MASTER,2026031919
KR10025001,2026031920,968.375,0.0,987341.7099999998,7.21,42.0,1020.0,-4.29,0.0,18.0,10000.0,3.28,316.0,36.0372673,126.6898854,MASTER,2026031920
KR10025001,2026031921,968.375,0.0,987341.7099999998,6.27,45.0,1021.0,-4.23,0.0,32.0,10000.0,2.96,318.0,36.0372673,126.6898854,MASTER,2026031921
KR10025001,2026031922,968.375,0.0,987341.7099999998,5.17,50.0,1021.0,-3.89,0.0,41.0,10000.0,2.65,317.0,36.0372673,126.6898854,MASTER,2026031922
KR10025001,2026031923,968.375,0.0,987341.7099999998,4.09,56.0,1022.0,-4.01,0.0,76.0,10000.0,2.06,309.0,36.0372673,126.6898854,MASTER,2026031923
KR10025001,2026032000,968.375,0.0,987341.7099999998,3.94,59.0,1022.0,-3.33,0.0,84.0,10000.0,1.52,306.0,36.0372673,126.6898854,MASTER,2026032000
KR10025001,2026032001,968.375,0.0,987341.7099999998,3.99,63.0,1022.0,-2.55,0.0,88.0,10000.0,1.46,293.0,36.0372673,126.6898854,MASTER,2026032001
KR10025001,2026032002,968.375,0.0,987341.7099999998,3.83,66.0,1021.0,-1.92,0.0,91.0,10000.0,1.15,293.0,36.0372673,126.6898854,MASTER,2026032002
KR10025001,2026032003,968.375,0.0,987341.7099999998,3.67,68.0,1020.0,-1.87,0.0,92.0,10000.0,0.29,254.0,36.0372673,126.6898854,MASTER,2026032003
KR10025001,2026032004,968.375,0.0,987341.7099999998,3.55,68.0,1020.0,-1.87,0.0,100.0,10000.0,0.73,187.0,36.0372673,126.6898854,MASTER,2026032004
KR10025001,2026032005,968.375,0.0,987341.7099999998,3.26,69.0,1020.0,-1.95,0.0,100.0,10000.0,1.16,189.0,36.0372673,126.6898854,MASTER,2026032005
KR10025001,2026032006,968.375,2.94,987344.65,1.95,80.0,1020.0,-1.0,0.0,20.0,10000.0,1.06,177.0,36.0372673,126.6898854,MASTER,2026032006
KR10025001,2026032007,968.375,64.94000000000003,987409.59,2.28,77.0,1020.0,-1.17,0.0,36.0,10000.0,2.29,191.0,36.0372673,126.6898854,MASTER,2026032007
KR10025001,2026032008,968.375,228.23,987637.82,3.07,74.0,1020.0,-0.98,0.51,52.0,10000.0,1.47,180.0,36.0372673,126.6898854,MASTER,2026032008
KR10025001,2026032009,968.375,462.02,988099.84,4.57,69.0,1021.0,-0.55,1.46,68.0,10000.0,2.46,206.0,36.0372673,126.6898854,MASTER,2026032009
KR10025001,2026032010,968.375,664.3899999999999,988764.23,6.61,62.0,1022.0,-0.13,2.78,84.0,10000.0,2.92,242.0,36.0372673,126.6898854,MASTER,2026032010
KR10025001,2026032011,968.375,752.5599999999998,989516.79,8.72,54.0,1022.0,-0.3,4.19,71.0,10000.0,3.66,257.0,36.0372673,126.6898854,MASTER,2026032011
KR10025001,2026032012,968.375,855.9699999999999,990372.76,9.07,54.0,1022.0,0.15,5.12,69.0,10000.0,4.21,264.0,36.0372673,126.6898854,MASTER,2026032012
KR10025001,2026032013,968.375,823.9099999999999,991196.67,9.32,56.0,1022.0,0.87,5.27,52.0,10000.0,4.87,265.0,36.0372673,126.6898854,MASTER,2026032013
KR10025001,2026032014,968.375,740.7199999999999,991937.39,9.23,60.0,1022.0,1.6,4.46,43.0,10000.0,5.22,262.0,36.0372673,126.6898854,MASTER,2026032014
KR10025001,2026032015,968.375,601.28,992538.67,9.12,62.0,1022.0,1.97,3.07,37.0,10000.0,4.87,276.0,36.0372673,126.6898854,MASTER,2026032015
KR10025001,2026032016,968.375,394.77,992933.44,8.99,63.0,1022.0,2.08,1.66,64.0,10000.0,4.53,283.0,36.0372673,126.6898854,MASTER,2026032016
KR10025001,2026032017,968.375,171.96,993105.4,8.47,65.0,1022.0,2.04,0.63,77.0,10000.0,4.18,284.0,36.0372673,126.6898854,MASTER,2026032017
KR10025001,2026032018,968.375,22.739999999999988,993128.14,13.95,62.0,1022.0,6.8,0.13,0.0,10000.0,3.45,278.0,36.0372673,126.6898854,MASTER,2026032018
KR10025001,2026032019,968.375,0.0,993128.14,12.43,66.0,1022.0,6.26,0.0,5.0,10000.0,2.4,281.0,36.0372673,126.6898854,MASTER,2026032019
KR10025001,2026032020,968.375,0.0,993128.14,10.74,71.0,1022.0,5.7,0.0,9.0,10000.0,1.83,306.0,36.0372673,126.6898854,MASTER,2026032020
KR10025001,2026032021,968.375,0.0,993128.14,8.92,74.0,1023.0,4.54,0.0,12.0,10000.0,1.25,317.0,36.0372673,126.6898854,MASTER,2026032021
KR10025001,2026032022,968.375,0.0,993128.14,7.04,76.0,1024.0,3.1,0.0,0.0,10000.0,0.96,326.0,36.0372673,126.6898854,MASTER,2026032022
KR10025001,2026032023,968.375,0.0,993128.14,5.06,78.0,1025.0,1.26,0.0,0.0,10000.0,0.98,8.0,36.0372673,126.6898854,MASTER,2026032023
KR10025001,2026032100,968.375,0.0,993128.14,4.62,78.0,1025.0,1.05,0.0,0.0,10000.0,0.57,49.0,36.0372673,126.6898854,MASTER,2026032100
KR10025001,2026032101,968.375,0.0,993128.14,4.35,78.0,1025.0,0.8,0.0,0.0,10000.0,0.6,27.0,36.0372673,126.6898854,MASTER,2026032101
KR10025001,2026032102,968.375,0.0,993128.14,4.11,78.0,1025.0,0.47,0.0,0.0,10000.0,0.79,33.0,36.0372673,126.6898854,MASTER,2026032102
KR10025001,2026032103,968.375,0.0,993128.14,3.82,79.0,1025.0,0.26,0.0,0.0,10000.0,1.1,64.0,36.0372673,126.6898854,MASTER,2026032103
KR10025001,2026032104,968.375,0.0,993128.14,3.42,80.0,1025.0,0.27,0.0,0.0,10000.0,0.89,78.0,36.0372673,126.6898854,MASTER,2026032104
KR10025001,2026032105,968.375,0.0,993128.14,3.14,81.0,1025.0,-0.07,0.0,0.0,10000.0,1.0,75.0,36.0372673,126.6898854,MASTER,2026032105
KR10025001,2026032106,968.375,1.51,993129.65,3.95,93.0,1024.0,2.92,0.0,100.0,10000.0,1.3,87.0,36.0372673,126.6898854,MASTER,2026032106
KR10025001,2026032107,968.375,38.6,993168.25,3.73,91.0,1024.0,2.4,0.03,80.0,10000.0,1.5,77.0,36.0372673,126.6898854,MASTER,2026032107
KR10025001,2026032108,968.375,109.85000000000008,993278.1,4.12,87.0,1024.0,2.15,0.5,60.0,10000.0,1.41,89.0,36.0372673,126.6898854,MASTER,2026032108
KR10025001,2026032109,968.375,192.68000000000004,993470.78,5.36,77.0,1025.0,1.66,1.39,40.0,10000.0,1.8,107.0,36.0372673,126.6898854,MASTER,2026032109
KR10025001,2026032110,968.375,459.87000000000006,993930.65,7.38,64.0,1025.0,1.02,2.71,64.0,10000.0,1.5,133.0,36.0372673,126.6898854,MASTER,2026032110
KR10025001,2026032111,968.375,774.66,994705.3100000002,9.59,44.0,1026.0,-2.41,4.2,52.0,10000.0,1.28,207.0,36.0372673,126.6898854,MASTER,2026032111
KR10025001,2026032112,968.375,823.4700000000001,995528.78,10.5,38.0,1025.0,-3.9,5.18,35.0,10000.0,2.22,247.0,36.0372673,126.6898854,MASTER,2026032112
KR10025001,2026032113,968.375,834.05,996362.8299999998,11.06,34.0,1025.0,-4.59,5.29,27.0,10000.0,3.19,257.0,36.0372673,126.6898854,MASTER,2026032113
KR10025001,2026032114,968.375,771.4200000000001,997134.25,10.85,32.0,1024.0,-5.59,4.55,21.0,10000.0,3.92,269.0,36.0372673,126.6898854,MASTER,2026032114
KR10025001,2026032115,968.375,644.8300000000002,997779.08,10.47,32.0,1024.0,-5.93,3.18,18.0,10000.0,4.15,280.0,36.0372673,126.6898854,MASTER,2026032115
KR10025001,2026032116,968.375,444.19,998223.27,10.18,33.0,1024.0,-5.77,1.7,0.0,10000.0,3.91,280.0,36.0372673,126.6898854,MASTER,2026032116
KR10025001,2026032117,968.375,198.23,998421.5,9.39,35.0,1024.0,-5.7,0.65,0.0,10000.0,3.7,286.0,36.0372673,126.6898854,MASTER,2026032117
KR10025001,2026032118,968.375,24.34999999999999,998445.85,10.95,20.0,1024.0,-9.92,0.13,0.0,10000.0,2.71,298.0,36.0372673,126.6898854,MASTER,2026032118
KR10025001,2026032119,968.375,0.0,998445.85,10.11,25.0,1024.0,-8.02,0.0,0.0,10000.0,2.08,299.0,36.0372673,126.6898854,MASTER,2026032119
KR10025001,2026032120,968.375,0.0,998445.85,9.13,29.0,1024.0,-7.08,0.0,0.0,10000.0,1.1,329.0,36.0372673,126.6898854,MASTER,2026032120
KR10025001,2026032121,968.375,0.0,998445.85,8.18,33.0,1024.0,-6.33,0.0,0.0,10000.0,1.14,301.0,36.0372673,126.6898854,MASTER,2026032121
KR10025001,2026032122,968.375,0.0,998445.85,6.97,37.0,1024.0,-5.96,0.0,0.0,10000.0,0.55,112.0,36.0372673,126.6898854,MASTER,2026032122
KR10025001,2026032123,968.375,0.0,998445.85,5.76,41.0,1024.0,-6.62,0.0,6.0,10000.0,0.9,139.0,36.0372673,126.6898854,MASTER,2026032123
KR10025001,2026032200,968.375,0.0,998445.85,5.79,41.0,1024.0,-6.56,0.0,37.0,10000.0,0.33,99.0,36.0372673,126.6898854,MASTER,2026032200
KR10025001,2026032201,968.375,0.0,998445.85,5.82,39.0,1023.0,-7.1,0.0,53.0,10000.0,1.43,96.0,36.0372673,126.6898854,MASTER,2026032201
KR10025001,2026032202,968.375,0.0,998445.85,5.39,40.0,1023.0,-7.08,0.0,62.0,10000.0,1.6,80.0,36.0372673,126.6898854,MASTER,2026032202
KR10025001,2026032203,968.375,0.0,998445.85,5.18,41.0,1023.0,-7.11,0.0,68.0,10000.0,1.44,90.0,36.0372673,126.6898854,MASTER,2026032203
KR10025001,2026032204,968.375,0.0,998445.85,5.12,41.0,1022.0,-7.08,0.0,100.0,10000.0,1.36,103.0,36.0372673,126.6898854,MASTER,2026032204
KR10025001,2026032205,968.375,0.0,998445.85,5.39,41.0,1022.0,-7.01,0.0,100.0,10000.0,1.8,83.0,36.0372673,126.6898854,MASTER,2026032205
KR10025001,2026032206,968.375,1.0,998446.85,2.95,87.0,1020.0,1.0,0.0,0.0,10000.0,1.7,87.0,36.0372673,126.6898854,MASTER,2026032206
KR10025001,2026032207,968.375,26.510000000000016,998473.36,3.57,78.0,1020.0,0.1,0.05,20.0,10000.0,1.48,44.0,36.0372673,126.6898854,MASTER,2026032207
KR10025001,2026032208,968.375,75.72999999999999,998549.09,4.45,69.0,1020.0,-0.65,0.26,40.0,10000.0,1.62,55.0,36.0372673,126.6898854,MASTER,2026032208
KR10025001,2026032209,968.375,231.25000000000009,998780.34,5.87,60.0,1021.0,-1.14,0.63,60.0,10000.0,1.54,113.0,36.0372673,126.6898854,MASTER,2026032209
KR10025001,2026032210,968.375,511.89,999292.23,7.77,51.0,1021.0,-1.52,2.0,80.0,10000.0,2.06,108.0,36.0372673,126.6898854,MASTER,2026032210
KR10025001,2026032211,968.375,772.3099999999998,1000064.5400000002,10.71,42.0,1021.0,-1.94,3.71,100.0,10000.0,1.59,125.0,36.0372673,126.6898854,MASTER,2026032211
KR10025001,2026032212,968.375,808.9399999999998,1000873.48,12.41,39.0,1020.0,-1.45,4.72,95.0,10000.0,0.73,186.0,36.0372673,126.6898854,MASTER,2026032212
KR10025001,2026032213,968.375,811.01,1001684.49,13.21,34.0,1019.0,-2.73,4.75,75.0,10000.0,1.74,240.0,36.0372673,126.6898854,MASTER,2026032213
KR10025001,2026032214,968.375,711.19,1002395.68,13.75,32.0,1019.0,-3.54,4.19,61.0,10000.0,3.03,254.0,36.0372673,126.6898854,MASTER,2026032214
KR10025001,2026032215,968.375,634.1200000000001,1003029.8,13.97,30.0,1018.0,-4.36,2.91,53.0,10000.0,3.72,265.0,36.0372673,126.6898854,MASTER,2026032215
KR10025001,2026032216,968.375,437.2600000000001,1003467.06,13.32,31.0,1018.0,-4.83,1.55,5.0,10000.0,4.33,283.0,36.0372673,126.6898854,MASTER,2026032216
KR10025001,2026032217,968.375,192.13,1003659.19,11.91,34.0,1018.0,-4.42,0.6,3.0,10000.0,3.88,296.0,36.0372673,126.6898854,MASTER,2026032217
KR10025001,2026032218,968.375,24.449999999999992,1003683.64,12.95,28.0,1018.0,-4.53,0.13,0.0,10000.0,3.91,309.0,36.0372673,126.6898854,MASTER,2026032218
KR10025001,2026032219,968.375,0.0,1003683.64,12.09,33.0,1018.0,-3.26,0.0,0.0,10000.0,3.42,303.0,36.0372673,126.6898854,MASTER,2026032219
KR10025001,2026032220,968.375,0.0,1003683.64,11.01,37.0,1018.0,-2.75,0.0,0.0,10000.0,3.18,314.0,36.0372673,126.6898854,MASTER,2026032220
KR10025001,2026032221,968.375,0.0,1003683.64,9.79,40.0,1019.0,-2.79,0.0,6.0,10000.0,2.77,336.0,36.0372673,126.6898854,MASTER,2026032221
KR10025001,2026032222,968.375,0.0,1003683.64,8.68,41.0,1019.0,-3.39,0.0,80.0,10000.0,1.83,345.0,36.0372673,126.6898854,MASTER,2026032222
KR10025001,2026032223,968.375,0.0,1003683.64,7.57,44.0,1020.0,-4.12,0.0,100.0,10000.0,2.25,356.0,36.0372673,126.6898854,MASTER,2026032223
KR10025001,2026032300,968.375,0.0,1003683.64,7.36,46.0,1020.0,-3.82,0.0,100.0,10000.0,1.72,355.0,36.0372673,126.6898854,MASTER,2026032300
KR10025001,2026032301,968.375,0.0,1003683.64,7.31,46.0,1020.0,-3.68,0.0,100.0,10000.0,1.64,352.0,36.0372673,126.6898854,MASTER,2026032301
KR10025001,2026032302,968.375,0.0,1003683.64,7.11,46.0,1020.0,-3.87,0.0,100.0,10000.0,1.84,9.0,36.0372673,126.6898854,MASTER,2026032302
KR10025001,2026032303,968.375,0.0,1003683.64,6.37,46.0,1020.0,-4.45,0.0,99.0,10000.0,1.89,21.0,36.0372673,126.6898854,MASTER,2026032303
KR10025001,2026032304,968.375,0.0,1003683.64,6.03,47.0,1020.0,-4.56,0.0,56.0,10000.0,1.74,30.0,36.0372673,126.6898854,MASTER,2026032304
KR10025001,2026032305,968.375,0.0,1003683.64,5.56,46.0,1020.0,-5.13,0.0,46.0,10000.0,1.61,42.0,36.0372673,126.6898854,MASTER,2026032305
KR10025001,2026032306,968.375,5.41,1003689.05,2.95,87.0,1020.0,1.0,0.0,0.0,10000.0,1.27,44.0,36.0372673,126.6898854,MASTER,2026032306
KR10025001,2026032307,968.375,71.74000000000001,1003760.79,3.49,78.0,1020.0,0.02,0.09,17.0,10000.0,1.51,33.0,36.0372673,126.6898854,MASTER,2026032307
KR10025001,2026032308,968.375,255.46,1004016.25,4.71,69.0,1020.0,-0.43,0.54,31.0,10000.0,1.21,37.0,36.0372673,126.6898854,MASTER,2026032308
KR10025001,2026032309,968.375,489.7799999999999,1004506.03,6.83,58.0,1021.0,-0.75,1.51,40.0,10000.0,1.59,25.0,36.0372673,126.6898854,MASTER,2026032309
KR10025001,2026032310,968.375,652.5099999999999,1005158.54,9.53,46.0,1021.0,-1.33,2.74,21.0,10000.0,1.29,13.0,36.0372673,126.6898854,MASTER,2026032310
KR10025001,2026032311,968.375,747.8800000000002,1005906.4199999998,12.55,33.0,1020.0,-3.32,4.12,56.0,10000.0,2.03,3.0,36.0372673,126.6898854,MASTER,2026032311
KR10025001,2026032312,968.375,833.4000000000002,1006739.82,13.66,35.0,1020.0,-2.2,4.94,68.0,10000.0,2.27,331.0,36.0372673,126.6898854,MASTER,2026032312
KR10025001,2026032313,968.375,802.5899999999998,1007542.41,14.77,39.0,1020.0,-0.55,4.98,68.0,10000.0,2.5,306.0,36.0372673,126.6898854,MASTER,2026032313
KR10025001,2026032314,968.375,736.39,1008278.8,14.77,44.0,1019.0,1.03,4.37,72.0,10000.0,3.83,293.0,36.0372673,126.6898854,MASTER,2026032314
KR10025001,2026032315,968.375,606.3800000000001,1008885.1800000004,14.87,48.0,1019.0,2.26,3.07,63.0,10000.0,4.21,294.0,36.0372673,126.6898854,MASTER,2026032315
KR10025001,2026032316,968.375,378.49,1009263.67,14.45,54.0,1019.0,3.22,1.54,24.0,10000.0,4.64,291.0,36.0372673,126.6898854,MASTER,2026032316
KR10025001,2026032317,968.375,183.08,1009446.75,13.01,59.0,1019.0,3.28,0.63,65.0,10000.0,4.73,298.0,36.0372673,126.6898854,MASTER,2026032317
KR10025001,2026032318,968.375,20.839999999999986,1009477.02,13.95,28.0,1019.0,-3.77,0.14,20.0,10000.0,3.7,298.0,36.0372673,126.6898854,MASTER,2026032318
KR10025001,2026032319,968.375,0.0,1009477.02,13.31,35.0,1019.0,-1.6,0.0,26.0,10000.0,3.42,306.0,36.0372673,126.6898854,MASTER,2026032319
KR10025001,2026032320,968.375,0.0,1009477.02,12.24,42.0,1019.0,-0.25,0.0,28.0,10000.0,2.62,320.0,36.0372673,126.6898854,MASTER,2026032320
KR10025001,2026032321,968.375,0.0,1009477.02,11.07,51.0,1020.0,1.33,0.0,30.0,10000.0,0.54,165.0,36.0372673,126.6898854,MASTER,2026032321
KR10025001,2026032322,968.375,0.0,1009477.02,9.12,64.0,1020.0,2.68,0.0,9.0,10000.0,1.96,205.0,36.0372673,126.6898854,MASTER,2026032322
KR10025001,2026032323,968.375,0.0,1009477.02,7.47,76.0,1021.0,3.42,0.0,17.0,10000.0,1.89,224.0,36.0372673,126.6898854,MASTER,2026032323
KR10025001,2026032400,968.375,0.0,1009477.02,7.29,77.0,1021.0,3.46,0.0,45.0,10000.0,0.86,225.0,36.0372673,126.6898854,MASTER,2026032400
KR10025001,2026032401,968.375,0.0,1009477.02,7.12,77.0,1021.0,3.27,0.0,59.0,10000.0,0.59,136.0,36.0372673,126.6898854,MASTER,2026032401
KR10025001,2026032402,968.375,0.0,1009477.02,7.2,74.0,1021.0,2.78,0.0,67.0,10000.0,0.61,110.0,36.0372673,126.6898854,MASTER,2026032402
KR10025001,2026032403,968.375,0.0,1009477.02,7.11,73.0,1021.0,2.48,0.0,72.0,10000.0,0.97,147.0,36.0372673,126.6898854,MASTER,2026032403
KR10025001,2026032404,968.375,0.0,1009477.02,6.92,74.0,1020.0,2.37,0.0,10.0,10000.0,0.84,112.0,36.0372673,126.6898854,MASTER,2026032404
KR10025001,2026032405,968.375,0.0,1009477.02,6.79,74.0,1020.0,2.39,0.0,10.0,10000.0,1.31,83.0,36.0372673,126.6898854,MASTER,2026032405
KR10025001,2026032406,968.375,7.740000000000001,1009484.76,4.95,75.0,1019.0,0.9,0.0,20.0,10000.0,1.51,90.0,36.0372673,126.6898854,MASTER,2026032406
KR10025001,2026032407,968.375,73.22,1009557.98,5.37,74.0,1019.0,1.12,0.1,34.0,10000.0,1.5,80.0,36.0372673,126.6898854,MASTER,2026032407
KR10025001,2026032408,968.375,229.45000000000005,1009787.43,6.35,71.0,1019.0,1.48,0.55,48.0,10000.0,1.78,84.0,36.0372673,126.6898854,MASTER,2026032408
KR10025001,2026032409,968.375,458.9800000000001,1010246.4099999998,8.03,67.0,1020.0,2.28,1.52,63.0,10000.0,2.3,68.0,36.0372673,126.6898854,MASTER,2026032409
KR10025001,2026032410,968.375,617.6400000000001,1010864.05,10.4,60.0,1020.0,2.98,2.78,81.0,10000.0,2.28,69.0,36.0372673,126.6898854,MASTER,2026032410
KR10025001,2026032411,968.375,720.8299999999999,1011584.88,12.96,55.0,1019.0,3.93,3.56,98.0,10000.0,1.92,74.0,36.0372673,126.6898854,MASTER,2026032411
KR10025001,2026032412,968.375,774.5999999999999,1012359.48,14.42,52.0,1018.0,4.35,4.68,99.0,10000.0,0.84,54.0,36.0372673,126.6898854,MASTER,2026032412
KR10025001,2026032413,968.375,758.4899999999999,1013117.97,15.59,48.0,1018.0,4.09,5.16,99.0,10000.0,1.24,331.0,36.0372673,126.6898854,MASTER,2026032413
KR10025001,2026032414,968.375,574.19,1013692.16,16.17,46.0,1017.0,3.93,4.32,98.0,10000.0,2.44,301.0,36.0372673,126.6898854,MASTER,2026032414
KR10025001,2026032415,968.375,299.9,1013992.0600000002,15.09,52.0,1017.0,4.13,2.9,98.0,10000.0,4.34,294.0,36.0372673,126.6898854,MASTER,2026032415
KR10025001,2026032416,968.375,183.06,1014175.12,14.58,56.0,1017.0,4.15,1.53,100.0,10000.0,4.96,302.0,36.0372673,126.6898854,MASTER,2026032416
KR10025001,2026032417,968.375,56.439999999999976,1014231.56,14.0,57.0,1016.0,3.88,0.61,99.0,10000.0,5.04,316.0,36.0372673,126.6898854,MASTER,2026032417
KR10025001,2026032418,968.375,10.370000000000005,1014241.93,13.95,47.0,1016.0,2.83,0.13,75.0,10000.0,4.18,321.0,36.0372673,126.6898854,MASTER,2026032418
KR10025001,2026032419,968.375,0.0,1014241.93,13.38,50.0,1016.0,3.18,0.0,80.0,10000.0,3.47,317.0,36.0372673,126.6898854,MASTER,2026032419
KR10025001,2026032420,968.375,0.0,1014241.93,12.66,54.0,1016.0,3.6,0.0,85.0,10000.0,2.53,334.0,36.0372673,126.6898854,MASTER,2026032420
KR10025001,2026032421,968.375,0.0,1014241.93,12.12,56.0,1016.0,3.62,0.0,89.0,10000.0,1.27,332.0,36.0372673,126.6898854,MASTER,2026032421
KR10025001,2026032422,968.375,0.0,1014241.93,11.21,60.0,1016.0,3.74,0.0,95.0,10000.0,1.12,335.0,36.0372673,126.6898854,MASTER,2026032422
KR10025001,2026032423,968.375,0.0,1014241.93,10.42,63.0,1016.0,3.51,0.0,100.0,10000.0,1.24,0.0,36.0372673,126.6898854,MASTER,2026032423
KR10025001,2026032500,968.375,0.0,1014241.93,10.51,63.0,1016.0,3.71,0.0,100.0,10000.0,1.53,354.0,36.0372673,126.6898854,MASTER,2026032500
KR10025001,2026032501,968.375,0.0,1014241.93,10.46,65.0,1015.0,3.89,0.0,100.0,10000.0,1.88,11.0,36.0372673,126.6898854,MASTER,2026032501
KR10025001,2026032502,968.375,0.0,1014241.93,10.11,68.0,1015.0,4.26,0.0,100.0,10000.0,0.68,15.0,36.0372673,126.6898854,MASTER,2026032502
KR10025001,2026032503,968.375,0.0,1014241.93,9.64,70.0,1015.0,4.43,0.0,100.0,10000.0,0.62,164.0,36.0372673,126.6898854,MASTER,2026032503
KR10025001,2026032504,968.375,0.0,1014241.93,9.63,70.0,1015.0,4.47,0.0,100.0,10000.0,0.36,339.0,36.0372673,126.6898854,MASTER,2026032504
KR10025001,2026032505,968.375,0.0,1014241.93,9.69,70.0,1014.0,4.33,0.0,100.0,10000.0,1.05,22.0,36.0372673,126.6898854,MASTER,2026032505
KR10025001,2026032506,968.375,3.06,1014244.99,9.95,81.0,1014.0,6.85,0.0,75.0,10000.0,1.65,353.0,36.0372673,126.6898854,MASTER,2026032506
KR10025001,2026032507,968.375,50.20000000000001,1014295.19,9.85,78.0,1014.0,6.2,0.05,80.0,10000.0,1.77,339.0,36.0372673,126.6898854,MASTER,2026032507
KR10025001,2026032508,968.375,134.24000000000004,1014429.4300000002,9.88,77.0,1014.0,6.04,0.28,85.0,10000.0,0.97,348.0,36.0372673,126.6898854,MASTER,2026032508
KR10025001,2026032509,968.375,244.60000000000005,1014674.03,10.11,73.0,1015.0,5.5,0.8,90.0,10000.0,0.16,68.0,36.0372673,126.6898854,MASTER,2026032509
KR10025001,2026032510,968.375,223.14000000000004,1014897.1699999998,10.65,68.0,1016.0,4.99,2.16,95.0,10000.0,0.26,184.0,36.0372673,126.6898854,MASTER,2026032510
KR10025001,2026032511,968.375,524.3199999999999,1015421.49,12.18,62.0,1015.0,4.51,4.12,100.0,10000.0,0.36,201.0,36.0372673,126.6898854,MASTER,2026032511
KR10025001,2026032512,968.375,780.73,1016202.22,13.18,58.0,1015.0,4.68,4.9,100.0,10000.0,1.53,256.0,36.0372673,126.6898854,MASTER,2026032512
KR10025001,2026032513,968.375,823.6899999999999,1017025.91,14.33,58.0,1015.0,5.22,5.35,96.0,10000.0,3.27,274.0,36.0372673,126.6898854,MASTER,2026032513
KR10025001,2026032514,968.375,737.16,1017763.07,13.82,63.0,1014.0,5.94,4.58,79.0,10000.0,5.21,281.0,36.0372673,126.6898854,MASTER,2026032514
KR10025001,2026032515,968.375,606.62,1018369.69,13.71,67.0,1014.0,6.32,3.24,66.0,10000.0,5.94,285.0,36.0372673,126.6898854,MASTER,2026032515
KR10025001,2026032516,968.375,390.19000000000005,1018759.88,13.26,68.0,1014.0,6.41,1.72,0.0,10000.0,5.68,293.0,36.0372673,126.6898854,MASTER,2026032516
KR10025001,2026032517,968.375,169.15999999999997,1018929.04,12.31,72.0,1014.0,6.37,0.65,0.0,10000.0,5.87,295.0,36.0372673,126.6898854,MASTER,2026032517
KR10025001,2026032518,968.375,25.74999999999998,1018954.79,13.95,62.0,1014.0,6.8,0.15,0.0,10000.0,5.14,307.0,36.0372673,126.6898854,MASTER,2026032518
KR10025001,2026032519,968.375,0.0,1018954.79,13.23,65.0,1014.0,6.8,0.0,0.0,10000.0,4.64,301.0,36.0372673,126.6898854,MASTER,2026032519
KR10025001,2026032520,968.375,0.0,1018954.79,12.11,69.0,1015.0,6.6,0.0,0.0,10000.0,3.42,302.0,36.0372673,126.6898854,MASTER,2026032520
KR10025001,2026032521,968.375,0.0,1018954.79,10.88,73.0,1015.0,6.24,0.0,1.0,10000.0,2.77,292.0,36.0372673,126.6898854,MASTER,2026032521
KR10025001,2026032522,968.375,0.0,1018954.79,9.59,77.0,1016.0,5.76,0.0,0.0,10000.0,2.6,297.0,36.0372673,126.6898854,MASTER,2026032522
KR10025001,2026032523,968.375,0.0,1018954.79,8.24,81.0,1016.0,5.02,0.0,0.0,10000.0,2.65,315.0,36.0372673,126.6898854,MASTER,2026032523
KR10025001,2026032600,968.375,0.0,1018954.79,8.1,79.0,1017.0,4.69,0.0,0.0,10000.0,1.85,303.0,36.0372673,126.6898854,MASTER,2026032600
KR10025001,2026032601,968.375,0.0,1018954.79,7.96,80.0,1017.0,4.58,0.0,1.0,10000.0,1.73,307.0,36.0372673,126.6898854,MASTER,2026032601
KR10025001,2026032602,968.375,0.0,1018954.79,7.83,80.0,1017.0,4.42,0.0,2.0,10000.0,1.66,337.0,36.0372673,126.6898854,MASTER,2026032602
KR10025001,2026032603,968.375,0.0,1018954.79,7.72,78.0,1017.0,4.04,0.0,3.0,10000.0,1.48,21.0,36.0372673,126.6898854,MASTER,2026032603
KR10025001,2026032604,968.375,0.0,1018954.79,7.47,78.0,1017.0,3.79,0.0,56.0,10000.0,1.22,62.0,36.0372673,126.6898854,MASTER,2026032604
KR10025001,2026032605,968.375,0.0,1018954.79,7.19,80.0,1017.0,3.8,0.0,31.0,10000.0,0.93,142.0,36.0372673,126.6898854,MASTER,2026032605
KR10025001,2026032606,968.375,2.23,1018957.02,6.95,87.0,1017.0,4.94,0.0,100.0,10000.0,1.11,72.0,36.0372673,126.6898854,MASTER,2026032606
KR10025001,2026032607,968.375,32.77,1018989.79,6.96,85.0,1017.0,4.62,0.11,86.0,10000.0,1.24,76.0,36.0372673,126.6898854,MASTER,2026032607
KR10025001,2026032608,968.375,102.88,1019092.67,7.64,80.0,1017.0,4.41,0.6,71.0,10000.0,1.0,63.0,36.0372673,126.6898854,MASTER,2026032608
KR10025001,2026032609,968.375,317.7,1019410.37,9.17,72.0,1017.0,4.39,1.65,54.0,10000.0,0.83,91.0,36.0372673,126.6898854,MASTER,2026032609
KR10025001,2026032610,968.375,610.1700000000001,1020020.54,11.53,59.0,1017.0,3.8,3.2,27.0,10000.0,0.12,95.0,36.0372673,126.6898854,MASTER,2026032610
KR10025001,2026032611,968.375,711.8499999999999,1020732.39,14.59,46.0,1017.0,2.49,4.77,8.0,10000.0,0.73,259.0,36.0372673,126.6898854,MASTER,2026032611
KR10025001,2026032612,968.375,777.67,1021510.06,15.67,43.0,1017.0,2.1,5.79,15.0,10000.0,2.61,257.0,36.0372673,126.6898854,MASTER,2026032612
KR10025001,2026032613,968.375,769.8,1022279.86,15.92,44.0,1016.0,2.53,5.91,13.0,10000.0,3.83,270.0,36.0372673,126.6898854,MASTER,2026032613
KR10025001,2026032614,968.375,692.3400000000001,1022972.2,15.77,46.0,1016.0,2.52,5.0,28.0,10000.0,4.62,273.0,36.0372673,126.6898854,MASTER,2026032614
KR10025001,2026032615,968.375,543.27,1023515.47,15.46,46.0,1015.0,2.09,3.38,39.0,10000.0,4.42,280.0,36.0372673,126.6898854,MASTER,2026032615
KR10025001,2026032616,968.375,343.89,1023859.36,15.18,47.0,1015.0,2.05,1.81,91.0,10000.0,4.55,286.0,36.0372673,126.6898854,MASTER,2026032616
KR10025001,2026032617,968.375,143.33000000000004,1024002.69,13.96,51.0,1015.0,2.45,0.7,96.0,10000.0,4.57,287.0,36.0372673,126.6898854,MASTER,2026032617
KR10025001,2026032618,968.375,23.44999999999999,1024026.14,9.95,71.0,1015.0,4.94,0.15,0.0,10000.0,4.41,289.0,36.0372673,126.6898854,MASTER,2026032618
KR10025001,2026032619,968.375,0.0,1024026.14,10.15,69.0,1015.0,4.73,0.0,10.0,10000.0,3.26,283.0,36.0372673,126.6898854,MASTER,2026032619
KR10025001,2026032620,968.375,0.0,1024026.14,9.88,69.0,1015.0,4.47,0.0,19.0,10000.0,2.58,284.0,36.0372673,126.6898854,MASTER,2026032620
KR10025001,2026032621,968.375,0.0,1024026.14,9.55,69.0,1016.0,4.15,0.0,34.0,10000.0,1.68,264.0,36.0372673,126.6898854,MASTER,2026032621
KR10025001,2026032622,968.375,0.0,1024026.14,9.22,70.0,1017.0,4.04,0.0,80.0,10000.0,1.91,234.0,36.0372673,126.6898854,MASTER,2026032622
KR10025001,2026032623,968.375,0.0,1024026.14,8.66,72.0,1017.0,3.85,0.0,61.0,10000.0,1.16,221.0,36.0372673,126.6898854,MASTER,2026032623
KR10025001,2026032700,968.375,0.0,1024026.14,8.68,71.0,1016.0,3.66,0.0,68.0,10000.0,1.3,189.0,36.0372673,126.6898854,MASTER,2026032700
KR10025001,2026032701,968.375,0.0,1024026.14,8.57,71.0,1016.0,3.49,0.0,75.0,10000.0,1.15,178.0,36.0372673,126.6898854,MASTER,2026032701
KR10025001,2026032702,968.375,0.0,1024026.14,8.58,70.0,1016.0,3.29,0.0,80.0,10000.0,0.85,187.0,36.0372673,126.6898854,MASTER,2026032702
KR10025001,2026032703,968.375,0.0,1024026.14,8.38,69.0,1016.0,3.02,0.0,83.0,10000.0,1.03,185.0,36.0372673,126.6898854,MASTER,2026032703
KR10025001,2026032704,968.375,0.0,1024026.14,8.27,69.0,1016.0,2.81,0.0,86.0,10000.0,1.09,179.0,36.0372673,126.6898854,MASTER,2026032704
KR10025001,2026032705,968.375,0.0,1024026.14,8.15,68.0,1016.0,2.59,0.0,63.0,10000.0,1.49,187.0,36.0372673,126.6898854,MASTER,2026032705
KR10025001,2026032706,968.375,6.26,1024032.4,4.95,93.0,1016.0,3.91,0.0,75.0,10000.0,1.73,210.0,36.0372673,126.6898854,MASTER,2026032706
KR10025001,2026032707,968.375,73.88000000000001,1024106.28,5.59,88.0,1016.0,3.76,0.12,79.0,10000.0,1.22,217.0,36.0372673,126.6898854,MASTER,2026032707
KR10025001,2026032708,968.375,221.18,1024327.46,6.81,81.0,1016.0,3.78,0.59,79.0,10000.0,1.49,196.0,36.0372673,126.6898854,MASTER,2026032708
KR10025001,2026032709,968.375,411.33,1024738.7899999998,8.7,72.0,1016.0,3.94,1.57,79.0,10000.0,2.69,196.0,36.0372673,126.6898854,MASTER,2026032709
KR10025001,2026032710,968.375,580.95,1025319.74,11.21,60.0,1016.0,3.74,2.89,94.0,10000.0,3.2,208.0,36.0372673,126.6898854,MASTER,2026032710
KR10025001,2026032711,968.375,690.36,1026010.1,14.05,47.0,1015.0,2.12,4.39,95.0,10000.0,3.6,217.0,36.0372673,126.6898854,MASTER,2026032711
KR10025001,2026032712,968.375,746.41,1026756.51,14.74,46.0,1015.0,2.1,5.14,97.0,10000.0,4.22,236.0,36.0372673,126.6898854,MASTER,2026032712
KR10025001,2026032713,968.375,732.2499999999999,1027488.7599999998,14.7,51.0,1015.0,3.2,5.32,98.0,10000.0,5.03,246.0,36.0372673,126.6898854,MASTER,2026032713
KR10025001,2026032714,968.375,653.6700000000002,1028142.43,14.53,58.0,1014.0,4.72,4.54,98.0,10000.0,5.28,244.0,36.0372673,126.6898854,MASTER,2026032714
KR10025001,2026032715,968.375,529.95,1028672.38,15.58,63.0,1013.0,5.33,3.19,99.0,10000.0,5.45,248.0,36.0372673,126.6898854,MASTER,2026032715
KR10025001,2026032716,968.375,344.67,1029017.05,14.75,67.0,1013.0,5.71,1.86,88.0,10000.0,5.05,246.0,36.0372673,126.6898854,MASTER,2026032716
KR10025001,2026032717,968.375,124.55,1029141.6,13.7,72.0,1014.0,6.07,0.71,89.0,10000.0,4.48,246.0,36.0372673,126.6898854,MASTER,2026032717
KR10025001,2026032718,968.375,20.41,1029162.01,13.95,54.0,1014.0,4.8,0.16,0.0,10000.0,3.88,245.0,36.0372673,126.6898854,MASTER,2026032718
KR10025001,2026032719,968.375,0.0,1029162.01,13.21,60.0,1014.0,5.62,0.0,18.0,10000.0,2.73,236.0,36.0372673,126.6898854,MASTER,2026032719
KR10025001,2026032720,968.375,0.0,1029162.01,11.99,66.0,1014.0,5.84,0.0,36.0,10000.0,2.42,229.0,36.0372673,126.6898854,MASTER,2026032720
KR10025001,2026032721,968.375,0.0,1029162.01,10.87,73.0,1015.0,6.23,0.0,55.0,10000.0,2.3,250.0,36.0372673,126.6898854,MASTER,2026032721
KR10025001,2026032722,968.375,0.0,1029162.01,9.7,79.0,1015.0,6.24,0.0,80.0,10000.0,1.97,264.0,36.0372673,126.6898854,MASTER,2026032722
KR10025001,2026032723,968.375,0.0,1029162.01,8.46,84.0,1015.0,5.95,0.0,100.0,10000.0,1.48,273.0,36.0372673,126.6898854,MASTER,2026032723
KR10025001,2026032800,968.375,0.0,1029162.01,8.34,83.0,1016.0,5.63,0.0,100.0,10000.0,1.63,265.0,36.0372673,126.6898854,MASTER,2026032800
KR10025001,2026032801,968.375,0.0,1029162.01,7.99,83.0,1016.0,5.24,0.0,100.0,10000.0,1.74,286.0,36.0372673,126.6898854,MASTER,2026032801
KR10025001,2026032802,968.375,0.0,1029162.01,7.82,83.0,1016.0,4.99,0.0,100.0,10000.0,1.75,303.0,36.0372673,126.6898854,MASTER,2026032802
KR10025001,2026032803,968.375,0.0,1029162.01,7.42,81.0,1016.0,4.42,0.0,100.0,10000.0,1.7,297.0,36.0372673,126.6898854,MASTER,2026032803
KR10025001,2026032804,968.375,0.0,1029162.01,7.33,79.0,1016.0,3.78,0.0,100.0,10000.0,1.69,279.0,36.0372673,126.6898854,MASTER,2026032804
KR10025001,2026032805,968.375,0.0,1029162.01,7.01,76.0,1016.0,3.03,0.0,95.0,10000.0,1.32,281.0,36.0372673,126.6898854,MASTER,2026032805
KR10025001,2026032806,968.375,1.75,1029163.76,5.95,100.0,1016.0,5.95,0.0,100.0,10000.0,1.07,288.0,36.0372673,126.6898854,MASTER,2026032806
KR10025001,2026032807,968.375,59.670000000000016,1029223.43,6.21,95.0,1016.0,5.47,0.12,98.0,10000.0,0.46,272.0,36.0372673,126.6898854,MASTER,2026032807
KR10025001,2026032808,968.375,205.91000000000005,1029429.3400000002,7.05,87.0,1016.0,5.04,0.59,96.0,10000.0,0.13,302.0,36.0372673,126.6898854,MASTER,2026032808
KR10025001,2026032809,968.375,452.96,1029882.3,8.58,74.0,1017.0,4.21,1.75,95.0,10000.0,0.78,245.0,36.0372673,126.6898854,MASTER,2026032809
KR10025001,2026032810,968.375,661.49,1030543.79,10.82,59.0,1018.0,3.14,3.31,24.0,10000.0,2.24,256.0,36.0372673,126.6898854,MASTER,2026032810
KR10025001,2026032811,968.375,776.45,1031320.24,13.06,44.0,1017.0,0.62,4.77,7.0,10000.0,2.98,274.0,36.0372673,126.6898854,MASTER,2026032811
KR10025001,2026032812,968.375,836.01,1032156.25,13.56,43.0,1017.0,0.55,5.71,7.0,10000.0,3.62,269.0,36.0372673,126.6898854,MASTER,2026032812
KR10025001,2026032813,968.375,837.14,1032993.39,14.32,42.0,1016.0,0.43,5.8,5.0,10000.0,3.8,273.0,36.0372673,126.6898854,MASTER,2026032813
KR10025001,2026032814,968.375,775.4300000000001,1033768.82,14.68,40.0,1016.0,0.22,4.95,4.0,10000.0,3.9,272.0,36.0372673,126.6898854,MASTER,2026032814
KR10025001,2026032815,968.375,641.4999999999999,1034410.3199999998,14.13,42.0,1016.0,0.22,3.47,3.0,10000.0,4.12,270.0,36.0372673,126.6898854,MASTER,2026032815
KR10025001,2026032816,968.375,430.94000000000005,1034841.26,13.97,43.0,1015.0,0.21,1.93,0.0,10000.0,3.63,274.0,36.0372673,126.6898854,MASTER,2026032816
KR10025001,2026032817,968.375,176.05000000000004,1035017.3100000002,12.9,47.0,1016.0,0.92,0.76,0.0,10000.0,4.55,259.0,36.0372673,126.6898854,MASTER,2026032817
KR10025001,2026032818,968.375,22.289999999999985,1035039.6000000002,7.95,87.0,1016.0,5.92,0.17,75.0,10000.0,3.55,287.0,36.0372673,126.6898854,MASTER,2026032818
KR10025001,2026032819,968.375,0.0,1035039.6000000002,8.47,81.0,1016.0,5.4,0.0,60.0,10000.0,2.73,282.0,36.0372673,126.6898854,MASTER,2026032819
KR10025001,2026032820,968.375,0.0,1035039.6000000002,8.52,77.0,1016.0,4.72,0.0,45.0,10000.0,2.26,285.0,36.0372673,126.6898854,MASTER,2026032820
KR10025001,2026032821,968.375,0.0,1035039.6000000002,8.54,70.0,1017.0,3.39,0.0,30.0,10000.0,1.73,353.0,36.0372673,126.6898854,MASTER,2026032821
KR10025001,2026032822,968.375,0.0,1035039.6000000002,8.56,62.0,1017.0,1.7,0.0,16.0,10000.0,0.94,95.0,36.0372673,126.6898854,MASTER,2026032822
KR10025001,2026032823,968.375,0.0,1035039.6000000002,8.43,58.0,1017.0,0.47,0.0,3.0,10000.0,1.48,162.0,36.0372673,126.6898854,MASTER,2026032823
KR10025001,2026032900,968.375,0.0,1035039.6000000002,8.05,60.0,1017.0,0.64,0.0,22.0,10000.0,0.85,147.0,36.0372673,126.6898854,MASTER,2026032900
KR10025001,2026032901,968.375,0.0,1035039.6000000002,8.2,58.0,1017.0,0.16,0.0,38.0,10000.0,1.37,126.0,36.0372673,126.6898854,MASTER,2026032901
KR10025001,2026032902,968.375,0.0,1035039.6000000002,7.88,57.0,1017.0,-0.06,0.0,48.0,10000.0,1.11,130.0,36.0372673,126.6898854,MASTER,2026032902
KR10025001,2026032903,968.375,0.0,1035039.6000000002,7.75,55.0,1017.0,-0.81,0.0,42.0,10000.0,1.75,89.0,36.0372673,126.6898854,MASTER,2026032903
KR10025001,2026032904,968.375,0.0,1035039.6000000002,7.81,53.0,1017.0,-1.28,0.0,100.0,10000.0,1.77,101.0,36.0372673,126.6898854,MASTER,2026032904
KR10025001,2026032905,968.375,0.0,1035039.6000000002,7.7,51.0,1017.0,-1.96,0.0,98.0,10000.0,1.58,101.0,36.0372673,126.6898854,MASTER,2026032905
KR10025001,2026032906,968.375,7.550000000000001,1035047.15,3.95,93.0,1016.0,2.92,0.0,100.0,10000.0,2.14,85.0,36.0372673,126.6898854,MASTER,2026032906
KR10025001,2026032907,968.375,97.5,1035144.65,4.64,84.0,1016.0,2.17,0.13,96.0,10000.0,2.53,83.0,36.0372673,126.6898854,MASTER,2026032907
KR10025001,2026032908,968.375,247.34,1035391.99,5.99,75.0,1016.0,1.9,0.59,94.0,10000.0,2.49,87.0,36.0372673,126.6898854,MASTER,2026032908
KR10025001,2026032909,968.375,311.12000000000006,1035703.11,8.29,62.0,1016.0,1.45,1.58,93.0,10000.0,2.29,91.0,36.0372673,126.6898854,MASTER,2026032909
KR10025001,2026032910,968.375,564.09,1036267.2,11.37,49.0,1017.0,1.05,2.83,100.0,10000.0,2.51,123.0,36.0372673,126.6898854,MASTER,2026032910
KR10025001,2026032911,968.375,720.0999999999999,1036987.3,14.24,36.0,1017.0,-1.06,4.01,100.0,10000.0,2.03,176.0,36.0372673,126.6898854,MASTER,2026032911
KR10025001,2026032912,968.375,797.87,1037785.17,15.07,34.0,1017.0,-1.32,3.68,100.0,10000.0,1.97,218.0,36.0372673,126.6898854,MASTER,2026032912
KR10025001,2026032913,968.375,733.66,1038518.83,15.63,34.0,1016.0,-0.88,4.17,100.0,10000.0,1.6,258.0,36.0372673,126.6898854,MASTER,2026032913
KR10025001,2026032914,968.375,474.6500000000001,1038993.48,16.48,35.0,1016.0,-0.03,3.22,100.0,10000.0,3.29,264.0,36.0372673,126.6898854,MASTER,2026032914
KR10025001,2026032915,968.375,261.23,1039254.71,15.9,42.0,1016.0,2.03,2.38,100.0,10000.0,3.82,271.0,36.0372673,126.6898854,MASTER,2026032915
KR10025001,2026032916,968.375,290.52,1039545.23,14.62,53.0,1016.0,3.86,1.46,100.0,10000.0,3.9,282.0,36.0372673,126.6898854,MASTER,2026032916
KR10025001,2026032917,968.375,119.60000000000002,1039664.83,15.17,55.0,1016.0,3.78,0.55,100.0,10000.0,2.11,297.0,36.0372673,126.6898854,MASTER,2026032917
KR10025001,2026032918,968.375,32.73999999999999,1039697.57,16.95,36.0,1016.0,1.79,0.12,0.0,10000.0,2.15,263.0,36.0372673,126.6898854,MASTER,2026032918
KR10025001,2026032919,968.375,0.02,1039697.59,16.1,41.0,1016.0,2.86,0.0,20.0,10000.0,0.98,265.0,36.0372673,126.6898854,MASTER,2026032919
KR10025001,2026032920,968.375,0.0,1039697.59,14.83,45.0,1016.0,3.02,0.0,40.0,10000.0,1.77,263.0,36.0372673,126.6898854,MASTER,2026032920
KR10025001,2026032921,968.375,0.0,1039697.59,13.24,50.0,1017.0,3.05,0.0,60.0,10000.0,0.99,269.0,36.0372673,126.6898854,MASTER,2026032921
KR10025001,2026032922,968.375,0.0,1039697.59,11.97,49.0,1017.0,1.6,0.0,60.0,10000.0,0.93,85.0,36.0372673,126.6898854,MASTER,2026032922
KR10025001,2026032923,968.375,0.0,1039697.59,10.81,49.0,1016.0,0.52,0.0,85.0,10000.0,1.48,105.0,36.0372673,126.6898854,MASTER,2026032923
KR10025001,2026033000,968.375,0.0,1039697.59,10.84,49.0,1016.0,0.32,0.0,89.0,10000.0,1.9,82.0,36.0372673,126.6898854,MASTER,2026033000
KR10025001,2026033001,968.375,0.0,1039697.59,10.72,49.0,1016.0,0.37,0.0,91.0,10000.0,1.36,91.0,36.0372673,126.6898854,MASTER,2026033001
KR10025001,2026033002,968.375,0.0,1039697.59,10.54,50.0,1016.0,0.34,0.0,92.0,10000.0,1.89,71.0,36.0372673,126.6898854,MASTER,2026033002
KR10025001,2026033003,968.375,0.0,1039697.59,10.59,51.0,1016.0,0.64,0.0,94.0,10000.0,1.68,113.0,36.0372673,126.6898854,MASTER,2026033003
KR10025001,2026033004,968.375,0.0,1039697.59,10.58,52.0,1016.0,1.09,0.0,100.0,10000.0,1.91,95.0,36.0372673,126.6898854,MASTER,2026033004
KR10025001,2026033005,968.375,0.0,1039697.59,10.25,54.0,1015.0,1.22,0.0,100.0,10000.0,2.62,74.0,36.0372673,126.6898854,MASTER,2026033005
KR10025001,2026033006,968.375,5.800000000000002,1039703.39,10.73,63.0,1016.0,3.98,0.0,100.0,10000.0,2.19,64.0,36.0372673,126.6898854,MASTER,2026033006
KR10025001,2026033007,968.375,49.440000000000026,1039752.83,10.81,63.0,1016.0,4.06,0.08,100.0,10000.0,2.25,68.0,36.0372673,126.6898854,MASTER,2026033007
KR10025001,2026033008,968.375,140.19999999999996,1039893.03,11.16,63.0,1016.0,4.39,0.08,100.0,10000.0,1.72,59.0,36.0372673,126.6898854,MASTER,2026033008
KR10025001,2026033009,968.375,330.69000000000005,1040223.72,11.44,63.0,1015.0,4.65,0.88,100.0,10000.0,2.21,52.0,36.0372673,126.6898854,MASTER,2026033009
KR10025001,2026033010,968.375,290.02,1040513.74,12.27,62.0,1015.0,5.21,1.87,100.0,10000.0,2.73,67.0,36.0372673,126.6898854,MASTER,2026033010
KR10025001,2026033011,968.375,196.5,1040710.24,15.79,55.0,1015.0,6.43,2.56,100.0,10000.0,3.25,53.0,36.0372673,126.6898854,MASTER,2026033011
KR10025001,2026033012,968.375,290.55000000000007,1041000.79,16.82,51.0,1014.0,6.44,3.64,100.0,10000.0,2.52,38.0,36.0372673,126.6898854,MASTER,2026033012
KR10025001,2026033013,968.375,261.82000000000005,1041262.61,17.24,50.0,1013.0,6.55,0.81,100.0,10000.0,2.73,24.0,36.0372673,126.6898854,MASTER,2026033013
KR10025001,2026033014,968.375,147.41,1041410.0199999998,17.01,52.0,1012.0,6.73,0.98,100.0,10000.0,3.39,15.0,36.0372673,126.6898854,MASTER,2026033014
KR10025001,2026033015,968.375,60.87000000000001,1041470.89,16.64,56.0,1011.0,7.23,0.86,100.0,10000.0,3.08,10.0,36.0372673,126.6898854,MASTER,2026033015
KR10025001,2026033016,968.375,48.82999999999996,1041519.72,15.89,61.0,1010.0,7.75,0.67,100.0,10000.0,3.0,18.0,36.0372673,126.6898854,MASTER,2026033016
KR10025001,2026033017,968.375,13.870000000000006,1041533.5900000002,14.28,69.0,1009.0,8.54,0.23,100.0,10000.0,2.96,37.0,36.0372673,126.6898854,MASTER,2026033017
KR10025001,2026033018,968.375,2.5400000000000005,1041536.13,14.81,67.0,1009.0,8.75,0.05,100.0,10000.0,1.88,351.0,36.0372673,126.6898854,MASTER,2026033018
KR10025001,2026033019,968.375,0.0,1041536.13,14.53,69.0,1009.0,8.92,0.0,100.0,10000.0,3.5,353.0,36.0372673,126.6898854,MASTER,2026033019
KR10025001,2026033020,968.375,0.0,1041536.13,14.06,74.0,1009.0,9.5,0.0,100.0,4547.0,4.75,26.0,36.0372673,126.6898854,MASTER,2026033020
KR10025001,2026033021,968.375,0.0,1041536.13,13.33,82.0,1008.0,10.33,0.0,100.0,6381.0,6.65,38.0,36.0372673,126.6898854,MASTER,2026033021
KR10025001,2026033022,968.375,0.0,1041536.13,12.87,86.0,1008.0,10.59,0.0,100.0,8461.0,7.16,56.0,36.0372673,126.6898854,MASTER,2026033022
KR10025001,2026033023,968.375,0.0,1041536.13,11.85,90.0,1008.0,10.14,0.0,100.0,8452.0,6.87,44.0,36.0372673,126.6898854,MASTER,2026033023
KR10025001,2026033100,968.375,0.0,1041536.13,11.86,90.0,1006.0,10.21,0.0,100.0,10000.0,8.89,6.0,36.0372673,126.6898854,MASTER,2026033100
KR10025001,2026033101,968.375,0.0,1041536.13,11.85,91.0,1007.0,10.29,0.0,100.0,6070.0,6.16,0.0,36.0372673,126.6898854,MASTER,2026033101
KR10025001,2026033102,968.375,0.0,1041536.13,12.02,89.0,1006.0,10.13,0.0,100.0,10000.0,6.67,17.0,36.0372673,126.6898854,MASTER,2026033102
KR10025001,2026033103,968.375,0.0,1041536.13,11.84,87.0,1006.0,9.7,0.0,100.0,10000.0,6.14,17.0,36.0372673,126.6898854,MASTER,2026033103
KR10025001,2026033104,968.375,0.0,1041536.13,11.6,87.0,1006.0,9.4,0.0,100.0,10000.0,6.01,348.0,36.0372673,126.6898854,MASTER,2026033104
KR10025001,2026033105,968.375,0.0,1041536.13,11.58,87.0,1006.0,9.34,0.0,100.0,10000.0,6.48,13.0,36.0372673,126.6898854,MASTER,2026033105
KR10025001,2026033106,968.375,3.0100000000000007,1041539.14,11.95,87.0,1008.0,9.86,0.0,40.0,10000.0,5.63,356.0,36.0372673,126.6898854,MASTER,2026033106
KR10025001,2026033107,968.375,42.84000000000002,1041581.98,11.8,88.0,1008.0,9.88,0.02,52.0,10000.0,4.38,4.0,36.0372673,126.6898854,MASTER,2026033107
KR10025001,2026033108,968.375,206.63,1041788.61,11.72,86.0,1008.0,9.46,0.32,64.0,10000.0,4.31,14.0,36.0372673,126.6898854,MASTER,2026033108
KR10025001,2026033109,968.375,256.69000000000005,1042045.3000000002,11.71,85.0,1009.0,9.28,1.47,76.0,10000.0,3.3,347.0,36.0372673,126.6898854,MASTER,2026033109
KR10025001,2026033110,968.375,468.4,1042513.7,12.83,76.0,1010.0,8.71,2.7,86.0,10000.0,3.02,15.0,36.0372673,126.6898854,MASTER,2026033110
KR10025001,2026033111,968.375,728.2399999999999,1043241.94,14.54,67.0,1011.0,8.22,4.51,77.0,10000.0,2.32,17.0,36.0372673,126.6898854,MASTER,2026033111
KR10025001,2026033112,968.375,689.65,1043931.59,15.49,65.0,1011.0,8.37,5.18,55.0,10000.0,3.17,332.0,36.0372673,126.6898854,MASTER,2026033112
KR10025001,2026033113,968.375,826.39,1044757.98,15.63,66.0,1011.0,8.59,4.93,55.0,10000.0,4.31,297.0,36.0372673,126.6898854,MASTER,2026033113
KR10025001,2026033114,968.375,268.56,1045026.54,14.29,72.0,1011.0,8.72,3.56,64.0,10000.0,5.63,290.0,36.0372673,126.6898854,MASTER,2026033114
KR10025001,2026033115,968.375,0.0,1046069.34,13.79,74.0,1011.0,8.48,2.5,70.0,10000.0,5.34,295.0,36.0372673,126.6898854,MASTER,2026033115
KR10025001,2026033116,968.375,701.59,1045728.13,13.46,75.0,1011.0,8.38,1.15,100.0,10000.0,5.11,300.0,36.0372673,126.6898854,MASTER,2026033116
KR10025001,2026033117,968.375,0.0,1046069.34,12.79,76.0,1012.0,8.06,0.47,100.0,10000.0,4.45,292.0,36.0372673,126.6898854,MASTER,2026033117
KR10025001,2026033118,968.375,0.0,1046069.34,11.99,79.0,1012.0,8.47,0.14,100.0,10000.0,3.66,299.0,36.0372673,126.6898854,MASTER,2026033118
KR10025001,2026033119,968.375,0.0,1046069.34,11.9,80.0,1012.0,8.56,0.0,100.0,10000.0,2.01,276.0,36.0372673,126.6898854,MASTER,2026033119
KR10025001,2026033120,968.375,0.0,1046069.34,11.61,80.0,1012.0,8.28,0.0,100.0,10000.0,1.93,283.0,36.0372673,126.6898854,MASTER,2026033120
KR10025001,2026033121,968.375,0.0,1046069.34,11.38,80.0,1013.0,8.06,0.0,100.0,10000.0,2.08,297.0,36.0372673,126.6898854,MASTER,2026033121
KR10025001,2026033122,968.375,0.0,1046069.34,11.21,81.0,1013.0,8.07,0.0,100.0,10000.0,0.99,223.0,36.0372673,126.6898854,MASTER,2026033122
KR10025001,2026033123,968.375,0.0,1046069.34,10.5,83.0,1014.0,7.59,0.0,100.0,10000.0,2.16,209.0,36.0372673,126.6898854,MASTER,2026033123
KR10025001,2026040100,968.375,0.0,1046069.34,10.02,84.0,1014.0,7.43,0.0,100.0,10000.0,2.52,247.0,36.0372673,126.6898854,MASTER,2026040100
KR10025001,2026040101,968.375,0.0,1046069.34,9.7,85.0,1014.0,7.12,0.0,100.0,10000.0,1.93,260.0,36.0372673,126.6898854,MASTER,2026040101
KR10025001,2026040102,968.375,0.0,1046069.34,9.72,84.0,1014.0,7.02,0.0,100.0,10000.0,1.77,279.0,36.0372673,126.6898854,MASTER,2026040102
KR10025001,2026040103,968.375,0.0,1046069.34,9.87,83.0,1014.0,6.95,0.0,100.0,10000.0,1.57,276.0,36.0372673,126.6898854,MASTER,2026040103
KR10025001,2026040104,968.375,0.0,1046069.34,9.77,83.0,1014.0,6.89,0.0,100.0,10000.0,2.24,269.0,36.0372673,126.6898854,MASTER,2026040104
KR10025001,2026040105,968.375,0.0,1046069.34,9.5,83.0,1014.0,6.74,0.0,100.0,10000.0,1.8,278.0,36.0372673,126.6898854,MASTER,2026040105
KR10025001,2026040106,968.375,12.140000000000006,1046081.48,7.95,93.0,1014.0,6.89,0.0,0.0,10000.0,1.3,261.0,36.0372673,126.6898854,MASTER,2026040106
KR10025001,2026040107,968.375,98.11,1046179.59,8.3,90.0,1014.0,6.76,0.09,20.0,10000.0,0.49,287.0,36.0372673,126.6898854,MASTER,2026040107
KR10025001,2026040108,968.375,227.98,1046407.57,8.85,87.0,1014.0,6.81,0.39,39.0,10000.0,1.18,269.0,36.0372673,126.6898854,MASTER,2026040108
KR10025001,2026040109,968.375,412.2000000000001,1046819.77,9.71,81.0,1014.0,6.61,1.25,59.0,10000.0,1.06,265.0,36.0372673,126.6898854,MASTER,2026040109
KR10025001,2026040110,968.375,458.75,1047278.52,10.95,74.0,1014.0,6.5,2.27,80.0,10000.0,0.38,158.0,36.0372673,126.6898854,MASTER,2026040110
KR10025001,2026040111,968.375,379.8200000000001,1047658.34,13.06,66.0,1014.0,6.3,3.1,100.0,10000.0,1.69,257.0,36.0372673,126.6898854,MASTER,2026040111
KR10025001,2026040112,968.375,336.8100000000001,1047995.15,12.57,66.0,1014.0,6.25,3.39,100.0,10000.0,2.76,277.0,36.0372673,126.6898854,MASTER,2026040112
KR10025001,2026040113,968.375,356.69999999999993,1048351.85,12.15,68.0,1014.0,6.17,2.81,100.0,10000.0,3.12,264.0,36.0372673,126.6898854,MASTER,2026040113
KR10025001,2026040114,968.375,276.74,1048628.59,11.2,71.0,1013.0,5.98,1.57,100.0,10000.0,3.97,284.0,36.0372673,126.6898854,MASTER,2026040114
KR10025001,2026040115,968.375,310.72,1048939.3099999998,12.17,71.0,1013.0,6.02,1.22,100.0,10000.0,3.83,292.0,36.0372673,126.6898854,MASTER,2026040115
KR10025001,2026040116,968.375,157.52000000000004,1049096.8299999998,11.74,71.0,1013.0,5.77,1.0,100.0,10000.0,3.73,283.0,36.0372673,126.6898854,MASTER,2026040116
KR10025001,2026040117,968.375,79.78999999999999,1049176.62,11.31,69.0,1013.0,5.05,0.49,100.0,10000.0,4.25,290.0,36.0372673,126.6898854,MASTER,2026040117
KR10025001,2026040118,968.375,4.420000000000002,1049181.0399999998,10.39,59.0,1013.0,2.73,0.14,100.0,10000.0,3.82,299.0,36.0372673,126.6898854,MASTER,2026040118
KR10025001,2026040119,968.375,0.0,1049181.0399999998,10.23,61.0,1013.0,3.05,0.0,100.0,10000.0,3.36,288.0,36.0372673,126.6898854,MASTER,2026040119
KR10025001,2026040120,968.375,0.0,1049181.0399999998,9.94,62.0,1013.0,3.01,0.0,100.0,10000.0,2.89,297.0,36.0372673,126.6898854,MASTER,2026040120
KR10025001,2026040121,968.375,0.0,1049181.0399999998,9.57,62.0,1014.0,2.66,0.0,100.0,10000.0,2.46,303.0,36.0372673,126.6898854,MASTER,2026040121
KR10025001,2026040122,968.375,0.0,1049181.0399999998,8.85,64.0,1015.0,2.42,0.0,74.0,10000.0,2.08,294.0,36.0372673,126.6898854,MASTER,2026040122
KR10025001,2026040123,968.375,0.0,1049181.0399999998,7.91,67.0,1015.0,2.05,0.0,34.0,10000.0,1.61,295.0,36.0372673,126.6898854,MASTER,2026040123
KR10025001,2026040200,968.375,0.0,1049181.0399999998,7.74,67.0,1015.0,2.0,0.0,25.0,10000.0,1.36,284.0,36.0372673,126.6898854,MASTER,2026040200
KR10025001,2026040201,968.375,0.0,1049181.0399999998,7.49,69.0,1015.0,2.16,0.0,19.0,10000.0,1.44,252.0,36.0372673,126.6898854,MASTER,2026040201
KR10025001,2026040202,968.375,0.0,1049181.0399999998,7.41,71.0,1015.0,2.42,0.0,16.0,10000.0,2.01,233.0,36.0372673,126.6898854,MASTER,2026040202
KR10025001,2026040203,968.375,0.0,1049181.0399999998,7.42,72.0,1015.0,2.5,0.0,13.0,10000.0,2.36,237.0,36.0372673,126.6898854,MASTER,2026040203
KR10025001,2026040204,968.375,0.0,1049181.0399999998,7.33,73.0,1015.0,2.72,0.0,0.0,10000.0,2.67,240.0,36.0372673,126.6898854,MASTER,2026040204
KR10025001,2026040205,968.375,0.0,1049181.0399999998,7.25,76.0,1015.0,3.15,0.0,0.0,10000.0,2.56,240.0,36.0372673,126.6898854,MASTER,2026040205
KR10025001,2026040206,968.375,8.9,1049189.9400000002,6.95,87.0,1016.0,4.94,0.0,75.0,10000.0,1.6,260.0,36.0372673,126.6898854,MASTER,2026040206
KR10025001,2026040207,968.375,78.79000000000002,1049268.7300000002,7.05,85.0,1016.0,4.7,0.14,60.0,10000.0,1.33,246.0,36.0372673,126.6898854,MASTER,2026040207
KR10025001,2026040208,968.375,257.54,1049526.27,7.83,79.0,1016.0,4.42,0.61,45.0,10000.0,2.11,253.0,36.0372673,126.6898854,MASTER,2026040208
KR10025001,2026040209,968.375,403.35,1049929.62,9.06,70.0,1017.0,3.89,1.58,30.0,10000.0,2.12,276.0,36.0372673,126.6898854,MASTER,2026040209
KR10025001,2026040210,968.375,641.8,1050571.4200000002,10.79,59.0,1017.0,3.11,2.92,15.0,10000.0,1.89,269.0,36.0372673,126.6898854,MASTER,2026040210
KR10025001,2026040211,968.375,780.42,1051351.84,12.42,50.0,1018.0,1.99,4.21,0.0,10000.0,3.99,251.0,36.0372673,126.6898854,MASTER,2026040211
KR10025001,2026040212,968.375,845.5199999999999,1052197.36,12.62,50.0,1017.0,2.2,5.01,0.0,10000.0,3.98,259.0,36.0372673,126.6898854,MASTER,2026040212
KR10025001,2026040213,968.375,847.34,1053044.7,13.22,50.0,1017.0,2.61,5.18,0.0,10000.0,3.66,260.0,36.0372673,126.6898854,MASTER,2026040213
KR10025001,2026040214,968.375,759.1500000000001,1053803.85,13.36,51.0,1016.0,3.15,4.52,0.0,10000.0,3.91,260.0,36.0372673,126.6898854,MASTER,2026040214
KR10025001,2026040215,968.375,602.33,1054406.1800000002,13.77,53.0,1016.0,3.51,3.32,0.0,10000.0,4.57,258.0,36.0372673,126.6898854,MASTER,2026040215
KR10025001,2026040216,968.375,438.79,1054844.97,13.05,56.0,1016.0,3.74,1.92,0.0,10000.0,4.4,262.0,36.0372673,126.6898854,MASTER,2026040216
KR10025001,2026040217,968.375,151.11,1054996.08,11.92,59.0,1016.0,3.99,0.81,0.0,10000.0,4.86,247.0,36.0372673,126.6898854,MASTER,2026040217
KR10025001,2026040218,968.375,27.42999999999998,1055023.51,8.95,87.0,1016.0,6.91,0.2,100.0,10000.0,4.11,239.0,36.0372673,126.6898854,MASTER,2026040218
KR10025001,2026040219,968.375,0.0,1055023.51,9.15,85.0,1016.0,6.76,0.0,80.0,10000.0,3.99,246.0,36.0372673,126.6898854,MASTER,2026040219
KR10025001,2026040220,968.375,0.0,1055023.51,9.19,84.0,1017.0,6.63,0.0,60.0,10000.0,2.39,235.0,36.0372673,126.6898854,MASTER,2026040220
KR10025001,2026040221,968.375,0.0,1055023.51,9.31,84.0,1017.0,6.75,0.0,41.0,10000.0,2.88,212.0,36.0372673,126.6898854,MASTER,2026040221
KR10025001,2026040222,968.375,0.0,1055023.51,9.2,84.0,1018.0,6.64,0.0,28.0,10000.0,2.64,202.0,36.0372673,126.6898854,MASTER,2026040222
KR10025001,2026040223,968.375,0.0,1055023.51,9.06,86.0,1019.0,6.71,0.0,49.0,10000.0,2.77,192.0,36.0372673,126.6898854,MASTER,2026040223
KR10025001,2026040300,968.375,0.0,1055023.51,8.96,87.0,1019.0,6.77,0.0,66.0,10000.0,2.23,174.0,36.0372673,126.6898854,MASTER,2026040300
KR10025001,2026040301,968.375,0.0,1055023.51,8.93,87.0,1019.0,6.83,0.0,75.0,10000.0,1.97,164.0,36.0372673,126.6898854,MASTER,2026040301
KR10025001,2026040302,968.375,0.0,1055023.51,8.62,88.0,1018.0,6.65,0.0,80.0,10000.0,2.11,157.0,36.0372673,126.6898854,MASTER,2026040302
KR10025001,2026040303,968.375,0.0,1055023.51,8.49,88.0,1018.0,6.49,0.0,79.0,10000.0,2.04,151.0,36.0372673,126.6898854,MASTER,2026040303
KR10025001,2026040304,968.375,0.0,1055023.51,8.64,86.0,1018.0,6.38,0.0,99.0,10000.0,1.93,126.0,36.0372673,126.6898854,MASTER,2026040304
KR10025001,2026040305,968.375,0.0,1055023.51,8.43,85.0,1017.0,5.94,0.0,100.0,10000.0,2.13,114.0,36.0372673,126.6898854,MASTER,2026040305
KR10025001,2026040306,968.375,10.580000000000002,1055034.09,8.95,93.0,1017.0,7.88,0.0,100.0,10000.0,2.15,108.0,36.0372673,126.6898854,MASTER,2026040306
KR10025001,2026040307,968.375,102.96,1055137.0499999998,8.99,91.0,1017.0,7.6,0.12,100.0,10000.0,1.88,96.0,36.0372673,126.6898854,MASTER,2026040307
KR10025001,2026040308,968.375,253.85,1055390.9,9.51,87.0,1017.0,7.46,0.52,100.0,10000.0,2.57,97.0,36.0372673,126.6898854,MASTER,2026040308
KR10025001,2026040309,968.375,459.98,1055850.88,10.92,79.0,1016.0,7.43,1.31,100.0,10000.0,2.78,96.0,36.0372673,126.6898854,MASTER,2026040309
KR10025001,2026040310,968.375,583.1500000000001,1056434.03,13.02,69.0,1016.0,7.47,2.71,100.0,10000.0,2.78,116.0,36.0372673,126.6898854,MASTER,2026040310
KR10025001,2026040311,968.375,625.0799999999999,1057059.11,15.61,58.0,1015.0,7.28,4.15,100.0,10000.0,2.55,143.0,36.0372673,126.6898854,MASTER,2026040311
KR10025001,2026040312,968.375,656.1300000000001,1057715.2399999998,16.53,55.0,1015.0,7.27,5.7,100.0,10000.0,2.59,202.0,36.0372673,126.6898854,MASTER,2026040312
KR10025001,2026040313,968.375,654.6199999999999,1058369.86,17.17,56.0,1014.0,7.51,5.59,100.0,10000.0,2.89,235.0,36.0372673,126.6898854,MASTER,2026040313
KR10025001,2026040314,968.375,550.5799999999999,1058920.44,17.47,55.0,1013.0,7.48,4.77,100.0,10000.0,2.43,224.0,36.0372673,126.6898854,MASTER,2026040314
KR10025001,2026040315,968.375,270.52,1059190.96,17.2,57.0,1012.0,7.8,3.42,100.0,10000.0,3.81,242.0,36.0372673,126.6898854,MASTER,2026040315
KR10025001,2026040316,968.375,175.21000000000004,1059366.17,15.3,64.0,1012.0,7.27,1.6,100.0,10000.0,5.65,255.0,36.0372673,126.6898854,MASTER,2026040316
KR10025001,2026040317,968.375,93.46999999999998,1059459.64,13.47,70.0,1011.0,7.28,0.64,100.0,10000.0,5.23,241.0,36.0372673,126.6898854,MASTER,2026040317
KR10025001,2026040318,968.375,12.690000000000008,1059472.33,16.95,55.0,1011.0,7.86,0.14,20.0,10000.0,4.04,228.0,36.0372673,126.6898854,MASTER,2026040318
KR10025001,2026040319,968.375,0.0,1059472.33,16.29,58.0,1011.0,8.02,0.0,36.0,10000.0,3.83,210.0,36.0372673,126.6898854,MASTER,2026040319
KR10025001,2026040320,968.375,0.0,1059472.33,15.81,61.0,1011.0,8.31,0.0,52.0,10000.0,4.77,189.0,36.0372673,126.6898854,MASTER,2026040320
KR10025001,2026040321,968.375,0.0,1059472.33,14.89,67.0,1010.0,8.83,0.0,68.0,10000.0,3.74,180.0,36.0372673,126.6898854,MASTER,2026040321
KR10025001,2026040322,968.375,0.0,1059472.33,14.07,71.0,1009.0,8.9,0.0,84.0,10000.0,3.92,168.0,36.0372673,126.6898854,MASTER,2026040322
KR10025001,2026040323,968.375,0.0,1059472.33,12.26,84.0,1008.0,9.57,0.0,100.0,9564.0,3.81,157.0,36.0372673,126.6898854,MASTER,2026040323
KR10025001,2026040400,968.375,0.0,1059472.33,11.56,90.0,1007.0,9.99,0.0,100.0,6044.0,4.8,134.0,36.0372673,126.6898854,MASTER,2026040400
KR10025001,2026040401,968.375,0.0,1059472.33,11.28,94.0,1006.0,10.18,0.0,100.0,6576.0,5.79,124.0,36.0372673,126.6898854,MASTER,2026040401
KR10025001,2026040402,968.375,0.0,1059472.33,10.79,94.0,1004.0,9.69,0.0,100.0,5977.0,5.76,92.0,36.0372673,126.6898854,MASTER,2026040402
KR10025001,2026040403,968.375,0.0,1059472.33,10.29,95.0,1002.0,9.41,0.0,100.0,4393.0,4.8,64.0,36.0372673,126.6898854,MASTER,2026040403
KR10025001,2026040404,968.375,0.0,1059472.33,10.36,98.0,1001.0,9.87,0.0,100.0,3292.0,4.03,26.0,36.0372673,126.6898854,MASTER,2026040404
KR10025001,2026040405,968.375,0.0,1059472.33,10.4,98.0,998.0,10.04,0.0,100.0,1766.0,5.87,14.0,36.0372673,126.6898854,MASTER,2026040405
KR10025001,2026040406,968.375,1.62,1059473.9500000002,10.95,93.0,1000.0,9.86,0.0,100.0,3698.0,5.99,43.0,36.0372673,126.6898854,MASTER,2026040406
KR10025001,2026040407,968.375,27.24000000000001,1059501.19,10.92,94.0,1000.0,9.99,0.01,100.0,5696.0,6.39,39.0,36.0372673,126.6898854,MASTER,2026040407
KR10025001,2026040408,968.375,115.33000000000004,1059616.52,10.97,94.0,999.0,10.04,0.07,100.0,10000.0,5.59,17.0,36.0372673,126.6898854,MASTER,2026040408
KR10025001,2026040409,968.375,275.99000000000007,1059892.5100000002,11.2,92.0,999.0,9.95,0.23,100.0,10000.0,4.43,20.0,36.0372673,126.6898854,MASTER,2026040409
KR10025001,2026040410,968.375,411.74,1060304.25,11.37,91.0,999.0,9.96,0.52,100.0,10000.0,3.84,345.0,36.0372673,126.6898854,MASTER,2026040410
KR10025001,2026040411,968.375,583.17,1060887.42,11.03,95.0,999.0,9.92,2.96,100.0,10000.0,4.74,311.0,36.0372673,126.6898854,MASTER,2026040411
KR10025001,2026040412,968.375,586.1399999999999,1061473.56,13.31,87.0,1000.0,10.71,2.89,99.0,10000.0,5.22,311.0,36.0372673,126.6898854,MASTER,2026040412
KR10025001,2026040413,968.375,593.9099999999999,1062067.47,13.92,87.0,1000.0,10.59,3.62,100.0,10000.0,6.66,313.0,36.0372673,126.6898854,MASTER,2026040413
KR10025001,2026040414,968.375,607.8000000000002,1062675.27,15.4,78.0,1000.0,9.99,4.6,86.0,10000.0,7.75,312.0,36.0372673,126.6898854,MASTER,2026040414
KR10025001,2026040415,968.375,443.5400000000001,1063118.81,14.29,81.0,1001.0,9.18,3.52,75.0,10000.0,8.32,305.0,36.0372673,126.6898854,MASTER,2026040415
KR10025001,2026040416,968.375,183.77,1063302.58,13.77,85.0,1002.0,9.09,1.92,0.0,10000.0,7.08,298.0,36.0372673,126.6898854,MASTER,2026040416
KR10025001,2026040417,968.375,96.87000000000003,1063399.45,12.05,90.0,1003.0,8.78,0.77,10.0,10000.0,6.62,295.0,36.0372673,126.6898854,MASTER,2026040417
KR10025001,2026040418,968.375,21.21,1063420.66,10.95,82.0,1004.0,8.0,0.17,100.0,10000.0,6.54,303.0,36.0372673,126.6898854,MASTER,2026040418
KR10025001,2026040419,968.375,0.05,1063420.71,10.6,84.0,1004.0,8.01,0.0,90.0,10000.0,5.78,298.0,36.0372673,126.6898854,MASTER,2026040419
KR10025001,2026040420,968.375,0.0,1063420.71,10.01,84.0,1005.0,7.43,0.0,81.0,10000.0,4.48,289.0,36.0372673,126.6898854,MASTER,2026040420
KR10025001,2026040421,968.375,0.0,1063420.71,9.23,85.0,1006.0,6.84,0.0,67.0,10000.0,3.31,278.0,36.0372673,126.6898854,MASTER,2026040421
KR10025001,2026040422,968.375,0.0,1063420.71,8.34,87.0,1007.0,6.31,0.0,22.0,10000.0,3.14,252.0,36.0372673,126.6898854,MASTER,2026040422
KR10025001,2026040423,968.375,0.0,1063420.71,7.25,90.0,1009.0,4.96,0.0,4.0,10000.0,3.14,224.0,36.0372673,126.6898854,MASTER,2026040423
KR10025001,2026040500,968.375,0.0,1063420.71,7.29,90.0,1010.0,4.94,0.0,3.0,10000.0,3.28,225.0,36.0372673,126.6898854,MASTER,2026040500
KR10025001,2026040501,968.375,0.0,1063420.71,6.82,90.0,1010.0,4.92,0.0,3.0,10000.0,3.17,235.0,36.0372673,126.6898854,MASTER,2026040501
KR10025001,2026040502,968.375,0.0,1063420.71,6.67,91.0,1010.0,4.82,0.0,3.0,10000.0,2.41,243.0,36.0372673,126.6898854,MASTER,2026040502
KR10025001,2026040503,968.375,0.0,1063420.71,6.47,91.0,1009.0,4.65,0.0,3.0,10000.0,1.23,231.0,36.0372673,126.6898854,MASTER,2026040503
KR10025001,2026040504,968.375,0.0,1063420.71,6.29,90.0,1009.0,4.38,0.0,83.0,10000.0,1.02,198.0,36.0372673,126.6898854,MASTER,2026040504
KR10025001,2026040505,968.375,0.0,1063420.71,6.07,91.0,1009.0,4.14,0.0,73.0,10000.0,1.14,148.0,36.0372673,126.6898854,MASTER,2026040505
KR10025001,2026040506,968.375,14.470000000000004,1063435.1800000002,5.55,93.0,1009.0,4.51,0.0,35.0,10000.0,0.85,137.0,36.0372673,126.6898854,MASTER,2026040506
KR10025001,2026040507,968.375,116.6,1063551.78,5.63,92.0,1009.0,4.43,0.16,34.0,10000.0,1.42,157.0,36.0372673,126.6898854,MASTER,2026040507
KR10025001,2026040508,968.375,309.69000000000005,1063861.47,6.22,89.0,1009.0,4.54,0.67,35.0,10000.0,1.74,156.0,36.0372673,126.6898854,MASTER,2026040508
KR10025001,2026040509,968.375,346.57000000000005,1064208.04,7.28,82.0,1010.0,4.42,1.67,33.0,10000.0,1.72,206.0,36.0372673,126.6898854,MASTER,2026040509
KR10025001,2026040510,968.375,564.46,1064772.5,8.73,75.0,1011.0,4.55,3.04,83.0,10000.0,2.59,227.0,36.0372673,126.6898854,MASTER,2026040510
KR10025001,2026040511,968.375,774.4200000000001,1065546.92,10.55,66.0,1011.0,4.25,4.18,96.0,10000.0,3.32,220.0,36.0372673,126.6898854,MASTER,2026040511
KR10025001,2026040512,968.375,843.2900000000001,1066390.21,11.3,63.0,1011.0,3.88,4.84,97.0,10000.0,3.65,231.0,36.0372673,126.6898854,MASTER,2026040512
KR10025001,2026040513,968.375,854.62,1067244.83,11.8,60.0,1010.0,3.4,5.37,98.0,10000.0,3.44,225.0,36.0372673,126.6898854,MASTER,2026040513
KR10025001,2026040514,968.375,796.9,1068041.73,13.01,58.0,1010.0,3.46,4.14,98.0,10000.0,4.21,235.0,36.0372673,126.6898854,MASTER,2026040514
KR10025001,2026040515,968.375,668.45,1068710.18,12.72,59.0,1010.0,3.31,3.59,96.0,10000.0,4.23,241.0,36.0372673,126.6898854,MASTER,2026040515
KR10025001,2026040516,968.375,467.35,1069177.53,12.63,58.0,1009.0,3.1,2.06,1.0,10000.0,3.98,232.0,36.0372673,126.6898854,MASTER,2026040516
KR10025001,2026040517,968.375,213.75,1069391.2800000005,12.12,60.0,1009.0,3.21,0.82,0.0,10000.0,4.53,225.0,36.0372673,126.6898854,MASTER,2026040517
KR10025001,2026040518,968.375,38.41999999999997,1069429.7,12.95,62.0,1009.0,5.85,0.2,0.0,10000.0,3.84,209.0,36.0372673,126.6898854,MASTER,2026040518
KR10025001,2026040519,968.375,0.08,1069429.78,12.33,64.0,1009.0,5.72,0.0,0.0,10000.0,2.14,207.0,36.0372673,126.6898854,MASTER,2026040519
KR10025001,2026040520,968.375,0.0,1069429.78,11.47,65.0,1009.0,5.13,0.0,1.0,10000.0,1.46,222.0,36.0372673,126.6898854,MASTER,2026040520
KR10025001,2026040521,968.375,0.0,1069429.78,10.89,64.0,1010.0,4.36,0.0,10.0,10000.0,1.46,178.0,36.0372673,126.6898854,MASTER,2026040521
KR10025001,2026040522,968.375,0.0,1069429.78,10.42,61.0,1010.0,3.23,0.0,14.0,10000.0,2.42,167.0,36.0372673,126.6898854,MASTER,2026040522
KR10025001,2026040523,968.375,0.0,1069429.78,9.52,62.0,1010.0,2.37,0.0,27.0,10000.0,2.14,145.0,36.0372673,126.6898854,MASTER,2026040523
KR10025001,2026040600,968.375,0.0,1069429.78,9.67,67.0,1010.0,3.84,0.0,50.0,10000.0,1.9,135.0,36.0372673,126.6898854,MASTER,2026040600
KR10025001,2026040601,968.375,0.0,1069429.78,10.01,73.0,1010.0,5.25,0.0,62.0,10000.0,2.32,148.0,36.0372673,126.6898854,MASTER,2026040601
KR10025001,2026040602,968.375,0.0,1069429.78,10.33,84.0,1010.0,7.73,0.0,70.0,6721.0,2.42,227.0,36.0372673,126.6898854,MASTER,2026040602
KR10025001,2026040603,968.375,0.0,1069429.78,10.21,90.0,1010.0,8.53,0.0,75.0,10000.0,1.64,213.0,36.0372673,126.6898854,MASTER,2026040603
KR10025001,2026040604,968.375,0.0,1069429.78,10.48,94.0,1010.0,9.49,0.0,100.0,10000.0,3.04,218.0,36.0372673,126.6898854,MASTER,2026040604
KR10025001,2026040605,968.375,0.0,1069429.78,10.21,97.0,1009.0,9.59,0.0,100.0,10000.0,2.7,197.0,36.0372673,126.6898854,MASTER,2026040605
KR10025001,2026040606,968.375,0.16,1069429.9400000002,12.95,94.0,1009.0,12.01,0.0,100.0,10000.0,1.03,150.0,36.0372673,126.6898854,MASTER,2026040606
KR10025001,2026040607,968.375,22.520000000000007,1069452.46,12.44,95.0,1009.0,11.66,0.04,100.0,10000.0,1.06,212.0,36.0372673,126.6898854,MASTER,2026040607
KR10025001,2026040608,968.375,30.25999999999998,1069482.72,12.02,96.0,1009.0,11.4,0.12,100.0,6723.0,2.13,236.0,36.0372673,126.6898854,MASTER,2026040608
KR10025001,2026040609,968.375,20.47000000000001,1069503.19,11.55,97.0,1010.0,11.09,0.34,100.0,2703.0,1.64,252.0,36.0372673,126.6898854,MASTER,2026040609
KR10025001,2026040610,968.375,99.65000000000002,1069602.84,11.17,98.0,1010.0,10.87,0.62,100.0,,2.79,261.0,36.0372673,126.6898854,MASTER,2026040610
KR10025001,2026040611,968.375,166.29999999999998,1069769.14,10.54,99.0,1010.0,10.31,0.84,100.0,,3.33,250.0,36.0372673,126.6898854,MASTER,2026040611
KR10025001,2026040612,968.375,248.7100000000001,1070017.85,10.62,98.0,1010.0,10.24,1.06,100.0,,3.06,248.0,36.0372673,126.6898854,MASTER,2026040612
KR10025001,2026040613,968.375,264.3999999999999,1070282.25,10.52,98.0,1010.0,10.07,1.79,100.0,,3.02,260.0,36.0372673,126.6898854,MASTER,2026040613
KR10025001,2026040614,968.375,217.57,1070499.82,10.63,98.0,1010.0,10.04,3.73,100.0,2127.0,2.78,304.0,36.0372673,126.6898854,MASTER,2026040614
KR10025001,2026040615,968.375,309.8800000000001,1070809.7000000002,11.49,93.0,1009.0,9.93,3.45,100.0,10000.0,2.97,317.0,36.0372673,126.6898854,MASTER,2026040615
KR10025001,2026040616,968.375,410.1700000000001,1071219.87,13.08,72.0,1009.0,7.56,2.13,97.0,10000.0,5.1,321.0,36.0372673,126.6898854,MASTER,2026040616
KR10025001,2026040617,968.375,198.6800000000001,1071418.55,13.0,57.0,1010.0,4.19,0.91,64.0,10000.0,7.53,324.0,36.0372673,126.6898854,MASTER,2026040617
KR10025001,2026040618,968.375,40.89999999999996,1071459.45,12.95,58.0,1011.0,4.89,0.23,20.0,10000.0,7.01,343.0,36.0372673,126.6898854,MASTER,2026040618
KR10025001,2026040619,968.375,0.12,1071459.57,12.33,57.0,1011.0,4.06,0.0,30.0,10000.0,4.95,348.0,36.0372673,126.6898854,MASTER,2026040619
KR10025001,2026040620,968.375,0.0,1071459.57,11.14,57.0,1012.0,2.95,0.0,36.0,10000.0,3.68,349.0,36.0372673,126.6898854,MASTER,2026040620
KR10025001,2026040621,968.375,0.0,1071459.57,9.86,56.0,1013.0,1.5,0.0,37.0,10000.0,3.34,354.0,36.0372673,126.6898854,MASTER,2026040621
KR10025001,2026040622,968.375,0.0,1071459.57,8.37,56.0,1013.0,0.11,0.0,4.0,10000.0,2.71,8.0,36.0372673,126.6898854,MASTER,2026040622
KR10025001,2026040623,968.375,0.0,1071459.57,6.5,57.0,1014.0,-1.44,0.0,16.0,10000.0,1.69,27.0,36.0372673,126.6898854,MASTER,2026040623
KR10025001,2026040700,968.375,0.0,1071459.57,6.12,57.0,1015.0,-1.81,0.0,12.0,10000.0,1.7,16.0,36.0372673,126.6898854,MASTER,2026040700
KR10025001,2026040701,968.375,0.0,1071459.57,5.53,58.0,1014.0,-2.17,0.0,10.0,10000.0,2.37,29.0,36.0372673,126.6898854,MASTER,2026040701
KR10025001,2026040702,968.375,0.0,1071459.57,5.14,57.0,1014.0,-2.88,0.0,9.0,10000.0,1.86,45.0,36.0372673,126.6898854,MASTER,2026040702
KR10025001,2026040703,968.375,0.0,1071459.57,4.92,53.0,1014.0,-3.78,0.0,8.0,10000.0,1.72,33.0,36.0372673,126.6898854,MASTER,2026040703
KR10025001,2026040704,968.375,0.0,1071459.57,4.61,52.0,1014.0,-4.57,0.0,2.0,10000.0,2.43,22.0,36.0372673,126.6898854,MASTER,2026040704
KR10025001,2026040705,968.375,0.0,1071459.57,4.49,51.0,1015.0,-4.88,0.0,1.0,10000.0,2.72,352.0,36.0372673,126.6898854,MASTER,2026040705
KR10025001,2026040706,968.375,15.380000000000008,1071474.95,2.95,56.0,1016.0,-4.39,0.0,0.0,10000.0,3.14,348.0,36.0372673,126.6898854,MASTER,2026040706
KR10025001,2026040707,968.375,114.64,1071589.59,3.42,55.0,1016.0,-4.22,0.18,0.0,10000.0,2.56,345.0,36.0372673,126.6898854,MASTER,2026040707
KR10025001,2026040708,968.375,345.07000000000005,1071934.66,4.58,52.0,1016.0,-3.92,0.74,0.0,10000.0,2.95,339.0,36.0372673,126.6898854,MASTER,2026040708
KR10025001,2026040709,968.375,570.94,1072505.6,6.24,47.0,1017.0,-3.75,1.88,1.0,10000.0,4.26,337.0,36.0372673,126.6898854,MASTER,2026040709
KR10025001,2026040710,968.375,734.1199999999999,1073239.72,8.25,40.0,1018.0,-4.02,3.33,0.0,10000.0,5.91,337.0,36.0372673,126.6898854,MASTER,2026040710
KR10025001,2026040711,968.375,838.0600000000002,1074077.78,10.22,35.0,1018.0,-5.3,4.85,0.0,10000.0,6.37,327.0,36.0372673,126.6898854,MASTER,2026040711
KR10025001,2026040712,968.375,886.3900000000001,1074964.17,10.48,34.0,1018.0,-5.25,5.87,0.0,10000.0,7.14,318.0,36.0372673,126.6898854,MASTER,2026040712
KR10025001,2026040713,968.375,879.7500000000003,1075843.92,10.28,35.0,1018.0,-4.93,5.88,0.0,10000.0,7.44,311.0,36.0372673,126.6898854,MASTER,2026040713
KR10025001,2026040714,968.375,813.4499999999999,1076657.37,9.98,35.0,1018.0,-5.09,5.04,0.0,10000.0,7.61,307.0,36.0372673,126.6898854,MASTER,2026040714
KR10025001,2026040715,968.375,687.08,1077344.4500000002,9.52,35.0,1018.0,-5.61,3.59,0.0,10000.0,7.6,307.0,36.0372673,126.6898854,MASTER,2026040715
KR10025001,2026040716,968.375,493.1,1077837.55,9.23,35.0,1018.0,-5.82,2.01,0.0,10000.0,7.6,306.0,36.0372673,126.6898854,MASTER,2026040716
KR10025001,2026040717,968.375,245.06,1078082.6100000003,8.08,41.0,1018.0,-4.38,0.86,0.0,10000.0,7.53,307.0,36.0372673,126.6898854,MASTER,2026040717
KR10025001,2026040718,968.375,45.45999999999996,1078128.07,9.95,23.0,1019.0,-9.09,0.22,0.0,10000.0,6.46,313.0,36.0372673,126.6898854,MASTER,2026040718
KR10025001,2026040719,968.375,0.21,1078128.2800000005,9.22,29.0,1019.0,-7.01,0.0,0.0,10000.0,5.47,316.0,36.0372673,126.6898854,MASTER,2026040719
KR10025001,2026040720,968.375,0.0,1078128.2800000005,8.29,37.0,1019.0,-4.91,0.0,0.0,10000.0,4.24,319.0,36.0372673,126.6898854,MASTER,2026040720
KR10025001,2026040721,968.375,0.0,1078128.2800000005,7.28,44.0,1020.0,-3.68,0.0,0.0,10000.0,2.92,322.0,36.0372673,126.6898854,MASTER,2026040721
KR10025001,2026040722,968.375,0.0,1078128.2800000005,6.21,53.0,1021.0,-2.34,0.0,0.0,10000.0,2.09,321.0,36.0372673,126.6898854,MASTER,2026040722
KR10025001,2026040723,968.375,0.0,1078128.2800000005,5.1,61.0,1021.0,-1.84,0.0,0.0,10000.0,1.57,326.0,36.0372673,126.6898854,MASTER,2026040723
KR10025001,2026040800,968.375,0.0,1078128.2800000005,4.84,62.0,1021.0,-1.82,0.0,0.0,10000.0,1.3,335.0,36.0372673,126.6898854,MASTER,2026040800
KR10025001,2026040801,968.375,0.0,1078128.2800000005,4.67,63.0,1021.0,-1.81,0.0,0.0,10000.0,1.05,339.0,36.0372673,126.6898854,MASTER,2026040801
KR10025001,2026040802,968.375,0.0,1078128.2800000005,4.36,64.0,1021.0,-1.9,0.0,0.0,10000.0,0.79,332.0,36.0372673,126.6898854,MASTER,2026040802
KR10025001,2026040803,968.375,0.0,1078128.2800000005,4.31,64.0,1022.0,-1.98,0.0,0.0,10000.0,0.93,314.0,36.0372673,126.6898854,MASTER,2026040803
KR10025001,2026040804,968.375,0.0,1078128.2800000005,4.11,65.0,1022.0,-1.99,0.0,0.0,10000.0,0.96,342.0,36.0372673,126.6898854,MASTER,2026040804
KR10025001,2026040805,968.375,0.0,1078128.2800000005,3.75,66.0,1021.0,-2.1,0.0,0.0,10000.0,1.18,35.0,36.0372673,126.6898854,MASTER,2026040805
KR10025001,2026040806,968.375,16.96000000000001,1078145.24,3.06,72.0,1021.0,-1.31,0.0,0.0,10000.0,1.96,55.0,36.0372673,126.6898854,MASTER,2026040806
KR10025001,2026040807,968.375,118.20000000000005,1078263.44,3.13,71.0,1021.0,-1.42,0.18,0.0,10000.0,1.83,76.0,36.0372673,126.6898854,MASTER,2026040807
KR10025001,2026040808,968.375,342.91,1078606.35,3.84,68.0,1021.0,-1.34,0.76,0.0,10000.0,1.86,88.0,36.0372673,126.6898854,MASTER,2026040808
KR10025001,2026040809,968.375,564.87,1079171.22,5.23,62.0,1022.0,-1.28,1.91,0.0,10000.0,1.86,95.0,36.0372673,126.6898854,MASTER,2026040809
KR10025001,2026040810,968.375,720.48,1079891.7,7.4,53.0,1022.0,-1.37,3.54,0.0,10000.0,1.41,127.0,36.0372673,126.6898854,MASTER,2026040810
KR10025001,2026040811,968.375,815.1200000000001,1080706.8200000003,10.15,43.0,1021.0,-1.93,5.13,0.0,10000.0,1.0,185.0,36.0372673,126.6898854,MASTER,2026040811
KR10025001,2026040812,968.375,867.7900000000002,1081574.61,11.64,39.0,1020.0,-1.96,6.22,0.0,10000.0,0.76,186.0,36.0372673,126.6898854,MASTER,2026040812
KR10025001,2026040813,968.375,862.7399999999999,1082437.35,12.23,37.0,1020.0,-2.13,6.35,0.0,10000.0,2.59,233.0,36.0372673,126.6898854,MASTER,2026040813
KR10025001,2026040814,968.375,791.79,1083229.14,12.47,38.0,1019.0,-1.75,5.49,0.0,10000.0,2.89,248.0,36.0372673,126.6898854,MASTER,2026040814
KR10025001,2026040815,968.375,674.8,1083903.9400000002,12.51,37.0,1018.0,-2.06,3.97,0.0,10000.0,2.86,254.0,36.0372673,126.6898854,MASTER,2026040815
KR10025001,2026040816,968.375,488.94,1084392.88,12.33,37.0,1018.0,-1.99,2.31,0.0,10000.0,3.06,268.0,36.0372673,126.6898854,MASTER,2026040816
KR10025001,2026040817,968.375,237.73,1084630.61,11.66,40.0,1018.0,-1.82,0.98,0.0,10000.0,3.09,280.0,36.0372673,126.6898854,MASTER,2026040817
KR10025001,2026040818,968.375,45.19999999999996,1084675.81,11.95,50.0,1018.0,1.86,0.26,0.0,10000.0,2.63,268.0,36.0372673,126.6898854,MASTER,2026040818
KR10025001,2026040819,968.375,0.08,1084675.89,11.35,49.0,1018.0,1.03,0.0,0.0,10000.0,1.82,271.0,36.0372673,126.6898854,MASTER,2026040819
KR10025001,2026040820,968.375,0.0,1084675.89,10.61,50.0,1018.0,0.63,0.0,3.0,10000.0,1.84,252.0,36.0372673,126.6898854,MASTER,2026040820
KR10025001,2026040821,968.375,0.0,1084675.89,9.83,52.0,1018.0,0.45,0.0,7.0,10000.0,1.42,241.0,36.0372673,126.6898854,MASTER,2026040821
KR10025001,2026040822,968.375,0.0,1084675.89,9.01,55.0,1018.0,0.46,0.0,80.0,10000.0,1.46,198.0,36.0372673,126.6898854,MASTER,2026040822
KR10025001,2026040823,968.375,0.0,1084675.89,8.19,59.0,1017.0,0.59,0.0,100.0,10000.0,1.25,154.0,36.0372673,126.6898854,MASTER,2026040823
KR10025001,2026040900,968.375,0.0,1084675.89,8.25,60.0,1017.0,0.97,0.0,100.0,10000.0,1.79,114.0,36.0372673,126.6898854,MASTER,2026040900
KR10025001,2026040901,968.375,0.0,1084675.89,8.12,62.0,1016.0,1.19,0.0,100.0,10000.0,2.21,88.0,36.0372673,126.6898854,MASTER,2026040901
KR10025001,2026040902,968.375,0.0,1084675.89,8.19,62.0,1016.0,1.22,0.0,100.0,10000.0,2.6,102.0,36.0372673,126.6898854,MASTER,2026040902
KR10025001,2026040903,968.375,0.0,1084675.89,8.46,62.0,1015.0,1.49,0.0,100.0,10000.0,2.16,96.0,36.0372673,126.6898854,MASTER,2026040903
KR10025001,2026040904,968.375,0.0,1084675.89,8.51,62.0,1015.0,1.62,0.0,100.0,10000.0,3.08,105.0,36.0372673,126.6898854,MASTER,2026040904
KR10025001,2026040905,968.375,0.0,1084675.89,8.76,62.0,1014.0,1.81,0.0,100.0,10000.0,2.76,100.0,36.0372673,126.6898854,MASTER,2026040905
KR10025001,2026040906,968.375,6.380000000000003,1084682.27,8.95,76.0,1013.0,4.95,0.0,75.0,10000.0,4.02,131.0,36.0372673,126.6898854,MASTER,2026040906
KR10025001,2026040907,968.375,28.93,1084711.2,8.63,80.0,1013.0,5.38,0.03,80.0,5244.0,5.11,112.0,36.0372673,126.6898854,MASTER,2026040907
KR10025001,2026040908,968.375,32.50999999999999,1084743.71,8.57,83.0,1012.0,5.85,0.23,85.0,10000.0,5.06,73.0,36.0372673,126.6898854,MASTER,2026040908
KR10025001,2026040909,968.375,29.60000000000001,1084773.31,8.37,88.0,1011.0,6.5,0.17,90.0,4176.0,5.55,50.0,36.0372673,126.6898854,MASTER,2026040909
KR10025001,2026040910,968.375,134.59,1084907.9,8.28,92.0,1010.0,7.06,0.29,95.0,10000.0,7.42,69.0,36.0372673,126.6898854,MASTER,2026040910
KR10025001,2026040911,968.375,119.82000000000004,1085027.7200000002,8.51,96.0,1007.0,7.76,0.75,100.0,5583.0,8.71,86.0,36.0372673,126.6898854,MASTER,2026040911
KR10025001,2026040912,968.375,82.30999999999999,1085110.03,9.37,94.0,1005.0,8.35,0.31,100.0,10000.0,6.6,85.0,36.0372673,126.6898854,MASTER,2026040912
KR10025001,2026040913,968.375,66.92,1085176.95,10.0,96.0,1003.0,9.19,0.32,100.0,10000.0,6.83,94.0,36.0372673,126.6898854,MASTER,2026040913
KR10025001,2026040914,968.375,47.32999999999998,1085224.28,12.12,96.0,1002.0,11.45,0.27,100.0,10000.0,5.31,108.0,36.0372673,126.6898854,MASTER,2026040914
KR10025001,2026040915,968.375,35.34999999999999,1085259.63,12.47,97.0,1001.0,11.97,0.42,100.0,7468.0,4.19,116.0,36.0372673,126.6898854,MASTER,2026040915
KR10025001,2026040916,968.375,29.51,1085289.14,12.87,99.0,1000.0,12.68,0.14,100.0,3627.0,3.09,154.0,36.0372673,126.6898854,MASTER,2026040916
KR10025001,2026040917,968.375,12.46000000000001,1085301.6,13.43,99.0,1000.0,13.37,0.11,100.0,2682.0,4.26,173.0,36.0372673,126.6898854,MASTER,2026040917
KR10025001,2026040918,968.375,1.7100000000000002,1085303.31,16.95,94.0,999.0,15.98,0.02,100.0,1971.0,4.53,151.0,36.0372673,126.6898854,MASTER,2026040918
KR10025001,2026040919,968.375,0.0,1085303.31,16.09,95.0,999.0,15.29,0.0,100.0,1327.0,3.87,160.0,36.0372673,126.6898854,MASTER,2026040919
KR10025001,2026040920,968.375,0.0,1085303.31,15.25,96.0,999.0,14.62,0.0,100.0,957.0,4.13,156.0,36.0372673,126.6898854,MASTER,2026040920
KR10025001,2026040921,968.375,0.0,1085303.31,14.28,97.0,999.0,13.81,0.0,100.0,,3.1,174.0,36.0372673,126.6898854,MASTER,2026040921
KR10025001,2026040922,968.375,0.0,1085303.31,13.46,99.0,999.0,13.31,0.0,100.0,,3.59,195.0,36.0372673,126.6898854,MASTER,2026040922
KR10025001,2026040923,968.375,0.0,1085303.31,12.94,98.0,999.0,12.47,0.0,100.0,7846.0,6.09,208.0,36.0372673,126.6898854,MASTER,2026040923
KR10025001,2026041000,968.375,0.0,1085303.31,12.32,98.0,999.0,11.98,0.0,100.0,2510.0,6.81,211.0,36.0372673,126.6898854,MASTER,2026041000
KR10025001,2026041001,968.375,0.0,1085303.31,11.47,98.0,999.0,11.11,0.0,100.0,,5.68,214.0,36.0372673,126.6898854,MASTER,2026041001
KR10025001,2026041002,968.375,0.0,1085303.31,10.97,98.0,999.0,10.61,0.0,100.0,200.0,5.88,217.0,36.0372673,126.6898854,MASTER,2026041002
KR10025001,2026041003,968.375,0.0,1085303.31,10.22,98.0,999.0,9.89,0.0,100.0,85.0,5.97,222.0,36.0372673,126.6898854,MASTER,2026041003
KR10025001,2026041004,968.375,0.0,1085303.31,9.97,98.0,999.0,9.52,0.0,100.0,74.0,6.04,220.0,36.0372673,126.6898854,MASTER,2026041004
KR10025001,2026041005,968.375,0.0,1085303.31,9.8,98.0,1000.0,9.33,0.0,100.0,,6.12,224.0,36.0372673,126.6898854,MASTER,2026041005
KR10025001,2026041006,968.375,0.66,1085303.97,10.95,93.0,1000.0,9.86,0.0,100.0,7319.0,6.27,237.0,36.0372673,126.6898854,MASTER,2026041006
KR10025001,2026041007,968.375,13.870000000000008,1085317.84,10.65,94.0,1000.0,9.73,0.05,100.0,10000.0,5.68,242.0,36.0372673,126.6898854,MASTER,2026041007
KR10025001,2026041008,968.375,32.620000000000005,1085350.46,10.36,95.0,1001.0,9.59,0.18,100.0,10000.0,5.98,253.0,36.0372673,126.6898854,MASTER,2026041008
KR10025001,2026041009,968.375,57.65000000000002,1085408.11,10.1,95.0,1002.0,9.34,0.48,100.0,10000.0,5.81,252.0,36.0372673,126.6898854,MASTER,2026041009
KR10025001,2026041010,968.375,112.75000000000004,1085520.86,10.03,93.0,1003.0,8.95,1.05,100.0,10000.0,6.07,260.0,36.0372673,126.6898854,MASTER,2026041010
KR10025001,2026041011,968.375,124.18,1085645.04,9.95,92.0,1004.0,8.58,1.83,100.0,10000.0,5.76,266.0,36.0372673,126.6898854,MASTER,2026041011
KR10025001,2026041012,968.375,164.70000000000005,1085809.74,10.05,91.0,1005.0,8.56,2.93,100.0,10000.0,5.6,272.0,36.0372673,126.6898854,MASTER,2026041012
KR10025001,2026041013,968.375,204.07000000000005,1086013.81,10.37,89.0,1005.0,8.56,3.17,100.0,10000.0,5.53,272.0,36.0372673,126.6898854,MASTER,2026041013
KR10025001,2026041014,968.375,302.7300000000001,1086316.54,10.3,88.0,1005.0,8.43,3.2,100.0,10000.0,5.6,275.0,36.0372673,126.6898854,MASTER,2026041014
KR10025001,2026041015,968.375,359.6699999999999,1086676.21,10.29,87.0,1005.0,8.09,2.08,100.0,10000.0,5.18,285.0,36.0372673,126.6898854,MASTER,2026041015
KR10025001,2026041016,968.375,135.89999999999998,1086812.11,10.61,85.0,1006.0,8.13,1.41,95.0,10000.0,5.4,278.0,36.0372673,126.6898854,MASTER,2026041016
KR10025001,2026041017,968.375,64.99,1086877.1,10.25,87.0,1006.0,8.04,0.59,98.0,10000.0,5.53,280.0,36.0372673,126.6898854,MASTER,2026041017
KR10025001,2026041018,968.375,8.770000000000005,1086885.87,10.95,87.0,1007.0,8.87,0.15,100.0,10000.0,5.05,271.0,36.0372673,126.6898854,MASTER,2026041018
KR10025001,2026041019,968.375,0.01,1086885.88,10.55,89.0,1007.0,8.82,0.0,97.0,10000.0,3.91,266.0,36.0372673,126.6898854,MASTER,2026041019
KR10025001,2026041020,968.375,0.0,1086885.88,9.97,91.0,1008.0,8.57,0.0,90.0,10000.0,3.75,261.0,36.0372673,126.6898854,MASTER,2026041020
KR10025001,2026041021,968.375,0.0,1086885.88,9.53,92.0,1009.0,8.3,0.0,84.0,10000.0,3.76,262.0,36.0372673,126.6898854,MASTER,2026041021
KR10025001,2026041022,968.375,0.0,1086885.88,9.05,94.0,1009.0,8.14,0.0,74.0,10000.0,3.22,268.0,36.0372673,126.6898854,MASTER,2026041022
KR10025001,2026041023,968.375,0.0,1086885.88,8.74,94.0,1011.0,7.49,0.0,57.0,10000.0,2.8,271.0,36.0372673,126.6898854,MASTER,2026041023
KR10025001,2026041100,968.375,0.0,1086885.88,8.27,94.0,1011.0,7.4,0.0,53.0,10000.0,1.95,249.0,36.0372673,126.6898854,MASTER,2026041100
KR10025001,2026041101,968.375,0.0,1086885.88,7.95,96.0,1010.0,7.32,0.0,48.0,10000.0,2.8,202.0,36.0372673,126.6898854,MASTER,2026041101
KR10025001,2026041102,968.375,0.0,1086885.88,7.82,96.0,1011.0,7.12,0.0,44.0,10000.0,2.47,207.0,36.0372673,126.6898854,MASTER,2026041102
KR10025001,2026041103,968.375,0.0,1086885.88,7.87,95.0,1011.0,7.12,0.0,44.0,10000.0,2.76,202.0,36.0372673,126.6898854,MASTER,2026041103
KR10025001,2026041104,968.375,0.0,1086885.88,8.0,95.0,1011.0,7.09,0.0,33.0,10000.0,3.75,203.0,36.0372673,126.6898854,MASTER,2026041104
KR10025001,2026041105,968.375,0.0,1086885.88,7.88,96.0,1011.0,7.14,0.0,21.0,10000.0,3.24,221.0,36.0372673,126.6898854,MASTER,2026041105
KR10025001,2026041106,968.375,8.230000000000004,1086894.11,7.91,96.0,1012.0,7.31,0.0,55.0,10000.0,1.91,242.0,36.0372673,126.6898854,MASTER,2026041106
KR10025001,2026041107,968.375,65.59000000000002,1086959.7,8.01,96.0,1012.0,7.41,0.21,54.0,10000.0,2.54,192.0,36.0372673,126.6898854,MASTER,2026041107
KR10025001,2026041108,968.375,187.65,1087147.35,8.59,94.0,1012.0,7.68,0.9,53.0,10000.0,2.69,173.0,36.0372673,126.6898854,MASTER,2026041108
KR10025001,2026041109,968.375,494.92,1087642.27,9.72,88.0,1013.0,7.83,2.24,56.0,10000.0,3.05,171.0,36.0372673,126.6898854,MASTER,2026041109
KR10025001,2026041110,968.375,675.1699999999997,1088317.44,11.69,78.0,1014.0,7.99,4.13,11.0,10000.0,3.43,205.0,36.0372673,126.6898854,MASTER,2026041110
KR10025001,2026041111,968.375,779.4599999999999,1089096.9,14.0,66.0,1014.0,7.61,6.0,0.0,10000.0,3.5,233.0,36.0372673,126.6898854,MASTER,2026041111
KR10025001,2026041112,968.375,801.38,1089898.28,13.67,71.0,1014.0,8.2,7.22,1.0,10000.0,5.42,256.0,36.0372673,126.6898854,MASTER,2026041112
KR10025001,2026041113,968.375,769.8599999999999,1090668.14,13.17,77.0,1014.0,8.9,7.54,4.0,10000.0,5.91,241.0,36.0372673,126.6898854,MASTER,2026041113
KR10025001,2026041114,968.375,218.83,1090886.97,13.33,75.0,1014.0,8.79,6.5,24.0,10000.0,5.27,251.0,36.0372673,126.6898854,MASTER,2026041114
KR10025001,2026041115,968.375,148.58000000000004,1091035.5499999998,13.4,75.0,1013.0,8.67,4.32,36.0,10000.0,4.28,258.0,36.0372673,126.6898854,MASTER,2026041115
KR10025001,2026041116,968.375,127.47000000000008,1091163.02,13.13,75.0,1013.0,8.41,2.49,100.0,10000.0,3.66,262.0,36.0372673,126.6898854,MASTER,2026041116
KR10025001,2026041117,968.375,58.87999999999997,1091221.9,12.75,76.0,1014.0,8.15,1.03,100.0,10000.0,3.46,263.0,36.0372673,126.6898854,MASTER,2026041117
KR10025001,2026041118,968.375,17.79000000000001,1091239.69,10.95,93.0,1014.0,9.86,0.26,100.0,10000.0,2.62,280.0,36.0372673,126.6898854,MASTER,2026041118
KR10025001,2026041119,968.375,0.02,1091239.71,10.95,91.0,1014.0,9.54,0.0,100.0,10000.0,1.92,266.0,36.0372673,126.6898854,MASTER,2026041119
KR10025001,2026041120,968.375,0.0,1091239.71,10.71,89.0,1014.0,8.97,0.0,100.0,10000.0,1.76,271.0,36.0372673,126.6898854,MASTER,2026041120
KR10025001,2026041121,968.375,0.0,1091239.71,10.48,88.0,1015.0,8.58,0.0,100.0,10000.0,1.21,251.0,36.0372673,126.6898854,MASTER,2026041121
KR10025001,2026041122,968.375,0.0,1091239.71,10.21,86.0,1016.0,7.98,0.0,100.0,10000.0,1.63,241.0,36.0372673,126.6898854,MASTER,2026041122
KR10025001,2026041123,968.375,0.0,1091239.71,9.8,85.0,1016.0,7.31,0.0,100.0,10000.0,1.5,303.0,36.0372673,126.6898854,MASTER,2026041123
KR10025001,2026041200,968.375,0.0,1091239.71,9.79,82.0,1016.0,6.89,0.0,100.0,10000.0,0.95,294.0,36.0372673,126.6898854,MASTER,2026041200
KR10025001,2026041201,968.375,0.0,1091239.71,9.68,81.0,1017.0,6.48,0.0,100.0,10000.0,0.3,9.0,36.0372673,126.6898854,MASTER,2026041201
KR10025001,2026041202,968.375,0.0,1091239.71,9.54,80.0,1017.0,6.16,0.0,100.0,10000.0,0.08,97.0,36.0372673,126.6898854,MASTER,2026041202
KR10025001,2026041203,968.375,0.0,1091239.71,9.42,78.0,1017.0,5.79,0.0,100.0,10000.0,0.51,344.0,36.0372673,126.6898854,MASTER,2026041203
KR10025001,2026041204,968.375,0.0,1091239.71,9.27,77.0,1017.0,5.29,0.0,100.0,10000.0,1.44,27.0,36.0372673,126.6898854,MASTER,2026041204
KR10025001,2026041205,968.375,0.0,1091239.71,9.26,77.0,1016.0,5.34,0.0,100.0,10000.0,1.84,42.0,36.0372673,126.6898854,MASTER,2026041205
KR10025001,2026041206,968.375,14.720000000000008,1091254.4300000002,8.95,100.0,1016.0,8.95,0.0,100.0,10000.0,1.52,74.0,36.0372673,126.6898854,MASTER,2026041206
KR10025001,2026041207,968.375,115.53,1091369.96,9.06,96.0,1016.0,8.46,0.22,97.0,10000.0,1.74,91.0,36.0372673,126.6898854,MASTER,2026041207
KR10025001,2026041208,968.375,312.29,1091682.25,9.89,90.0,1016.0,8.33,0.93,91.0,10000.0,2.29,64.0,36.0372673,126.6898854,MASTER,2026041208
KR10025001,2026041209,968.375,535.55,1092217.8000000005,11.61,78.0,1016.0,7.91,2.45,85.0,10000.0,2.89,66.0,36.0372673,126.6898854,MASTER,2026041209
KR10025001,2026041210,968.375,678.3499999999999,1092896.15,14.0,62.0,1016.0,6.84,4.27,98.0,10000.0,2.38,68.0,36.0372673,126.6898854,MASTER,2026041210
KR10025001,2026041211,968.375,664.13,1093560.28,16.86,46.0,1017.0,4.72,6.15,99.0,10000.0,1.01,162.0,36.0372673,126.6898854,MASTER,2026041211
KR10025001,2026041212,968.375,742.3899999999999,1094302.67,18.2,41.0,1016.0,4.16,7.14,99.0,10000.0,0.71,312.0,36.0372673,126.6898854,MASTER,2026041212
KR10025001,2026041213,968.375,771.8599999999999,1095074.53,18.78,41.0,1015.0,4.45,6.94,99.0,10000.0,3.02,326.0,36.0372673,126.6898854,MASTER,2026041213
KR10025001,2026041214,968.375,604.48,1095679.01,19.38,41.0,1015.0,4.83,5.7,100.0,10000.0,2.62,313.0,36.0372673,126.6898854,MASTER,2026041214
KR10025001,2026041215,968.375,532.48,1096211.49,19.81,41.0,1014.0,4.77,4.17,100.0,10000.0,2.3,309.0,36.0372673,126.6898854,MASTER,2026041215
KR10025001,2026041216,968.375,358.83,1096570.32,18.67,45.0,1014.0,5.05,2.33,100.0,10000.0,2.93,280.0,36.0372673,126.6898854,MASTER,2026041216
KR10025001,2026041217,968.375,179.60000000000002,1096749.92,17.01,48.0,1014.0,4.51,0.83,100.0,10000.0,2.79,281.0,36.0372673,126.6898854,MASTER,2026041217
KR10025001,2026041218,968.375,39.84999999999998,1096789.77,16.97,52.0,1014.0,7.06,0.25,99.0,10000.0,2.15,300.0,36.0372673,126.6898854,MASTER,2026041218
KR10025001,2026041219,968.375,0.0999999999999999,1096789.87,16.62,51.0,1014.0,6.45,0.0,99.0,10000.0,2.38,304.0,36.0372673,126.6898854,MASTER,2026041219
KR10025001,2026041220,968.375,0.0,1096789.87,16.03,50.0,1014.0,5.62,0.0,99.0,10000.0,2.25,303.0,36.0372673,126.6898854,MASTER,2026041220
KR10025001,2026041221,968.375,0.0,1096789.87,14.97,50.0,1015.0,4.65,0.0,99.0,10000.0,2.31,271.0,36.0372673,126.6898854,MASTER,2026041221
KR10025001,2026041222,968.375,0.0,1096789.87,13.67,53.0,1016.0,4.28,0.0,100.0,10000.0,2.32,267.0,36.0372673,126.6898854,MASTER,2026041222
KR10025001,2026041223,968.375,0.0,1096789.87,11.85,56.0,1017.0,3.33,0.0,100.0,10000.0,1.94,268.0,36.0372673,126.6898854,MASTER,2026041223
KR10025001,2026041300,968.375,0.0,1096789.87,11.85,55.0,1017.0,3.14,0.0,100.0,10000.0,2.19,283.0,36.0372673,126.6898854,MASTER,2026041300
KR10025001,2026041301,968.375,0.0,1096789.87,11.36,54.0,1017.0,2.26,0.0,100.0,10000.0,2.0,312.0,36.0372673,126.6898854,MASTER,2026041301
KR10025001,2026041302,968.375,0.0,1096789.87,11.3,52.0,1017.0,1.72,0.0,100.0,10000.0,1.39,305.0,36.0372673,126.6898854,MASTER,2026041302
KR10025001,2026041303,968.375,0.0,1096789.87,11.04,53.0,1017.0,1.75,0.0,100.0,10000.0,1.81,334.0,36.0372673,126.6898854,MASTER,2026041303
KR10025001,2026041304,968.375,0.0,1096789.87,10.7,56.0,1017.0,2.06,0.0,99.0,10000.0,1.39,347.0,36.0372673,126.6898854,MASTER,2026041304
KR10025001,2026041305,968.375,0.0,1096789.87,10.58,57.0,1016.0,2.36,0.0,63.0,10000.0,1.89,23.0,36.0372673,126.6898854,MASTER,2026041305
KR10025001,2026041306,968.375,21.640000000000008,1096811.51,7.95,93.0,1016.0,6.89,0.0,20.0,10000.0,2.21,30.0,36.0372673,126.6898854,MASTER,2026041306
KR10025001,2026041307,968.375,130.49,1096942.0,8.5,85.0,1016.0,6.13,0.25,34.0,10000.0,2.65,54.0,36.0372673,126.6898854,MASTER,2026041307
KR10025001,2026041308,968.375,357.59,1097299.59,9.89,77.0,1016.0,6.05,1.04,44.0,10000.0,1.76,74.0,36.0372673,126.6898854,MASTER,2026041308
KR10025001,2026041309,968.375,567.93,1097867.52,12.16,67.0,1016.0,6.22,2.58,48.0,10000.0,2.26,52.0,36.0372673,126.6898854,MASTER,2026041309
KR10025001,2026041310,968.375,709.4699999999998,1098576.99,15.41,53.0,1016.0,5.89,4.55,6.0,10000.0,3.17,32.0,36.0372673,126.6898854,MASTER,2026041310
KR10025001,2026041311,968.375,798.6800000000002,1099375.67,19.09,37.0,1016.0,3.46,6.51,1.0,10000.0,2.77,20.0,36.0372673,126.6898854,MASTER,2026041311
KR10025001,2026041312,968.375,850.66,1100226.33,20.47,35.0,1015.0,3.7,7.77,2.0,10000.0,2.52,14.0,36.0372673,126.6898854,MASTER,2026041312
KR10025001,2026041313,968.375,838.6500000000001,1101064.98,21.52,34.0,1014.0,3.51,7.75,2.0,10000.0,2.54,28.0,36.0372673,126.6898854,MASTER,2026041313
KR10025001,2026041314,968.375,771.59,1101836.5699999998,22.85,33.0,1014.0,3.31,6.65,3.0,10000.0,1.58,356.0,36.0372673,126.6898854,MASTER,2026041314
KR10025001,2026041315,968.375,634.69,1102471.2599999998,23.37,36.0,1014.0,4.62,4.63,16.0,10000.0,3.52,314.0,36.0372673,126.6898854,MASTER,2026041315
KR10025001,2026041316,968.375,456.5100000000001,1102927.77,22.81,41.0,1013.0,5.59,2.48,99.0,10000.0,4.28,314.0,36.0372673,126.6898854,MASTER,2026041316
KR10025001,2026041317,968.375,215.35,1103143.12,21.61,45.0,1013.0,6.08,1.09,99.0,10000.0,3.75,304.0,36.0372673,126.6898854,MASTER,2026041317
KR10025001,2026041318,968.375,74.16999999999997,1103217.29,21.95,33.0,1013.0,4.96,0.26,0.0,10000.0,2.65,317.0,36.0372673,126.6898854,MASTER,2026041318
KR10025001,2026041319,968.375,0.5,1103217.7899999998,21.53,37.0,1013.0,6.24,0.0,18.0,10000.0,2.27,297.0,36.0372673,126.6898854,MASTER,2026041319
KR10025001,2026041320,968.375,0.0,1103217.7899999998,20.17,44.0,1013.0,7.54,0.0,38.0,10000.0,1.51,212.0,36.0372673,126.6898854,MASTER,2026041320
KR10025001,2026041321,968.375,0.0,1103217.7899999998,17.54,54.0,1014.0,8.14,0.0,47.0,10000.0,2.58,193.0,36.0372673,126.6898854,MASTER,2026041321
KR10025001,2026041322,968.375,0.0,1103217.7899999998,14.7,61.0,1015.0,7.27,0.0,46.0,10000.0,2.26,204.0,36.0372673,126.6898854,MASTER,2026041322
KR10025001,2026041323,968.375,0.0,1103217.7899999998,11.89,71.0,1015.0,6.76,0.0,32.0,10000.0,1.33,220.0,36.0372673,126.6898854,MASTER,2026041323
KR10025001,2026041400,968.375,0.0,1103217.7899999998,11.72,70.0,1015.0,6.35,0.0,28.0,10000.0,1.52,174.0,36.0372673,126.6898854,MASTER,2026041400
KR10025001,2026041401,968.375,0.0,1103217.7899999998,11.74,68.0,1015.0,5.89,0.0,32.0,10000.0,1.85,179.0,36.0372673,126.6898854,MASTER,2026041401
KR10025001,2026041402,968.375,0.0,1103217.7899999998,11.68,66.0,1015.0,5.45,0.0,45.0,10000.0,0.95,181.0,36.0372673,126.6898854,MASTER,2026041402
KR10025001,2026041403,968.375,0.0,1103217.7899999998,11.82,64.0,1015.0,5.21,0.0,54.0,10000.0,0.81,191.0,36.0372673,126.6898854,MASTER,2026041403
KR10025001,2026041404,968.375,0.0,1103217.7899999998,11.73,63.0,1014.0,4.85,0.0,94.0,10000.0,0.63,80.0,36.0372673,126.6898854,MASTER,2026041404
KR10025001,2026041405,968.375,0.0,1103217.7899999998,11.83,61.0,1014.0,4.56,0.0,97.0,10000.0,0.94,149.0,36.0372673,126.6898854,MASTER,2026041405
KR10025001,2026041406,968.375,17.79000000000001,1103235.5799999998,11.79,59.0,1014.0,4.05,0.0,100.0,10000.0,0.7,59.0,36.0372673,126.6898854,MASTER,2026041406
KR10025001,2026041407,968.375,72.25000000000001,1103307.83,11.95,58.0,1014.0,3.95,0.22,100.0,10000.0,1.94,61.0,36.0372673,126.6898854,MASTER,2026041407
KR10025001,2026041408,968.375,171.91000000000005,1103479.74,12.74,57.0,1014.0,4.45,0.92,100.0,10000.0,1.62,91.0,36.0372673,126.6898854,MASTER,2026041408
KR10025001,2026041409,968.375,285.05999999999995,1103764.7999999998,14.15,55.0,1014.0,5.25,2.29,99.0,10000.0,0.89,78.0,36.0372673,126.6898854,MASTER,2026041409
KR10025001,2026041410,968.375,356.91,1104121.71,16.11,51.0,1014.0,5.98,4.01,100.0,10000.0,1.49,175.0,36.0372673,126.6898854,MASTER,2026041410
KR10025001,2026041411,968.375,573.5699999999999,1104695.2799999998,18.27,46.0,1014.0,5.69,5.87,100.0,10000.0,1.52,195.0,36.0372673,126.6898854,MASTER,2026041411
KR10025001,2026041412,968.375,530.27,1105225.5499999998,19.8,44.0,1013.0,5.46,6.53,100.0,10000.0,1.93,263.0,36.0372673,126.6898854,MASTER,2026041412
KR10025001,2026041413,968.375,398.18,1105623.73,21.03,43.0,1013.0,5.74,6.93,100.0,10000.0,1.21,248.0,36.0372673,126.6898854,MASTER,2026041413
KR10025001,2026041414,968.375,251.81000000000003,1105875.54,21.82,44.0,1012.0,6.17,6.1,100.0,10000.0,2.39,256.0,36.0372673,126.6898854,MASTER,2026041414
KR10025001,2026041415,968.375,375.67,1106251.2100000004,21.52,45.0,1011.0,6.15,4.01,98.0,10000.0,2.67,247.0,36.0372673,126.6898854,MASTER,2026041415
KR10025001,2026041416,968.375,343.14,1106594.35,21.72,46.0,1011.0,5.86,2.45,100.0,10000.0,3.13,262.0,36.0372673,126.6898854,MASTER,2026041416
KR10025001,2026041417,968.375,93.22,1106687.5699999998,21.51,48.0,1011.0,5.27,1.14,62.0,10000.0,2.77,250.0,36.0372673,126.6898854,MASTER,2026041417
KR10025001,2026041418,968.375,0.0,1106894.23,19.9,52.0,1011.0,5.06,0.32,44.0,10000.0,2.5,264.0,36.0372673,126.6898854,MASTER,2026041418
KR10025001,2026041419,968.375,0.0,1106894.23,17.28,55.0,1011.0,5.06,0.0,35.0,10000.0,2.22,285.0,36.0372673,126.6898854,MASTER,2026041419
KR10025001,2026041420,968.375,0.0,1106894.23,16.32,56.0,1012.0,4.86,0.0,35.0,10000.0,1.69,274.0,36.0372673,126.6898854,MASTER,2026041420
KR10025001,2026041421,968.375,0.0,1106894.23,13.91,60.0,1013.0,5.18,0.0,42.0,10000.0,1.95,245.0,36.0372673,126.6898854,MASTER,2026041421
KR10025001,2026041422,968.375,0.0,1106894.23,12.31,63.0,1014.0,5.31,0.0,10.0,10000.0,1.69,263.0,36.0372673,126.6898854,MASTER,2026041422
KR10025001,2026041423,968.375,0.0,1106894.23,12.3,62.0,1013.0,4.97,0.0,25.0,10000.0,0.98,226.0,36.0372673,126.6898854,MASTER,2026041423
KR10025001,2026041500,968.375,0.0,1106894.23,12.22,62.0,1013.0,4.98,0.0,50.0,10000.0,1.1,224.0,36.0372673,126.6898854,MASTER,2026041500
KR10025001,2026041501,968.375,0.0,1106894.23,11.91,64.0,1013.0,5.16,0.0,63.0,10000.0,1.27,218.0,36.0372673,126.6898854,MASTER,2026041501
KR10025001,2026041502,968.375,0.0,1106894.23,11.55,65.0,1013.0,5.1,0.0,71.0,10000.0,0.89,232.0,36.0372673,126.6898854,MASTER,2026041502
KR10025001,2026041503,968.375,0.0,1106894.23,11.54,65.0,1013.0,4.93,0.0,75.0,10000.0,1.15,235.0,36.0372673,126.6898854,MASTER,2026041503
KR10025001,2026041504,968.375,0.0,1106894.23,11.38,66.0,1013.0,5.02,0.0,100.0,10000.0,0.31,9.0,36.0372673,126.6898854,MASTER,2026041504
KR10025001,2026041505,968.375,0.0,1106894.23,11.39,65.0,1013.0,4.82,0.0,100.0,10000.0,0.53,92.0,36.0372673,126.6898854,MASTER,2026041505
KR10025001,2026041506,968.375,27.53000000000001,1106921.7599999998,10.95,87.0,1012.0,8.87,0.0,0.0,10000.0,0.72,84.0,36.0372673,126.6898854,MASTER,2026041506
KR10025001,2026041507,968.375,120.46000000000006,1107042.22,11.21,83.0,1012.0,8.43,0.23,20.0,10000.0,0.74,47.0,36.0372673,126.6898854,MASTER,2026041507
KR10025001,2026041508,968.375,294.3,1107336.52,12.01,77.0,1012.0,8.11,0.94,40.0,10000.0,0.97,72.0,36.0372673,126.6898854,MASTER,2026041508
KR10025001,2026041509,968.375,509.11,1107845.6300000004,13.66,71.0,1012.0,8.51,2.2,60.0,10000.0,1.3,101.0,36.0372673,126.6898854,MASTER,2026041509
KR10025001,2026041510,968.375,660.9699999999999,1108506.6,16.05,62.0,1012.0,8.78,4.18,80.0,10000.0,0.76,92.0,36.0372673,126.6898854,MASTER,2026041510
KR10025001,2026041511,968.375,771.3,1109277.9,19.87,49.0,1012.0,7.57,5.94,99.0,10000.0,1.24,309.0,36.0372673,126.6898854,MASTER,2026041511
KR10025001,2026041512,968.375,821.1300000000002,1110099.03,21.11,50.0,1013.0,8.09,7.14,88.0,10000.0,4.03,293.0,36.0372673,126.6898854,MASTER,2026041512
KR10025001,2026041513,968.375,825.1499999999999,1110924.18,20.82,54.0,1013.0,8.41,7.15,74.0,10000.0,4.33,284.0,36.0372673,126.6898854,MASTER,2026041513
KR10025001,2026041514,968.375,769.23,1111693.41,20.07,53.0,1012.0,8.12,6.14,61.0,10000.0,4.58,286.0,36.0372673,126.6898854,MASTER,2026041514
KR10025001,2026041515,968.375,640.4000000000001,1112333.81,19.82,50.0,1012.0,6.85,4.39,64.0,10000.0,5.09,293.0,36.0372673,126.6898854,MASTER,2026041515
KR10025001,2026041516,968.375,443.06000000000006,1112776.87,20.16,51.0,1012.0,6.57,2.6,0.0,10000.0,5.48,295.0,36.0372673,126.6898854,MASTER,2026041516
KR10025001,2026041517,968.375,217.48,1112994.35,19.49,51.0,1012.0,6.58,1.11,2.0,10000.0,5.28,311.0,36.0372673,126.6898854,MASTER,2026041517
KR10025001,2026041518,968.375,51.46999999999997,1113045.82,20.83,52.0,1012.0,10.62,0.32,37.0,10000.0,4.74,312.0,36.0372673,126.6898854,MASTER,2026041518
KR10025001,2026041519,968.375,0.61,1113046.43,20.22,53.0,1012.0,10.34,0.0,35.0,10000.0,3.66,316.0,36.0372673,126.6898854,MASTER,2026041519
KR10025001,2026041520,968.375,0.0,1113046.43,18.95,54.0,1012.0,9.45,0.0,31.0,10000.0,2.69,345.0,36.0372673,126.6898854,MASTER,2026041520
KR10025001,2026041521,968.375,0.0,1113046.43,17.24,57.0,1013.0,8.65,0.0,26.0,10000.0,1.26,58.0,36.0372673,126.6898854,MASTER,2026041521
KR10025001,2026041522,968.375,0.0,1113046.43,15.4,62.0,1014.0,8.17,0.0,7.0,10000.0,0.72,112.0,36.0372673,126.6898854,MASTER,2026041522
KR10025001,2026041523,968.375,0.0,1113046.43,13.47,68.0,1015.0,7.22,0.0,4.0,10000.0,0.59,192.0,36.0372673,126.6898854,MASTER,2026041523
KR10025001,2026041600,968.375,0.0,1113046.43,13.44,67.0,1016.0,7.11,0.0,3.0,10000.0,1.52,59.0,36.0372673,126.6898854,MASTER,2026041600
KR10025001,2026041601,968.375,0.0,1113046.43,13.53,65.0,1016.0,7.04,0.0,21.0,10000.0,2.16,37.0,36.0372673,126.6898854,MASTER,2026041601
KR10025001,2026041602,968.375,0.0,1113046.43,13.34,66.0,1016.0,7.07,0.0,37.0,10000.0,1.97,76.0,36.0372673,126.6898854,MASTER,2026041602
KR10025001,2026041603,968.375,0.0,1113046.43,12.98,68.0,1016.0,7.17,0.0,43.0,10000.0,2.45,78.0,36.0372673,126.6898854,MASTER,2026041603
KR10025001,2026041604,968.375,0.0,1113046.43,12.62,71.0,1016.0,7.29,0.0,100.0,10000.0,2.45,78.0,36.0372673,126.6898854,MASTER,2026041604
KR10025001,2026041605,968.375,0.05,1113046.48,12.22,72.0,1016.0,7.41,0.0,100.0,10000.0,2.43,75.0,36.0372673,126.6898854,MASTER,2026041605
KR10025001,2026041606,968.375,28.13000000000001,1113074.61,10.95,87.0,1017.0,8.87,0.0,20.0,10000.0,1.51,57.0,36.0372673,126.6898854,MASTER,2026041606
KR10025001,2026041607,968.375,132.66,1113207.27,11.32,83.0,1017.0,8.54,0.26,34.0,10000.0,2.01,65.0,36.0372673,126.6898854,MASTER,2026041607
KR10025001,2026041608,968.375,359.04,1113566.31,12.38,77.0,1017.0,8.47,1.06,48.0,10000.0,1.49,66.0,36.0372673,126.6898854,MASTER,2026041608
KR10025001,2026041609,968.375,557.5799999999999,1114123.89,14.19,69.0,1018.0,8.59,2.54,58.0,10000.0,1.89,64.0,36.0372673,126.6898854,MASTER,2026041609
KR10025001,2026041610,968.375,720.4899999999999,1114844.38,16.76,59.0,1019.0,8.71,4.42,41.0,10000.0,2.11,53.0,36.0372673,126.6898854,MASTER,2026041610
KR10025001,2026041611,968.375,815.0600000000002,1115659.44,19.8,46.0,1019.0,6.96,6.26,73.0,10000.0,1.68,14.0,36.0372673,126.6898854,MASTER,2026041611
KR10025001,2026041612,968.375,840.99,1116500.4300000002,21.11,39.0,1018.0,5.57,7.22,82.0,10000.0,1.52,8.0,36.0372673,126.6898854,MASTER,2026041612
KR10025001,2026041613,968.375,828.63,1117329.06,22.07,36.0,1018.0,4.48,7.35,86.0,10000.0,1.43,348.0,36.0372673,126.6898854,MASTER,2026041613
KR10025001,2026041614,968.375,779.7600000000001,1118108.8199999998,22.82,34.0,1017.0,3.8,6.28,89.0,10000.0,0.87,321.0,36.0372673,126.6898854,MASTER,2026041614
KR10025001,2026041615,968.375,654.81,1118763.63,22.77,41.0,1017.0,5.48,5.06,91.0,10000.0,3.36,299.0,36.0372673,126.6898854,MASTER,2026041615
KR10025001,2026041616,968.375,472.64,1119236.2699999998,22.29,46.0,1016.0,6.59,2.96,100.0,10000.0,4.35,317.0,36.0372673,126.6898854,MASTER,2026041616
KR10025001,2026041617,968.375,240.61,1119476.88,21.86,45.0,1016.0,6.22,1.32,100.0,10000.0,3.61,343.0,36.0372673,126.6898854,MASTER,2026041617
KR10025001,2026041618,968.375,50.91999999999996,1119527.8,20.95,35.0,1015.0,4.93,0.37,0.0,10000.0,1.33,300.0,36.0372673,126.6898854,MASTER,2026041618
KR10025001,2026041619,968.375,0.37,1119528.17,20.69,40.0,1015.0,6.62,0.0,15.0,10000.0,1.46,237.0,36.0372673,126.6898854,MASTER,2026041619
KR10025001,2026041620,968.375,0.0,1119528.17,19.35,48.0,1015.0,8.07,0.0,32.0,10000.0,1.9,215.0,36.0372673,126.6898854,MASTER,2026041620
KR10025001,2026041621,968.375,0.0,1119528.17,17.27,57.0,1016.0,8.68,0.0,50.0,10000.0,1.99,242.0,36.0372673,126.6898854,MASTER,2026041621
KR10025001,2026041622,968.375,0.0,1119528.17,14.74,67.0,1016.0,8.68,0.0,80.0,10000.0,1.77,275.0,36.0372673,126.6898854,MASTER,2026041622
KR10025001,2026041623,968.375,0.0,1119528.17,12.75,79.0,1016.0,8.68,0.0,100.0,10000.0,1.39,259.0,36.0372673,126.6898854,MASTER,2026041623
KR10025001,2026041700,968.375,0.0,1119528.17,12.28,81.0,1016.0,8.85,0.0,100.0,10000.0,2.38,265.0,36.0372673,126.6898854,MASTER,2026041700
KR10025001,2026041701,968.375,0.0,1119528.17,11.7,84.0,1016.0,8.97,0.0,100.0,10000.0,1.99,262.0,36.0372673,126.6898854,MASTER,2026041701
KR10025001,2026041702,968.375,0.0,1119528.17,11.42,85.0,1016.0,8.94,0.0,100.0,10000.0,2.57,284.0,36.0372673,126.6898854,MASTER,2026041702
KR10025001,2026041703,968.375,0.0,1119528.17,11.1,87.0,1017.0,8.92,0.0,100.0,10000.0,2.78,272.0,36.0372673,126.6898854,MASTER,2026041703
KR10025001,2026041704,968.375,0.0,1119528.17,11.35,85.0,1017.0,8.84,0.0,100.0,10000.0,3.72,327.0,36.0372673,126.6898854,MASTER,2026041704
KR10025001,2026041705,968.375,0.0,1119528.17,11.94,82.0,1017.0,8.85,0.0,100.0,10000.0,5.18,338.0,36.0372673,126.6898854,MASTER,2026041705
KR10025001,2026041706,968.375,11.350000000000003,1119539.5200000005,12.95,76.0,1017.0,8.83,0.0,75.0,10000.0,1.47,36.0,36.0372673,126.6898854,MASTER,2026041706
KR10025001,2026041707,968.375,57.26000000000001,1119596.7800000005,12.83,78.0,1017.0,9.09,0.13,80.0,10000.0,0.5,296.0,36.0372673,126.6898854,MASTER,2026041707
KR10025001,2026041708,968.375,92.30999999999996,1119689.09,12.77,79.0,1017.0,9.22,0.33,85.0,10000.0,1.25,54.0,36.0372673,126.6898854,MASTER,2026041708
KR10025001,2026041709,968.375,161.23000000000002,1119850.32,13.11,78.0,1016.0,9.37,0.91,90.0,10000.0,1.27,72.0,36.0372673,126.6898854,MASTER,2026041709
KR10025001,2026041710,968.375,136.59000000000012,1119986.91,13.48,76.0,1016.0,9.34,3.31,95.0,10000.0,1.54,129.0,36.0372673,126.6898854,MASTER,2026041710
KR10025001,2026041711,968.375,175.19999999999993,1120162.11,14.59,72.0,1017.0,8.98,2.37,95.0,10000.0,1.37,170.0,36.0372673,126.6898854,MASTER,2026041711
KR10025001,2026041712,968.375,357.13,1120519.24,15.17,73.0,1016.0,9.01,5.56,97.0,10000.0,1.11,178.0,36.0372673,126.6898854,MASTER,2026041712
KR10025001,2026041713,968.375,280.51000000000005,1120799.75,15.67,75.0,1016.0,9.26,3.47,98.0,10000.0,2.74,172.0,36.0372673,126.6898854,MASTER,2026041713
KR10025001,2026041714,968.375,153.89000000000004,1120953.64,15.88,83.0,1016.0,9.83,1.82,98.0,9999.0,3.26,167.0,36.0372673,126.6898854,MASTER,2026041714
KR10025001,2026041715,968.375,120.75000000000004,1121074.39,15.31,89.0,1015.0,10.02,2.24,99.0,10000.0,1.89,152.0,36.0372673,126.6898854,MASTER,2026041715
KR10025001,2026041716,968.375,92.68,1121167.07,15.58,89.0,1015.0,10.09,2.63,100.0,10000.0,2.12,115.0,36.0372673,126.6898854,MASTER,2026041716
KR10025001,2026041717,968.375,40.78999999999999,1121207.86,15.35,88.0,1015.0,10.12,1.12,100.0,10000.0,2.15,84.0,36.0372673,126.6898854,MASTER,2026041717
KR10025001,2026041718,968.375,10.270000000000003,1121218.13,15.51,84.0,1015.0,12.82,0.25,100.0,10000.0,1.68,61.0,36.0372673,126.6898854,MASTER,2026041718
KR10025001,2026041719,968.375,0.42,1121218.5500000005,15.31,85.0,1015.0,12.81,0.0,100.0,10000.0,2.63,101.0,36.0372673,126.6898854,MASTER,2026041719
KR10025001,2026041720,968.375,0.0,1121218.5500000005,14.76,86.0,1015.0,12.44,0.0,100.0,10000.0,2.57,80.0,36.0372673,126.6898854,MASTER,2026041720
KR10025001,2026041721,968.375,0.0,1121218.5500000005,13.78,86.0,1016.0,11.48,0.0,99.0,10000.0,2.38,75.0,36.0372673,126.6898854,MASTER,2026041721
KR10025001,2026041722,968.375,0.0,1121218.5500000005,12.7,89.0,1016.0,10.94,0.0,30.0,10000.0,2.68,53.0,36.0372673,126.6898854,MASTER,2026041722
KR10025001,2026041723,968.375,0.0,1121218.5500000005,11.37,90.0,1016.0,9.8,0.0,17.0,10000.0,2.92,42.0,36.0372673,126.6898854,MASTER,2026041723
KR10025001,2026041800,968.375,0.0,1121218.5500000005,10.93,92.0,1016.0,9.51,0.0,9.0,10000.0,3.14,36.0,36.0372673,126.6898854,MASTER,2026041800
KR10025001,2026041801,968.375,0.0,1121218.5500000005,10.78,91.0,1016.0,9.29,0.0,30.0,10000.0,3.39,29.0,36.0372673,126.6898854,MASTER,2026041801
KR10025001,2026041802,968.375,0.0,1121218.5500000005,10.78,90.0,1015.0,9.04,0.0,44.0,10000.0,3.28,37.0,36.0372673,126.6898854,MASTER,2026041802
KR10025001,2026041803,968.375,0.0,1121218.5500000005,10.83,89.0,1015.0,9.03,0.0,53.0,10000.0,3.06,46.0,36.0372673,126.6898854,MASTER,2026041803
KR10025001,2026041804,968.375,0.0,1121218.5500000005,10.77,89.0,1015.0,8.87,0.0,100.0,10000.0,3.03,49.0,36.0372673,126.6898854,MASTER,2026041804
KR10025001,2026041805,968.375,0.14,1121218.69,10.49,89.0,1015.0,8.62,0.0,65.0,10000.0,3.15,51.0,36.0372673,126.6898854,MASTER,2026041805
KR10025001,2026041806,968.375,30.42000000000001,1121249.11,12.95,71.0,1015.0,7.82,0.0,0.0,10000.0,3.15,43.0,36.0372673,126.6898854,MASTER,2026041806
KR10025001,2026041807,968.375,142.87,1121391.98,12.62,74.0,1015.0,8.11,0.28,18.0,10000.0,3.44,24.0,36.0372673,126.6898854,MASTER,2026041807
KR10025001,2026041808,968.375,341.81,1121733.79,13.14,73.0,1015.0,8.41,1.06,36.0,10000.0,3.69,37.0,36.0372673,126.6898854,MASTER,2026041808
KR10025001,2026041809,968.375,565.8000000000002,1122299.59,14.54,67.0,1016.0,8.49,2.42,47.0,10000.0,4.13,64.0,36.0372673,126.6898854,MASTER,2026041809
KR10025001,2026041810,968.375,719.33,1123018.92,17.12,59.0,1016.0,9.05,4.14,42.0,10000.0,4.2,43.0,36.0372673,126.6898854,MASTER,2026041810
KR10025001,2026041811,968.375,806.6400000000001,1123825.5599999998,19.99,52.0,1016.0,8.86,5.65,78.0,10000.0,3.52,40.0,36.0372673,126.6898854,MASTER,2026041811
KR10025001,2026041812,968.375,836.29,1124661.85,21.58,48.0,1015.0,8.61,7.13,86.0,10000.0,2.28,60.0,36.0372673,126.6898854,MASTER,2026041812
KR10025001,2026041813,968.375,794.8800000000001,1125456.73,22.25,45.0,1015.0,8.02,6.85,90.0,10000.0,2.13,9.0,36.0372673,126.6898854,MASTER,2026041813
KR10025001,2026041814,968.375,712.5400000000001,1126169.27,22.99,42.0,1014.0,7.49,5.71,92.0,10000.0,2.17,353.0,36.0372673,126.6898854,MASTER,2026041814
KR10025001,2026041815,968.375,522.3000000000001,1126691.5700000003,23.17,42.0,1013.0,7.5,4.22,93.0,10000.0,2.08,324.0,36.0372673,126.6898854,MASTER,2026041815
KR10025001,2026041816,968.375,230.34,1126921.91,22.44,47.0,1013.0,8.06,2.38,100.0,10000.0,3.32,309.0,36.0372673,126.6898854,MASTER,2026041816
KR10025001,2026041817,968.375,95.19999999999992,1127017.11,20.72,51.0,1013.0,8.76,0.98,100.0,10000.0,3.3,326.0,36.0372673,126.6898854,MASTER,2026041817
KR10025001,2026041818,968.375,48.42,1127065.53,18.95,48.0,1013.0,7.71,0.3,75.0,10000.0,3.28,322.0,36.0372673,126.6898854,MASTER,2026041818
KR10025001,2026041819,968.375,1.0199999999999998,1127066.55,19.05,50.0,1013.0,8.4,0.0,78.0,10000.0,3.42,340.0,36.0372673,126.6898854,MASTER,2026041819
KR10025001,2026041820,968.375,0.0,1127066.55,18.7,51.0,1013.0,8.37,0.0,82.0,10000.0,1.27,352.0,36.0372673,126.6898854,MASTER,2026041820
KR10025001,2026041821,968.375,0.0,1127066.55,17.0,58.0,1014.0,8.69,0.0,86.0,10000.0,1.48,170.0,36.0372673,126.6898854,MASTER,2026041821
KR10025001,2026041822,968.375,0.0,1127066.55,15.7,64.0,1014.0,8.92,0.0,95.0,10000.0,1.04,176.0,36.0372673,126.6898854,MASTER,2026041822
KR10025001,2026041823,968.375,0.0,1127066.55,14.28,71.0,1015.0,8.88,0.0,100.0,10000.0,0.75,141.0,36.0372673,126.6898854,MASTER,2026041823
KR10025001,2026041900,968.375,0.0,1127066.55,14.35,69.0,1015.0,8.62,0.0,100.0,10000.0,0.9,149.0,36.0372673,126.6898854,MASTER,2026041900
KR10025001,2026041901,968.375,0.0,1127066.55,14.28,69.0,1014.0,8.67,0.0,100.0,10000.0,1.03,81.0,36.0372673,126.6898854,MASTER,2026041901
KR10025001,2026041902,968.375,0.0,1127066.55,14.52,70.0,1014.0,9.16,0.0,100.0,10000.0,1.08,131.0,36.0372673,126.6898854,MASTER,2026041902
KR10025001,2026041903,968.375,0.0,1127066.55,14.75,72.0,1014.0,9.69,0.0,100.0,10000.0,1.2,71.0,36.0372673,126.6898854,MASTER,2026041903
KR10025001,2026041904,968.375,0.0,1127066.55,14.63,73.0,1014.0,9.92,0.0,100.0,10000.0,1.19,130.0,36.0372673,126.6898854,MASTER,2026041904
KR10025001,2026041905,968.375,0.05,1127066.6,14.51,75.0,1014.0,10.02,0.0,100.0,10000.0,0.34,185.0,36.0372673,126.6898854,MASTER,2026041905
KR10025001,2026041906,968.375,35.110000000000014,1127101.71,11.95,82.0,1013.0,8.98,0.0,0.0,10000.0,1.29,96.0,36.0372673,126.6898854,MASTER,2026041906
KR10025001,2026041907,968.375,133.92999999999998,1127235.64,12.44,81.0,1013.0,9.27,0.27,20.0,10000.0,0.75,175.0,36.0372673,126.6898854,MASTER,2026041907
KR10025001,2026041908,968.375,237.56000000000003,1127473.2,13.64,77.0,1013.0,9.69,1.04,36.0,10000.0,1.8,98.0,36.0372673,126.6898854,MASTER,2026041908
KR10025001,2026041909,968.375,441.19000000000005,1127914.39,15.86,69.0,1013.0,10.19,2.55,48.0,10000.0,2.61,68.0,36.0372673,126.6898854,MASTER,2026041909
KR10025001,2026041910,968.375,381.61,1128295.9999999998,18.56,60.0,1014.0,10.65,4.48,26.0,10000.0,1.55,82.0,36.0372673,126.6898854,MASTER,2026041910
KR10025001,2026041911,968.375,437.3200000000001,1128733.32,22.01,51.0,1014.0,10.5,6.32,41.0,10000.0,1.25,184.0,36.0372673,126.6898854,MASTER,2026041911
KR10025001,2026041912,968.375,759.3800000000001,1129492.7,23.49,52.0,1013.0,10.99,7.24,29.0,10000.0,2.43,208.0,36.0372673,126.6898854,MASTER,2026041912
KR10025001,2026041913,968.375,861.1400000000002,1130353.84,23.62,55.0,1013.0,11.61,6.79,30.0,10000.0,4.12,265.0,36.0372673,126.6898854,MASTER,2026041913
KR10025001,2026041914,968.375,858.55,1131212.39,22.98,60.0,1012.0,11.47,5.37,45.0,10000.0,5.71,286.0,36.0372673,126.6898854,MASTER,2026041914
KR10025001,2026041915,968.375,701.04,1131913.4300000002,22.49,59.0,1012.0,10.08,4.05,53.0,10000.0,6.1,305.0,36.0372673,126.6898854,MASTER,2026041915
KR10025001,2026041916,968.375,473.1,1132386.53,22.27,56.0,1011.0,9.46,2.55,14.0,10000.0,5.56,307.0,36.0372673,126.6898854,MASTER,2026041916
KR10025001,2026041917,968.375,231.73,1132618.26,21.62,59.0,1011.0,9.05,1.2,34.0,10000.0,5.61,299.0,36.0372673,126.6898854,MASTER,2026041917
KR10025001,2026041918,968.375,53.68999999999996,1132671.9499999995,17.95,55.0,1012.0,8.79,0.35,0.0,10000.0,3.37,286.0,36.0372673,126.6898854,MASTER,2026041918
KR10025001,2026041919,968.375,0.88,1132672.83,18.17,58.0,1012.0,9.78,0.0,20.0,10000.0,1.66,254.0,36.0372673,126.6898854,MASTER,2026041919
KR10025001,2026041920,968.375,0.0,1132672.83,17.29,61.0,1012.0,9.71,0.0,39.0,10000.0,2.2,256.0,36.0372673,126.6898854,MASTER,2026041920
KR10025001,2026041921,968.375,0.0,1132672.83,16.31,64.0,1013.0,9.5,0.0,55.0,10000.0,1.99,226.0,36.0372673,126.6898854,MASTER,2026041921
KR10025001,2026041922,968.375,0.0,1132672.83,14.95,69.0,1013.0,9.32,0.0,53.0,10000.0,1.93,278.0,36.0372673,126.6898854,MASTER,2026041922
KR10025001,2026041923,968.375,0.0,1132672.83,13.45,74.0,1013.0,8.5,0.0,35.0,10000.0,1.36,244.0,36.0372673,126.6898854,MASTER,2026041923
KR10025001,2026042000,968.375,0.0,1132672.83,13.05,78.0,1014.0,8.93,0.0,33.0,10000.0,2.98,275.0,36.0372673,126.6898854,MASTER,2026042000
KR10025001,2026042001,968.375,0.0,1132672.83,13.31,76.0,1013.0,9.08,0.0,51.0,10000.0,0.98,232.0,36.0372673,126.6898854,MASTER,2026042001
KR10025001,2026042002,968.375,0.0,1132672.83,13.27,76.0,1012.0,8.94,0.0,58.0,10000.0,1.23,299.0,36.0372673,126.6898854,MASTER,2026042002
KR10025001,2026042003,968.375,0.0,1132672.83,13.07,75.0,1012.0,8.59,0.0,59.0,10000.0,0.43,304.0,36.0372673,126.6898854,MASTER,2026042003
KR10025001,2026042004,968.375,0.0,1132672.83,13.93,71.0,1011.0,8.52,0.0,100.0,10000.0,0.98,310.0,36.0372673,126.6898854,MASTER,2026042004
KR10025001,2026042005,968.375,0.22,1132673.05,13.46,73.0,1012.0,8.72,0.0,100.0,10000.0,2.12,292.0,36.0372673,126.6898854,MASTER,2026042005
KR10025001,2026042006,968.375,47.43000000000001,1132720.48,13.95,82.0,1012.0,10.93,0.0,40.0,10000.0,1.2,204.0,36.0372673,126.6898854,MASTER,2026042006
KR10025001,2026042007,968.375,161.02,1132881.4999999998,13.83,80.0,1012.0,10.44,0.25,51.0,10000.0,1.63,210.0,36.0372673,126.6898854,MASTER,2026042007
KR10025001,2026042008,968.375,194.22,1133075.72,14.15,77.0,1012.0,10.18,0.36,61.0,10000.0,1.77,256.0,36.0372673,126.6898854,MASTER,2026042008
KR10025001,2026042009,968.375,198.02000000000004,1133273.74,14.52,74.0,1013.0,9.95,0.76,73.0,10000.0,4.14,284.0,36.0372673,126.6898854,MASTER,2026042009
KR10025001,2026042010,968.375,67.35000000000001,1133341.09,14.13,78.0,1013.0,10.36,3.18,88.0,10000.0,2.74,275.0,36.0372673,126.6898854,MASTER,2026042010
KR10025001,2026042011,968.375,122.70000000000005,1133463.79,15.56,82.0,1013.0,11.76,5.08,100.0,10000.0,4.31,277.0,36.0372673,126.6898854,MASTER,2026042011
KR10025001,2026042012,968.375,111.36,1133575.15,14.09,92.0,1013.0,11.75,3.81,100.0,10000.0,6.12,288.0,36.0372673,126.6898854,MASTER,2026042012
KR10025001,2026042013,968.375,94.16,1133669.3099999998,13.88,84.0,1013.0,9.02,2.68,100.0,10000.0,6.34,311.0,36.0372673,126.6898854,MASTER,2026042013
KR10025001,2026042014,968.375,124.48,1133793.79,13.9,72.0,1013.0,6.87,2.59,100.0,10000.0,8.54,316.0,36.0372673,126.6898854,MASTER,2026042014
KR10025001,2026042015,968.375,153.66000000000005,1133947.4500000002,13.04,71.0,1013.0,5.19,2.39,100.0,10000.0,8.89,319.0,36.0372673,126.6898854,MASTER,2026042015
KR10025001,2026042016,968.375,261.36,1134208.8100000003,12.99,66.0,1013.0,4.05,0.77,100.0,10000.0,7.86,315.0,36.0372673,126.6898854,MASTER,2026042016
KR10025001,2026042017,968.375,241.45,1134450.26,12.64,56.0,1014.0,0.94,1.06,100.0,10000.0,6.78,314.0,36.0372673,126.6898854,MASTER,2026042017
KR10025001,2026042018,968.375,62.56999999999999,1134512.83,10.95,66.0,1014.0,4.85,0.38,0.0,10000.0,7.23,320.0,36.0372673,126.6898854,MASTER,2026042018
KR10025001,2026042019,968.375,1.39,1134514.22,11.08,63.0,1014.0,4.31,0.0,16.0,10000.0,6.36,323.0,36.0372673,126.6898854,MASTER,2026042019
KR10025001,2026042020,968.375,0.0,1134514.22,10.65,61.0,1015.0,3.45,0.0,26.0,10000.0,5.72,325.0,36.0372673,126.6898854,MASTER,2026042020
KR10025001,2026042021,968.375,0.0,1134514.22,9.94,58.0,1016.0,2.07,0.0,32.0,10000.0,4.74,331.0,36.0372673,126.6898854,MASTER,2026042021
KR10025001,2026042022,968.375,0.0,1134514.22,8.9,58.0,1017.0,1.09,0.0,13.0,10000.0,3.14,329.0,36.0372673,126.6898854,MASTER,2026042022
KR10025001,2026042023,968.375,0.0,1134514.22,7.74,57.0,1018.0,-0.38,0.0,6.0,10000.0,2.24,324.0,36.0372673,126.6898854,MASTER,2026042023
KR10025001,2026042100,968.375,0.0,1134514.22,7.45,59.0,1018.0,-0.26,0.0,5.0,10000.0,0.83,333.0,126.6898854,36.0372673,MASTER,2026042100
KR10025001,2026042101,968.375,0.0,1134514.22,7.12,60.0,1019.0,-0.19,0.0,10.0,10000.0,1.01,270.0,126.6898854,36.0372673,MASTER,2026042101
KR10025001,2026042102,968.375,0.0,1134514.22,7.04,63.0,1019.0,0.29,0.0,11.0,10000.0,1.76,303.0,126.6898854,36.0372673,MASTER,2026042102
KR10025001,2026042103,968.375,0.0,1134514.22,6.91,65.0,1019.0,0.7,0.0,25.0,10000.0,1.6,333.0,126.6898854,36.0372673,MASTER,2026042103
KR10025001,2026042104,968.375,0.0,1134514.22,6.63,64.0,1019.0,0.39,0.0,100.0,10000.0,1.68,14.0,126.6898854,36.0372673,MASTER,2026042104
KR10025001,2026042105,968.375,0.28,1134514.5,6.42,63.0,1019.0,-0.34,0.0,100.0,10000.0,1.45,53.0,126.6898854,36.0372673,MASTER,2026042105
KR10025001,2026042106,968.375,37.34,1134551.84,3.95,87.0,1021.0,1.99,0.0,40.0,10000.0,1.81,87.0,126.6898854,36.0372673,MASTER,2026042106
KR10025001,2026042107,968.375,151.7,1134703.54,4.47,82.0,1021.0,1.67,0.3,38.0,10000.0,2.19,100.0,126.6898854,36.0372673,MASTER,2026042107
KR10025001,2026042108,968.375,355.03,1135058.57,5.79,74.0,1021.0,1.52,1.07,33.0,10000.0,2.65,98.0,126.6898854,36.0372673,MASTER,2026042108
KR10025001,2026042109,968.375,566.36,1135624.93,8.22,61.0,1020.0,1.15,2.52,28.0,10000.0,2.71,105.0,126.6898854,36.0372673,MASTER,2026042109
KR10025001,2026042110,968.375,715.46,1136340.39,11.68,47.0,1020.0,0.75,4.31,8.0,10000.0,1.86,110.0,126.6898854,36.0372673,MASTER,2026042110
KR10025001,2026042111,968.375,797.9,1137138.29,15.84,32.0,1020.0,-1.27,6.16,38.0,10000.0,0.46,186.0,126.6898854,36.0372673,MASTER,2026042111
KR10025001,2026042112,968.375,849.79,1137988.08,17.44,28.0,1019.0,-2.35,7.17,30.0,10000.0,1.91,260.0,126.6898854,36.0372673,MASTER,2026042112
KR10025001,2026042113,968.375,829.71,1138817.79,17.57,28.0,1018.0,-2.85,5.92,50.0,10000.0,3.57,270.0,126.6898854,36.0372673,MASTER,2026042113
KR10025001,2026042114,968.375,765.46,1139583.25,16.63,30.0,1018.0,-2.27,6.0,60.0,10000.0,4.67,270.0,126.6898854,36.0372673,MASTER,2026042114
KR10025001,2026042115,968.375,618.36,1140201.61,16.09,32.0,1018.0,-2.05,4.4,66.0,10000.0,4.69,274.0,126.6898854,36.0372673,MASTER,2026042115
KR10025001,2026042116,968.375,413.8,1140615.41,14.32,38.0,1018.0,-0.65,2.63,96.0,10000.0,4.84,279.0,126.6898854,36.0372673,MASTER,2026042116
KR10025001,2026042117,968.375,141.18,1140756.59,13.8,40.0,1018.0,-0.23,1.09,85.0,10000.0,3.27,286.0,126.6898854,36.0372673,MASTER,2026042117
KR10025001,2026042118,968.375,42.73,1140799.32,14.95,38.0,1018.0,0.77,0.33,20.0,10000.0,3.58,274.0,126.6898854,36.0372673,MASTER,2026042118
KR10025001,2026042119,968.375,0.37,1140799.69,14.23,42.0,1018.0,1.51,0.0,35.0,10000.0,2.82,270.0,126.6898854,36.0372673,MASTER,2026042119
KR10025001,2026042120,968.375,0.0,1140799.69,13.3,48.0,1018.0,2.53,0.0,50.0,10000.0,2.01,285.0,126.6898854,36.0372673,MASTER,2026042120
KR10025001,2026042121,968.375,0.0,0.0,12.45,53.0,1019.0,3.14,0.0,66.0,10000.0,1.36,283.0,126.6898854,36.0372673,MASTER,2026042121
KR10025001,2026042122,968.375,0.0,0.0,11.76,57.0,1019.0,3.53,0.0,84.0,10000.0,1.39,246.0,126.6898854,36.0372673,MASTER,2026042122
KR10025001,2026042123,968.375,0.0,0.0,10.78,62.0,1019.0,3.67,0.0,100.0,10000.0,0.68,269.0,126.6898854,36.0372673,MASTER,2026042123
KR10025001,2026042200,968.375,0.0,1140799.69,10.79,61.0,1018.0,3.43,0.0,100.0,10000.0,0.4,319.0,126.6898854,36.0372673,MASTER,2026042200
KR10025001,2026042201,968.375,0.0,1140799.69,10.74,60.0,1018.0,3.28,0.0,100.0,10000.0,0.11,165.0,126.6898854,36.0372673,MASTER,2026042201
KR10025001,2026042202,968.375,0.0,1140799.69,10.68,58.0,1017.0,2.72,0.0,100.0,10000.0,1.07,38.0,126.6898854,36.0372673,MASTER,2026042202
KR10025001,2026042203,968.375,0.0,1140799.69,10.74,56.0,1016.0,2.24,0.0,100.0,10000.0,2.16,51.0,126.6898854,36.0372673,MASTER,2026042203
KR10025001,2026042204,968.375,0.0,1140799.69,10.77,55.0,1016.0,1.85,0.0,100.0,10000.0,2.29,46.0,126.6898854,36.0372673,MASTER,2026042204
KR10025001,2026042205,968.375,0.0,1140799.69,10.72,53.0,1016.0,1.55,0.0,100.0,10000.0,1.78,95.0,126.6898854,36.0372673,MASTER,2026042205
KR10025001,2026042206,968.375,7.41,1140807.1,9.95,71.0,1016.0,4.94,0.0,75.0,10000.0,1.91,47.0,126.6898854,36.0372673,MASTER,2026042206
KR10025001,2026042207,968.375,28.19,1140835.29,10.33,66.0,1016.0,4.26,0.19,80.0,10000.0,2.04,157.0,126.6898854,36.0372673,MASTER,2026042207
KR10025001,2026042208,968.375,77.42,1140912.71,10.96,61.0,1016.0,3.74,0.78,85.0,10000.0,1.19,220.0,126.6898854,36.0372673,MASTER,2026042208
KR10025001,2026042209,968.375,167.44,1141080.15,11.86,54.0,1017.0,2.86,2.03,90.0,10000.0,2.3,320.0,126.6898854,36.0372673,MASTER,2026042209
KR10025001,2026042210,968.375,231.87,1141312.02,12.67,48.0,1017.0,1.95,2.25,95.0,10000.0,0.6,336.0,126.6898854,36.0372673,MASTER,2026042210
KR10025001,2026042211,968.375,254.66,1141566.68,14.32,40.0,1017.0,0.74,2.92,100.0,10000.0,1.08,315.0,126.6898854,36.0372673,MASTER,2026042211
KR10025001,2026042212,968.375,226.46,1141793.14,15.16,39.0,1016.0,0.95,4.38,100.0,10000.0,1.86,207.0,126.6898854,36.0372673,MASTER,2026042212
KR10025001,2026042213,968.375,468.15,1142261.29,15.31,40.0,1016.0,1.29,5.36,100.0,10000.0,2.23,241.0,126.6898854,36.0372673,MASTER,2026042213
KR10025001,2026042214,968.375,552.85,1142814.14,15.86,40.0,1015.0,1.91,5.95,100.0,10000.0,1.5,289.0,126.6898854,36.0372673,MASTER,2026042214
KR10025001,2026042215,968.375,386.6,1143200.74,16.04,41.0,1014.0,2.37,4.47,100.0,10000.0,3.12,312.0,126.6898854,36.0372673,MASTER,2026042215
KR10025001,2026042216,968.375,390.59,1143591.33,15.95,42.0,1013.0,2.37,2.65,100.0,10000.0,2.87,308.0,126.6898854,36.0372673,MASTER,2026042216
KR10025001,2026042217,968.375,220.05,1143811.38,16.04,41.0,1013.0,2.26,1.27,100.0,10000.0,2.73,323.0,126.6898854,36.0372673,MASTER,2026042217
KR10025001,2026042218,968.375,53.62,1143865.0,15.95,44.0,1012.0,3.72,0.35,40.0,10000.0,4.63,315.0,126.6898854,36.0372673,MASTER,2026042218
KR10025001,2026042219,968.375,0.96,1143865.96,15.5,45.0,1012.0,3.63,0.0,52.0,10000.0,4.27,333.0,126.6898854,36.0372673,MASTER,2026042219
KR10025001,2026042220,968.375,0.0,1143865.96,14.89,43.0,1012.0,2.44,0.0,64.0,10000.0,4.11,341.0,126.6898854,36.0372673,MASTER,2026042220
KR10025001,2026042221,968.375,0.0,0.0,14.11,44.0,1012.0,2.05,0.0,75.0,10000.0,3.93,3.0,126.6898854,36.0372673,MASTER,2026042221
KR10025001,2026042222,968.375,0.0,0.0,13.02,43.0,1012.0,0.74,0.0,88.0,10000.0,3.79,9.0,126.6898854,36.0372673,MASTER,2026042222
KR10025001,2026042223,968.375,0.0,0.0,11.33,44.0,1012.0,-0.46,0.0,100.0,10000.0,2.91,16.0,126.6898854,36.0372673,MASTER,2026042223
KR10025001,2026042300,968.375,0.0,1143865.96,10.91,46.0,1012.0,-0.37,0.0,98.0,10000.0,3.25,22.0,126.6898854,36.0372673,MASTER,2026042300
KR10025001,2026042301,968.375,0.0,1143865.96,10.94,49.0,1012.0,0.48,0.0,98.0,10000.0,3.01,13.0,126.6898854,36.0372673,MASTER,2026042301
KR10025001,2026042302,968.375,0.0,1143865.96,10.75,56.0,1011.0,2.1,0.0,99.0,10000.0,2.94,17.0,126.6898854,36.0372673,MASTER,2026042302
KR10025001,2026042303,968.375,0.0,1143865.96,10.47,61.0,1011.0,3.12,0.0,99.0,10000.0,2.43,20.0,126.6898854,36.0372673,MASTER,2026042303
KR10025001,2026042304,968.375,0.0,1143865.96,10.39,64.0,1010.0,3.8,0.0,100.0,10000.0,2.58,31.0,126.6898854,36.0372673,MASTER,2026042304
KR10025001,2026042305,968.375,0.16,1143866.12,10.07,67.0,1010.0,4.05,0.0,100.0,10000.0,2.66,31.0,126.6898854,36.0372673,MASTER,2026042305
KR10025001,2026042306,968.375,39.47,1143905.59,11.95,54.0,1010.0,2.94,0.0,0.0,10000.0,2.7,23.0,126.6898854,36.0372673,MASTER,2026042306
KR10025001,2026042307,968.375,163.15,1144068.74,11.73,57.0,1010.0,3.5,0.29,20.0,10000.0,3.23,28.0,126.6898854,36.0372673,MASTER,2026042307
KR10025001,2026042308,968.375,314.45,1144383.19,12.28,56.0,1010.0,3.77,0.96,40.0,10000.0,3.02,24.0,126.6898854,36.0372673,MASTER,2026042308
KR10025001,2026042309,968.375,512.01,1144895.2,13.53,52.0,1010.0,3.87,1.9,60.0,10000.0,4.89,38.0,126.6898854,36.0372673,MASTER,2026042309
KR10025001,2026042310,968.375,589.36,1145484.56,15.16,48.0,1010.0,4.24,2.95,80.0,10000.0,5.08,46.0,126.6898854,36.0372673,MASTER,2026042310
KR10025001,2026042311,968.375,654.44,1146139.0,17.27,43.0,1010.0,4.36,5.44,100.0,10000.0,5.75,56.0,126.6898854,36.0372673,MASTER,2026042311
KR10025001,2026042312,968.375,726.71,1146865.71,19.58,37.0,1009.0,4.09,6.59,100.0,10000.0,5.03,64.0,126.6898854,36.0372673,MASTER,2026042312
KR10025001,2026042313,968.375,794.2,1147659.91,20.55,35.0,1009.0,3.82,6.79,100.0,10000.0,4.66,58.0,126.6898854,36.0372673,MASTER,2026042313
KR10025001,2026042314,968.375,524.02,1148183.93,21.11,35.0,1009.0,4.5,5.99,100.0,10000.0,5.24,65.0,126.6898854,36.0372673,MASTER,2026042314
KR10025001,2026042315,968.375,445.08,1148629.01,21.11,37.0,1009.0,4.62,3.72,100.0,10000.0,5.58,65.0,126.6898854,36.0372673,MASTER,2026042315
KR10025001,2026042316,968.375,286.23,1148915.24,21.06,33.0,1009.0,3.14,2.34,100.0,10000.0,5.48,64.0,126.6898854,36.0372673,MASTER,2026042316
KR10025001,2026042317,968.375,124.47,1149039.71,20.7,36.0,1010.0,4.33,0.92,100.0,10000.0,5.33,79.0,126.6898854,36.0372673,MASTER,2026042317
KR10025001,2026042318,968.375,33.51,1149073.22,20.95,35.0,1010.0,4.93,0.27,20.0,10000.0,6.35,88.0,126.6898854,36.0372673,MASTER,2026042318
KR10025001,2026042319,968.375,0.92,1149074.14,20.17,37.0,1010.0,5.03,0.0,36.0,10000.0,6.51,80.0,126.6898854,36.0372673,MASTER,2026042319
KR10025001,2026042320,968.375,0.0,1149074.14,18.76,38.0,1011.0,4.16,0.0,52.0,10000.0,6.28,69.0,126.6898854,36.0372673,MASTER,2026042320
KR10025001,2026042321,968.375,0.0,0.0,16.84,39.0,1012.0,2.82,0.0,68.0,10000.0,6.43,63.0,126.6898854,36.0372673,MASTER,2026042321
KR10025001,2026042322,968.375,0.0,0.0,14.97,38.0,1012.0,0.78,0.0,84.0,10000.0,6.11,55.0,126.6898854,36.0372673,MASTER,2026042322
KR10025001,2026042323,968.375,0.0,0.0,12.74,40.0,1014.0,-0.63,0.0,100.0,10000.0,5.3,52.0,126.6898854,36.0372673,MASTER,2026042323
KR10025001,2026042400,968.375,0.0,1149074.14,11.83,41.0,1014.0,-0.98,0.0,100.0,10000.0,4.62,52.0,126.6898854,36.0372673,MASTER,2026042400
KR10025001,2026042401,968.375,0.0,1149074.14,11.41,42.0,1014.0,-1.06,0.0,100.0,10000.0,4.17,48.0,126.6898854,36.0372673,MASTER,2026042401
KR10025001,2026042402,968.375,0.0,1149074.14,10.77,44.0,1014.0,-1.08,0.0,100.0,10000.0,3.78,51.0,126.6898854,36.0372673,MASTER,2026042402
KR10025001,2026042403,968.375,0.0,1149074.14,10.19,45.0,1014.0,-1.22,0.0,100.0,10000.0,3.3,57.0,126.6898854,36.0372673,MASTER,2026042403
KR10025001,2026042404,968.375,0.0,1149074.14,9.69,47.0,1014.0,-1.07,0.0,97.0,10000.0,3.24,60.0,126.6898854,36.0372673,MASTER,2026042404
KR10025001,2026042405,968.375,0.61,1149074.75,9.27,49.0,1014.0,-1.0,0.0,99.0,10000.0,3.34,56.0,126.6898854,36.0372673,MASTER,2026042405
KR10025001,2026042406,968.375,35.63,1149110.38,9.95,53.0,1015.0,0.82,0.0,0.0,10000.0,3.17,52.0,126.6898854,36.0372673,MASTER,2026042406
KR10025001,2026042407,968.375,169.45,1149279.83,10.0,51.0,1015.0,0.34,0.3,17.0,10000.0,2.97,58.0,126.6898854,36.0372673,MASTER,2026042407
KR10025001,2026042408,968.375,388.13,1149667.96,10.95,48.0,1015.0,0.38,1.03,34.0,10000.0,2.85,64.0,126.6898854,36.0372673,MASTER,2026042408
KR10025001,2026042409,968.375,599.04,1150267.0,12.97,44.0,1016.0,1.02,2.37,46.0,10000.0,2.83,64.0,126.6898854,36.0372673,MASTER,2026042409
KR10025001,2026042410,968.375,746.83,1151013.83,15.78,36.0,1017.0,0.76,4.04,5.0,10000.0,2.44,60.0,126.6898854,36.0372673,MASTER,2026042410
KR10025001,2026042411,968.375,818.25,1151832.08,19.27,28.0,1016.0,-1.03,5.8,23.0,10000.0,2.07,60.0,126.6898854,36.0372673,MASTER,2026042411
KR10025001,2026042412,968.375,853.4,1152685.48,20.92,24.0,1016.0,-1.96,6.71,49.0,10000.0,1.09,99.0,126.6898854,36.0372673,MASTER,2026042412
KR10025001,2026042413,968.375,876.69,1153562.17,21.79,25.0,1016.0,-1.48,6.74,61.0,10000.0,1.1,218.0,126.6898854,36.0372673,MASTER,2026042413
KR10025001,2026042414,968.375,820.04,1154382.21,22.02,31.0,1016.0,0.8,5.89,69.0,10000.0,3.44,251.0,126.6898854,36.0372673,MASTER,2026042414
KR10025001,2026042415,968.375,582.44,1154964.65,20.36,38.0,1016.0,2.44,4.46,74.0,10000.0,5.12,263.0,126.6898854,36.0372673,MASTER,2026042415
KR10025001,2026042416,968.375,378.1,1155342.75,19.98,45.0,1016.0,3.44,2.68,100.0,10000.0,5.16,275.0,126.6898854,36.0372673,MASTER,2026042416
KR10025001,2026042417,968.375,285.13,1155627.88,18.29,50.0,1016.0,4.6,1.24,100.0,10000.0,4.22,285.0,126.6898854,36.0372673,MASTER,2026042417
KR10025001,2026042418,968.375,73.06,1155700.94,17.95,48.0,1016.0,6.79,0.38,40.0,10000.0,4.1,286.0,126.6898854,36.0372673,MASTER,2026042418
KR10025001,2026042419,968.375,2.63,1155703.57,17.87,49.0,1016.0,7.02,0.0,51.0,10000.0,3.79,284.0,126.6898854,36.0372673,MASTER,2026042419
KR10025001,2026042420,968.375,0.0,1155703.57,16.84,51.0,1016.0,6.65,0.0,56.0,10000.0,2.87,282.0,126.6898854,36.0372673,MASTER,2026042420
KR10025001,2026042421,968.375,0.0,0.0,15.35,54.0,1017.0,6.1,0.0,57.0,10000.0,2.33,257.0,126.6898854,36.0372673,MASTER,2026042421
KR10025001,2026042422,968.375,0.0,0.0,13.7,60.0,1018.0,6.08,0.0,8.0,10000.0,2.55,266.0,126.6898854,36.0372673,MASTER,2026042422
KR10025001,2026042423,968.375,0.0,0.0,11.37,66.0,1019.0,5.16,0.0,0.0,10000.0,1.47,268.0,126.6898854,36.0372673,MASTER,2026042423
KR10025001,2026042500,968.375,0.0,1155703.57,11.15,67.0,1019.0,5.08,0.0,0.0,10000.0,1.19,241.0,126.6898854,36.0372673,MASTER,2026042500
KR10025001,2026042501,968.375,0.0,1155703.57,10.92,69.0,1020.0,5.19,0.0,0.0,10000.0,1.56,219.0,126.6898854,36.0372673,MASTER,2026042501
KR10025001,2026042502,968.375,0.0,1155703.57,10.67,70.0,1020.0,5.24,0.0,0.0,10000.0,1.41,237.0,126.6898854,36.0372673,MASTER,2026042502
KR10025001,2026042503,968.375,0.0,1155703.57,10.46,71.0,1020.0,5.29,0.0,0.0,10000.0,1.51,210.0,126.6898854,36.0372673,MASTER,2026042503
KR10025001,2026042504,968.375,0.0,1155703.57,10.24,72.0,1020.0,5.22,0.0,0.0,10000.0,0.64,185.0,126.6898854,36.0372673,MASTER,2026042504
KR10025001,2026042505,968.375,0.91,1155704.48,9.99,71.0,1020.0,4.89,0.0,0.0,10000.0,0.75,79.0,126.6898854,36.0372673,MASTER,2026042505
KR10025001,2026042506,968.375,36.21,1155740.69,7.95,87.0,1020.0,5.92,0.0,0.0,10000.0,1.8,71.0,126.6898854,36.0372673,MASTER,2026042506
KR10025001,2026042507,968.375,160.42,1155901.11,8.68,81.0,1020.0,5.61,0.31,0.0,10000.0,1.94,85.0,126.6898854,36.0372673,MASTER,2026042507
KR10025001,2026042508,968.375,383.9,1156285.01,10.27,72.0,1020.0,5.45,1.04,0.0,10000.0,2.29,62.0,126.6898854,36.0372673,MASTER,2026042508
KR10025001,2026042509,968.375,572.42,1156857.43,12.94,61.0,1020.0,5.61,2.4,0.0,10000.0,2.63,53.0,126.6898854,36.0372673,MASTER,2026042509
KR10025001,2026042510,968.375,709.76,1157567.19,16.31,48.0,1020.0,5.29,4.09,1.0,10000.0,2.41,53.0,126.6898854,36.0372673,MASTER,2026042510
KR10025001,2026042511,968.375,792.9,1158360.09,20.45,35.0,1020.0,3.61,5.68,2.0,10000.0,1.21,95.0,126.6898854,36.0372673,MASTER,2026042511
KR10025001,2026042512,968.375,823.19,1159183.28,22.17,32.0,1019.0,3.2,6.68,1.0,10000.0,0.93,228.0,126.6898854,36.0372673,MASTER,2026042512
KR10025001,2026042513,968.375,822.48,1160005.76,22.76,33.0,1019.0,3.58,6.7,1.0,10000.0,2.83,266.0,126.6898854,36.0372673,MASTER,2026042513
KR10025001,2026042514,968.375,759.11,1160764.87,22.53,37.0,1018.0,4.41,5.79,1.0,10000.0,3.76,281.0,126.6898854,36.0372673,MASTER,2026042514
KR10025001,2026042515,968.375,640.28,1161405.15,22.08,39.0,1018.0,4.89,4.23,8.0,10000.0,4.29,287.0,126.6898854,36.0372673,MASTER,2026042515
KR10025001,2026042516,968.375,465.01,1161870.16,20.97,39.0,1017.0,4.48,2.52,70.0,10000.0,4.81,300.0,126.6898854,36.0372673,MASTER,2026042516
KR10025001,2026042517,968.375,240.98,1162111.14,20.52,40.0,1017.0,4.19,1.15,60.0,10000.0,4.87,305.0,126.6898854,36.0372673,MASTER,2026042517
KR10025001,2026042518,968.375,65.12,1162176.26,21.95,17.0,1016.0,-3.71,0.35,0.0,10000.0,4.94,305.0,126.6898854,36.0372673,MASTER,2026042518
KR10025001,2026042519,968.375,1.88,1162178.14,21.31,24.0,1016.0,-0.05,0.0,9.0,10000.0,3.74,307.0,126.6898854,36.0372673,MASTER,2026042519
KR10025001,2026042520,968.375,0.0,1162178.14,19.48,31.0,1016.0,1.92,0.0,15.0,10000.0,1.88,287.0,126.6898854,36.0372673,MASTER,2026042520
KR10025001,2026042521,968.375,0.0,0.0,17.56,37.0,1017.0,2.72,0.0,19.0,10000.0,1.67,295.0,126.6898854,36.0372673,MASTER,2026042521
KR10025001,2026042522,968.375,0.0,0.0,16.01,42.0,1017.0,3.12,0.0,0.0,10000.0,2.22,311.0,126.6898854,36.0372673,MASTER,2026042522
KR10025001,2026042523,968.375,0.0,0.0,13.65,51.0,1017.0,3.43,0.0,0.0,10000.0,1.5,347.0,126.6898854,36.0372673,MASTER,2026042523
KR10025001,2026042600,968.375,0.0,1162178.14,13.34,52.0,1017.0,3.56,0.0,0.0,10000.0,1.05,28.0,126.6898854,36.0372673,20260426,2026042600
KR10025001,2026042601,968.375,0.0,1162178.14,12.9,55.0,1016.0,3.99,0.0,0.0,10000.0,0.88,101.0,126.6898854,36.0372673,20260426,2026042601
KR10025001,2026042602,968.375,0.0,1162178.14,12.35,59.0,1016.0,4.46,0.0,0.0,10000.0,0.99,127.0,126.6898854,36.0372673,20260426,2026042602
KR10025001,2026042603,968.375,0.0,1162178.14,11.89,62.0,1016.0,4.7,0.0,0.0,10000.0,0.85,100.0,126.6898854,36.0372673,20260426,2026042603
KR10025001,2026042604,968.375,0.0,1162178.14,11.67,62.0,1015.0,4.6,0.0,0.0,10000.0,1.26,100.0,126.6898854,36.0372673,20260426,2026042604
KR10025001,2026042605,968.375,0.88,1162179.02,11.41,62.0,1015.0,4.4,0.0,0.0,10000.0,1.55,89.0,126.6898854,36.0372673,20260426,2026042605
KR10025001,2026042606,968.375,40.93,1162219.95,8.95,87.0,1015.0,6.91,0.0,0.0,10000.0,1.76,127.0,126.6898854,36.0372673,20260426,2026042606
KR10025001,2026042607,968.375,157.66,1162377.61,9.63,82.0,1015.0,6.71,0.29,0.0,10000.0,1.44,122.0,126.6898854,36.0372673,20260426,2026042607
KR10025001,2026042608,968.375,357.75,1162735.36,11.08,74.0,1015.0,6.63,0.98,0.0,10000.0,0.49,126.0,126.6898854,36.0372673,20260426,2026042608
KR10025001,2026042609,968.375,554.68,1163290.04,13.31,64.0,1015.0,6.65,2.26,0.0,10000.0,0.65,236.0,126.6898854,36.0372673,20260426,2026042609
KR10025001,2026042610,968.375,691.65,1163981.69,16.41,52.0,1015.0,6.54,3.82,0.0,10000.0,0.99,203.0,126.6898854,36.0372673,20260426,2026042610
KR10025001,2026042611,968.375,790.21,1164771.9,19.7,40.0,1014.0,4.44,5.27,0.0,10000.0,2.63,229.0,126.6898854,36.0372673,20260426,2026042611
KR10025001,2026042612,968.375,810.34,1165582.24,20.22,42.0,1014.0,4.77,6.16,0.0,10000.0,4.82,262.0,126.6898854,36.0372673,20260426,2026042612
KR10025001,2026042613,968.375,830.19,1166412.43,20.4,45.0,1014.0,5.18,6.03,5.0,10000.0,4.65,275.0,126.6898854,36.0372673,20260426,2026042613
KR10025001,2026042614,968.375,767.17,1167179.6,21.45,45.0,1013.0,5.51,5.36,9.0,10000.0,4.28,276.0,126.6898854,36.0372673,20260426,2026042614
KR10025001,2026042615,968.375,652.38,1167831.98,21.64,44.0,1013.0,5.09,4.01,8.0,10000.0,4.84,278.0,126.6898854,36.0372673,20260426,2026042615
KR10025001,2026042616,968.375,479.21,1168311.19,21.06,41.0,1012.0,3.67,2.49,0.0,10000.0,4.64,292.0,126.6898854,36.0372673,20260426,2026042616
KR10025001,2026042617,968.375,248.41,1168559.6,20.53,43.0,1012.0,3.64,1.17,0.0,10000.0,5.78,297.0,126.6898854,36.0372673,20260426,2026042617
KR10025001,2026042618,968.375,65.83,1168625.43,18.95,24.0,1012.0,-1.81,0.36,20.0,10000.0,5.01,306.0,126.6898854,36.0372673,20260426,2026042618
KR10025001,2026042619,968.375,1.17,1168626.6,18.83,30.0,1012.0,0.9,0.0,19.0,10000.0,3.87,303.0,126.6898854,36.0372673,20260426,2026042619
KR10025001,2026042620,968.375,0.0,1168626.6,17.56,36.0,1012.0,2.33,0.0,18.0,10000.0,2.59,307.0,126.6898854,36.0372673,20260426,2026042620
KR10025001,2026042621,968.375,0.0,0.0,16.23,41.0,1012.0,2.97,0.0,26.0,10000.0,1.73,304.0,126.6898854,36.0372673,20260426,2026042621
KR10025001,2026042622,968.375,0.0,0.0,14.67,48.0,1013.0,3.79,0.0,84.0,10000.0,1.4,302.0,126.6898854,36.0372673,20260426,2026042622
KR10025001,2026042623,968.375,0.0,0.0,13.07,56.0,1013.0,4.21,0.0,100.0,10000.0,1.63,323.0,126.6898854,36.0372673,20260426,2026042623
