dust_coverage_ratio,snow_coverage_ratio,bird_dropping_count,physical_damage_count,max_defect_confidence,image,cls_normal,cls_dust,cls_snow,cls_bird,cls_damage
0.0,0.0,2.207460095597213,-0.0690649787986557,0.898347350759212,1-10-_jpg.rf.4c2db0f05c823f19f26f91dfde6e0130.jpg,0,0,0,0,1
0.0,0.01161040509426483,-0.13134599417181114,2.435945140832185,0.9048765453984449,1-100-_jpg.rf.05ad637368518c4accfbcd09c0645f6e.jpg,0,0,0,0,1
0.0,0.011614369742865938,-0.13134599417181114,2.435945140832185,0.9063727143626471,1-100-_jpg.rf.249cfc5a3a5ced7f330bd1965ae8792e.jpg,0,0,0,0,1
0.0,0.011598223898695486,-0.13134599417181114,2.435945140832185,0.905062503473613,1-100-_jpg.rf.efb7fea4ca4d08c2f2fac9ce69ee9dc6.jpg,0,0,0,0,1
0.0,0.00762501663814853,-0.13134599417181114,-0.0690649787986557,0.8718743472003158,1-102-_jpg.rf.5b090b64fbfcd73e26307016037cf9bd.jpg,0,0,1,0,0
0.0,0.9841115785564413,-0.13134599417181114,2.185444128869101,0.9617685768823149,1-103-_jpg.rf.f518cfb17ef3ed627589e30b192e0c49.jpg,0,0,0,0,1
0.0,0.12992218596874017,-0.13134599417181114,0.4319370451275124,0.9238646915144185,1-105-_jpg.rf.bb787dad064e614fd9f66b24704e9eec.jpg,0,0,0,0,1
0.0,0.07645251871058234,-0.13134599417181114,0.4319370451275124,0.9709098686063959,1-105-_jpg.rf.d3fd58fcfe2b4a97f177fe77c51f937a.jpg,0,0,0,0,1
0.0,0.03337564904166259,-0.13134599417181114,-0.0690649787986557,0.8805198106138281,1-107-_jpg.rf.2072681337b74cfd3a367d5c03b272fe.jpg,0,0,0,0,1
0.0,0.03879070074812389,-0.13134599417181114,-0.0690649787986557,0.8827547212389635,1-107-_jpg.rf.41b8c59401430cdb96a661ee59371dcc.jpg,0,0,0,0,1
0.0,0.005817898237605042,-0.13134599417181114,0.18143603316442836,0.9088279598536578,1-108-_jpg.rf.2557c45b69b424b3c6fa1be39bdda5c6.jpg,0,0,0,0,1
0.0,0.005737896315974062,-0.13134599417181114,0.18143603316442836,0.9079754873119696,1-108-_jpg.rf.6ab3074c21a4a8ac6d4ffb8b094d072b.jpg,0,0,0,0,1
0.0,0.009478789354933568,-0.13134599417181114,0.18143603316442836,0.9416665987914701,1-109-_jpg.rf.0a13a1f090dc6fde68c705a3af560cd1.jpg,0,0,0,0,1
0.0,0.009534467818246895,-0.13134599417181114,0.18143603316442836,0.9441239404282556,1-109-_jpg.rf.8530755b0d9e89c4ce7f26f883672eb6.jpg,0,0,0,0,1
0.0,0.009478458410443705,-0.13134599417181114,0.18143603316442836,0.9416660597825566,1-109-_jpg.rf.8f1b70099b021376c55c45cbd762e028.jpg,0,0,0,0,1
0.0,0.009545356599268792,-0.13134599417181114,0.18143603316442836,0.9382744360289847,1-109-_jpg.rf.a8c528188031028aed89e108e77f5d95.jpg,0,0,0,0,1
0.0,0.09595003745058571,-0.13134599417181114,-0.0690649787986557,0.9717951009120509,1-111-_jpg.rf.1078098daf746fb2c58f321ba6846155.jpg,0,0,0,0,1
0.0,0.09610941470809531,-0.13134599417181114,-0.0690649787986557,0.9727142907792583,1-111-_jpg.rf.9a2556ade5401361ff06cd74b7c4dc70.jpg,0,0,0,0,1
0.0,0.036856639875917856,-0.13134599417181114,0.18143603316442836,0.9436208055524146,1-112-_jpg.rf.7e3d7497138f32aca4f559f8547e9511.jpg,0,0,1,0,0
0.0,0.037535366292518274,-0.13134599417181114,0.18143603316442836,0.9367197546527248,1-112-_jpg.rf.8f429e67cb2995a09fe2962eebf12c4f.jpg,0,0,1,0,0
0.0,0.037566342516840795,-0.13134599417181114,-0.0690649787986557,0.855357017943966,1-113-_jpg.rf.3d1cc7a8fa1a826149c50aea0c55faf4.jpg,0,0,1,0,0
0.0,0.2184479926769157,-0.13134599417181114,-0.0690649787986557,0.8560773734119599,1-114-_jpg.rf.82d2dc7c1619dae107e03e828a15d4c7.jpg,0,0,1,0,0
0.0,0.18162110309127927,-0.13134599417181114,-0.0690649787986557,0.8535585248691525,1-114-_jpg.rf.903b814a4e1a770d8c0e8aa0ea5e4abb.jpg,0,0,0,0,1
0.0,0.2160149031817354,-0.13134599417181114,-0.0690649787986557,0.8597352076789365,1-114-_jpg.rf.e7bbf1742dbbc2e608bb57293d03f6df.jpg,0,0,1,0,0
0.0,0.09308019857635112,-0.13134599417181114,0.4319370451275124,0.9262380076505726,1-117-_jpg.rf.0285cca09bc29e50fa2f76530d0015e8.jpg,0,0,0,0,1
0.0,0.09308357484299995,-0.13134599417181114,0.4319370451275124,0.9262308807549382,1-117-_jpg.rf.234494c63df7c79d364a072407357d12.jpg,0,0,0,0,1
0.0,0.09353305714688423,-0.13134599417181114,0.4319370451275124,0.9197768479142031,1-117-_jpg.rf.6e1b9cc910f58913347c26ebb50d2fc2.jpg,0,0,0,0,1
0.0,0.16175865426962519,-0.13134599417181114,-0.0690649787986557,0.9449754547318754,1-118-_jpg.rf.a49167c8fc665d52571e1cc186b6894a.jpg,0,0,0,0,1
0.0,0.16854667357724654,-0.13134599417181114,-0.0690649787986557,0.9457468363770168,1-118-_jpg.rf.ce80d0ac1945323030c58757b9b7c80e.jpg,0,0,0,0,1
0.0,0.16600584986219225,-0.13134599417181114,-0.0690649787986557,0.9592336179619809,1-118-_jpg.rf.f7fa1b8d5a1447c3eba68f395f01dc61.jpg,0,0,0,0,1
0.0,0.0894198424518235,-0.13134599417181114,-0.0690649787986557,0.9213135623266786,1-120-_jpg.rf.42a01504ccd7baac30e7c1b9e1a89056.jpg,0,0,0,0,1
0.0,0.09080423406722817,-0.13134599417181114,-0.0690649787986557,0.9203793400997717,1-120-_jpg.rf.766a9eb05b61c6eaa42af58a217fca85.jpg,0,0,0,0,1
0.0,0.014824029541980767,-0.13134599417181114,1.4339410929798488,0.9436046352850087,1-121-_jpg.rf.3e9a3c05f5d2a14f1516bb1d86ba07f7.jpg,0,0,0,0,1
0.0,0.011156596144099255,-0.13134599417181114,1.4339410929798488,0.9413256457087223,1-121-_jpg.rf.ee3d905ada88766ec4102585d46641b6.jpg,0,0,0,0,1
0.0,0.011549852474424468,-0.13134599417181114,-0.0690649787986557,0.8421704643238385,1-122-_jpg.rf.284a60a224e40d922a3b118575949002.jpg,0,0,1,0,0
0.0,0.06091445055923582,-0.13134599417181114,-0.0690649787986557,0.9408689853792035,1-123-_jpg.rf.19cb4c4facd96cd224735aa1e0caf11a.jpg,0,0,0,0,1
0.0,0.06030187699284843,-0.13134599417181114,-0.0690649787986557,0.9380703313203945,1-123-_jpg.rf.64de6a4882d8fda589d34d9d6eacc223.jpg,0,0,0,0,1
0.0,0.04890363066076676,-0.13134599417181114,0.18143603316442836,0.8968916673534039,1-124-_jpg.rf.0dc0d76658b3c182cd667275faab776f.jpg,0,0,0,0,1
0.0,0.04934837650001735,-0.13134599417181114,0.18143603316442836,0.8917644947881431,1-124-_jpg.rf.11bd5470e478e79c0622dcce96b74f99.jpg,0,0,0,0,1
0.0,0.049443084077173335,-0.13134599417181114,0.18143603316442836,0.8937872754608646,1-124-_jpg.rf.5a762ec7c5a4863f4ef65a6df6a5a330.jpg,0,0,0,0,1
0.0,0.02027816659772004,-0.13134599417181114,-0.0690649787986557,0.8595807516802704,1-125-_jpg.rf.20b5ad7920b1ae548ad0458a0533e69d.jpg,0,0,0,0,1
0.0,0.020321454954428136,-0.13134599417181114,-0.0690649787986557,0.8578684401417426,1-125-_jpg.rf.7d84f4f59caf40989bcdc393533e62ab.jpg,0,0,0,0,1
0.0,0.020045904663997013,-0.13134599417181114,-0.0690649787986557,0.8608048409228982,1-125-_jpg.rf.9c5a40f87c601b5f880addb1a38a9c8b.jpg,0,0,0,0,1
0.0,0.0,-0.13134599417181114,-0.31956599076173975,0.0,1-127-_jpg.rf.039e35b98445f10436f2fb07f00401f9.jpg,0,0,0,0,0
0.08540496746607189,0.0,-0.13134599417181114,2.686446152795269,0.9539854079506929,1-13-_jpg.rf.57d0ab7f6ddc93c6ba1b0a2919e7e822.jpg,0,0,0,0,1
0.08310096973732349,0.0,-0.13134599417181114,2.435945140832185,0.9588458908835146,1-13-_jpg.rf.88e52625360afde71225590aff7a5957.jpg,0,0,0,0,1
0.058944095862510905,0.0,-0.13134599417181114,-0.31956599076173975,0.7824043175332652,1-15-_jpg.rf.9fc1a33fdfbf013b38cdb306f29f5c98.jpg,0,1,0,0,0
0.15864378210329402,0.0,-0.13134599417181114,1.934943116906017,0.9209942893802308,1-17-_jpg.rf.750b3bb4a111a59d047fecc93769838e.jpg,0,0,0,0,1
0.15800974722575664,0.0,-0.13134599417181114,1.934943116906017,0.9184657985668591,1-17-_jpg.rf.7f6e06acd2d0a30c2ec569989637dbb0.jpg,0,0,0,0,1
0.15804613581416752,0.0,-0.13134599417181114,1.934943116906017,0.9211077208115892,1-17-_jpg.rf.bc9e080342dc5abe1889bf946a1f08f0.jpg,0,0,0,0,1
0.11669709822789122,0.0,-0.13134599417181114,1.6844421049429328,0.9209198462602842,1-19-_jpg.rf.86e95dcc8b6f619cd6d1b04c28529635.jpg,0,0,0,0,1
0.11996187079386349,0.0,-0.13134599417181114,1.934943116906017,0.9240819719964506,1-19-_jpg.rf.9322f9079214e7141c83675fcea7fcf4.jpg,0,0,0,0,1
0.1473579403033413,0.0,-0.13134599417181114,0.4319370451275124,0.954395054724976,1-2-_jpg.rf.daaf72b45efb672b45ba1ddab3386742.jpg,0,0,0,0,1
0.0,0.0,0.16100476704931688,-0.0690649787986557,0.9385468151999555,1-21-_jpg.rf.308064b22f58d7a434de2d59dc3b754f.jpg,0,0,0,0,1
0.0,0.0,0.16100476704931688,-0.0690649787986557,0.9340011134726356,1-21-_jpg.rf.6446bccc8666276ce6d339e015d340b3.jpg,0,0,0,0,1
0.0,0.0,0.16100476704931688,-0.0690649787986557,0.927885458449839,1-21-_jpg.rf.acbf24a9234967dc1c5245424abed982.jpg,0,0,0,0,1
0.0,0.0,0.16100476704931688,-0.0690649787986557,0.9385285487867747,1-21-_jpg.rf.eb3a6266398635f855abdece9bf4f1bf.jpg,0,0,0,0,1
0.0,0.0,0.16100476704931688,-0.0690649787986557,0.7444970783321291,1-22-_jpg.rf.2f64e4f8c9af4610e5d27c01a1d8b69c.jpg,0,0,0,1,0
0.0,0.0,0.16100476704931688,0.18143603316442836,0.7548474269391384,1-22-_jpg.rf.6a51904e29ca4189c35c64a2e49ffb23.jpg,0,0,0,1,0
0.01723383583168021,0.0,-0.13134599417181114,-0.0690649787986557,0.9610463648280633,1-28-_jpg.rf.40f432a6245943b91ff6062d44a9c62c.jpg,0,0,0,0,1
0.017114659297488514,0.0,-0.13134599417181114,-0.0690649787986557,0.9594032859899845,1-28-_jpg.rf.9b0506c6e9ecd35444c99a614113e87f.jpg,0,0,0,0,1
0.1278763592263931,0.0,-0.13134599417181114,1.6844421049429328,0.9246656587599249,1-3-_jpg.rf.1fa4e081192c2cb8d90417b689e3bc54.jpg,0,0,0,0,1
0.13167046676501332,0.0,-0.13134599417181114,1.934943116906017,0.9255301691673485,1-3-_jpg.rf.6e27a21c38d44e3fa6b79bb57d49a07c.jpg,0,0,0,0,1
0.0,0.0,-0.13134599417181114,-0.31956599076173975,0.0,1-30-_jpg.rf.1c665e87381f914a2c3bd5b02e28c92c.jpg,0,0,0,0,0
0.16281600602560217,0.0,-0.13134599417181114,-0.0690649787986557,0.9347214090507502,1-34-_jpg.rf.98a53abe1436918792e49c5da5c752ac.jpg,0,0,0,0,1
0.0,0.0,3.6692139017028533,0.18143603316442836,0.8636108614368587,1-39-_jpg.rf.80f6f0fb2059f4422129a83eac42270f.jpg,0,0,0,0,1
0.12295859900213253,0.0,-0.13134599417181114,0.18143603316442836,0.9419205318796222,1-4-_jpg.rf.51307c45e302b913183c2d85a0e1bf4d.jpg,0,0,0,0,1
0.1235594865838995,0.0,-0.13134599417181114,0.18143603316442836,0.9383137237897932,1-4-_jpg.rf.569dd052f99fe62f7f4b22ab962b1b9f.jpg,0,0,0,0,1
0.17140622001867037,0.0,-0.13134599417181114,-0.31956599076173975,0.9480702642437298,1-40-_jpg.rf.75dba399dfcb7f42952fff108a2a2ba9.jpg,0,1,0,0,0
0.17077975916694563,0.0,-0.13134599417181114,-0.0690649787986557,0.943771488488686,1-40-_jpg.rf.ddfb16fcdf6aa57e2c2a9d386f03b61c.jpg,0,1,0,0,0
0.4423842387795624,0.0,-0.13134599417181114,0.6824380570905965,0.771240125356704,1-42-_jpg.rf.9092f802556f330dc786544b1ebc39ec.jpg,0,0,0,0,1
0.33907416127703904,0.0,-0.13134599417181114,0.9329390690536805,0.7640496865603278,1-42-_jpg.rf.ce54f90d9959272d31b01f5ce07dd45c.jpg,0,0,0,0,1
0.0,0.0,-0.13134599417181114,1.6844421049429328,0.864711517638288,1-45-_jpg.rf.793618bea44efc5e79c948fea8d33915.jpg,0,0,0,0,1
0.0,0.0,0.4533555282704449,0.6824380570905965,0.7879485033279607,1-46-_jpg.rf.e37fcf5fed8e6c2ba5c22e718d62d9ef.jpg,0,0,0,0,1
0.0,0.0,-0.13134599417181114,1.6844421049429328,0.8620923535476848,1-48-_jpg.rf.3ff4e06c51c9a0502c229bd6d32c3177.jpg,0,0,0,0,1
0.0,0.0,-0.13134599417181114,1.6844421049429328,0.8631400670958295,1-48-_jpg.rf.6bb1029ad4df0865c67bf85bbfe58c72.jpg,0,0,0,0,1
0.0,0.0,10.685632171009924,0.18143603316442836,0.9451277546948874,1-5-_jpg.rf.1ddb91731f32c0fcb02038707bc5fe87.jpg,0,0,0,0,1
0.0,0.0,11.855035215894437,0.18143603316442836,0.9439058214879137,1-5-_jpg.rf.ab08c5a12ddb6894cd363e2bd89cbfa9.jpg,0,0,0,0,1
0.0,0.0,-0.13134599417181114,0.4319370451275124,0.6785268790569404,1-50-_jpg.rf.06993227b22143c99e19cf05064b6b27.jpg,0,0,0,0,1
0.0,0.0,-0.13134599417181114,3.688450200647605,0.9799556359730236,1-52-_jpg.rf.74a593dc7b76124ed3ec190e770cb4bc.jpg,0,0,0,0,1
0.0,0.0,-0.13134599417181114,3.688450200647605,0.9798295078872575,1-52-_jpg.rf.cfa2c0f6e0762f84206aa5151f4692c9.jpg,0,0,0,0,1
0.0,0.0,-0.13134599417181114,0.6824380570905965,0.8996052178937544,1-56-_jpg.rf.2ceffad9d9ece7871b83bd7f1c0abeaa.jpg,0,0,0,0,1
0.0,0.0,-0.13134599417181114,0.6824380570905965,0.896271208204051,1-56-_jpg.rf.369eb2d6fba2c78da275a9198ed08636.jpg,0,0,0,0,1
0.0,0.0,-0.13134599417181114,0.6824380570905965,0.9079620120891314,1-56-_jpg.rf.418356b733654b74926fe75864bde9d9.jpg,0,0,0,0,1
0.0,0.0,-0.13134599417181114,0.9329390690536805,0.8380614795962368,1-59-_jpg.rf.7a60ff336c3e9f54048557328b3b2e0d.jpg,0,0,0,0,1
0.0,0.0,-0.13134599417181114,0.9329390690536805,0.8304969686138702,1-59-_jpg.rf.c9db8584bf42097f531f59cbdf313813.jpg,0,0,0,0,1
0.0,0.0,-0.13134599417181114,1.934943116906017,0.891064322209467,1-60-_jpg.rf.b8dc6c9db9746ba091d49731640878ca.jpg,0,0,0,0,1
0.0,0.0,-0.13134599417181114,2.686446152795269,0.9117571139594205,1-61-_jpg.rf.2147c0df78a66132f087bed1a2e1e200.jpg,0,0,0,0,1
0.0,0.0,-0.13134599417181114,2.686446152795269,0.9132755020688359,1-61-_jpg.rf.7e74b4e31746435102c2a80007e50c7a.jpg,0,0,0,0,1
0.0,0.0,-0.13134599417181114,2.686446152795269,0.9101855436372034,1-61-_jpg.rf.ca232908182484bacc81f295bc006081.jpg,0,0,0,0,1
0.0,0.0,-0.13134599417181114,0.6824380570905965,0.9444404584402567,1-62-_jpg.rf.52878a2ccb818bf15733f13efd92dff3.jpg,0,0,0,0,1
0.0,0.0,-0.13134599417181114,4.439953236536857,0.9909097943429457,1-65-_jpg.rf.351679bc5cd1818178aea5f3eec4ed12.jpg,0,0,0,0,1
0.0,0.0,-0.13134599417181114,4.940955260463025,0.9904584642126828,1-65-_jpg.rf.4cc678e62e1bbf472c6af3a6d84f7e3e.jpg,0,0,0,0,1
0.0,0.0,-0.13134599417181114,4.439953236536857,0.9901386522573213,1-65-_jpg.rf.fa8ce9975c970dcc33ee944391635fc1.jpg,0,0,0,0,1
0.0,0.0,-0.13134599417181114,-0.0690649787986557,0.8980458651069105,1-66-_jpg.rf.392bd4c7261afdc136404ff071080324.jpg,0,0,0,0,1
0.0,0.0,-0.13134599417181114,-0.0690649787986557,0.8955769647234237,1-66-_jpg.rf.7a4cfde5f8564f49efc730bd27e204d7.jpg,0,0,0,0,1
0.0,0.0,-0.13134599417181114,-0.0690649787986557,0.8992077886548445,1-66-_jpg.rf.abd31814a8ace6baa1a085d3eecc3475.jpg,0,0,0,0,1
0.0,0.0,-0.13134599417181114,0.9329390690536805,0.9497936554099246,1-67-_jpg.rf.0e998c1b605c0fe15989f290915eb3ed.jpg,0,0,0,0,1
0.0,0.0,-0.13134599417181114,0.9329390690536805,0.9501953368302634,1-67-_jpg.rf.e3a1cb8191702879a37b9ecc77bc3211.jpg,0,0,0,0,1
0.0,0.0,-0.13134599417181114,2.435945140832185,0.8929231842825959,1-69-_jpg.rf.a0d47562d67e6295ab5deb362f08a86c.jpg,0,0,0,0,1
0.09226458277248291,0.0,-0.13134599417181114,2.185444128869101,0.9322456812210252,1-7-_jpg.rf.3c487af93bccc221f2eb1d6eb9e18774.jpg,0,0,0,0,1
0.09048116730495008,0.0,-0.13134599417181114,2.185444128869101,0.9313769785220519,1-7-_jpg.rf.5c9aa1a0070048d4f16764913e208d66.jpg,0,0,0,0,1
0.09037431781679232,0.0,-0.13134599417181114,2.185444128869101,0.9324440365012044,1-7-_jpg.rf.78b72e339507d7ea23babebfd4aed74d.jpg,0,0,0,0,1
0.0,0.0,-0.13134599417181114,0.18143603316442836,0.8015000258724277,1-71-_jpg.rf.162ec171c381ded880b7f220179e1de3.jpg,0,0,0,0,1
0.0,0.0,-0.13134599417181114,5.4419572843891935,0.9886438008704634,1-72-_jpg.rf.568e918c2dd4071a23e7b8d53be34269.jpg,0,0,0,0,1
0.0,0.0,-0.13134599417181114,5.942959308315361,0.9877820453974867,1-72-_jpg.rf.e23ce9c35aa5740278eae25d24f2659a.jpg,0,0,0,0,1
0.0,0.0,-0.13134599417181114,0.18143603316442836,0.836306167124385,1-73-_jpg.rf.2271636f5408730a10b7cf261670d854.jpg,0,0,0,0,1
0.0,0.0,-0.13134599417181114,1.934943116906017,0.96084585351223,1-74-_jpg.rf.edb3d852db8f19ce2568bc48ad40b812.jpg,0,0,0,0,1
0.0,0.0,-0.13134599417181114,0.6824380570905965,0.9365629030588875,1-75-_jpg.rf.610f6e5072e4e466ddc2a60ad6b6c574.jpg,0,0,0,0,1
0.0,0.0,-0.13134599417181114,0.9329390690536805,0.9031939991299198,1-77-_jpg.rf.7310bcf79123720332ae8f4ba8e02316.jpg,0,0,0,0,1
0.0,0.0,-0.13134599417181114,0.9329390690536805,0.9011071961762468,1-77-_jpg.rf.ab6a6b31d2acd08cec1f15e58ec4ce99.jpg,0,0,0,0,1
0.0,0.0,-0.13134599417181114,1.1834400810167647,0.9642419091168686,1-78-_jpg.rf.208bf0ce901466b6b0ba684b9d8f5b5f.jpg,0,0,0,0,1
0.0,0.0,-0.13134599417181114,0.18143603316442836,0.9466284154000356,1-79-_jpg.rf.4af7258c6246fd21c1ce0ccfc8b95832.jpg,0,0,0,0,1
0.0,0.0,-0.13134599417181114,0.18143603316442836,0.9452652019678376,1-79-_jpg.rf.7127d0909c54ab1a967a48d92a008b08.jpg,0,0,0,0,1
0.0,0.0,-0.13134599417181114,0.18143603316442836,0.9463245940424422,1-79-_jpg.rf.f1462ecf84ebae4edfa57af327bacb5b.jpg,0,0,0,0,1
0.05548278890475734,0.0,-0.13134599417181114,2.936947164758353,0.9190799093890082,1-8-_jpg.rf.32bc8f9ae6e9706ef9832db24c338b08.jpg,0,0,0,0,1
0.0,0.0,-0.13134599417181114,0.6824380570905965,0.8586819243720186,1-80-_jpg.rf.2402f0fa423c9f0303abd68646818974.jpg,0,0,0,0,1
0.0,0.0,-0.13134599417181114,0.4319370451275124,0.9131676403962505,1-81-_jpg.rf.2a5696f11ce770ccf4a05e119646c144.jpg,0,0,0,0,1
0.0,0.0,-0.13134599417181114,0.4319370451275124,0.9106031557654309,1-81-_jpg.rf.4b516cefd61cb484748180ecc9223878.jpg,0,0,0,0,1
0.0,0.0,-0.13134599417181114,0.4319370451275124,0.913692994417305,1-81-_jpg.rf.81aee00c098868f1c75262f1c5d00396.jpg,0,0,0,0,1
0.0,0.0,-0.13134599417181114,4.189452224573773,0.9438661743878296,1-82-_jpg.rf.57f139d54b43e797df1f1f6e3ec33412.jpg,0,0,0,0,1
0.0,0.0,-0.13134599417181114,1.4339410929798488,0.9657544280181145,1-83-_jpg.rf.7ce189a1454b4089be1edff480bd5cc2.jpg,0,0,0,0,1
0.0,0.0,-0.13134599417181114,0.18143603316442836,0.8935197473701155,1-84-_jpg.rf.d068bfe85a3df85e7c03ca5eca024014.jpg,0,0,0,0,1
0.0,0.0,-0.13134599417181114,0.18143603316442836,0.892993315331234,1-84-_jpg.rf.d6d42fbfbd7998935b73efe534a455f7.jpg,0,0,0,0,1
0.0,0.0,-0.13134599417181114,0.18143603316442836,0.8885540978092761,1-84-_jpg.rf.d75d7d153dbf14af3b87b8d5d014e180.jpg,0,0,0,0,1
0.0,0.0,-0.13134599417181114,5.4419572843891935,0.9570597950137123,1-85-_jpg.rf.bb703f1156433930a0bb9988fa77eb4e.jpg,0,0,0,0,1
0.0,0.0,-0.13134599417181114,5.692458296352277,0.9533362615491643,1-85-_jpg.rf.cad082d392aa3e1f0d1f09538314a9f5.jpg,0,0,0,0,1
0.0,0.0,-0.13134599417181114,5.692458296352277,0.9568919236820872,1-85-_jpg.rf.eeb16297fb1bf88fe17a244ead818814.jpg,0,0,0,0,1
0.0,0.0,-0.13134599417181114,1.1834400810167647,0.9350034304922852,1-86-_jpg.rf.7cf79d2a40a1a4c4193cce918d997154.jpg,0,0,0,0,1
0.0,0.0,-0.13134599417181114,2.686446152795269,0.9570208067023003,1-87-_jpg.rf.350f931ecd92b3d73bedb3144c921dc5.jpg,0,0,0,0,1
0.0,0.0,-0.13134599417181114,2.686446152795269,0.9590297528129078,1-87-_jpg.rf.a45e65d2cf959163931751e0d2eae991.jpg,0,0,0,0,1
0.0,0.0,-0.13134599417181114,0.4319370451275124,0.6852861706123716,1-88-_jpg.rf.50aae6ce6e0fd176662cd3b9b53e118d.jpg,0,0,0,0,1
0.0,0.0,-0.13134599417181114,0.18143603316442836,0.9384123624209693,1-89-_jpg.rf.0c9d361d253922213523f47e96029bca.jpg,0,0,0,0,1
0.0,0.0,-0.13134599417181114,0.18143603316442836,0.939293941443988,1-89-_jpg.rf.ab39fa4bfb6302d8cd84a0ab6df0e03a.jpg,0,0,0,0,1
0.0,0.0,-0.13134599417181114,0.18143603316442836,0.9399830942848765,1-89-_jpg.rf.c8faf9715c447e3548f36c451eaac6e3.jpg,0,0,0,0,1
0.05563669338784011,0.0,-0.13134599417181114,2.936947164758353,0.9248131076427152,1-9-_jpg.rf.3401b78825c3503d2a9a2a140f0da53a.jpg,0,0,0,0,1
0.05537225568958763,0.0,-0.13134599417181114,2.686446152795269,0.9215118577169786,1-9-_jpg.rf.77c6110dfba70f2e2d4429293a9313d0.jpg,0,0,0,0,1
0.0,0.0,-0.13134599417181114,0.6824380570905965,0.9094270982059867,1-90-_jpg.rf.fb26b13d6c0a5571f86bc63b00d03c53.jpg,0,0,0,0,1
0.09416614214569832,0.0,1.038057050712701,-0.31956599076173975,0.7101276540798902,1-92-_jpg.rf.221140eb88c357715a6b8fc5b2716f29.jpg,0,0,0,1,0
0.0,0.0,-0.13134599417181114,1.4339410929798488,0.9557887521057281,1-94-_jpg.rf.c7500877cfc75bc811cc6d25ce70a896.jpg,0,0,0,0,1
0.0,0.0,-0.13134599417181114,1.4339410929798488,0.9675239343913559,1-95-_jpg.rf.158b1981c43d5eca2e0daaba7275422d.jpg,0,0,0,0,1
0.0,0.0,-0.13134599417181114,1.4339410929798488,0.9619598651567389,1-95-_jpg.rf.1fd899e6ba09096b7a0c08d7d2b210a4.jpg,0,0,0,0,1
0.0,0.0,-0.13134599417181114,1.4339410929798488,0.9608460930717471,1-95-_jpg.rf.6ebfc6ceec6883b0fe8abbebbf9441f7.jpg,0,0,0,0,1
0.0,0.016617727799114277,-0.13134599417181114,3.9389512126106894,0.8474199320225914,1-98-_jpg.rf.45eb0b019ecce9815ee526d517651078.jpg,0,0,1,0,0
0.0,0.016638840951627185,-0.13134599417181114,3.688450200647605,0.8510780058490851,1-98-_jpg.rf.4cd135d49e1c9bcd26fc689058ebf6a8.jpg,0,0,1,0,0
0.0,0.007482189583260183,-0.13134599417181114,-0.0690649787986557,0.8848676361800031,1-99-_jpg.rf.56d74319fe8ddf0dfcc49e3c55766a0f.jpg,0,0,1,0,0
0.0,0.0,-0.13134599417181114,0.4319370451275124,0.9192067561533257,1000_jpg.rf.0fc239d2f7d9ec13a18b42e7ad59092c.jpg,0,0,0,0,1
0.0,0.06274750115018199,-0.13134599417181114,0.18143603316442836,0.9283155875628364,104_png_jpg.rf.17d41fade0b2bb5528759c3926dba3e9.jpg,0,0,0,0,1
0.0,0.06579367952098485,-0.13134599417181114,0.18143603316442836,0.9327466600612122,105_png_jpg.rf.ae7d2ca33d13442aa2cdd3744ac0bb4f.jpg,0,0,0,0,1
0.0,0.0,0.4533555282704449,-0.0690649787986557,0.9154784314984351,10_JPG_jpg.rf.4c26637fa42a79dc78ab3a3e321d0a32.jpg,0,0,0,0,1
0.0030001249418278686,0.0,-0.13134599417181114,8.94897145187237,0.9298831452631418,11_jpg.rf.fb735f14ac7492ff2ea73d47085ced80.jpg,0,0,0,0,1
0.0,0.017012385773041008,-0.13134599417181114,0.4319370451275124,0.8977674969480117,127_png_jpg.rf.18d3fa9b348372d9ad0da38c698a25c8.jpg,0,0,0,0,1
0.0,0.012762252319105438,-0.13134599417181114,0.18143603316442836,0.9150002707022543,129_png_jpg.rf.d5b88235dfee399cfd48d1932cce7f51.jpg,0,0,0,0,1
0.0,0.0,-0.13134599417181114,2.686446152795269,0.7975002203947557,12_jpg.rf.525f4ff85c9243a80bbcfa8e0ab81d1f.jpg,0,0,0,0,1
0.0,0.017875026400029904,-0.13134599417181114,0.6824380570905965,0.9744173792763768,133_png_jpg.rf.8b12e4d74dcab005d534f915031a5ef3.jpg,0,0,0,0,1
0.0,0.015291868283204871,-0.13134599417181114,0.6824380570905965,0.9611151782993573,134_png_jpg.rf.db4784a06815d5fcd625451cbf6e4577.jpg,0,0,0,0,1
0.0,0.013750305024401983,-0.13134599417181114,0.6824380570905965,0.9564053184129278,136_png_jpg.rf.4991c39db47eaf3f02edd76bcf24293b.jpg,0,0,0,0,1
0.0,0.031247563066668177,-0.13134599417181114,0.6824380570905965,0.9224676403004267,13_png_jpg.rf.e1bad1c0414f0856a9a6e665dfcbf91c.jpg,0,0,0,0,1
0.0,0.08194891732804155,-0.13134599417181114,0.6824380570905965,0.9600438681387758,14_png_jpg.rf.60baba88f7fd4d7a6c19cbf87a543684.jpg,0,0,0,0,1
0.0,0.0,-0.13134599417181114,-0.31956599076173975,0.0,1675443763015_jpg.rf.8cdb2f975659ef8f6be1915d138e14f1.jpg,0,0,0,0,0
0.0,0.0,-0.13134599417181114,-0.31956599076173975,0.0,1675443763040_jpg.rf.758ee551ece6ca29a0b357fee4b5dee3.jpg,0,0,0,0,0
0.0,0.0,-0.13134599417181114,-0.31956599076173975,0.0,1675443763066_jpg.rf.4aaf73d2d447a2ce547d1dde7058b5b5.jpg,0,0,0,0,0
0.0,0.0,0.16100476704931688,0.4319370451275124,0.8383965634708149,1677073267933_jpg.rf.c1ce258c53ac97c60552487fb063dc3a.jpg,0,0,0,0,1
0.0,0.03181083902644324,-0.13134599417181114,0.6824380570905965,0.9729835556765064,181_png_jpg.rf.cfe6b011b38c036ae6b5c0368868c289.jpg,0,0,0,0,1
0.0,0.030942566759136418,-0.13134599417181114,0.6824380570905965,0.960918499935798,184_png_jpg.rf.230ceb88d2af1b03905f160faca4e56c.jpg,0,0,0,0,1
0.0,0.04550098884048999,-0.13134599417181114,0.9329390690536805,0.9493911954211551,18_png_jpg.rf.d881847ca7aa0cae5935b7ac83ace532.jpg,0,0,0,0,1
0.0,0.058793108989730995,-0.13134599417181114,-0.0690649787986557,0.8024135262011035,2-1-_jpg.rf.422965c0bb33cc387daf0fe4bf2327a2.jpg,0,0,1,0,0
0.0,0.06017899771945968,-0.13134599417181114,-0.0690649787986557,0.8121005943950739,2-1-_jpg.rf.af8c2b389a24d1fc2826a8ce8a38bc56.jpg,0,0,0,0,1
0.0,0.061773146066078456,-0.13134599417181114,-0.0690649787986557,0.8145455388268482,2-1-_jpg.rf.dee16e9c74ab5550087e1d7fe5248ebb.jpg,0,0,0,0,1
0.0,0.062437953898337645,-0.13134599417181114,-0.0690649787986557,0.8860587859890262,2-10-_jpg.rf.854039af7f9b97211620f434dc76fffc.jpg,0,0,1,0,0
0.0,0.06136594517810172,-0.13134599417181114,-0.0690649787986557,0.8821223440036335,2-10-_jpg.rf.a0b7b2f66367d949f5164af224fbe56c.jpg,0,0,1,0,0
0.0,0.0,-0.13134599417181114,5.4419572843891935,0.9378044801462654,2-100-_jpg.rf.0bed118bf54a69f6f1b544cc6dcf70df.jpg,0,0,0,0,1
0.0,0.0,-0.13134599417181114,6.1934603202784455,0.9375343767907073,2-100-_jpg.rf.717afc16edd1766364f253dca1717dea.jpg,0,0,0,0,1
0.0,0.0,-0.13134599417181114,5.692458296352277,0.9347004475930017,2-100-_jpg.rf.e34b93ab2bf4660dc275b52c9182a900.jpg,0,0,0,0,1
0.0,0.07497784650550586,-0.13134599417181114,-0.0690649787986557,0.9126291704916336,2-11-_jpg.rf.02ecb32bd4e1f48f554afb3413ead160.jpg,0,0,1,0,0
0.0,0.07665482649184593,-0.13134599417181114,-0.0690649787986557,0.9016164398197746,2-11-_jpg.rf.782fae31933747725b701f90946dcb86.jpg,0,0,1,0,0
0.0,0.07584340966891218,-0.13134599417181114,-0.0690649787986557,0.9133779137624067,2-11-_jpg.rf.7bcb9b69059fb7e33b78abcc24f492c3.jpg,0,0,1,0,0
0.0,0.06106025158529637,-0.13134599417181114,-0.0690649787986557,0.9385935293057948,2-110-_jpg.rf.5742af60ebbde6d7a45fa8b9780c0138.jpg,0,0,1,0,0
0.0,0.06106623960828204,-0.13134599417181114,-0.0690649787986557,0.939908231935775,2-110-_jpg.rf.60d5ac9cb0b38aa6a5f80f99ce6cd4a9.jpg,0,0,1,0,0
0.0,0.0,-0.13134599417181114,0.9329390690536805,0.9037981682321082,2-111-_jpg.rf.48e73bc2c91b9ec53d660de80793ab79.jpg,0,0,0,0,1
0.0,0.0,-0.13134599417181114,0.9329390690536805,0.9036145458622321,2-111-_jpg.rf.75fc5f85b5bc881c32d6b7be1d36dd79.jpg,0,0,0,0,1
0.0,0.0,-0.13134599417181114,0.9329390690536805,0.9030652358894653,2-111-_jpg.rf.d1e722baa34e1c0ad8b2f5c6acbb11cf.jpg,0,0,0,0,1
0.10598862762430991,0.0,-0.13134599417181114,-0.0690649787986557,0.8827659805362683,2-115-_jpg.rf.322c93fa86c357ea7ebf220fbd85a203.jpg,0,0,0,0,1
0.10598671368599169,0.0,-0.13134599417181114,-0.0690649787986557,0.8827313042961645,2-115-_jpg.rf.a8f7e3ea1f1d7e1f73db7146a102d5b6.jpg,0,0,0,0,1
0.10771454116652814,0.0,-0.13134599417181114,-0.0690649787986557,0.8980608974666101,2-115-_jpg.rf.acb52b05e3b5e33db06a110547136d05.jpg,0,0,0,0,1
0.10934380737825876,0.0,-0.13134599417181114,-0.0690649787986557,0.9019036117909277,2-115-_jpg.rf.db1d47b06ed135b9781affee6d622085.jpg,0,0,0,0,1
0.0,0.0,0.16100476704931688,-0.0690649787986557,0.9459775920818871,2-116-_jpg.rf.250dfecac568c869f3111de5cad3da4a.jpg,0,0,0,0,1
0.0,0.0,0.16100476704931688,-0.0690649787986557,0.9455033840177388,2-116-_jpg.rf.9ab703244a1677113b461eaf8bf87e79.jpg,0,0,0,0,1
0.0,0.0,0.16100476704931688,-0.0690649787986557,0.9380123579172504,2-116-_jpg.rf.c7d77b020273fe4ed1b88ac1a7173d36.jpg,0,0,0,0,1
0.10725935813053557,0.0,-0.13134599417181114,-0.0690649787986557,0.8506505118907761,2-117-_jpg.rf.47138fb72dad62700c190c028722388e.jpg,0,0,0,0,1
0.10255693621971465,0.0,-0.13134599417181114,-0.0690649787986557,0.8913282569074591,2-117-_jpg.rf.a44258973b93e1c89830162a10726cda.jpg,0,0,0,0,1
0.0,0.0,-0.13134599417181114,3.437949188684521,0.9061023115576926,2-118-_jpg.rf.3091cba668fb16e97c2d0423719f85d0.jpg,0,0,0,0,1
0.0,0.0,-0.13134599417181114,3.1874481767214373,0.8969801247051021,2-118-_jpg.rf.ecbac8e26c183bdcd758cd3af8bbe16b.jpg,0,0,0,0,1
0.0,0.0,-0.13134599417181114,0.4319370451275124,0.875650104639597,2-121-_jpg.rf.0a086c2c31c2ef0118f95d6a230ccfa2.jpg,0,0,0,0,1
0.0,0.0,-0.13134599417181114,0.4319370451275124,0.8743845117106274,2-121-_jpg.rf.6b0017693cceaba3853165e07102bea2.jpg,0,0,0,0,1
0.0,0.0,-0.13134599417181114,1.6844421049429328,0.8895224572673733,2-122-_jpg.rf.58e2aea64f88df190aea657aff8fae29.jpg,0,0,0,0,1
0.0,0.0,-0.13134599417181114,1.934943116906017,0.8904271537837946,2-122-_jpg.rf.8b5c8143051e4e02565c363f9d5dd573.jpg,0,0,0,0,1
0.0,0.0,-0.13134599417181114,1.6844421049429328,0.8895270088981987,2-122-_jpg.rf.d1e5eb724af7b194b66bf825da8e8de5.jpg,0,0,0,0,1
0.0,0.0,1.915109334376085,-0.0690649787986557,0.9263326935497163,2-123-_jpg.rf.e16f4436d7b7c8888fef2578d9010b2a.jpg,0,0,0,1,0
0.0,0.0,0.16100476704931688,-0.0690649787986557,0.9500278248379139,2-124-_jpg.rf.39c57bf2353b6a576f28f14ce21372ae.jpg,0,0,0,0,1
0.0,0.0,-0.13134599417181114,4.690454248499941,0.9220908131799896,2-125-_jpg.rf.129483eaeb0572547d488284eacb7364.jpg,0,0,0,0,1
0.0,0.0,-0.13134599417181114,4.940955260463025,0.9269922607902397,2-125-_jpg.rf.1b633e32b00dbd0336e048b7983fee6d.jpg,0,0,0,0,1
0.0,0.0,-0.13134599417181114,5.191456272426109,0.923700772914826,2-125-_jpg.rf.8d9510f2343d013412142a13e7c86bae.jpg,0,0,0,0,1
0.0,0.0,12.439736738336693,-0.0690649787986557,0.8885100787480044,2-132-_jpg.rf.c41ba03105c60c0b57e54bff6c30dce7.jpg,0,0,0,0,1
0.0,0.0,12.73208749955782,-0.0690649787986557,0.8900857215820127,2-132-_jpg.rf.ee517dcfc5d91c4279e58409c5b5b43d.jpg,0,0,0,0,1
0.0,0.12856909262654118,-0.13134599417181114,-0.0690649787986557,0.9494349749229097,2-133-_jpg.rf.2fc917ab534287930c06ccd88a5d91ba.jpg,0,0,0,0,1
0.0,0.0,-0.13134599417181114,2.435945140832185,0.8769479782134992,2-134-_jpg.rf.672a3ab04d5c899ac419182ea9e997b1.jpg,0,0,0,0,1
0.0,0.0,-0.13134599417181114,2.435945140832185,0.8765412061534216,2-134-_jpg.rf.a64c16a15eab9a1a2f8e6471ff8b1575.jpg,0,0,0,0,1
0.0,0.0,-0.13134599417181114,2.435945140832185,0.8735789928342956,2-134-_jpg.rf.e2286e5c5ac117faef19986ce2f00298.jpg,0,0,0,0,1
0.0,0.0,-0.13134599417181114,0.18143603316442836,0.8759756061334901,2-137-_jpg.rf.2eb68735d69157e4df47258f19c3dec5.jpg,0,0,0,0,1
0.0,0.0,-0.13134599417181114,0.18143603316442836,0.8612755154841689,2-137-_jpg.rf.56b1ff6834b88c7e965ef293407171c8.jpg,0,0,0,0,1
0.0,0.0,-0.13134599417181114,0.18143603316442836,0.8569984797553043,2-137-_jpg.rf.9ed0b19250db985adcd52b54a5fd37cd.jpg,0,0,0,0,1
0.0,0.0,9.808579887346541,-0.0690649787986557,0.9073986878846128,2-138-_jpg.rf.6456ee1184da44b1861c19cfe82801ec.jpg,0,0,0,1,0
0.0,0.0,9.516229126125413,-0.0690649787986557,0.9085384521772126,2-138-_jpg.rf.79bf9c1bf324c6d7217f3bef0ccd3196.jpg,0,0,0,1,0
0.0,0.0,9.808579887346541,-0.0690649787986557,0.9077323942919674,2-138-_jpg.rf.bf2b4628fe833be64433a30eeafb4a4a.jpg,0,0,0,1,0
0.0,0.0,-0.13134599417181114,6.1934603202784455,0.8996326474584652,2-139-_jpg.rf.0246e81ee5493ad6db083e1c5def2144.jpg,0,0,0,0,1
0.0,0.0,-0.13134599417181114,5.692458296352277,0.9050998148684051,2-139-_jpg.rf.a6f15ef951ee1bf44947a1360b280196.jpg,0,0,0,0,1
0.0,0.0,-0.13134599417181114,5.4419572843891935,0.8991617333376772,2-139-_jpg.rf.d7519380a9784b08bf4516231c49f61a.jpg,0,0,0,0,1
0.0,0.07802976869278669,-0.13134599417181114,-0.0690649787986557,0.8865797081590138,2-14-_jpg.rf.6d0e8bd2b67d919c77d2f949a60c4252.jpg,0,0,1,0,0
0.0,0.07849856577082939,-0.13134599417181114,-0.0690649787986557,0.9007582777395546,2-14-_jpg.rf.fbd175957cf2cd0c2cd5fa8fb7530c3c.jpg,0,0,1,0,0
0.11361167844261187,0.0,-0.13134599417181114,-0.0690649787986557,0.8400368873744468,2-141-_jpg.rf.914fc708b3bfe37b7cdfdf3675d7937c.jpg,0,1,0,0,0
0.11500328529642566,0.0,-0.13134599417181114,-0.0690649787986557,0.8569184668765847,2-141-_jpg.rf.d971ac660ef3a8fac3ad83c1a493b732.jpg,0,0,0,0,1
0.0,0.0,-0.13134599417181114,0.9329390690536805,0.8659684864246412,2-142-_jpg.rf.0145d1413c7d60ddad36ff7bfa14db9d.jpg,0,0,0,0,1
0.0,0.0,-0.13134599417181114,0.9329390690536805,0.863974932013009,2-142-_jpg.rf.1afff6676a8fb74bf71c09cca9035a9b.jpg,0,0,0,0,1
0.0,0.0,-0.13134599417181114,0.9329390690536805,0.8708434627082491,2-142-_jpg.rf.28e834cbb3ae338ac631d73809fb2813.jpg,0,0,0,0,1
0.0,0.0,-0.13134599417181114,0.9329390690536805,0.8638388622072821,2-142-_jpg.rf.4de926e727339da38bf7e5cb839feac6.jpg,0,0,0,0,1
0.0,0.02969378005174093,-0.13134599417181114,-0.0690649787986557,0.8794126863054365,2-144-_jpg.rf.2015ca49de1de8a224ec8cc951a47930.jpg,0,0,0,0,1
0.0,0.03002303097939921,-0.13134599417181114,-0.0690649787986557,0.873696436887566,2-144-_jpg.rf.d8b9b3e056f3613f8cc7ad6e39b1920b.jpg,0,0,0,0,1
0.0,0.0,-0.13134599417181114,0.4319370451275124,0.9038815349440675,2-145-_jpg.rf.6488253ecb045b631d26934cf686d7a4.jpg,0,0,0,0,1
0.0,0.0,-0.13134599417181114,0.18143603316442836,0.8939143018948199,2-146-_jpg.rf.acdfe7963c99c6f89cfafaec18e252ac.jpg,0,0,0,0,1
0.0,0.0,-0.13134599417181114,0.18143603316442836,0.8944328883595155,2-146-_jpg.rf.db1dcbdca28add5b18353900a792461e.jpg,0,0,0,0,1
0.0,0.0,-0.13134599417181114,1.934943116906017,0.9150780676554405,2-15-_jpg.rf.20f98d6e04eb9896f1869ad1f01197a4.jpg,0,0,0,0,1
0.0,0.0,-0.13134599417181114,1.934943116906017,0.9181679063073146,2-15-_jpg.rf.84cd642533bff04a12518d343cf30846.jpg,0,0,0,0,1
0.11742842703531539,0.0,-0.13134599417181114,-0.0690649787986557,0.7507958766057674,2-151-_jpg.rf.09dd92970801397c1a14633ff529df55.jpg,0,0,0,0,1
0.0,0.0,6.008019991471878,-0.0690649787986557,0.980090328311527,2-153-_jpg.rf.1e696469d5815d15904226739b6a88b6.jpg,0,0,0,1,0
0.0,0.0,6.300370752693006,-0.0690649787986557,0.9855260535348443,2-153-_jpg.rf.2d33d9ea7b5d16ac6c11ce3c2b527756.jpg,0,0,0,1,0
0.0,0.0,5.715669230250749,-0.0690649787986557,0.9240296881318382,2-154-_jpg.rf.d0190b51035409f88b2cbbdd54c01aed.jpg,0,0,0,0,1
0.0,0.0,3.9615646629239816,-0.0690649787986557,0.9192809597137551,2-154-_jpg.rf.e0c1f35265deba0b2419872510d59187.jpg,0,0,0,0,1
0.17652120296837215,0.0,-0.13134599417181114,-0.0690649787986557,0.8886320145422208,2-161-_jpg.rf.12122abcaa9279aafde0f1e4fa0d93bf.jpg,0,0,0,0,1
0.1015219011543901,0.0,-0.13134599417181114,-0.0690649787986557,0.8867149993963099,2-161-_jpg.rf.de9c2b228fcd6d67912edab80e061fb4.jpg,0,0,0,0,1
0.0,0.08427607083434697,-0.13134599417181114,-0.0690649787986557,0.9231651178345353,2-162-_jpg.rf.e3f162cd68f9a6356d98b14fec605cc8.jpg,0,0,1,0,0
0.06666455598160692,0.0,-0.13134599417181114,-0.0690649787986557,0.92695974058579,2-164-_jpg.rf.9234cb5e24d7849026918e903c900632.jpg,0,0,0,0,1
0.06669044658556936,0.0,-0.13134599417181114,-0.0690649787986557,0.9319871366121684,2-164-_jpg.rf.9c53ac811003a5f0b88f18cd5119d79b.jpg,0,0,0,0,1
0.06686658134751322,0.0,-0.13134599417181114,-0.0690649787986557,0.9311911402266424,2-164-_jpg.rf.acda8ff030b03f921eb08bf02fdab08c.jpg,0,0,0,0,1
0.0,0.07902182961731952,-0.13134599417181114,-0.0690649787986557,0.9670959014241334,2-169-_jpg.rf.06f439ffa02e2d2e74481635782afc29.jpg,0,0,1,0,0
0.0,0.07970561726963202,-0.13134599417181114,-0.0690649787986557,0.9634437566956885,2-169-_jpg.rf.ba3c30dc8f6894954ac5521f028bb8fe.jpg,0,0,1,0,0
0.0,0.079533057591587,-0.13134599417181114,-0.0690649787986557,0.9681091184018121,2-169-_jpg.rf.bbdd824ecc848c4ccadfb718a4467438.jpg,0,0,1,0,0
0.0,0.08523750589892441,-0.13134599417181114,-0.0690649787986557,0.9347251222232655,2-17-_jpg.rf.13ceaf621b0ecd05e2bf40c950815e6d.jpg,0,0,1,0,0
0.0,0.08684307434323907,-0.13134599417181114,-0.0690649787986557,0.9402065434244745,2-17-_jpg.rf.9f100adda3416feafd09afd07ef9c5ce.jpg,0,0,1,0,0
0.0983018629792189,0.0,-0.13134599417181114,-0.0690649787986557,0.906254072511791,2-171-_jpg.rf.6f616bed08f9b5f696f42603b6a452ab.jpg,0,1,0,0,0
0.09747568889084048,0.0,-0.13134599417181114,-0.0690649787986557,0.8978181637858835,2-171-_jpg.rf.7b81de530a0ed516e6608fcfae6adf05.jpg,0,1,0,0,0
0.09950313784370081,0.0,-0.13134599417181114,-0.0690649787986557,0.9015256467627842,2-171-_jpg.rf.98433917ac61ca67932d667a9afd8f45.jpg,0,1,0,0,0
0.0,0.0,-0.13134599417181114,0.18143603316442836,0.8822079266411263,2-172-_jpg.rf.5bce93ae4ba7b347c0e6f4bedfb3e6ec.jpg,0,0,0,0,1
0.0,0.0,-0.13134599417181114,0.18143603316442836,0.8861689234770243,2-172-_jpg.rf.c6f947677431b85ce4681fc123520ede.jpg,0,0,0,0,1
0.06035203346057085,0.0,-0.13134599417181114,-0.0690649787986557,0.9595397151349869,2-175-_jpg.rf.3ad3b97e7dbe988ad02bffd8a55222a0.jpg,0,0,0,0,1
0.06045225303894692,0.0,-0.13134599417181114,-0.0690649787986557,0.9602627057576691,2-175-_jpg.rf.91256610d1b8d889941a174c7441ca40.jpg,0,0,0,0,1
0.06017311955531557,0.0,-0.13134599417181114,-0.0690649787986557,0.9562793101069201,2-175-_jpg.rf.dfaaa9074576ee576a65301d9637f3b6.jpg,0,0,0,0,1
0.0,0.05069406851904949,-0.13134599417181114,-0.0690649787986557,0.9242882926305742,2-176-_jpg.rf.27ef16443af703617fd75d7a0e5381fe.jpg,0,0,0,0,1
0.0,0.0,-0.13134599417181114,-0.0690649787986557,0.9604566291867817,2-179-_jpg.rf.2ddde97500a0d997ef0fb245ba4e3aed.jpg,0,0,0,0,1
0.0,0.0,3.9615646629239816,-0.0690649787986557,0.8724106610692787,2-180-_jpg.rf.df4d6bc3b0dbe4e056602f83bd7c4e23.jpg,0,0,0,0,1
0.0,0.0,7.762124558798646,-0.0690649787986557,0.9176925603354599,2-182-_jpg.rf.9b662b946c719e76126c205d7b1b3c3f.jpg,0,0,0,0,1
0.0,0.0,9.516229126125413,-0.0690649787986557,0.9253239084231042,2-182-_jpg.rf.e1c1c3082745c92a056a7c62709e05d8.jpg,0,0,0,0,1
0.0,0.0,-0.13134599417181114,0.4319370451275124,0.8962093419587536,2-183-_jpg.rf.2a82514adef2f4a46712aab3089053cf.jpg,0,0,0,0,1
0.0,0.0,-0.13134599417181114,0.4319370451275124,0.8907383415965395,2-183-_jpg.rf.38384ea0037f86df1b7e9064e8bb3740.jpg,0,0,0,0,1
0.0,0.0,13.024438260778949,-0.0690649787986557,0.8762906268985091,2-184-_jpg.rf.bf4374b78c93e71517bc58b4ec1ab261.jpg,0,0,0,1,0
0.0,0.0,12.73208749955782,-0.0690649787986557,0.8776197030995168,2-184-_jpg.rf.d19f4a57fccb816a0b86a4a91d0f4769.jpg,0,0,0,1,0
0.14832661464240388,0.0,-0.13134599417181114,-0.0690649787986557,0.9534471177157137,2-186-_jpg.rf.40e7258cdfda3337ea7ae9e3aca9d9d6.jpg,0,1,0,0,0
0.14750765878886432,0.0,-0.13134599417181114,-0.0690649787986557,0.9542629975411611,2-186-_jpg.rf.7ef515c407b9b0af83ce9a231e526e98.jpg,0,1,0,0,0
0.08684700932906138,0.0,-0.13134599417181114,-0.0690649787986557,0.92659315463471,2-187-_jpg.rf.1cf94ff9308fd2e1169ee069b477bd3b.jpg,0,0,0,0,1
0.08712992480724621,0.0,-0.13134599417181114,-0.0690649787986557,0.9286837306507777,2-187-_jpg.rf.65eacce2634c4903e86e39ddbbfc53e9.jpg,0,0,0,0,1
0.0,0.05918580277957,-0.13134599417181114,-0.0690649787986557,0.8952864389190307,2-189-_jpg.rf.368e5a0cdd8558cb4733e518a2fca283.jpg,0,0,1,0,0
0.0,0.05918371753147105,-0.13134599417181114,-0.0690649787986557,0.8952926075765967,2-189-_jpg.rf.8a0a1f4ead47d47d01a5fe986ce8ade9.jpg,0,0,1,0,0
0.0,0.058955967539439706,-0.13134599417181114,-0.0690649787986557,0.9072359670826058,2-189-_jpg.rf.b4e3d4c1c3e92f089c7e3248dbccd204.jpg,0,0,1,0,0
0.0,0.05900165134266165,-0.13134599417181114,-0.0690649787986557,0.8864161488986969,2-189-_jpg.rf.d76b6535388ced27b51b93d2b78fb1b5.jpg,0,0,1,0,0
0.0,0.03782946041745149,-0.13134599417181114,-0.0690649787986557,0.9031975326327973,2-19-_jpg.rf.5bc34fcea1b997aa5fa42dba91611fb5.jpg,0,0,1,0,0
0.0,0.03847068554647973,-0.13134599417181114,-0.0690649787986557,0.8914962480188428,2-19-_jpg.rf.a64f7670f38ee19561b84f0e715d6959.jpg,0,0,1,0,0
0.11336869020848706,0.0,-0.13134599417181114,-0.0690649787986557,0.9340390237662205,2-190-_jpg.rf.708dbb489acaedbb7c428da557ed7c41.jpg,0,1,0,0,0
0.11160612015926635,0.0,-0.13134599417181114,-0.0690649787986557,0.9362584828025013,2-190-_jpg.rf.dcbadd65d3e2a0077a33bac2a0aef9df.jpg,0,1,0,0,0
0.11324750415683887,0.0,-0.13134599417181114,-0.0690649787986557,0.9368413311076657,2-190-_jpg.rf.e6e0dbae1b58e817381b3750c7f8a4d5.jpg,0,1,0,0,0
0.046647406766546384,0.0,-0.13134599417181114,-0.0690649787986557,0.9486104709548459,2-191-_jpg.rf.6a8eec17da05778ce3fd2e3ebf0acdc6.jpg,0,0,0,0,1
0.059118100384888246,0.0,-0.13134599417181114,-0.0690649787986557,0.9056537962517559,2-192-_jpg.rf.056fedd15e26dd4d37cc1a27c50c1132.jpg,0,1,0,0,0
0.05855477983391542,0.0,-0.13134599417181114,-0.0690649787986557,0.9055335373741593,2-192-_jpg.rf.3b04795733e972e18da16cbbeaf0c463.jpg,0,1,0,0,0
0.059803926097394676,0.0,-0.13134599417181114,-0.0690649787986557,0.8976980845779248,2-192-_jpg.rf.8c878550ca689beb038560cd42ac8521.jpg,0,1,0,0,0
0.0,0.04176564655154495,-0.13134599417181114,-0.0690649787986557,0.9189398269613696,2-193-_jpg.rf.0b26c9128af1b2595f85dbe838b5ab26.jpg,0,0,1,0,0
0.0,0.04176393760234571,-0.13134599417181114,-0.0690649787986557,0.9189511461485537,2-193-_jpg.rf.4a60638b71b31f0da6c7ca4c725e4add.jpg,0,0,1,0,0
0.0,0.04200779780958739,-0.13134599417181114,-0.0690649787986557,0.9133126337939903,2-193-_jpg.rf.f85126b6ce53fc0f3b2702fbe0117aa6.jpg,0,0,1,0,0
0.0,0.07776200717689159,-0.13134599417181114,-0.0690649787986557,0.9264176173985369,2-194-_jpg.rf.a9cd05c62a28062ed4ed5489a9682760.jpg,0,0,1,0,0
0.0,0.07676278562243904,-0.13134599417181114,-0.0690649787986557,0.9223467226341581,2-194-_jpg.rf.bcdd9ab253c95106c4033994d0963c72.jpg,0,0,1,0,0
0.0,0.07761015440831197,-0.13134599417181114,-0.0690649787986557,0.9251740639451427,2-194-_jpg.rf.f5257098440b51f47feeae33ae1dae1a.jpg,0,0,1,0,0
0.0,0.0,-0.13134599417181114,1.934943116906017,0.8816661627931489,2-195-_jpg.rf.3971cd2fc399b1a7efe2721fd3bd2977.jpg,0,0,0,0,1
0.0,0.0,-0.13134599417181114,1.934943116906017,0.9045232550005653,2-195-_jpg.rf.9ec156a1d5381513056e7567fdf9a9b8.jpg,0,0,0,0,1
0.0,0.0,-0.13134599417181114,1.934943116906017,0.8968407010661357,2-195-_jpg.rf.b33c9b1df43407263c84dcadaff21422.jpg,0,0,0,0,1
0.0,0.0,-0.13134599417181114,0.4319370451275124,0.892091433639139,2-197-_jpg.rf.bf1405a5d776d80fd0c637f2703595da.jpg,0,0,0,0,1
0.0,0.0,-0.13134599417181114,0.4319370451275124,0.8988232956298594,2-197-_jpg.rf.fdf86a6f2e185adceabf9486d6468411.jpg,0,0,0,0,1
0.0,0.031673000157816524,-0.13134599417181114,-0.0690649787986557,0.9089143809494605,2-2-_jpg.rf.7d5a765e40b4840d4a4c8f9c54274525.jpg,0,0,0,0,1
0.0,0.03175080765658327,-0.13134599417181114,-0.0690649787986557,0.9139002732894971,2-2-_jpg.rf.e983d40a2dcc4850bf9a42de3d703a94.jpg,0,0,0,0,1
0.0,0.0,-0.13134599417181114,0.18143603316442836,0.9194549398130668,2-201-_jpg.rf.2efea1f3587f049480ed66bd5f43ff14.jpg,0,0,0,0,1
0.0,0.0,-0.13134599417181114,0.18143603316442836,0.9186451687553062,2-201-_jpg.rf.36cc89ea128bb90f6495985025d3ab64.jpg,0,0,0,0,1
0.0,0.0,-0.13134599417181114,0.18143603316442836,0.9192733536990864,2-201-_jpg.rf.63d3ae6a3c92e8a7a3ba97e08afdb585.jpg,0,0,0,0,1
0.0,0.05480306537808374,-0.13134599417181114,-0.0690649787986557,0.8565606248478796,2-203-_jpg.rf.6e46750c3b63862caef04f3a4f6a74d0.jpg,0,0,0,0,1
0.0,0.0554590080286163,-0.13134599417181114,-0.0690649787986557,0.8183941822492147,2-203-_jpg.rf.ebd3a8040b7ba6a16208f3f8abfdc39e.jpg,0,0,1,0,0
0.0,0.020770993703147375,-0.13134599417181114,-0.0690649787986557,0.9002183105879557,2-204-_jpg.rf.8dee5208cfc6d2dff1b09cfd647dc4f0.jpg,0,0,1,0,0
0.0,0.0,-0.13134599417181114,0.6824380570905965,0.8524916465596378,2-205-_jpg.rf.3d7fcf55d80edd90ec307073d7bad2a7.jpg,0,0,0,0,1
0.0,0.0,-0.13134599417181114,0.6824380570905965,0.8524306786625295,2-205-_jpg.rf.936cc9d6dd7da275aa70ba2fc5760e5d.jpg,0,0,0,0,1
0.0,0.0,-0.13134599417181114,2.185444128869101,0.8732293557190522,2-206-_jpg.rf.ab729f40af2804b2462e83d739f4b998.jpg,0,0,0,0,1
0.0,0.0,-0.13134599417181114,2.185444128869101,0.8781076858358997,2-206-_jpg.rf.e687e40af3c0ddb83e5082faa8448e18.jpg,0,0,0,0,1
0.0,0.0,-0.13134599417181114,0.4319370451275124,0.8962288061695199,2-207-_jpg.rf.1b65eac9397a384449784bea4b06ffa7.jpg,0,0,0,0,1
0.0,0.0,-0.13134599417181114,0.4319370451275124,0.9023426644959379,2-207-_jpg.rf.86b83feddd0069f594982f3544da044b.jpg,0,0,0,0,1
0.0,0.0,-0.13134599417181114,0.4319370451275124,0.8957452552842038,2-207-_jpg.rf.8c1927d5b484660f09a7e72f357628b7.jpg,0,0,0,0,1
0.17860298693306462,0.0,-0.13134599417181114,-0.31956599076173975,0.8341324040659958,2-208-_jpg.rf.ed355f2fc039f98691e0437a834aed95.jpg,0,1,0,0,0
0.0,0.08748874927655616,-0.13134599417181114,-0.0690649787986557,0.9470456681889875,2-209-_jpg.rf.51af66fbdecc619344f286b0173cac83.jpg,0,0,1,0,0
0.0,0.08728123061639687,-0.13134599417181114,-0.0690649787986557,0.9444769313767389,2-209-_jpg.rf.821230f9bd7fb676719f799f7e554195.jpg,0,0,1,0,0
0.0,0.14458596662335274,-0.13134599417181114,-0.0690649787986557,0.901740292090128,2-21-_jpg.rf.8ea42e93f0fce823e90752882a39b211.jpg,0,0,0,0,1
0.0,0.11739829750423383,-0.13134599417181114,-0.0690649787986557,0.894643221615551,2-21-_jpg.rf.fc41e5236143c5c6f08be345253f5c39.jpg,0,0,0,0,1
0.0,0.0,-0.13134599417181114,2.185444128869101,0.9278137702643395,2-210-_jpg.rf.eae8d3ee46d7ca6d158646900ed282e5.jpg,0,0,0,0,1
0.0,0.0,-0.13134599417181114,0.18143603316442836,0.9150313535496012,2-211-_jpg.rf.07342c3c2eb658aa7965a62f1bbaa46e.jpg,0,0,0,0,1
0.0,0.0,-0.13134599417181114,0.18143603316442836,0.9032997047668511,2-211-_jpg.rf.59c8d0cf457df4944aa3b5a3d8d0a120.jpg,0,0,0,0,1
0.11487941514292364,0.0,-0.13134599417181114,-0.0690649787986557,0.838090286628171,2-216-_jpg.rf.16311c443f4c364d13061f7e12129f71.jpg,0,0,0,0,1
0.11644500357807328,0.0,-0.13134599417181114,-0.0690649787986557,0.839220049310931,2-216-_jpg.rf.3ba84b826b210a1a88f994cee65e2724.jpg,0,0,0,0,1
0.0,0.0726038892336638,-0.13134599417181114,-0.0690649787986557,0.8538470743075292,2-219-_jpg.rf.0373e68b77e7b5b14a846d40840125fc.jpg,0,0,0,0,1
0.0,0.07380334424108416,-0.13134599417181114,-0.0690649787986557,0.8514517186957996,2-219-_jpg.rf.cad674311adea91ce0fd27cf6f516d6d.jpg,0,0,0,0,1
0.0,0.0,-0.13134599417181114,2.435945140832185,0.9021344273856774,2-220-_jpg.rf.2317268bd42d8ee14e842acdc7930ee2.jpg,0,0,0,0,1
0.0,0.0,-0.13134599417181114,2.435945140832185,0.9030552342796253,2-220-_jpg.rf.90e3149fc8e9a5411d188a813b97b4ce.jpg,0,0,0,0,1
0.0,0.08623352695833289,-0.13134599417181114,-0.0690649787986557,0.9599911650450084,2-222-_jpg.rf.5bad61fbff39f2ad21d4c0678dc1aedc.jpg,0,0,1,0,0
0.0,0.08707636898942883,-0.13134599417181114,-0.0690649787986557,0.9548150624483749,2-222-_jpg.rf.7dbc3de112abd53605c77e9451ba1124.jpg,0,0,1,0,0
0.0,0.0864466338665524,-0.13134599417181114,-0.0690649787986557,0.9556402850949901,2-222-_jpg.rf.ae856056d3d0e43d40b5630f63f039e7.jpg,0,0,1,0,0
0.0,0.06589132737923842,-0.13134599417181114,-0.0690649787986557,0.8725684709011845,2-223-_jpg.rf.8e3ef0541ba6adf9c644102c3fdb1095.jpg,0,0,0,0,1
0.0,0.0717936080702618,-0.13134599417181114,-0.0690649787986557,0.8607708833613458,2-223-_jpg.rf.a1702911e8b54f14bce0bf61d79809da.jpg,0,0,0,0,1
0.0,0.06588666164514811,-0.13134599417181114,-0.0690649787986557,0.8727384982684637,2-223-_jpg.rf.c6b61522b02a6474a02f6241719d3e9c.jpg,0,0,0,0,1
0.113261180294856,0.0,-0.13134599417181114,-0.0690649787986557,0.8665488193548757,2-224-_jpg.rf.0970c04d8f9a4a94fba90d7fee392bcd.jpg,0,0,0,0,1
0.11474389257899273,0.0,-0.13134599417181114,-0.0690649787986557,0.8612123316615272,2-224-_jpg.rf.2d2bb505a22b3e9458e4f1dd786b9aed.jpg,0,1,0,0,0
0.0,0.0,9.516229126125413,-0.0690649787986557,0.9977406543041178,2-225-_jpg.rf.08e1d67bc7f392d6fbe6f4379513547a.jpg,0,0,0,1,0
0.0,0.0,10.685632171009924,-0.0690649787986557,0.9999999999999999,2-225-_jpg.rf.7bf344dadb0de38f89995f1e98a79d4d.jpg,0,0,0,1,0
0.0,0.09856368925741874,-0.13134599417181114,-0.0690649787986557,0.9606029401618655,2-226-_jpg.rf.37468154344a6eeb25b5ed0485274e47.jpg,0,0,1,0,0
0.0,0.09862501611302078,-0.13134599417181114,-0.0690649787986557,0.963235759144945,2-226-_jpg.rf.49b15ec33134fb9309c9c09737e2ccba.jpg,0,0,1,0,0
0.0,0.0,-0.13134599417181114,0.4319370451275124,0.8556728771672949,2-228-_jpg.rf.1ffa33e223c8f5d1c148411acd48ab88.jpg,0,0,0,0,1
0.0,0.0,-0.13134599417181114,0.18143603316442836,0.8421116524623843,2-228-_jpg.rf.6623163118da2e3631fe191623ce73e9.jpg,0,0,0,0,1
0.0,0.025437423426785087,-0.13134599417181114,-0.0690649787986557,0.945313413320659,2-232-_jpg.rf.6e0fd781e05a47ca52ce37969c972954.jpg,0,0,1,0,0
0.0,0.025792944422790485,-0.13134599417181114,-0.0690649787986557,0.9428775721505354,2-232-_jpg.rf.6f8bb555600d2fe243def6eed2a54efe.jpg,0,0,1,0,0
0.0,0.02526352258285538,-0.13134599417181114,-0.0690649787986557,0.9437484308851628,2-232-_jpg.rf.9c441154dc6e3a1eeae438989495de41.jpg,0,0,1,0,0
0.0,0.08715799321534341,-0.13134599417181114,0.18143603316442836,0.9010760534390205,2-233-_jpg.rf.6c3fe7448146ebbf87c83d4b00249120.jpg,0,0,1,0,0
0.0,0.08455982465019125,-0.13134599417181114,-0.0690649787986557,0.8941928497233567,2-233-_jpg.rf.93081c5b982997bd86f1c7f385985cfa.jpg,0,0,1,0,0
0.0,0.06621677954933979,-0.13134599417181114,-0.0690649787986557,0.9122850432452839,2-235-_jpg.rf.9085147dc086bf3a03459f01eec0629e.jpg,0,0,0,0,1
0.0,0.06813943038278797,-0.13134599417181114,-0.0690649787986557,0.9101175087343399,2-235-_jpg.rf.acd91c4bb15163682195608f4d29e0fa.jpg,0,0,0,0,1
0.0,0.06830124038321309,-0.13134599417181114,-0.0690649787986557,0.9064266751438794,2-235-_jpg.rf.d898af7dfc1d9b7c0bea499569dedb31.jpg,0,0,0,0,1
0.0,0.031150604071169534,-0.13134599417181114,-0.0690649787986557,0.9387324738257271,2-236-_jpg.rf.7b4291eb3170317bd30e199c9c89336b.jpg,0,0,1,0,0
0.0,0.0,-0.13134599417181114,7.69646639205695,0.893900886561861,2-237-_jpg.rf.40f767634c04224e9b98c65c6d3c5522.jpg,0,0,0,0,1
0.0,0.0,-0.13134599417181114,7.445965380093866,0.9002926339281436,2-237-_jpg.rf.ee7e79cde4b6d102e23ae944a19f767e.jpg,0,0,0,0,1
0.0,0.0,-0.13134599417181114,0.18143603316442836,0.9252532982554317,2-238-_jpg.rf.15fd453d61e71284a877934a884f36d9.jpg,0,0,0,0,1
0.0,0.0,-0.13134599417181114,0.18143603316442836,0.9252795899124362,2-238-_jpg.rf.983454a1538210e61993102568481184.jpg,0,0,0,0,1
0.0,0.0,-0.13134599417181114,0.18143603316442836,0.9210502864173586,2-238-_jpg.rf.a81e10b185d5f50ea25b33b60e9e90e9.jpg,0,0,0,0,1
0.0,0.0,-0.13134599417181114,0.18143603316442836,0.9244877858184598,2-238-_jpg.rf.d1430a33d618e3b937b0e5d587c5eab6.jpg,0,0,0,0,1
0.0,0.08004889570821948,-0.13134599417181114,-0.0690649787986557,0.8780358179807624,2-239-_jpg.rf.3e7575ce84f3f3e718eb5c2f01a25648.jpg,0,0,0,0,1
0.0,0.08043838015394093,-0.13134599417181114,-0.0690649787986557,0.8849122541400675,2-239-_jpg.rf.d464fb2a97a5269fcca320386cbf0ea4.jpg,0,0,0,0,1
0.0,0.0,-0.13134599417181114,2.936947164758353,0.8740004379147972,2-24-_jpg.rf.2570546881c0b1ddab5cb7f15288c201.jpg,0,0,0,0,1
0.0,0.0,-0.13134599417181114,3.437949188684521,0.871029840012572,2-24-_jpg.rf.fece7e748a72bc01c477c5cea8b47068.jpg,0,0,0,0,1
0.0,0.09127857904124585,-0.13134599417181114,-0.0690649787986557,0.9034164900314493,2-240-_jpg.rf.9fff7ecbdd95880ae5d5b4beffeec885.jpg,0,0,1,0,0
0.0,0.0915672038803782,-0.13134599417181114,-0.0690649787986557,0.899796206718782,2-240-_jpg.rf.eecd6d347eaf89e806af2473fa44cff5.jpg,0,0,1,0,0
0.06919273740832967,0.0,-0.13134599417181114,-0.0690649787986557,0.9147768814525356,2-241-_jpg.rf.1b40f8c171553058c4fd89de06dfc2dc.jpg,0,0,0,0,1
0.06899568041655084,0.0,-0.13134599417181114,-0.0690649787986557,0.9198159560053737,2-241-_jpg.rf.604672093e5463a48ccbc5adee4581c1.jpg,0,0,0,0,1
0.0686089141208519,0.0,-0.13134599417181114,-0.0690649787986557,0.9122276687409326,2-241-_jpg.rf.c5f6ad82bf7a4ee5fb89b8177e9c509e.jpg,0,0,0,0,1
0.0,0.0,-0.13134599417181114,0.9329390690536805,0.919048347422627,2-242-_jpg.rf.074190e794e358d8a66ca8a615b1e87d.jpg,0,0,0,0,1
0.0,0.0,-0.13134599417181114,0.9329390690536805,0.9304262865783426,2-242-_jpg.rf.4b444b811b7ecf99cde6d725f468565f.jpg,0,0,0,0,1
0.0,0.06425299952535361,-0.13134599417181114,-0.0690649787986557,0.9072338110469517,2-243-_jpg.rf.310f70b45eda558644f08b9f2a7523aa.jpg,0,0,1,0,0
0.0,0.0634056982437186,-0.13134599417181114,-0.0690649787986557,0.9045963805431676,2-243-_jpg.rf.d81f147d0c608db53053e3df2aa293e7.jpg,0,0,1,0,0
0.09976983892149274,0.0,-0.13134599417181114,-0.0690649787986557,0.8633206350818622,2-244-_jpg.rf.06e75a47da05ab820360a295637cd3f3.jpg,0,1,0,0,0
0.09957941680664074,0.0,-0.13134599417181114,-0.0690649787986557,0.8597429334733638,2-244-_jpg.rf.525085dcd726dda8b89b4f073b6b1190.jpg,0,1,0,0,0
0.09958513404190815,0.0,-0.13134599417181114,-0.0690649787986557,0.8597272423249921,2-244-_jpg.rf.7a6652719eb62b350cd0fcdd6627cdfb.jpg,0,1,0,0,0
0.07292179059266249,0.0,-0.13134599417181114,-0.0690649787986557,0.8713144966087955,2-245-_jpg.rf.0b08de9e59195ac800b7380c9173efb6.jpg,0,1,0,0,0
0.07457019618757547,0.0,-0.13134599417181114,-0.0690649787986557,0.8579572568327165,2-245-_jpg.rf.dc5559fb23833eb8ef70a6b4a62f94e9.jpg,0,0,0,0,1
0.07281763826431743,0.0,-0.13134599417181114,-0.0690649787986557,0.8671286132761967,2-245-_jpg.rf.e563aaa1531ab73a1ee780b4eacf4d24.jpg,0,0,0,0,1
0.0,0.0,-0.13134599417181114,0.18143603316442836,0.7078636968633034,2-246-_jpg.rf.83f0d0ccefcdab6121a377c8f05d79dd.jpg,0,0,0,0,1
0.0,0.0,-0.13134599417181114,0.4319370451275124,0.700384409179154,2-246-_jpg.rf.e96139dc723d46f75da3d0ebd9344a61.jpg,0,0,0,0,1
0.0,0.0,-0.13134599417181114,0.18143603316442836,0.7449463722064964,2-246-_jpg.rf.fbb4b64811ee28eae0fa9084237d9a60.jpg,0,0,0,0,1
0.0,0.0,-0.13134599417181114,2.686446152795269,0.8791324615602798,2-247-_jpg.rf.1b3dba56f62de3b6924f7c3839e5d21c.jpg,0,0,0,0,1
0.0,0.0,-0.13134599417181114,2.686446152795269,0.8754540251748305,2-247-_jpg.rf.9a2d0498ac9e051ac52c3f52b55bf9ee.jpg,0,0,0,0,1
0.0,0.0,-0.13134599417181114,2.686446152795269,0.8777893711275203,2-247-_jpg.rf.ba0106bae178198348eb510fef963165.jpg,0,0,0,0,1
0.0,0.0,-0.13134599417181114,2.686446152795269,0.8778460269533204,2-247-_jpg.rf.eb302f0a5071842a363184468bf8f028.jpg,0,0,0,0,1
0.1257910658968455,0.0,-0.13134599417181114,-0.0690649787986557,0.9085000028747141,2-248-_jpg.rf.395605b86f0ff3ce8ef7bacc8a46928c.jpg,0,1,0,0,0
0.12348366905338105,0.0,-0.13134599417181114,-0.0690649787986557,0.8980095718400661,2-248-_jpg.rf.3e9cb28939e6ed1613d5c9e5e131c47f.jpg,0,1,0,0,0
0.12503503404280958,0.0,-0.13134599417181114,-0.0690649787986557,0.9118028698271913,2-248-_jpg.rf.9f8b1dee865d21f8f7afe8820da72903.jpg,0,1,0,0,0
0.0,0.0,-0.13134599417181114,6.443961332241529,0.8696802215829709,2-25-_jpg.rf.54806ef3bc165cb2268c1331af33e105.jpg,0,0,0,0,1
0.0,0.09098936288856636,-0.13134599417181114,-0.0690649787986557,0.9650319764043458,2-251-_jpg.rf.4964ceaf31bb5b218563301b8e7533dc.jpg,0,0,1,0,0
0.0,0.09179359244904904,-0.13134599417181114,-0.0690649787986557,0.9677185764990197,2-251-_jpg.rf.ad024a2938fed96573b1f0a1c7751525.jpg,0,0,1,0,0
0.11795150899952232,0.0,-0.13134599417181114,-0.0690649787986557,0.6940856707953951,2-252-_jpg.rf.812cb90cd925160b21d60673339d336c.jpg,0,0,0,0,1
0.10949949184036395,0.0,-0.13134599417181114,-0.0690649787986557,0.704832550293125,2-252-_jpg.rf.8ef6722b656b30515592136b237375fc.jpg,0,1,0,0,0
0.07494594422877798,0.0,-0.13134599417181114,-0.0690649787986557,0.9332671031121655,2-253-_jpg.rf.3fc3a51e8da7599ad037a4560d3b5129.jpg,0,0,0,0,1
0.07463213699958685,0.0,-0.13134599417181114,-0.0690649787986557,0.9299729201921841,2-255-_jpg.rf.16cc6145c2f17f00bdd93bdbc0c2f979.jpg,0,0,0,0,1
0.07563738721915676,0.0,-0.13134599417181114,-0.0690649787986557,0.9182503147812054,2-255-_jpg.rf.48361287e2e9ed47ace4e4d957779279.jpg,0,0,0,0,1
0.07116982258189981,0.0,-0.13134599417181114,-0.0690649787986557,0.9121277125324123,2-255-_jpg.rf.f90ed2b84c9303121f19f78980187a51.jpg,0,0,0,0,1
0.0,0.07195568177462731,-0.13134599417181114,-0.0690649787986557,0.926416778940227,2-256-_jpg.rf.3f354598365bd6fa8570a3d9f46d69ca.jpg,0,0,0,0,1
0.0,0.0,-0.13134599417181114,1.1834400810167647,0.8496635266802225,2-257-_jpg.rf.a5b71325be8080e84c7d980896556a7e.jpg,0,0,0,0,1
0.0,0.07832501031220883,-0.13134599417181114,-0.0690649787986557,0.9021943771548377,2-259-_jpg.rf.1d1a974a7d95ba4a27e41066627fc961.jpg,0,0,1,0,0
0.0,0.08167190479995896,-0.13134599417181114,-0.0690649787986557,0.8969390402479153,2-259-_jpg.rf.7febc09e520d478a156dfa435d816556.jpg,0,0,1,0,0
0.0,0.08076557186885489,-0.13134599417181114,-0.0690649787986557,0.8980791638797909,2-259-_jpg.rf.9c1679d2f00f9e95df0f1dbcf7dde617.jpg,0,0,1,0,0
0.0,0.0,0.16100476704931688,-0.0690649787986557,0.9187404535532425,2-26-_jpg.rf.45a392e17490df25584504735e87904b.jpg,0,0,0,0,1
0.0,0.0,0.16100476704931688,-0.0690649787986557,0.9099225072874004,2-26-_jpg.rf.834c2b135d2a61d0ec513a1aae766d95.jpg,0,0,0,0,1
0.0,0.08251700386441001,-0.13134599417181114,-0.0690649787986557,0.9584388792639198,2-260-_jpg.rf.3fa5e1ddeeab6aee3ebd6f8ee03c435f.jpg,0,0,1,0,0
0.0,0.08353502136276968,-0.13134599417181114,-0.0690649787986557,0.9383731944399194,2-260-_jpg.rf.6abf2e5b3e1745e8da0dc9a9833836ed.jpg,0,0,0,0,1
0.0,0.08317832426983632,-0.13134599417181114,-0.0690649787986557,0.9584735555040236,2-260-_jpg.rf.8affa431bde7cf8e02d80b720266fced.jpg,0,0,1,0,0
0.01877332967706661,0.0,-0.13134599417181114,-0.0690649787986557,0.9138260098391884,2-261-_jpg.rf.118293e8f505b4ac1da99813f82fb1ee.jpg,0,0,0,0,1
0.018604573430005943,0.0,-0.13134599417181114,-0.0690649787986557,0.9140773676625314,2-261-_jpg.rf.c9fc6a5fbd11ee79de5d9cd16dcfebda.jpg,0,0,0,0,1
0.018519760911710155,0.0,-0.13134599417181114,-0.0690649787986557,0.9107574320944593,2-261-_jpg.rf.d4d2cef7dbe0e12611318f8fc5da68f9.jpg,0,0,0,0,1
0.0040399712761118685,0.0,-0.13134599417181114,-0.0690649787986557,0.9357431303912869,2-262-_jpg.rf.392576944f4b6fdd0a88c35cbc49c0ae.jpg,0,0,0,0,1
0.004014830864689099,0.0,-0.13134599417181114,-0.0690649787986557,0.9310729774948207,2-262-_jpg.rf.a21ce87fc6722b07ac00aa9829c3587d.jpg,0,0,0,0,1
0.0,0.014946624559242727,-0.13134599417181114,-0.0690649787986557,0.9096231776707532,2-263-_jpg.rf.22408789c02fa98cc632a8d38e5878be.jpg,0,0,0,0,1
0.0,0.01460564377753957,-0.13134599417181114,-0.0690649787986557,0.9038961480746122,2-263-_jpg.rf.77d9695916e78a2d8ba3b2eb15a76372.jpg,0,0,0,0,1
0.0,0.03779602335964019,-0.13134599417181114,-0.0690649787986557,0.9480218133313912,2-264-_jpg.rf.5a3efab2bb6fd5d9ac975325cbfb368f.jpg,0,0,1,0,0
0.0,0.03822075803910166,-0.13134599417181114,-0.0690649787986557,0.9524337809582764,2-264-_jpg.rf.d25ed294a5f0c188a8a602a0723b6967.jpg,0,0,1,0,0
0.13474300112289353,0.0,-0.13134599417181114,-0.0690649787986557,0.8704757388494626,2-266-_jpg.rf.2529aa69cc5b8e765b2e39c40d335c3a.jpg,0,1,0,0,0
0.14056694500611716,0.0,-0.13134599417181114,-0.0690649787986557,0.9004737409230898,2-266-_jpg.rf.84433cecf7a578ea3170cfce70efda83.jpg,0,1,0,0,0
0.11982968469204981,0.0,-0.13134599417181114,-0.0690649787986557,0.9283835026859413,2-267-_jpg.rf.2dc3b7fb1f3a23f912ad07093edc98b9.jpg,0,0,0,0,1
0.11942706777533008,0.0,-0.13134599417181114,-0.0690649787986557,0.9305507976373681,2-267-_jpg.rf.902c99673d743ad41c1af0eabb67437f.jpg,0,0,0,0,1
0.12148733388803569,0.0,-0.13134599417181114,-0.0690649787986557,0.937004351359069,2-267-_jpg.rf.c2f0a3283308bf6f87cbd1476f168524.jpg,0,0,0,0,1
0.03973751161023578,0.0,-0.13134599417181114,-0.0690649787986557,0.9299606427669316,2-268-_jpg.rf.2d9a141a5eb78210a293f705751bd0fb.jpg,0,0,0,0,1
0.04044308013724793,0.0,-0.13134599417181114,-0.0690649787986557,0.9320024085313852,2-268-_jpg.rf.3c944e4b3b05e029874c707b5c3fc14f.jpg,0,0,0,0,1
0.04223108565655444,0.0,-0.13134599417181114,-0.0690649787986557,0.9205352334555406,2-268-_jpg.rf.a5437577892b12bcb8002b0399e4b297.jpg,0,0,0,0,1
0.027981495546190976,0.0,-0.13134599417181114,-0.0690649787986557,0.9058724542010115,2-269-_jpg.rf.48f61af057234f6c309f87c61f1a4118.jpg,0,0,0,0,1
0.02785412278724786,0.0,-0.13134599417181114,-0.0690649787986557,0.91454906035175,2-269-_jpg.rf.8a3ba7d530914a68637860ebd0865902.jpg,0,0,0,0,1
0.0,0.0,-0.13134599417181114,10.70247853561396,0.962009094637508,2-27-_jpg.rf.37b8fed38e4dcfa63e26ef3a20aa22da.jpg,0,0,0,0,1
0.0,0.0,-0.13134599417181114,9.700474487761623,0.9646461658020165,2-27-_jpg.rf.53ed2d44bd4a215cf5375c32a0ad630a.jpg,0,0,0,0,1
0.0,0.0,-0.13134599417181114,10.20147651168779,0.9636414531871956,2-27-_jpg.rf.aafc56fa9ca85b5839dbd29e7120ffcb.jpg,0,0,0,0,1
0.009552026477153957,0.0,-0.13134599417181114,-0.0690649787986557,0.9297141360238103,2-270-_jpg.rf.26590e5d204bce2e3fac1b78735df390.jpg,0,0,0,0,1
0.009542061052597153,0.0,-0.13134599417181114,-0.0690649787986557,0.9314787913168299,2-270-_jpg.rf.49d49ba61af2f94aa3c18981b2cd369c.jpg,0,0,0,0,1
0.009394759492847704,0.0,-0.13134599417181114,-0.0690649787986557,0.9319456329258266,2-270-_jpg.rf.f5d0be49cd97228e77eb3292e0f1e722.jpg,0,0,0,0,1
0.0,0.015835853666112672,-0.13134599417181114,-0.0690649787986557,0.8672294079430269,2-271-_jpg.rf.6343be56214de5465c27e67b38422a54.jpg,0,0,0,0,1
0.0,0.016747159885082106,-0.13134599417181114,-0.0690649787986557,0.8822713500232852,2-271-_jpg.rf.82d858936f7eebfba193a1c39378103e.jpg,0,0,0,0,1
0.0,0.016381815533397875,-0.13134599417181114,-0.0690649787986557,0.8778895070056785,2-271-_jpg.rf.d2bcc53592dee3f3345eb11f61bb79ba.jpg,0,0,0,0,1
0.0,0.0034241852735285845,-0.13134599417181114,-0.0690649787986557,0.8828903718155353,2-272-_jpg.rf.419944e9876a2ae5379b5a177e86e238.jpg,0,0,0,0,1
0.0,0.0036824571857409344,-0.13134599417181114,-0.0690649787986557,0.8958257472819576,2-272-_jpg.rf.a8360b9910fa6e02d6b3aa4ed72ab0f9.jpg,0,0,0,0,1
0.0,0.01954910618591362,-0.13134599417181114,-0.0690649787986557,0.9031782480916688,2-273-_jpg.rf.16959a4da257a17ec5e8cd132f104346.jpg,0,0,0,0,1
0.0,0.01977044265490091,-0.13134599417181114,-0.0690649787986557,0.9087335734039107,2-273-_jpg.rf.f5edc007d2b3b6934900f59a9f7e5f5a.jpg,0,0,0,0,1
0.0,0.02312439766403412,-0.13134599417181114,-0.0690649787986557,0.8992342000916075,2-274-_jpg.rf.41c1e2937fb73db6af3a9a2b6ea5d574.jpg,0,0,0,0,1
0.0,0.022807586873982762,-0.13134599417181114,-0.0690649787986557,0.891268606587695,2-274-_jpg.rf.747e6023ae128cf91329fb22ee2516c6.jpg,0,0,0,0,1
0.0,0.022457803738199045,-0.13134599417181114,-0.0690649787986557,0.8912281809191802,2-274-_jpg.rf.79fd205edd064b0a348de3ee4bc4156f.jpg,0,0,0,0,1
0.0,0.04184425895924217,-0.13134599417181114,-0.0690649787986557,0.8783912045244168,2-275-_jpg.rf.b379b0cda039ff25ffac0f4486148a61.jpg,0,0,0,0,1
0.029836687182779983,0.0,-0.13134599417181114,-0.0690649787986557,0.9241200619596734,2-276-_jpg.rf.4e56be1aa8f20c2011deca0b8f161fda.jpg,0,0,0,0,1
0.029583080574946612,0.0,-0.13134599417181114,-0.0690649787986557,0.933356039582898,2-276-_jpg.rf.6d33240e2d3e0b1e29333106d6e5db22.jpg,0,0,0,0,1
0.03011629136742324,0.0,-0.13134599417181114,-0.0690649787986557,0.9249009062057413,2-276-_jpg.rf.78329e75ecc2f21378ed3ede90d4511d.jpg,0,0,0,0,1
0.01821739091826862,0.0,-0.13134599417181114,-0.0690649787986557,0.902489215030539,2-277-_jpg.rf.22aab087bb4b46e720fe02c99dd33948.jpg,0,0,0,0,1
0.01766313044003682,0.0,-0.13134599417181114,-0.0690649787986557,0.8950211866436945,2-277-_jpg.rf.4494162594eb8af95ff52879bff962a5.jpg,0,0,0,0,1
0.017253990074306048,0.0,-0.13134599417181114,-0.0690649787986557,0.9039807125841572,2-277-_jpg.rf.ff5301c21cbb0c06b0a1d59a34af1fb7.jpg,0,0,0,0,1
0.0,0.016149244572346785,-0.13134599417181114,-0.0690649787986557,0.8913445469546235,2-279-_jpg.rf.70f09e97bbff2282e603b2c6e761016b.jpg,0,0,0,0,1
0.0,0.01586354901695344,-0.13134599417181114,-0.0690649787986557,0.8804310538127333,2-279-_jpg.rf.78eeeac9391d5f13bbd675d20b32900b.jpg,0,0,1,0,0
0.0,0.01614883954691937,-0.13134599417181114,-0.0690649787986557,0.8913523925288094,2-279-_jpg.rf.bdfa4995b587b923044a3f2c3eb9dc98.jpg,0,0,0,0,1
0.0,0.11329515794076864,-0.13134599417181114,-0.0690649787986557,0.8690660508709426,2-28-_jpg.rf.05ce06d90a70d0d7963fff2cc501fd04.jpg,0,0,1,0,0
0.0,0.11683056533409217,-0.13134599417181114,-0.0690649787986557,0.8843201827934939,2-28-_jpg.rf.2c45a0780a0f9bd69e29589603b0d443.jpg,0,0,1,0,0
0.0,0.11772537768669773,-0.13134599417181114,-0.0690649787986557,0.9276012809726499,2-28-_jpg.rf.95b355770cd3c8e7a6fa74152bfc7167.jpg,0,0,1,0,0
0.1336590649745042,0.0,-0.13134599417181114,-0.0690649787986557,0.9105248198033311,2-280-_jpg.rf.9a709d5b5accb5cdb0b6d7e5d5c8b437.jpg,0,0,0,0,1
0.004553127757753863,0.0,-0.13134599417181114,-0.0690649787986557,0.9142702130738168,2-281-_jpg.rf.d87ed9b3f57e5a98f507c2453627d1c9.jpg,0,0,0,0,1
0.0,0.054461629625262443,-0.13134599417181114,-0.0690649787986557,0.9020459101440997,2-282-_jpg.rf.63709ecb47c930e2bd34f4f7ff8b253c.jpg,0,0,0,0,1
0.0,0.05416975978978583,-0.13134599417181114,-0.0690649787986557,0.904826717018883,2-282-_jpg.rf.a0b8529961a1211bf26361cc3b9d1400.jpg,0,0,1,0,0
0.0,0.053458382137915615,-0.13134599417181114,-0.0690649787986557,0.9041599031029665,2-282-_jpg.rf.a9a869c2b53df7a3ef03e9c3727d2c47.jpg,0,0,1,0,0
0.0,0.01592763231628461,-0.13134599417181114,-0.0690649787986557,0.8946946670218535,2-283-_jpg.rf.09cd4d4a6ba95594e0d2d4ce141e808b.jpg,0,0,1,0,0
0.0,0.016020809957662682,-0.13134599417181114,-0.0690649787986557,0.8909651445693774,2-283-_jpg.rf.6de572893abc86b51ea57467e69f52fd.jpg,0,0,1,0,0
0.0,0.015885095215667146,-0.13134599417181114,-0.0690649787986557,0.8822909340138101,2-283-_jpg.rf.bafac167cdba7476c0f23064bf4ce0c8.jpg,0,0,1,0,0
0.0,0.016021821606077253,-0.13134599417181114,-0.0690649787986557,0.8908250022518595,2-283-_jpg.rf.fbdd1a26f8c7d9c5535b23876ebc9a6f.jpg,0,0,1,0,0
0.0,0.000831586226802632,-0.13134599417181114,-0.0690649787986557,0.8762712824675013,2-284-_jpg.rf.f0c73d8bb2ac2c64771e2145a808197f.jpg,0,0,0,0,1
0.0,0.041084365738596605,-0.13134599417181114,-0.0690649787986557,0.8905265709834014,2-285-_jpg.rf.975b41f961d7c276e119f9e09cafde43.jpg,0,0,0,0,1
0.0,0.041368818670022386,-0.13134599417181114,-0.0690649787986557,0.8813070031870998,2-285-_jpg.rf.f2e070d8622def04dc3e0cd6eb9a8249.jpg,0,0,0,0,1
0.0,0.0,-0.13134599417181114,2.936947164758353,0.9074778024151432,2-286-_jpg.rf.3f2d7f8923caff970fe782a7103003a6.jpg,0,0,0,0,1
0.0,0.08690401875755212,-0.13134599417181114,-0.0690649787986557,0.960107830529848,2-290-_jpg.rf.738d231964bbac5d44da3f16693f46db.jpg,0,0,1,0,0
0.0,0.08509743063443996,-0.13134599417181114,-0.0690649787986557,0.968925537236173,2-290-_jpg.rf.adee08637266bc810d7d24ed4410b4a2.jpg,0,0,1,0,0
0.12291538668286403,0.0,-0.13134599417181114,-0.0690649787986557,0.9338830705205724,2-291-_jpg.rf.5313051a4a7a86c3361a884eb3c76528.jpg,0,1,0,0,0
0.12356720066272212,0.0,-0.13134599417181114,-0.0690649787986557,0.9320227112004614,2-291-_jpg.rf.980c492a8f04da3f253b537672ab7079.jpg,0,1,0,0,0
0.12476499832077312,0.0,-0.13134599417181114,-0.0690649787986557,0.9196247875107082,2-291-_jpg.rf.a73d9e8cb548efdb25f77794f088047f.jpg,0,1,0,0,0
0.0,0.0,-0.13134599417181114,2.686446152795269,0.9157560210889033,2-295-_jpg.rf.35ead4568341e48b7441e0e361253dca.jpg,0,0,0,0,1
0.0,0.0,-0.13134599417181114,2.936947164758353,0.9109429709404723,2-295-_jpg.rf.ca5ed6a9cb0523444b89d27ebe86466d.jpg,0,0,0,0,1
0.0,0.08710864395682111,-0.13134599417181114,-0.0690649787986557,0.883476693733698,2-3-_jpg.rf.13eb05a4408aec039931600829660eee.jpg,0,0,1,0,0
0.0,0.07456430760244234,-0.13134599417181114,-0.0690649787986557,0.8732182162015059,2-3-_jpg.rf.27c4077f2451f962661ceb0aa2e19ae6.jpg,0,0,1,0,0
0.0,0.07652994365172698,-0.13134599417181114,-0.0690649787986557,0.8741864558798446,2-3-_jpg.rf.e8446342681b5140a703595a02f27f90.jpg,0,0,1,0,0
0.0,0.0,-0.13134599417181114,4.940955260463025,0.9000632556904967,2-30-_jpg.rf.0ecb2e8d78f75b6adae5dff87392b39e.jpg,0,0,0,0,1
0.0,0.0,-0.13134599417181114,4.690454248499941,0.9092277247978596,2-30-_jpg.rf.636dd30fdf4245c42a22a63ccac6fde8.jpg,0,0,0,0,1
0.0,0.0,-0.13134599417181114,4.940955260463025,0.8997680584755199,2-30-_jpg.rf.c3f5926c3e75021cf520429f0b390635.jpg,0,0,0,0,1
0.13307417800105828,0.0,-0.13134599417181114,-0.0690649787986557,0.9175877530467179,2-300-_jpg.rf.7eaa8e57677e23408e1c77f3cd89d8c1.jpg,0,1,0,0,0
0.0,0.035494339797920854,-0.13134599417181114,-0.0690649787986557,0.8517314044320426,2-303-_jpg.rf.d1e55239e6746edc3caae277e682fad4.jpg,0,0,0,0,1
0.0,0.0,3.6692139017028533,-0.0690649787986557,0.8574296269962494,2-304-_jpg.rf.313e0e5cde7d0fc3f66b0f35e11f6143.jpg,0,0,0,0,1
0.0,0.0,-0.13134599417181114,0.18143603316442836,0.9179246336176744,2-306-_jpg.rf.7cb56b516c0006a8c14fff5907ecbfb0.jpg,0,0,0,0,1
0.0,0.0,-0.13134599417181114,0.18143603316442836,0.9179834454791286,2-306-_jpg.rf.8d3c6f003e523180f607a90729dac22c.jpg,0,0,0,0,1
0.0,0.08379920005090931,-0.13134599417181114,-0.0690649787986557,0.8863849462715915,2-307-_jpg.rf.1bd190c21a60cbf213983e4272bbdf3a.jpg,0,0,0,0,1
0.0,0.08413080556113044,-0.13134599417181114,-0.0690649787986557,0.8888391137447752,2-307-_jpg.rf.2477125456855816b0e84a5bf20cf730.jpg,0,0,0,0,1
0.0,0.08379991632174981,-0.13134599417181114,-0.0690649787986557,0.8863818319978688,2-307-_jpg.rf.8134a9e198a23ca45f7f65826fe7f4a7.jpg,0,0,0,0,1
0.0,0.0,10.393281409788797,-0.0690649787986557,0.9398900254124735,2-311-_jpg.rf.76376f2f7e3708a0568c4fbe2f2a804b.jpg,0,0,0,1,0
0.0,0.0,10.100930648567669,-0.0690649787986557,0.9355541778221548,2-311-_jpg.rf.76c0a3a4eb168f90e358079d64319f08.jpg,0,0,0,1,0
0.0,0.062038741397037904,-0.13134599417181114,-0.0690649787986557,0.8131544766007845,2-312-_jpg.rf.4c2f0b7cac7a54189ea09af2303e1b86.jpg,0,0,0,0,1
0.0,0.06159058473244316,-0.13134599417181114,-0.0690649787986557,0.8162413806485738,2-312-_jpg.rf.6bf9d3f70c8c04a2e585cbfc6962a63e.jpg,0,0,0,0,1
0.0,0.0597427674033229,-0.13134599417181114,-0.0690649787986557,0.7904831627988984,2-312-_jpg.rf.b3d03877d76ffa589c66721e02e6ad21.jpg,0,0,0,0,1
0.0,0.0,-0.13134599417181114,0.18143603316442836,0.9243214117338168,2-313-_jpg.rf.c223d4d99ce15440c10deb8961d05206.jpg,0,0,0,0,1
0.0,0.0,-0.13134599417181114,0.18143603316442836,0.9229717933042156,2-313-_jpg.rf.ee053b0a0007cee10e6dcc35c3e57990.jpg,0,0,0,0,1
0.0,0.028188462349676622,-0.13134599417181114,-0.0690649787986557,0.8663719046514792,2-317-_jpg.rf.08076bab9ee240350a1f0ba6f6bd2370.jpg,0,0,1,0,0
0.0,0.02832387386548954,-0.13134599417181114,-0.0690649787986557,0.8697669421281701,2-317-_jpg.rf.bf5cb466c76fbec22bcfbc62ed80ef34.jpg,0,0,1,0,0
0.09446888196101845,0.0,-0.13134599417181114,-0.0690649787986557,0.9623538806725297,2-32-_jpg.rf.13c7e1d597cad86eac2dee06e4968cf7.jpg,0,0,0,0,1
0.09375283961958371,0.0,-0.13134599417181114,-0.0690649787986557,0.9599208543267322,2-32-_jpg.rf.ec318882ac436c9536a3976f0a1982c8.jpg,0,1,0,0,0
0.09423838348533678,0.0,-0.13134599417181114,-0.0690649787986557,0.9610770284462552,2-32-_jpg.rf.fe96d5800f8dc8afe3e379cff762be89.jpg,0,0,0,0,1
0.04559894996296833,0.0,-0.13134599417181114,-0.0690649787986557,0.9402381053908556,2-320-_jpg.rf.1856273108cb38ecce0a0fb22c7efdce.jpg,0,0,0,0,1
0.04650661124519613,0.0,-0.13134599417181114,-0.0690649787986557,0.936973268511722,2-320-_jpg.rf.6c969da250a633c2a92f30fff511c721.jpg,0,0,0,0,1
0.045310744526413746,0.0,-0.13134599417181114,-0.0690649787986557,0.9361021103276982,2-320-_jpg.rf.c06958db5ae09e9f8276d3678a3b28cf.jpg,0,0,0,0,1
0.0,0.027455304731544575,-0.13134599417181114,-0.0690649787986557,0.9015176814088399,2-321-_jpg.rf.29401b4f0045d552cf7fcbe3ef54c2eb.jpg,0,0,0,0,1
0.0,0.027572904636845866,-0.13134599417181114,-0.0690649787986557,0.9040830044979694,2-321-_jpg.rf.d44405972dc34b8148adac099e9077d1.jpg,0,0,0,0,1
0.0,0.0,-0.13134599417181114,1.1834400810167647,0.8560650360968279,2-325-_jpg.rf.b8472210757346db5ae571090ceaf86e.jpg,0,0,0,0,1
0.0,0.0,-0.13134599417181114,1.1834400810167647,0.8497847437958875,2-325-_jpg.rf.f18e9db912d73af6d3018e65511436f3.jpg,0,0,0,0,1
0.0350089698898683,0.0,-0.13134599417181114,-0.0690649787986557,0.8849875956082033,2-33-_jpg.rf.250f7257c94d58b36976a65ec5f1a8d5.jpg,0,0,0,0,1
0.03492351778762574,0.0,-0.13134599417181114,-0.0690649787986557,0.884527880894841,2-33-_jpg.rf.754ffca1b82977cae3467fa658d6e3a1.jpg,0,0,0,0,1
0.0,0.048911752140300684,-0.13134599417181114,-0.0690649787986557,0.9227542732626665,2-330-_jpg.rf.3fc7703219d4c824b1d64b039535c0f4.jpg,0,0,1,0,0
0.0,0.04848446222689275,-0.13134599417181114,-0.0690649787986557,0.9150748934918387,2-330-_jpg.rf.bdd3fa22e8e130aca3bb188cecdead0d.jpg,0,0,1,0,0
0.0,0.049151610580917056,-0.13134599417181114,-0.0690649787986557,0.9294439128884936,2-330-_jpg.rf.c1b5c22b4c9f963a349bba344412b598.jpg,0,0,1,0,0
0.0,0.06990954890706315,-0.13134599417181114,-0.0690649787986557,0.9016703407111276,2-334-_jpg.rf.b9184146ac0a6245ec7715965e56b807.jpg,0,0,0,0,1
0.0,0.07020719494616127,-0.13134599417181114,-0.0690649787986557,0.9047194542450904,2-334-_jpg.rf.b9383ce53ea721d7a856a92e5d08fffc.jpg,0,0,0,0,1
0.0,0.0703864782603543,-0.13134599417181114,-0.0690649787986557,0.9000846962672794,2-334-_jpg.rf.c03c7437af48c14c1868dc6a58b53c16.jpg,0,0,0,0,1
0.05187787164179551,0.0,-0.13134599417181114,-0.0690649787986557,0.9317583572733144,2-335-_jpg.rf.7a11eb7f1ff9a59ef8540edf472ae585.jpg,0,1,0,0,0
0.05257763239835868,0.0,-0.13134599417181114,-0.0690649787986557,0.9401092223706425,2-335-_jpg.rf.7cc4bb7ca72d410bbd3665cbed8c8417.jpg,0,1,0,0,0
0.053301179737650875,0.0,-0.13134599417181114,-0.0690649787986557,0.9338222224032227,2-335-_jpg.rf.928dd78c9516b0dac3a3610231007e8d.jpg,0,1,0,0,0
0.0,0.0,-0.13134599417181114,0.18143603316442836,0.8914952298908949,2-339-_jpg.rf.22f284b1f7e6909fce38425feb24a2f3.jpg,0,0,0,0,1
0.0,0.0,-0.13134599417181114,0.18143603316442836,0.8887229273789696,2-339-_jpg.rf.375a7c850a53a40a8909f7462a91abce.jpg,0,0,0,0,1
0.0,0.0,-0.13134599417181114,0.18143603316442836,0.8772004739445486,2-339-_jpg.rf.f2963d16866920303dee926e34c0e840.jpg,0,0,0,0,1
0.0,0.07090087302408017,-0.13134599417181114,-0.0690649787986557,0.8568057541237775,2-340-_jpg.rf.36c4c67057fb59de2bba6e9efc62ecd0.jpg,0,0,1,0,0
0.0,0.09518983835136216,-0.13134599417181114,-0.0690649787986557,0.964224960281032,2-341-_jpg.rf.26dff9c49dc988d90b1f3edb624baf00.jpg,0,0,1,0,0
0.0,0.09078911001572128,-0.13134599417181114,-0.0690649787986557,0.9724173567577823,2-341-_jpg.rf.a00f6c59485cab5c1bef5b887453ef82.jpg,0,0,1,0,0
0.0,0.06527335376852945,-0.13134599417181114,-0.0690649787986557,0.9112327181764346,2-344-_jpg.rf.420dfef11a3dff3de79801918038d038.jpg,0,0,0,0,1
0.0,0.0646703453292932,-0.13134599417181114,-0.0690649787986557,0.9129048436059648,2-344-_jpg.rf.baf74da85db55c30cc4117a9e88f7325.jpg,0,0,0,0,1
0.0,0.0,-0.13134599417181114,1.1834400810167647,0.8772426963094418,2-346-_jpg.rf.36e7600647acd6ee39c1b967b1031db3.jpg,0,0,0,0,1
0.0,0.0,-0.13134599417181114,0.9329390690536805,0.8725496654790902,2-346-_jpg.rf.a39654be9c80a3c4cbf9aa87d7ae3245.jpg,0,0,0,0,1
0.0,0.0,-0.13134599417181114,0.9329390690536805,0.8668209589663294,2-346-_jpg.rf.e59749422469aa8cf2155ead9ce77559.jpg,0,0,0,0,1
0.0,0.0,4.253915424145109,-0.0690649787986557,0.955916317548597,2-347-_jpg.rf.739d85fe588da3ff997d17f8054d3c75.jpg,0,0,0,1,0
0.0,0.0,5.130967707808494,-0.0690649787986557,0.9671625588597733,2-347-_jpg.rf.dbf2634af2902d173cc49835adecd13c.jpg,0,0,0,1,0
0.10999352389146672,0.0,-0.13134599417181114,-0.0690649787986557,0.8150228611647191,2-353-_jpg.rf.499cb53cc5cd1bc45df6b5bc26d280f9.jpg,0,1,0,0,0
0.11334970649665765,0.0,-0.13134599417181114,-0.0690649787986557,0.8261523771011765,2-353-_jpg.rf.e874f002826b38493882acf0683ccb8b.jpg,0,1,0,0,0
0.0,0.09766024114365338,-0.13134599417181114,-0.0690649787986557,0.9802518513159483,2-354-_jpg.rf.006f216d6bdd3e656dad069028656312.jpg,0,0,1,0,0
0.0,0.0975297493559325,-0.13134599417181114,-0.0690649787986557,0.979965517803105,2-354-_jpg.rf.8973aaa040236e00bfda270f02596633.jpg,0,0,1,0,0
0.0,0.09797809798182601,-0.13134599417181114,-0.0690649787986557,0.9784107166470866,2-354-_jpg.rf.e37d7eb01f643d0d93cd9c5e7508b24a.jpg,0,0,1,0,0
0.0,0.0,-0.13134599417181114,0.4319370451275124,0.92278146326786,2-357-_jpg.rf.08dc57cfef51371b03f0d7eeef48b31c.jpg,0,0,0,0,1
0.0,0.0,-0.13134599417181114,0.4319370451275124,0.9185463504544923,2-357-_jpg.rf.a2b7ac6df6cb04e70a225d0bfc5fbd64.jpg,0,0,0,0,1
0.0,0.0,-0.13134599417181114,0.4319370451275124,0.9200142513956737,2-357-_jpg.rf.e44b60785283538c081bd60ac9dfbd15.jpg,0,0,0,0,1
0.0,0.0,3.0845123792605973,-0.0690649787986557,0.9083146436983389,2-358-_jpg.rf.963b9bb1e0155f907da4ae9b32abb29e.jpg,0,0,0,1,0
0.0,0.07067373658849055,-0.13134599417181114,-0.0690649787986557,0.9338064114750925,2-359-_jpg.rf.9c50540ce06fbf8e288377d1b4db2bed.jpg,0,0,1,0,0
0.0,0.07074818185038403,-0.13134599417181114,-0.0690649787986557,0.9340106359634412,2-359-_jpg.rf.e46b1ae17f021fcae4596524722422dc.jpg,0,0,1,0,0
0.13823724947032864,0.0,-0.13134599417181114,-0.0690649787986557,0.8395871143810453,2-364-_jpg.rf.4a9cf1d2d64a37e47702f483fb698411.jpg,0,1,0,0,0
0.13678672019010468,0.0,-0.13134599417181114,-0.0690649787986557,0.8421817236211433,2-364-_jpg.rf.62ad97da12736cd52b8194514964cb8b.jpg,0,1,0,0,0
0.13914992275562887,0.0,-0.13134599417181114,-0.0690649787986557,0.8756767556358771,2-365-_jpg.rf.a2727577d43aa8a59edcb4be32455218.jpg,0,1,0,0,0
0.1378794478781512,0.0,-0.13134599417181114,-0.0690649787986557,0.8692833313529746,2-365-_jpg.rf.dff3b815cd02a1aeecc7725c87a5fc44.jpg,0,1,0,0,0
0.0,0.08364287115573114,-0.13134599417181114,-0.0690649787986557,0.8464930163609568,2-366-_jpg.rf.a2a63ac7a10cf934064ed54e4d8c87fe.jpg,0,0,0,0,1
0.0,0.08205461357760088,-0.13134599417181114,-0.0690649787986557,0.8517483532678792,2-366-_jpg.rf.fd88d15a2e51c3fe8425dc168041e35a.jpg,0,0,0,0,1
0.0,0.09234678006178491,-0.13134599417181114,-0.0690649787986557,0.9383191737688078,2-369-_jpg.rf.f1df86f69cb1228cce354e5683b13370.jpg,0,0,1,0,0
0.09432802396629629,0.0,-0.13134599417181114,-0.0690649787986557,0.8249820090802639,2-37-_jpg.rf.6202b18ef3ff15dc84066de43a0db3bb.jpg,0,0,0,0,1
0.09379061368303573,0.0,-0.13134599417181114,-0.0690649787986557,0.7896629110122635,2-37-_jpg.rf.72956d572c61c5dd6c003e2e78bdc85a.jpg,0,0,0,0,1
0.09496886557374092,0.0,-0.13134599417181114,-0.0690649787986557,0.8133419319229346,2-37-_jpg.rf.9ee1a95f1c5892bed096ce8bb1d2edcd.jpg,0,0,0,0,1
0.10009869875119014,0.0,-0.13134599417181114,-0.0690649787986557,0.8331058915351165,2-370-_jpg.rf.191027a3f239fbcef11ba197b7cd4ad7.jpg,0,1,0,0,0
0.09343587308125083,0.0,-0.13134599417181114,-0.0690649787986557,0.8326583344672484,2-370-_jpg.rf.29c0403ef38bf5e3adddf4a72a177281.jpg,0,1,0,0,0
0.09266774802106029,0.0,-0.13134599417181114,-0.0690649787986557,0.8309205697300259,2-370-_jpg.rf.61438d4e3bdd692a4c572c7f6b682c19.jpg,0,1,0,0,0
0.061084692080285954,0.0,-0.13134599417181114,-0.0690649787986557,0.9045665553832856,2-373-_jpg.rf.7d28b5883267dae6f6358a252af26151.jpg,0,1,0,0,0
0.06065401376355321,0.0,-0.13134599417181114,-0.0690649787986557,0.9051038274903169,2-373-_jpg.rf.a415f3aa78e7167a1be97b00f4ba3414.jpg,0,1,0,0,0
0.06112585691160185,0.0,-0.13134599417181114,-0.0690649787986557,0.9055719267867786,2-373-_jpg.rf.c968e4a7efa475546e58f295bbb97cb3.jpg,0,1,0,0,0
0.0,0.0,-0.13134599417181114,3.9389512126106894,0.8914060538606453,2-374-_jpg.rf.79c54988799386afb0acafee012f5c57.jpg,0,0,0,0,1
0.0,0.0,-0.13134599417181114,3.9389512126106894,0.8913903627122737,2-374-_jpg.rf.79dc9fa6dd6d305ed71614f0b8fa0ba1.jpg,0,0,0,0,1
0.0,0.0,-0.13134599417181114,4.189452224573773,0.8948110330572968,2-374-_jpg.rf.f97383cbb154a2024fc5a4c4bdc64263.jpg,0,0,0,0,1
0.0,0.0,4.838616946587366,-0.0690649787986557,0.9129377231496901,2-375-_jpg.rf.889d5709ae8b9371914ee73c8e3fee24.jpg,0,0,0,0,1
0.0,0.0,5.715669230250749,-0.0690649787986557,0.9167237217583285,2-375-_jpg.rf.c92ea49ad6e81af4aa0fc2de83805656.jpg,0,0,0,0,1
0.0,0.0,-0.13134599417181114,-0.0690649787986557,0.9317765637966158,2-377-_jpg.rf.70f5186f8858c16bcebab901dfb2f7b8.jpg,0,0,0,0,1
0.09074976552494057,0.0,-0.13134599417181114,-0.0690649787986557,0.8001104010034669,2-379-_jpg.rf.1435e33ed697c1d74393adea7f045c2b.jpg,0,0,0,0,1
0.08987253287144409,0.0,-0.13134599417181114,-0.0690649787986557,0.7996086435948492,2-379-_jpg.rf.1ac6d023b5e633fa77af883036af106e.jpg,0,0,0,0,1
0.07782323587024673,0.0,-0.13134599417181114,-0.0690649787986557,0.7777016444323493,2-379-_jpg.rf.a97052e496840f74f33b12fccd8ada9e.jpg,0,1,0,0,0
0.10896796101830701,0.0,-0.13134599417181114,-0.0690649787986557,0.923812168090289,2-38-_jpg.rf.163a93077fe4ee5d4d0597b09f83c41c.jpg,0,0,0,0,1
0.10910807834511833,0.0,-0.13134599417181114,-0.0690649787986557,0.9232514790404587,2-38-_jpg.rf.830ec5e2b36ed830cc7da7b795e9c9d7.jpg,0,0,0,0,1
0.10936535884808876,0.0,-0.13134599417181114,-0.0690649787986557,0.9200765368701261,2-38-_jpg.rf.c086b5f27fc7e0119e71b51862fa6e60.jpg,0,0,0,0,1
0.0,0.04241650777093396,-0.13134599417181114,-0.0690649787986557,0.9160357068251465,2-382-_jpg.rf.85e750bd70d88ff776e426e9f4737de5.jpg,0,0,0,0,1
0.0,0.055675572543609546,-0.13134599417181114,-0.0690649787986557,0.9098242878853794,2-382-_jpg.rf.c880a11812b9eaeda676bff5c6133b18.jpg,0,0,0,0,1
0.0,0.026558332786214098,-0.13134599417181114,-0.0690649787986557,0.9067239086147518,2-382-_jpg.rf.e707d6ed3e67212149b2ac481e1eb7be.jpg,0,0,0,0,1
0.0,0.0,-0.13134599417181114,-0.31956599076173975,0.0,2-383-_jpg.rf.9677567f5193f593d02301296d94e601.jpg,0,0,0,0,0
0.0,0.0,-0.13134599417181114,-0.31956599076173975,0.0,2-383-_jpg.rf.f478b86e4ea563cfb4a7b03973dd640d.jpg,0,0,0,0,0
0.0,0.0,-0.13134599417181114,-0.31956599076173975,0.0,2-386-_jpg.rf.b41b92a1696ae463f4148b2e9816d450.jpg,0,0,0,0,0
0.0,0.0,-0.13134599417181114,-0.31956599076173975,0.0,2-387-_jpg.rf.11a2e3823520e7dbef78c4f677417c7d.jpg,0,0,0,0,0
0.0,0.0,-0.13134599417181114,-0.31956599076173975,0.0,2-387-_jpg.rf.a8f5929690632bc40fc71dc2b0a47111.jpg,0,0,0,0,0
0.0,0.0,-0.13134599417181114,-0.31956599076173975,0.0,2-388-_jpg.rf.9ce9c209137c53135e906e7e6ccadc1e.jpg,0,0,0,0,0
0.0,0.0,-0.13134599417181114,-0.31956599076173975,0.0,2-389-_jpg.rf.8a9a43fb0eaa2c01f225e64636f1c8fe.jpg,0,0,0,0,0
0.0,0.0,-0.13134599417181114,-0.31956599076173975,0.0,2-389-_jpg.rf.b5f630ffae3442ea6dda0a4aa57599cb.jpg,0,0,0,0,0
0.0,0.0,-0.13134599417181114,3.437949188684521,0.9154259080743056,2-39-_jpg.rf.af7ca3416d521dff29b98af4a1e629b4.jpg,0,0,0,0,1
0.0,0.0,-0.13134599417181114,0.18143603316442836,0.9420978059222945,2-390-_jpg.rf.6dcd2df298b229ab087248eaf4b1cbcc.jpg,0,0,0,0,1
0.0,0.0,-0.13134599417181114,-0.0690649787986557,0.9119454077398804,2-396-_jpg.rf.af5c82023bbad76c9041511cbbf3c292.jpg,0,0,0,0,1
0.0,0.0479069512527835,-0.13134599417181114,0.18143603316442836,0.8533683146125556,2-4-_jpg.rf.1bf29cb58e9b8bdc1beae00924a2ee8e.jpg,0,0,1,0,0
0.0,0.047634897381736235,-0.13134599417181114,0.18143603316442836,0.8513556553294326,2-4-_jpg.rf.76bd53decc6409f12ee008b3b8622223.jpg,0,0,1,0,0
0.0,0.047660013060917564,-0.13134599417181114,0.18143603316442836,0.8543879398073174,2-4-_jpg.rf.ca3e9c27d013bebb2fbbaf98eea93ed1.jpg,0,0,1,0,0
0.0,0.04790948575228833,-0.13134599417181114,0.18143603316442836,0.8533296856404192,2-4-_jpg.rf.eb420ec055ed3a5a0b5286ccf5e235e5.jpg,0,0,1,0,0
0.0,0.0,10.393281409788797,-0.0690649787986557,0.9277825077473547,2-41-_jpg.rf.7b605e7ad784613bf051fb61e6d8bcc4.jpg,0,0,0,1,0
0.0,0.0,-0.13134599417181114,-0.31956599076173975,0.0,2-412-_jpg.rf.0699dbbff24753828cb6c89473470ce3.jpg,0,0,0,0,0
0.05179611304723215,0.0,-0.13134599417181114,-0.0690649787986557,0.8503572311519363,2-42-_jpg.rf.9b592af26846b3c560df2f11c4c244f5.jpg,0,0,0,0,1
0.0,0.0,-0.13134599417181114,-0.31956599076173975,0.0,2-435-_jpg.rf.7be575363a4017d8498722b5dfd143bd.jpg,0,0,0,0,0
0.12277289475342822,0.0,-0.13134599417181114,-0.0690649787986557,0.9368067746473204,2-44-_jpg.rf.051ee70ff935abf7a627426cf11d25e9.jpg,0,1,0,0,0
0.12418338065056962,0.0,-0.13134599417181114,-0.0690649787986557,0.9309912278096019,2-44-_jpg.rf.a43b2b4102c10768240d9e5ea7138f37.jpg,0,1,0,0,0
0.12216405569402541,0.0,-0.13134599417181114,-0.0690649787986557,0.9226331759267599,2-44-_jpg.rf.c2c02d22f9485066eda00170d54c08f5.jpg,0,1,0,0,0
0.0,0.0,6.885072275135262,-0.0690649787986557,0.8938661504318779,2-45-_jpg.rf.a217e0bc3741c72c878bfdddd6858fb1.jpg,0,0,0,0,1
0.0,0.0,6.5927215139141335,-0.0690649787986557,0.8916250711491766,2-45-_jpg.rf.c09301013ea39aa82faf9489c324a003.jpg,0,0,0,0,1
0.09173479531595582,0.0,-0.13134599417181114,-0.0690649787986557,0.951612151704418,2-46-_jpg.rf.01f80474768b8b1cb2bcf15986f82349.jpg,0,1,0,0,0
0.09078270686341444,0.0,-0.13134599417181114,-0.0690649787986557,0.9580278550224132,2-46-_jpg.rf.176c63a668328789b419d9c9defae408.jpg,0,1,0,0,0
0.0919160866402581,0.0,-0.13134599417181114,-0.0690649787986557,0.9662661271466928,2-46-_jpg.rf.ee4107415941e9b1aa6092eae612640e.jpg,0,1,0,0,0
0.0,0.0,-0.13134599417181114,4.439953236536857,0.9082107347577861,2-48-_jpg.rf.264f72fa4c1c496a3ba0ecf775f4f2bd.jpg,0,0,0,0,1
0.0,0.0,-0.13134599417181114,4.439953236536857,0.9063461831461255,2-48-_jpg.rf.6b5f6004ab4ec899b29b51b2730901ca.jpg,0,0,0,0,1
0.0,0.0,-0.13134599417181114,4.189452224573773,0.910970160945666,2-48-_jpg.rf.8bd0b449b6387bca74928103690e4ca5.jpg,0,0,0,0,1
0.0,0.0,-0.13134599417181114,5.4419572843891935,0.9222833591418785,2-49-_jpg.rf.18aba2c64026ad48edc9a959554abcc8.jpg,0,0,0,0,1
0.0,0.0,-0.13134599417181114,5.692458296352277,0.9201228317468104,2-49-_jpg.rf.ae3664a594d6a51e9fe0673d7b465acc.jpg,0,0,0,0,1
0.0,0.02294425664893599,-0.13134599417181114,-0.0690649787986557,0.8410601658518448,2-5-_jpg.rf.5e310866152bbd0e8b9d87a059f1d703.jpg,0,0,1,0,0
0.0,0.02294596088276567,-0.13134599417181114,-0.0690649787986557,0.8396708404322804,2-5-_jpg.rf.9b987d7011411938cbee22b4f72afe2b.jpg,0,0,1,0,0
0.0,0.023504212740363933,-0.13134599417181114,-0.0690649787986557,0.8386207911788436,2-5-_jpg.rf.cb07570ac21b8ce90ac554d639a24e60.jpg,0,0,1,0,0
0.0,0.0,-0.13134599417181114,2.686446152795269,0.8864598685105722,2-51-_jpg.rf.64d3b00c41884254a61d1a877d3c5f76.jpg,0,0,0,0,1
0.0,0.0,-0.13134599417181114,2.435945140832185,0.8824830008566648,2-51-_jpg.rf.7ccd1acb04d984775113408f1469438d.jpg,0,0,0,0,1
0.0,0.0,-0.13134599417181114,2.686446152795269,0.8607951387624546,2-54-_jpg.rf.3b0e9aa30b692eb08b248fe310601c96.jpg,0,0,0,0,1
0.0,0.0,-0.13134599417181114,2.435945140832185,0.8572083937821847,2-54-_jpg.rf.46162519f65d86a9d3b261d774deb8b2.jpg,0,0,0,0,1
0.0,0.0,-0.13134599417181114,2.435945140832185,0.8744441021405122,2-54-_jpg.rf.f3df5350c9bfc2908a5a411728296d89.jpg,0,0,0,0,1
0.0,0.026308043451777768,-0.13134599417181114,-0.0690649787986557,0.9155124489498668,2-55-_jpg.rf.3c2b6c3df7917f8d5dd3d3d168b18521.jpg,0,0,0,0,1
0.0,0.02819439577364634,-0.13134599417181114,-0.0690649787986557,0.914624461709765,2-55-_jpg.rf.d0757c9d8d6fb1f7322756afdbeae0e6.jpg,0,0,0,0,1
0.0,0.11084177701602106,-0.13134599417181114,-0.0690649787986557,0.9610770284462552,2-57-_jpg.rf.0f05fe6fef376a73d54ba3acbd975edd.jpg,0,0,0,0,1
0.0,0.10987809216952034,-0.13134599417181114,-0.0690649787986557,0.9573343901102165,2-57-_jpg.rf.923ef7d8305c7460c7ea6053b64386d3.jpg,0,0,0,0,1
0.0,0.10197230704856884,-0.13134599417181114,-0.0690649787986557,0.9604884906025593,2-57-_jpg.rf.ba99beaf8f9d70100111b4f4f6940ffa.jpg,0,0,0,0,1
0.0,0.03865364534435388,-0.13134599417181114,-0.0690649787986557,0.9338947490470322,2-59-_jpg.rf.6d01d3155f8998c5e762044c25a3da00.jpg,0,0,1,0,0
0.0,0.038697539975049745,-0.13134599417181114,-0.0690649787986557,0.9338373146528015,2-59-_jpg.rf.8e8c2e9f39917c99f762fd3e63af1a82.jpg,0,0,1,0,0
0.0,0.03879899288836037,-0.13134599417181114,-0.0690649787986557,0.9254660271066384,2-59-_jpg.rf.9537779fc4631b711cb72249d39d7ce7.jpg,0,0,1,0,0
0.0,0.04743609349232126,-0.13134599417181114,-0.0690649787986557,0.910502001759325,2-6-_jpg.rf.07dece0b759d72ac96352260a8e17e09.jpg,0,0,1,0,0
0.0,0.04844459649170823,-0.13134599417181114,-0.0690649787986557,0.9210771769731558,2-6-_jpg.rf.7e2f65707b2f08926e579f210c943ba1.jpg,0,0,1,0,0
0.0,0.04757836760808443,-0.13134599417181114,-0.0690649787986557,0.9184006383782012,2-6-_jpg.rf.fef1c2c017053396d225c07d4a6398b4.jpg,0,0,1,0,0
0.0,0.08125755564439652,-0.13134599417181114,-0.0690649787986557,0.8940625892359201,2-60-_jpg.rf.11e1c9ea5b94da78389a7eb10e0d208c.jpg,0,0,1,0,0
0.0,0.08285029885741986,-0.13134599417181114,-0.0690649787986557,0.8955835526101447,2-60-_jpg.rf.d58e46592561706982a217e1f43a2140.jpg,0,0,1,0,0
0.0,0.08240183805148854,-0.13134599417181114,-0.0690649787986557,0.9374106443001125,2-61-_jpg.rf.8f59fff695dbbe401ba54643d7cebc6e.jpg,0,0,0,0,1
0.0,0.0844754587626107,-0.13134599417181114,-0.0690649787986557,0.9379964870992408,2-61-_jpg.rf.9131ceaa03920a3153951985bcc92e8e.jpg,0,0,0,0,1
0.0,0.05451884779633666,-0.13134599417181114,-0.0690649787986557,0.8950638881276219,2-62-_jpg.rf.5828c821929218639c0dd77c8d7cbf1a.jpg,0,0,0,0,1
0.0,0.04776848026482517,-0.13134599417181114,-0.0690649787986557,0.9552011126102212,2-63-_jpg.rf.9813a6b4f16d725b94170598e2c54ae7.jpg,0,0,1,0,0
0.0,0.04744861738978219,-0.13134599417181114,-0.0690649787986557,0.9589559684816333,2-63-_jpg.rf.d1b01c3952a66cc33ef9270535cf5e67.jpg,0,0,1,0,0
0.0,0.047104642844763546,-0.13134599417181114,-0.0690649787986557,0.9580819954732833,2-63-_jpg.rf.e8bc034c8f38e62735978b1d1105329e.jpg,0,0,1,0,0
0.0,0.055932670483912456,-0.13134599417181114,-0.0690649787986557,0.9537408176837086,2-64-_jpg.rf.432de85e4bb39798429fc284c90551e9.jpg,0,0,0,0,1
0.0,0.055841702582594126,-0.13134599417181114,-0.0690649787986557,0.9620840767663681,2-64-_jpg.rf.5a4b874970a6d92de2bd96b286ff5100.jpg,0,0,0,0,1
0.0,0.05622264236763035,-0.13134599417181114,-0.0690649787986557,0.961238012441763,2-64-_jpg.rf.61a98c6a47a1442b319dd0dee28cb1e6.jpg,0,0,0,0,1
0.0,0.11316453973771257,-0.13134599417181114,-0.0690649787986557,0.9442613278113267,2-65-_jpg.rf.52a047c8718618d1b465f7bfb30372ba.jpg,0,0,0,0,1
0.0,0.11034744827478873,-0.13134599417181114,-0.0690649787986557,0.9447797346063845,2-65-_jpg.rf.ca6f0f5290b0838ae15c3dddc448256a.jpg,0,0,0,0,1
0.1247843736689536,0.0,-0.13134599417181114,-0.0690649787986557,0.8476611684563359,2-66-_jpg.rf.43666ec84c09896050749566fe028f46.jpg,0,1,0,0,0
0.12682806651783163,0.0,-0.13134599417181114,-0.0690649787986557,0.8585963417345258,2-66-_jpg.rf.900a8654aceb584d6d0c908fd150fc38.jpg,0,1,0,0,0
0.12772044681329198,0.0,-0.13134599417181114,-0.0690649787986557,0.8571779098336306,2-66-_jpg.rf.f03a442602258351b88a51374ee5f4cd.jpg,0,1,0,0,0
0.04548732663866659,0.0,-0.13134599417181114,-0.0690649787986557,0.8822181678104835,2-67-_jpg.rf.7f1cbc9284bd61ec51a4fb4942240920.jpg,0,0,0,0,1
0.04506806927364063,0.0,-0.13134599417181114,-0.0690649787986557,0.892703388425634,2-67-_jpg.rf.96b9d6b9e75027264319763746c824db.jpg,0,0,0,0,1
0.04550403099415982,0.0,-0.13134599417181114,-0.0690649787986557,0.887249217119498,2-67-_jpg.rf.c440105eb2e903c29624b1a1db0d6f27.jpg,0,0,0,0,1
0.0,0.0,-0.13134599417181114,0.18143603316442836,0.9393322110768487,2-70-_jpg.rf.0abad873ea20e6c26c1d20a2149feb28.jpg,0,0,0,0,1
0.0,0.0,-0.13134599417181114,0.18143603316442836,0.9392547734629382,2-70-_jpg.rf.73a8a15ddf7e9e160c43db2932a7d5e8.jpg,0,0,0,0,1
0.0,0.0,-0.13134599417181114,0.18143603316442836,0.9362755514180965,2-70-_jpg.rf.a47eb2e400aa3be25f94922687e71d6b.jpg,0,0,0,0,1
0.0,0.0,-0.13134599417181114,5.4419572843891935,0.8731428148434909,2-71-_jpg.rf.fc651b2c1d9e1b30195d7912c64d7851.jpg,0,0,0,0,1
0.0,0.0,-0.13134599417181114,7.195464368130781,0.915858193222957,2-72-_jpg.rf.748fb32a9120b3c18ee056680719d913.jpg,0,0,0,0,1
0.0,0.0,-0.13134599417181114,6.694462344204614,0.9278745584918099,2-72-_jpg.rf.8b545ddf0ffd76860012f06365a5155f.jpg,0,0,0,0,1
0.0,0.0530756782307541,-0.13134599417181114,-0.0690649787986557,0.9464358095482673,2-75-_jpg.rf.bdf60c010d12926d9d5d934827467846.jpg,0,0,1,0,0
0.0,0.05301341289252106,-0.13134599417181114,-0.0690649787986557,0.9457509687786871,2-75-_jpg.rf.ceb43eb5cabb6dec1afcc2224f595502.jpg,0,0,1,0,0
0.0,0.05336579480186426,-0.13134599417181114,-0.0690649787986557,0.9339648202057912,2-75-_jpg.rf.e2f3c21fd0e3fa55a6cd6ffc3458e0e2.jpg,0,0,1,0,0
0.0,0.0,-0.13134599417181114,0.4319370451275124,0.91852820382107,2-76-_jpg.rf.9c0f093086a790a677608b01e3c6f0e4.jpg,0,0,0,0,1
0.0,0.0,-0.13134599417181114,0.4319370451275124,0.9195381268553884,2-76-_jpg.rf.d30d246a0bc9b3463bbb8e357a77ed1a.jpg,0,0,0,0,1
0.10711121174645034,0.0,-0.13134599417181114,-0.0690649787986557,0.8883779017844309,2-77-_jpg.rf.5a3bdec74d559dbee05b03116a0f9563.jpg,0,0,0,0,1
0.09675607102422562,0.0,-0.13134599417181114,-0.0690649787986557,0.8477195011987557,2-79-_jpg.rf.ba52ca153e0b35e38d4ad475ab28cd70.jpg,0,0,0,0,1
0.0,0.000919643054394682,-0.13134599417181114,-0.0690649787986557,0.6433573859073843,2-8-_jpg.rf.48510b2ecc10c1a7750d7eef06ae0802.jpg,0,0,0,0,1
0.0,0.04194331784530313,-0.13134599417181114,-0.0690649787986557,0.7259047444283248,2-8-_jpg.rf.5f95b469ace3ba8be7361592ff5f1123.jpg,0,0,0,0,1
0.0,0.036138504168804056,-0.13134599417181114,-0.0690649787986557,0.748213544790922,2-8-_jpg.rf.ffb5c4cc827a272e57fb375631477eb1.jpg,0,0,0,0,1
0.0,0.1042991024349651,-0.13134599417181114,-0.0690649787986557,0.8775688565920071,2-81-_jpg.rf.593dd939428a68847e6a017dc1b875c0.jpg,0,0,0,0,1
0.0,0.0,-0.13134599417181114,6.443961332241529,0.9366515400802237,2-83-_jpg.rf.32b0a6a58a93df7d4d2254b19821860e.jpg,0,0,0,0,1
0.0,0.0,-0.13134599417181114,6.443961332241529,0.9355175252160347,2-83-_jpg.rf.a935fe626157ff3a644c0823cf307a54.jpg,0,0,0,0,1
0.0,0.0,-0.13134599417181114,6.694462344204614,0.9435632513784254,2-83-_jpg.rf.cbaac0d24e84740784dcaa297521d60a.jpg,0,0,0,0,1
0.0,0.0,-0.13134599417181114,0.9329390690536805,0.8969828197496699,2-85-_jpg.rf.0514cb62ee7d27d8aa8d1429f59f8022.jpg,0,0,0,0,1
0.0,0.0,-0.13134599417181114,0.18143603316442836,0.8871521955150625,2-89-_jpg.rf.24ade4ad263fd3224fcd75d6d4cc98ae.jpg,0,0,0,0,1
0.0,0.0,-0.13134599417181114,0.18143603316442836,0.8889427232359316,2-89-_jpg.rf.8bbdc47a059934a2d2c83ad8fc01e7f1.jpg,0,0,0,0,1
0.0,0.022133424035472908,-0.13134599417181114,-0.0690649787986557,0.7957691633240128,2-9-_jpg.rf.81d082cd25e54ba58ff5caee6987ee34.jpg,0,0,1,0,0
0.15447908734886917,0.0,-0.13134599417181114,-0.0690649787986557,0.8138269201653535,2-94-_jpg.rf.ac06281f1828d4aa18cf53e68ee51836.jpg,0,1,0,0,0
0.14770180554566611,0.0,-0.13134599417181114,-0.0690649787986557,0.802909953410465,2-94-_jpg.rf.cfdaf0b9e649c051af745ef39d92a944.jpg,0,1,0,0,0
0.0,0.0,-0.13134599417181114,1.934943116906017,0.9256921712908042,2-96-_jpg.rf.20f3542f8bde8c1febdd8e43eb08b129.jpg,0,0,0,0,1
0.0,0.06652848796828409,-0.13134599417181114,-0.0690649787986557,0.9177471200154851,2-97-_jpg.rf.10db055b2602e257123e871dd1598175.jpg,0,0,0,0,1
0.0,0.06646190893552498,-0.13134599417181114,-0.0690649787986557,0.9085300675941133,2-97-_jpg.rf.1f23bc54a98dbe9074621b8398dd0516.jpg,0,0,0,0,1
0.0,0.06839715219440354,-0.13134599417181114,-0.0690649787986557,0.9134151652673196,2-97-_jpg.rf.352090cb170cee5f2b82b0525f576d18.jpg,0,0,0,0,1
0.0,0.0,-0.13134599417181114,0.9329390690536805,0.8688440989783265,2-98-_jpg.rf.0ba056f32780051e3c204d33a457a1ba.jpg,0,0,0,0,1
0.0,0.10251235658695866,-0.13134599417181114,-0.0690649787986557,0.9383154007064131,2-99-_jpg.rf.9879269aab91c1caf66d18c70752acd0.jpg,0,0,0,0,1
0.0,0.03135686111403881,-0.13134599417181114,0.9329390690536805,0.9431889995227973,2019-01-28_16-20-24_956_jpg.rf.aa09afb4d3fc9ee514f19640cf8f197f.jpg,0,0,0,0,1
0.0,0.019602208444294805,-0.13134599417181114,0.9329390690536805,0.9513035391564821,2019-01-28_17-10-25_590_jpg.rf.e6c82acab9e98358a010265c8855fed9.jpg,0,0,0,0,1
0.0,0.03662302827623606,-0.13134599417181114,0.9329390690536805,0.9503205665678404,2019-02-28_11-25-47_539_jpg.rf.f9aab497f5135a923561c692b6bb4ec5.jpg,0,0,0,0,1
0.0,0.0,-0.13134599417181114,0.4319370451275124,0.9140976703316078,237v5_jpg.rf.2937a230887861fe8834667473e6e52e.jpg,0,0,0,0,1
0.0,0.0,-0.13134599417181114,0.6824380570905965,0.9273893905797531,23_jpeg_jpg.rf.331a40044b1f184cf4baa6b9236cf240.jpg,0,0,0,0,1
0.0,0.0,-0.13134599417181114,-0.0690649787986557,0.8353487675141963,24_jpg.rf.a65d70aa77331fc3fbbcc8f1e849f5c1.jpg,0,0,0,0,1
0.0,0.031865881612864834,-0.13134599417181114,-0.0690649787986557,0.9146118848351159,28_png_jpg.rf.d94fc479b5870f030fe75740670739aa.jpg,0,0,1,0,0
0.2226941138753251,0.0,-0.13134599417181114,-0.31956599076173975,0.8945738092454641,2NewDirty3_jpg.rf.3c8d50799a4e2ae64566dc33260f2bed.jpg,0,1,0,0,0
0.0,0.0,-0.13134599417181114,0.18143603316442836,0.9239111660607408,2NewPhysical14_jpg.rf.ee791affd50359b6f77712ff71707a9f.jpg,0,0,0,0,1
0.0,0.015022477172816663,-0.13134599417181114,0.18143603316442836,0.9618181657023597,31_png_jpg.rf.257795b5f668931c96141c1ebfb83fc5.jpg,0,0,0,0,1
0.0,0.01786056752585256,-0.13134599417181114,0.18143603316442836,0.9543981689986987,36_png_jpg.rf.e3fa8e63a9cff334111b07d0989e58d8.jpg,0,0,0,0,1
0.0,0.049644871988943,-0.13134599417181114,-0.0690649787986557,0.8438786434606959,53_png_jpg.rf.413299f8e8cc99059e660ac6f72b2e47.jpg,0,0,0,0,1
0.0,0.0,-0.13134599417181114,-0.31956599076173975,0.0,55544_jpg.rf.0e21112b4b1c2aa7c5350300035c61cd.jpg,0,0,0,0,0
0.0,0.07538377629116468,-0.13134599417181114,0.18143603316442836,0.9007298300468961,59_png_jpg.rf.169e26e84b54e882937e5dbfd1551089.jpg,0,0,0,0,1
0.0,0.057606628554319424,-0.13134599417181114,0.18143603316442836,0.9164261888380596,67_png_jpg.rf.8f7bcbfc85bc26fe5c8c97cd38ff82df.jpg,0,0,0,0,1
0.0,0.05198984711040929,-0.13134599417181114,0.18143603316442836,0.9411959242301994,69_png_jpg.rf.98b30a635d6a2f339a45fdbc4a2be6ca.jpg,0,0,0,0,1
0.0,0.0,-0.13134599417181114,-0.31956599076173975,0.0,75845_jpg.rf.2e5454c99db65afce2eec9dfcaf095b2.jpg,0,0,0,0,0
0.0,0.0,-0.13134599417181114,-0.31956599076173975,0.0,784555_jpg.rf.81ff660d7dcb48133266c38dfa7f80ef.jpg,0,0,0,0,0
0.20192023039045615,0.0,-0.13134599417181114,0.18143603316442836,0.919954900525306,7_JPG_jpg.rf.754aa7615e0684148614e9c375921fb6.jpg,0,0,0,0,1
0.0,0.0,-0.13134599417181114,-0.31956599076173975,0.0,87899554_jpg.rf.7313a2396473e1d365f4997a914bab19.jpg,0,0,0,0,0
0.0,0.021891426306140663,-0.13134599417181114,1.4339410929798488,0.8691915201680366,88_png_jpg.rf.48287a3696535f50e78572021405475a.jpg,0,0,0,0,1
0.0,0.0,-0.13134599417181114,-0.0690649787986557,0.8866016278548308,91_jpg.rf.3c29bcdbc06d319ef84c7dd0f9c98d0b.jpg,0,0,0,0,1
0.06378546510702739,0.0,0.7457062894915729,-0.31956599076173975,0.8164978890015351,awOUJN8LjfZ8rQdqL7F5DLmCefzcPCuM24rQsdv0uN8-_plaintext_638173789915824201_jpg.rf.9096d45da206429753627fc1106d12ac.jpg,0,1,0,0,0
0.0,0.0,2.7921616180394695,-0.31956599076173975,0.795866544267724,AZgfDPYo2gEA-RJkxdhnGDcV2EQ-sde-S051RkmBxSI-_plaintext_638173789917569174_jpg.rf.a97fd7141da474d76d78c659d5625ead.jpg,0,0,0,1,0
0.0655997483603714,0.0,-0.13134599417181114,-0.31956599076173975,0.9051546739978267,Bird-100-_jpg.rf.17c62747adc6e391ac455808cdfba7c9.jpg,0,1,0,0,0
0.0,0.0,0.16100476704931688,-0.0690649787986557,0.9716565157313943,Bird-101-_jpg.rf.3c40c81d65e563f4a20b7f24f7fe5460.jpg,0,0,0,0,1
0.0,0.0,0.16100476704931688,-0.31956599076173975,0.6353333997711728,Bird-108-_jpg.rf.e44e6420326e4429924c54749186291e.jpg,0,0,0,1,0
0.0,0.0,13.316789022000078,-0.31956599076173975,0.6494256680356694,Bird-109-_jpg.rf.ddca0ee3146b8c6d563f6b44adb16693.jpg,0,0,0,1,0
0.0,0.0,0.16100476704931688,0.18143603316442836,0.7874532739161848,Bird-120-_jpg.rf.9bec098b336cd7aee450cf065c15af28.jpg,0,0,0,1,0
0.0,0.0,0.7457062894915729,-0.31956599076173975,0.648209124917831,Bird-123-_jpg.rf.8708d3f2b0b35c550b0f847c91219fe8.jpg,0,0,0,1,0
0.0,0.0,2.207460095597213,-0.31956599076173975,0.5451001334825629,Bird-124-_jpg.rf.847271befa2ffafc7076fd3765a65294.jpg,0,0,0,1,0
0.0,0.0,1.038057050712701,-0.0690649787986557,0.8103607934019559,Bird-145-_jpg.rf.9b116687b7d6890c026fdcdfc94780c2.jpg,0,0,0,1,0
0.0,0.0,1.330407811933829,-0.31956599076173975,0.4411937681945453,Bird-148-_jpg.rf.c74123ef62ec6798146af46d8eb00e67.jpg,0,0,0,1,0
0.0,0.0,1.622758573154957,-0.0690649787986557,0.9208801392703209,Bird-16-_JPG_jpg.rf.672c51a99b4f30edd5e5fe8b77f76d76.jpg,0,0,0,0,1
0.0,0.0,7.469773797577518,-0.0690649787986557,0.8517860838918264,Bird-161-_jpg.rf.3edd381e7c63734977140cf13233144d.jpg,0,0,0,0,1
0.0,0.0,0.16100476704931688,-0.0690649787986557,0.7524106874208255,Bird-169-_jpg.rf.06fbefc36d53d40a9dc26bf78256048b.jpg,0,0,0,1,0
0.08713079656682267,0.0,-0.13134599417181114,-0.0690649787986557,0.948215377421228,Bird-171-_JPG_jpg.rf.90c87c7921850fb065b950304fc9332f.jpg,0,0,0,0,1
0.0,0.0,0.7457062894915729,-0.31956599076173975,0.39805430957988924,Bird-179-_JPG_jpg.rf.479b3b2f9b96835bf3a7b3f48e63b365.jpg,0,0,0,1,0
0.0,0.0,3.6692139017028533,-0.31956599076173975,0.5947381830081392,Bird-180-_jpg.rf.49db3e91ab44a38ed785bfa4dfe57aed.jpg,0,0,0,1,0
0.0,0.0,0.16100476704931688,-0.31956599076173975,0.3822984501936599,Bird-185-_jpg.rf.76299d9afb9f8642019fd9eecf658288.jpg,0,0,0,1,0
0.0,0.0,-0.13134599417181114,-0.0690649787986557,0.9184550782784677,Bird-187-_jpg.rf.5153d0010cc9a20f30911a24825b3073.jpg,0,0,0,0,1
0.003025230019950136,0.0,0.16100476704931688,-0.31956599076173975,0.5463620132390171,Bird-189-_jpg.rf.67df23fa324a48500cdeec6c98dae682.jpg,0,1,0,0,0
0.003025230019950136,0.0,0.16100476704931688,-0.31956599076173975,0.5463620132390171,Bird-189-_jpg.rf.f7402a741212c26ecb55ba8c3881afe4.jpg,0,1,0,0,0
0.0,0.0,8.931527603683158,-0.0690649787986557,0.9410073908902222,Bird-26-_JPG_jpg.rf.4a9ffa6e027411ed02ce85aeb4b38f3c.jpg,0,0,0,0,1
0.0,0.0,1.915109334376085,-0.0690649787986557,0.720883457169633,Bird-28-_jpg.rf.2409cf3d1713ae34671326c20dad871d.jpg,0,0,0,0,1
0.0,0.0,0.4533555282704449,-0.31956599076173975,0.5290455733234187,Bird-31-_JPG_jpg.rf.95fa9c7da7cefa5864b72990356e8d36.jpg,0,0,0,1,0
0.0,0.0,1.330407811933829,-0.0690649787986557,0.8805075930784547,Bird-33-_jpg.rf.d8cbbe08c24e4a8a01e0aaececd34e8a.jpg,0,0,0,0,1
0.0,0.0,0.16100476704931688,-0.31956599076173975,0.6978779578413579,Bird-42-_jpg.rf.356a0a7bc9f3c530a9cf7d007835a855.jpg,0,0,0,1,0
0.0,0.0,3.0845123792605973,-0.31956599076173975,0.7893375891880082,Bird-68-_jpg.rf.805caa1ae77c3e54bc6cd6f55e6636ed.jpg,0,0,0,1,0
0.12163508812369304,0.0,-0.13134599417181114,1.6844421049429328,0.938595505671811,Bird-69-_JPG_jpg.rf.4a78b02d5d45d0b20801da0141b8d997.jpg,0,0,0,0,1
0.0,0.0,3.0845123792605973,-0.0690649787986557,0.8130443391127865,Bird-9-_jpg.rf.2a92667395861e1770d94079597f00b4.jpg,0,0,0,0,1
0.0,0.0,0.16100476704931688,-0.31956599076173975,0.7467075538865178,Bird-92-_jpg.rf.5424e3883e13da020a52db0acbade656.jpg,0,0,0,1,0
0.368251321578915,0.0,-0.13134599417181114,-0.0690649787986557,0.9621075535990463,Bird_drop_14_jpg.rf.9349ae517b490582f5de94eb9f2a4546.jpg,0,0,0,0,1
0.0,0.0,2.4998108568183413,-0.0690649787986557,0.8961166324256263,Bird_drop_30_jpg.rf.a917284aadc82ada8a5ce47d83c91dbb.jpg,0,0,0,0,1
0.0,0.0,3.0845123792605973,-0.0690649787986557,0.894655139701528,Bird_drop_31_jpg.rf.279296ae28d57efe64ffe04ebcde254b.jpg,0,0,0,0,1
0.17127687187219076,0.0,-0.13134599417181114,-0.0690649787986557,0.992758535026476,Bird_drop_44_jpg.rf.b311958691dbce44c5e471992a555d23.jpg,0,0,0,0,1
0.0,0.0,0.16100476704931688,-0.0690649787986557,0.7317429296404115,Bird_drop_65_jpg.rf.1ae9699b100b9089f5788e6803e958ad.jpg,0,0,0,1,0
0.0,0.0,3.9615646629239816,-0.0690649787986557,0.9165753146374698,Bird_drop_71_jpg.rf.a5625b197a747e3bd217d03dc2675230.jpg,0,0,0,0,1
0.0,0.0,6.885072275135262,-0.0690649787986557,0.7335171074242368,Bird_drop_77_jpg.rf.801bde400d27d19d9a958d5ada404acd.jpg,0,0,0,1,0
0.0,0.0,5.715669230250749,-0.0690649787986557,0.7090819168977617,Bird_drop_77_jpg.rf.c5851d01df849bc69e146c6784880454.jpg,0,0,0,1,0
0.0,0.0,6.5927215139141335,-0.0690649787986557,0.7234683043594082,Bird_drop_78_jpg.rf.6b34295ebf280efdbd44dc51fa2c2408.jpg,0,0,0,1,0
0.17890127457329452,0.0,-0.13134599417181114,0.18143603316442836,0.9276276325195336,Bird_drop_80_jpg.rf.acce994da2045ecdd95fe54d6b2a7025.jpg,0,0,0,0,1
0.0,0.0,-0.13134599417181114,-0.31956599076173975,0.0,clean5600401_png_jpg.rf.78af7adac40aad7cbadfd250fd0fa183.jpg,0,0,0,0,0
0.0,0.0,-0.13134599417181114,-0.31956599076173975,0.0,clean5600451_png_jpg.rf.ecac9e705924e8a7d4821886d950d20f.jpg,0,0,0,0,0
0.0,0.0,-0.13134599417181114,-0.31956599076173975,0.0,clean5600501_png_jpg.rf.a7a12fc1db8f24128f6c1ca78947272f.jpg,0,0,0,0,0
0.0,0.0,-0.13134599417181114,-0.31956599076173975,0.0,clean5600551_png_jpg.rf.4d103a23d029caa22debfdfd0aebef61.jpg,0,0,0,0,0
0.0,0.0,-0.13134599417181114,-0.31956599076173975,0.0,clean5600701_png_jpg.rf.15a7ce5e9d091df19d89c41e8feb9c27.jpg,0,0,0,0,0
0.0,0.0,-0.13134599417181114,-0.31956599076173975,0.0,clean5600801_png_jpg.rf.70cb4c19fcb2df1ca0d4d96f6ec80454.jpg,0,0,0,0,0
0.0,0.0,-0.13134599417181114,-0.31956599076173975,0.0,clean5600851_png_jpg.rf.4a4d1b1f7d1853fe39bb515e163eaa05.jpg,0,0,0,0,0
0.0,0.0,-0.13134599417181114,-0.31956599076173975,0.0,clean5600901_png_jpg.rf.992fcb856610e34d11846a5432cfdc81.jpg,0,0,0,0,0
0.0,0.0,-0.13134599417181114,-0.31956599076173975,0.0,clean5600951_png_jpg.rf.15fe30eb8956a36978a67aee9fdda254.jpg,0,0,0,0,0
0.0,0.0,-0.13134599417181114,-0.31956599076173975,0.0,clean5601051_png_jpg.rf.8d1da7de4c3f7c716e56523c69bdeaa8.jpg,0,0,0,0,0
0.0,0.0,-0.13134599417181114,-0.31956599076173975,0.0,clean5601101_png_jpg.rf.113577c6c41945f26be9ff44b895be9f.jpg,0,0,0,0,0
0.0,0.0,-0.13134599417181114,-0.31956599076173975,0.0,clean5601151_png_jpg.rf.0c25aee55ca58886ab56f056076ca955.jpg,0,0,0,0,0
0.0,0.0,-0.13134599417181114,-0.31956599076173975,0.0,clean5601201_png_jpg.rf.81e2a58cff6ea5e06683a299f94e0417.jpg,0,0,0,0,0
0.0,0.0,-0.13134599417181114,-0.31956599076173975,0.0,clean5601251_png_jpg.rf.2a98193742c25ea3d9b661a16f361304.jpg,0,0,0,0,0
0.0,0.0,-0.13134599417181114,-0.31956599076173975,0.0,clean5601301_png_jpg.rf.7cd4ae79ba80f091a9594cf2be27a2e4.jpg,0,0,0,0,0
0.0,0.0,-0.13134599417181114,-0.31956599076173975,0.0,clean5601351_png_jpg.rf.13122cae732906fe235195ff0b5eca69.jpg,0,0,0,0,0
0.0,0.0,-0.13134599417181114,-0.31956599076173975,0.0,clean6600001_png_jpg.rf.1834fb1264d509b96d8437293d2db042.jpg,0,0,0,0,0
0.0,0.0,-0.13134599417181114,-0.31956599076173975,0.0,clean6600151_png_jpg.rf.fb725a816daf445cc020bff8aadf3b05.jpg,0,0,0,0,0
0.0,0.0,-0.13134599417181114,-0.31956599076173975,0.0,clean6600251_png_jpg.rf.4c5f00ff1c8fd7b89f2740e693f36026.jpg,0,0,0,0,0
0.0,0.0,-0.13134599417181114,-0.31956599076173975,0.0,clean6600301_png_jpg.rf.c10572c2f3ff736555b82229322cb859.jpg,0,0,0,0,0
0.0,0.0,-0.13134599417181114,-0.31956599076173975,0.0,clean6600401_png_jpg.rf.b4e91cefbfbda59176ffec7c78d58187.jpg,0,0,0,0,0
0.0,0.0,-0.13134599417181114,-0.31956599076173975,0.0,clean6600601_png_jpg.rf.3f1cabe3ab063fc319ac8112eb50782a.jpg,0,0,0,0,0
0.0,0.0,-0.13134599417181114,-0.31956599076173975,0.0,clean6600651_png_jpg.rf.3d6e887690e8fde0072c85b670f79060.jpg,0,0,0,0,0
0.0,0.0,-0.13134599417181114,-0.31956599076173975,0.0,clean6600751_png_jpg.rf.0164926f8c18272c156671efa7037a55.jpg,0,0,0,0,0
0.0,0.0,-0.13134599417181114,-0.31956599076173975,0.0,clean6600801_png_jpg.rf.48673b35bc79ff82bbb79bc7c738bf2a.jpg,0,0,0,0,0
0.0,0.0,-0.13134599417181114,-0.31956599076173975,0.0,clean6600851_png_jpg.rf.449d85c8d88f824dc9c9f36d03acde88.jpg,0,0,0,0,0
0.0,0.0,-0.13134599417181114,-0.31956599076173975,0.0,clean6600901_png_jpg.rf.99c4bd1e714d53e2b8f18be728fe324b.jpg,0,0,0,0,0
0.0,0.0,-0.13134599417181114,-0.31956599076173975,0.0,clean6600951_png_jpg.rf.a471f57522486546a5b5475d44561b87.jpg,0,0,0,0,0
0.0,0.0,-0.13134599417181114,-0.31956599076173975,0.0,clean6601101_png_jpg.rf.2f0b3aecfcfb9d4cedec4f75d07c0aa4.jpg,0,0,0,0,0
0.0,0.0,-0.13134599417181114,-0.31956599076173975,0.0,clean6601151_png_jpg.rf.640aeab1cde936bf78b306f7e59d2622.jpg,0,0,0,0,0
0.0,0.0,-0.13134599417181114,-0.31956599076173975,0.0,clean6601301_png_jpg.rf.2d03a4f0181b7e5c455302c04ffc3171.jpg,0,0,0,0,0
0.0,0.0,-0.13134599417181114,-0.31956599076173975,0.0,clean6602901_png_jpg.rf.8607bf7463a09a94e0bd5b95a62857a9.jpg,0,0,0,0,0
0.0,0.0,-0.13134599417181114,-0.31956599076173975,0.0,clean6602951_png_jpg.rf.e691f4f60473379779177f8710eabb71.jpg,0,0,0,0,0
0.0,0.0,-0.13134599417181114,-0.31956599076173975,0.0,clean6603001_png_jpg.rf.b4ce08c10e5e0da63d08966d187ab947.jpg,0,0,0,0,0
0.0,0.0,-0.13134599417181114,-0.31956599076173975,0.0,clean6603101_png_jpg.rf.883667038b4cfe971daf7e1b7170ff2f.jpg,0,0,0,0,0
0.0,0.0,-0.13134599417181114,-0.31956599076173975,0.0,clean6700251_png_jpg.rf.ecdde78af3f4a3ca236245f8d32d64c5.jpg,0,0,0,0,0
0.0,0.0,-0.13134599417181114,-0.31956599076173975,0.0,clean6700301_png_jpg.rf.ae2392d7dc13de8491866e825a75625c.jpg,0,0,0,0,0
0.0,0.0,-0.13134599417181114,-0.31956599076173975,0.0,clean6700351_png_jpg.rf.5d8e70aa0c18c055a49fab115cf11c82.jpg,0,0,0,0,0
0.0,0.0,-0.13134599417181114,-0.31956599076173975,0.0,clean6700401_png_jpg.rf.29506eccbe8140e5dd5f9ae1e4d5aba7.jpg,0,0,0,0,0
0.0,0.0,-0.13134599417181114,-0.31956599076173975,0.0,clean6700501_png_jpg.rf.ae5b89b248d8dc0cde9b9abd4194e3f6.jpg,0,0,0,0,0
0.0,0.0,-0.13134599417181114,-0.31956599076173975,0.0,clean6800001_png_jpg.rf.ae9bcb48075c74d814fcd5057ff46d65.jpg,0,0,0,0,0
0.0,0.0,-0.13134599417181114,-0.31956599076173975,0.0,clean6800501_png_jpg.rf.4caee6c425c832ad4841922fe3ca91ab.jpg,0,0,0,0,0
0.0,0.0,-0.13134599417181114,-0.31956599076173975,0.0,clean6800801_png_jpg.rf.b6a514545414b0814ab45bebe1612fcc.jpg,0,0,0,0,0
0.0,0.0,-0.13134599417181114,-0.31956599076173975,0.0,clean6800851_png_jpg.rf.8d8510e62a8ef02aa498facaa2d2f927.jpg,0,0,0,0,0
0.0,0.0,-0.13134599417181114,-0.31956599076173975,0.0,clean6800901_png_jpg.rf.0ceaf6f70390a8818dede5d92666625d.jpg,0,0,0,0,0
0.0,0.0,-0.13134599417181114,-0.31956599076173975,0.0,clean6800951_png_jpg.rf.2928c61381553894e7d2c0ae13addc4f.jpg,0,0,0,0,0
0.0,0.0,-0.13134599417181114,-0.31956599076173975,0.0,clean6801301_png_jpg.rf.c04e81a58b3800e910fe68c6c0a994ea.jpg,0,0,0,0,0
0.0,0.0,-0.13134599417181114,-0.31956599076173975,0.0,clean6801351_png_jpg.rf.8b02af325b548320affa97ea2bacdcb1.jpg,0,0,0,0,0
0.0,0.0,-0.13134599417181114,-0.31956599076173975,0.0,clean6801401_png_jpg.rf.417aae5e5f19dcf9659013aaffdb6858.jpg,0,0,0,0,0
0.0,0.0,-0.13134599417181114,-0.31956599076173975,0.0,clean6801451_png_jpg.rf.0fbe4095af120f356a2d250f10068bd0.jpg,0,0,0,0,0
0.0,0.0,-0.13134599417181114,-0.31956599076173975,0.0,clean6802301_png_jpg.rf.be13da25a0bffd857b5d06cf2c001df7.jpg,0,0,0,0,0
0.0,0.0,-0.13134599417181114,-0.31956599076173975,0.0,clean6802351_png_jpg.rf.62eda7835ccbc36449c16bb4d68fceea.jpg,0,0,0,0,0
0.0,0.0,-0.13134599417181114,-0.31956599076173975,0.0,clean6802401_png_jpg.rf.c5bf58ecaac91bba6e27938b928e3081.jpg,0,0,0,0,0
0.0,0.0,-0.13134599417181114,-0.31956599076173975,0.0,clean6802451_png_jpg.rf.de1a5827f927ef93cd7cf30d9184e5b8.jpg,0,0,0,0,0
0.0,0.0,-0.13134599417181114,-0.31956599076173975,0.0,clean6802501_png_jpg.rf.815b905504711e6eb1f342f73280759e.jpg,0,0,0,0,0
0.0,0.0,-0.13134599417181114,-0.31956599076173975,0.0,clean6802551_png_jpg.rf.ee85e0dad355c3c893b2e395be0c617e.jpg,0,0,0,0,0
0.0,0.0,-0.13134599417181114,-0.31956599076173975,0.0,clean6802601_png_jpg.rf.5db487e2078fc1f8b87376861a9479e4.jpg,0,0,0,0,0
0.0,0.0,-0.13134599417181114,-0.31956599076173975,0.0,clean6802801_png_jpg.rf.46924a3b909c7960f5c62eaea05af23c.jpg,0,0,0,0,0
0.0,0.0,-0.13134599417181114,-0.31956599076173975,0.0,clean6802851_png_jpg.rf.07254df6f9b303303aa43bf9f6e7da06.jpg,0,0,0,0,0
0.0,0.0,-0.13134599417181114,-0.31956599076173975,0.0,clean6805051_png_jpg.rf.504f50095b020451dcc3192351cb3e55.jpg,0,0,0,0,0
0.0,0.0,-0.13134599417181114,-0.31956599076173975,0.0,clean6805101_png_jpg.rf.b750df9d6bd27b7e8f45f10fc440637f.jpg,0,0,0,0,0
0.0,0.0,-0.13134599417181114,-0.31956599076173975,0.0,clean6805151_png_jpg.rf.b9bd3ace88507365cdb21428da76889b.jpg,0,0,0,0,0
0.0,0.0,-0.13134599417181114,-0.31956599076173975,0.0,clean6805201_png_jpg.rf.632e28626ffdc137f4abb1b73120c56b.jpg,0,0,0,0,0
0.0,0.0,-0.13134599417181114,-0.31956599076173975,0.0,clean6805251_png_jpg.rf.224466bbe8f25594589db25501c9095a.jpg,0,0,0,0,0
0.038732808903200584,0.0,-0.13134599417181114,-0.0690649787986557,0.9300255633960723,clean6809551_png_jpg.rf.edb042bc5a8ab51ba44b147ab3bba140.jpg,0,1,0,0,0
0.0,0.0,-0.13134599417181114,-0.31956599076173975,0.0,clean6809801_png_jpg.rf.6cfd3a9f8ced59b8e1679a94f0832963.jpg,0,0,0,0,0
0.0,0.0,-0.13134599417181114,-0.31956599076173975,0.0,clean6809851_png_jpg.rf.440c951c60ded241d076845b558fa304.jpg,0,0,0,0,0
0.0,0.0,-0.13134599417181114,-0.31956599076173975,0.0,clean6810451_png_jpg.rf.e52e6769891f28402296a935c1c9c282.jpg,0,0,0,0,0
0.0,0.0,-0.13134599417181114,-0.31956599076173975,0.0,clean6810501_png_jpg.rf.697a9987e3d068537c491a25a784b4ba.jpg,0,0,0,0,0
0.0,0.0,-0.13134599417181114,-0.31956599076173975,0.0,clean6900001_png_jpg.rf.cafd87848c1221d6c8ffdc6c8a89106b.jpg,0,0,0,0,0
0.0,0.0,-0.13134599417181114,-0.31956599076173975,0.0,clean6900051_png_jpg.rf.c77422998bf89e25ec37e2d7f2aa4e38.jpg,0,0,0,0,0
0.0,0.0,-0.13134599417181114,-0.31956599076173975,0.0,clean6900101_png_jpg.rf.f0fc1697522cbb400e2b048e1c77633c.jpg,0,0,0,0,0
0.0,0.0,-0.13134599417181114,-0.31956599076173975,0.0,clean6900151_png_jpg.rf.5fcf4164103f88224c8d72dde3ff93a2.jpg,0,0,0,0,0
0.0,0.0,-0.13134599417181114,-0.31956599076173975,0.0,clean6900201_png_jpg.rf.0cfb4ed4587508b3fdd723ab87906ad6.jpg,0,0,0,0,0
0.0,0.0,-0.13134599417181114,-0.31956599076173975,0.0,clean6901001_png_jpg.rf.c64ea95e283f933c75dd9df4a73bc951.jpg,0,0,0,0,0
0.0,0.0,-0.13134599417181114,-0.31956599076173975,0.0,clean6901051_png_jpg.rf.f7295f692642eb9ac7f4d4274bea79d5.jpg,0,0,0,0,0
0.0,0.0,-0.13134599417181114,-0.31956599076173975,0.0,clean6901201_png_jpg.rf.e6f99840de36b61efe9418a952cdde3b.jpg,0,0,0,0,0
0.0,0.0,-0.13134599417181114,-0.31956599076173975,0.0,clean6901251_png_jpg.rf.16c280b8127385a1d80fd76a6043ffa8.jpg,0,0,0,0,0
0.0,0.0,-0.13134599417181114,-0.31956599076173975,0.0,clean6901301_png_jpg.rf.d6e0e39b1f6b999189164d14df42ec79.jpg,0,0,0,0,0
0.0,0.0,-0.13134599417181114,-0.31956599076173975,0.0,clean6901351_png_jpg.rf.9f4022bfb83df5e6ae2f23665df77070.jpg,0,0,0,0,0
0.0,0.0,-0.13134599417181114,-0.31956599076173975,0.0,clean6901601_png_jpg.rf.b6948dea8e8de626125ccecfac248f9f.jpg,0,0,0,0,0
0.0,0.0,-0.13134599417181114,-0.31956599076173975,0.0,clean6901651_png_jpg.rf.6777efbd7100c06ab0fa8623e6d18d8b.jpg,0,0,0,0,0
0.0,0.0,-0.13134599417181114,-0.31956599076173975,0.0,clean6901701_png_jpg.rf.fd3d4196fc66cf386df481fdce0ae5a8.jpg,0,0,0,0,0
0.0,0.0,-0.13134599417181114,-0.31956599076173975,0.0,clean6901751_png_jpg.rf.ab24a9c0df3d33f67f0591aecf9bcd0a.jpg,0,0,0,0,0
0.0,0.0,-0.13134599417181114,-0.31956599076173975,0.0,clean6901801_png_jpg.rf.0d82a43ae0009bf84d687fd0338d24f2.jpg,0,0,0,0,0
0.0,0.0,-0.13134599417181114,-0.31956599076173975,0.0,clean6901851_png_jpg.rf.5b9bfa659316037fe9aa9b06be1935ee.jpg,0,0,0,0,0
0.0,0.0,-0.13134599417181114,-0.31956599076173975,0.0,clean7001251_png_jpg.rf.fac682d48874a8272031f6946cc567f3.jpg,0,0,0,0,0
0.0,0.0,-0.13134599417181114,-0.31956599076173975,0.0,clean7001301_png_jpg.rf.e04f1293528b6276355098481c5fa89f.jpg,0,0,0,0,0
0.0,0.0,-0.13134599417181114,-0.31956599076173975,0.0,clean7001601_png_jpg.rf.ce53b84fbbb6cdd1bd0dcc0213d24952.jpg,0,0,0,0,0
0.0,0.0,-0.13134599417181114,-0.31956599076173975,0.0,clean7001651_png_jpg.rf.e69df34c78b09a7bc3e2a7dfd519ba8b.jpg,0,0,0,0,0
0.0,0.0,-0.13134599417181114,-0.31956599076173975,0.0,clean7001951_png_jpg.rf.661e211f0b524918177b3cabae87b462.jpg,0,0,0,0,0
0.0,0.0,-0.13134599417181114,-0.31956599076173975,0.0,clean7002051_png_jpg.rf.cdd93d2a350e326b1b3599f855a3e75d.jpg,0,0,0,0,0
0.0,0.0,-0.13134599417181114,-0.31956599076173975,0.0,clean7002301_png_jpg.rf.384df18fc7eb536919c4b2f4c51bc0ab.jpg,0,0,0,0,0
0.0,0.0,-0.13134599417181114,-0.31956599076173975,0.0,clean7002351_png_jpg.rf.e980fc2033e6883b9ba7836e0ef535a3.jpg,0,0,0,0,0
0.0,0.0,-0.13134599417181114,-0.31956599076173975,0.0,clean7002401_png_jpg.rf.0be5aa223679a9f72d1b7217bbd44c49.jpg,0,0,0,0,0
0.0,0.0,-0.13134599417181114,-0.31956599076173975,0.0,clean7002451_png_jpg.rf.8e3a911fa75c1e4fb5385a075dcd6728.jpg,0,0,0,0,0
0.0,0.0,-0.13134599417181114,-0.31956599076173975,0.0,clean7002501_png_jpg.rf.f1d5211361ef6a0b98aa2f100e25ec11.jpg,0,0,0,0,0
0.0,0.0,-0.13134599417181114,-0.31956599076173975,0.0,clean7002651_png_jpg.rf.3a11b35248948fcf2ec464e955561f00.jpg,0,0,0,0,0
0.0,0.0,-0.13134599417181114,-0.31956599076173975,0.0,clean7003301_png_jpg.rf.f8dfe06ca33d24115b0ad441be346a45.jpg,0,0,0,0,0
0.0,0.0,-0.13134599417181114,-0.31956599076173975,0.0,clean7003601_png_jpg.rf.1fbcc17cc91459b4c6c349e7863c2e20.jpg,0,0,0,0,0
0.0,0.0,-0.13134599417181114,-0.31956599076173975,0.0,clean7004101_png_jpg.rf.9a8fc1c78216d28e52deb82257087fa7.jpg,0,0,0,0,0
0.0,0.0,-0.13134599417181114,-0.31956599076173975,0.0,clean7004251_png_jpg.rf.2ae2076dc5878d7cdb595f70d34ade24.jpg,0,0,0,0,0
0.0,0.0,-0.13134599417181114,-0.31956599076173975,0.0,clean7004951_png_jpg.rf.7a13cd3dcf0fee5456cc134c21f483df.jpg,0,0,0,0,0
0.0,0.0,-0.13134599417181114,-0.31956599076173975,0.0,clean7005001_png_jpg.rf.2a10b929bda93afd78bc5683b4441623.jpg,0,0,0,0,0
0.0,0.0,-0.13134599417181114,-0.31956599076173975,0.0,clean7005051_png_jpg.rf.d31d8603d9360ac9c93de6feaa6d9991.jpg,0,0,0,0,0
0.0,0.0,-0.13134599417181114,-0.31956599076173975,0.0,clean7005101_png_jpg.rf.7097f1b5d442daa4cc10bdd5d1f9678a.jpg,0,0,0,0,0
0.0,0.0,-0.13134599417181114,-0.31956599076173975,0.0,clean7005551_png_jpg.rf.ad556af708ea463f3b797aea3e0281dc.jpg,0,0,0,0,0
0.0,0.0,-0.13134599417181114,-0.31956599076173975,0.0,clean7005601_png_jpg.rf.8e5e7082c1c8e19b180abc6d22e01c9c.jpg,0,0,0,0,0
0.0,0.0,-0.13134599417181114,-0.31956599076173975,0.0,clean7005651_png_jpg.rf.93eea5dfd14747f2d5640789bbeb92b4.jpg,0,0,0,0,0
0.0,0.0,-0.13134599417181114,-0.31956599076173975,0.0,clean7006451_png_jpg.rf.02f5d68c112a2e91b6f279b2cb7b2dd7.jpg,0,0,0,0,0
0.0,0.0,-0.13134599417181114,-0.31956599076173975,0.0,clean7006701_png_jpg.rf.e271060c5f180ea5beb075151280412e.jpg,0,0,0,0,0
0.0,0.0,-0.13134599417181114,-0.31956599076173975,0.0,clean7006751_png_jpg.rf.8a1033b1aa51016849828eac9a702a05.jpg,0,0,0,0,0
0.0,0.0,-0.13134599417181114,-0.31956599076173975,0.0,clean7007151_png_jpg.rf.5cdd89507c0b1d19316d8c0d68966bd5.jpg,0,0,0,0,0
0.0,0.0,-0.13134599417181114,-0.31956599076173975,0.0,clean7007201_png_jpg.rf.748efe42f626036df44d7b43dd087ecb.jpg,0,0,0,0,0
0.0,0.0,-0.13134599417181114,-0.31956599076173975,0.0,clean7007251_png_jpg.rf.7bd3e23cabc9d08be7e283c1a7d18de6.jpg,0,0,0,0,0
0.0,0.0,-0.13134599417181114,-0.31956599076173975,0.0,clean7007601_png_jpg.rf.33ad374a23f912bd587b4d1284a89d2d.jpg,0,0,0,0,0
0.0,0.0,-0.13134599417181114,-0.31956599076173975,0.0,clean7007801_png_jpg.rf.b58f51a4ba047044e27e81717c6c09d9.jpg,0,0,0,0,0
0.0,0.0,-0.13134599417181114,-0.31956599076173975,0.0,clean7100051_png_jpg.rf.7fc9dfabda0df2028b4fe36528687203.jpg,0,0,0,0,0
0.0,0.0,-0.13134599417181114,-0.31956599076173975,0.0,clean7200101_png_jpg.rf.3c9cf1b05cf59b51b048402fac9d535a.jpg,0,0,0,0,0
0.0,0.0,-0.13134599417181114,-0.31956599076173975,0.0,clean7200151_png_jpg.rf.8658f4a40dce891aa1856f685c386953.jpg,0,0,0,0,0
0.0,0.0,-0.13134599417181114,-0.31956599076173975,0.0,clean7200201_png_jpg.rf.79963986809cd48514f7eed20b6bf68e.jpg,0,0,0,0,0
0.0,0.0,-0.13134599417181114,-0.31956599076173975,0.0,clean7200251_png_jpg.rf.fef4e3492ee2c708c079b2d27216fc25.jpg,0,0,0,0,0
0.0,0.0,-0.13134599417181114,-0.31956599076173975,0.0,clean7200401_png_jpg.rf.64854794338c01a20a5b8d7753948eab.jpg,0,0,0,0,0
0.0,0.0,-0.13134599417181114,-0.31956599076173975,0.0,clean7200501_png_jpg.rf.49e6e91caa14e0716dabe93f0d537b32.jpg,0,0,0,0,0
0.0,0.0,-0.13134599417181114,-0.31956599076173975,0.0,clean7200551_png_jpg.rf.b29831caa3b0be64a3648bd596b913c8.jpg,0,0,0,0,0
0.0,0.0,-0.13134599417181114,-0.31956599076173975,0.0,clean7200651_png_jpg.rf.aa0c1e34c287cf4f293f2bd671d6cae1.jpg,0,0,0,0,0
0.0,0.0,-0.13134599417181114,-0.31956599076173975,0.0,clean7200701_png_jpg.rf.f80554fdb9609eed848830d04f3e76a1.jpg,0,0,0,0,0
0.0,0.0,-0.13134599417181114,-0.31956599076173975,0.0,clean7200751_png_jpg.rf.0b5ecf290238be94a9e33f0f67d7a4c8.jpg,0,0,0,0,0
0.0,0.0,-0.13134599417181114,-0.31956599076173975,0.0,clean7200801_png_jpg.rf.a0f3abbb1e963270e7fa2c4eb2fd9f33.jpg,0,0,0,0,0
0.0,0.0,-0.13134599417181114,-0.31956599076173975,0.0,clean7200851_png_jpg.rf.eb7c424015b560ac40c4e73393d32c59.jpg,0,0,0,0,0
0.0,0.0,-0.13134599417181114,-0.31956599076173975,0.0,clean7201851_png_jpg.rf.0800781abec9652a183642f6a1ce12cd.jpg,0,0,0,0,0
0.0,0.0,-0.13134599417181114,-0.31956599076173975,0.0,clean7300151_png_jpg.rf.ae536287f2e5fdec4f92afb885472297.jpg,0,0,0,0,0
0.0,0.0,-0.13134599417181114,-0.31956599076173975,0.0,clean7300201_png_jpg.rf.f146e15b7057ed6888c2045d84fa9356.jpg,0,0,0,0,0
0.0,0.0,-0.13134599417181114,-0.31956599076173975,0.0,clean7300251_png_jpg.rf.b9e38a2f323206c40f7b083502a3e17e.jpg,0,0,0,0,0
0.0,0.0,-0.13134599417181114,-0.31956599076173975,0.0,clean7300401_png_jpg.rf.34a75fe358edff75d73a9e8d8df3101a.jpg,0,0,0,0,0
0.0,0.0,-0.13134599417181114,-0.31956599076173975,0.0,clean7300451_png_jpg.rf.f3ab0bed7e685c4c113f524b87eb8aae.jpg,0,0,0,0,0
0.0,0.0,-0.13134599417181114,-0.31956599076173975,0.0,clean7300501_png_jpg.rf.3b6fc89c1124aaddcb10e423dd1b9abb.jpg,0,0,0,0,0
0.0,0.0,-0.13134599417181114,-0.31956599076173975,0.0,clean7300551_png_jpg.rf.8d18e22d9181b11751dd0f4fccd050d4.jpg,0,0,0,0,0
0.0,0.0,-0.13134599417181114,-0.31956599076173975,0.0,clean7300601_png_jpg.rf.9fa01c106914747c5c99cd6ba734eb88.jpg,0,0,0,0,0
0.0,0.0,-0.13134599417181114,-0.31956599076173975,0.0,clean7300651_png_jpg.rf.946d16e517a24eaafe286c7b53f5bdb0.jpg,0,0,0,0,0
0.0,0.0,-0.13134599417181114,-0.31956599076173975,0.0,clean7300701_png_jpg.rf.3551589fb317c01f225fd62a3f27ed91.jpg,0,0,0,0,0
0.0,0.0,-0.13134599417181114,-0.31956599076173975,0.0,clean7300751_png_jpg.rf.73d0630ddb387788b506bea77f7d28a9.jpg,0,0,0,0,0
0.0,0.0,-0.13134599417181114,-0.31956599076173975,0.0,clean7300801_png_jpg.rf.05527036efad066f2fa3dcf81780bffc.jpg,0,0,0,0,0
0.0,0.0,-0.13134599417181114,-0.31956599076173975,0.0,clean7300851_png_jpg.rf.0f17b1ced5cce3368894d55684c1bc32.jpg,0,0,0,0,0
0.0,0.0,-0.13134599417181114,-0.31956599076173975,0.0,clean7300901_png_jpg.rf.39aa9d472073a98942a612a6dfad5655.jpg,0,0,0,0,0
0.0,0.0,-0.13134599417181114,-0.31956599076173975,0.0,clean7300951_png_jpg.rf.bef7548c92eece22d7e1f9fa9e5bcca0.jpg,0,0,0,0,0
0.0,0.0,-0.13134599417181114,-0.31956599076173975,0.0,clean7301001_png_jpg.rf.bb663cd14f63baf624a9e6b9fd30a283.jpg,0,0,0,0,0
0.0,0.0,-0.13134599417181114,-0.31956599076173975,0.0,clean7301051_png_jpg.rf.1ea5b4d99e76de111f39353a6dda36de.jpg,0,0,0,0,0
0.0,0.0,-0.13134599417181114,-0.31956599076173975,0.0,clean7301101_png_jpg.rf.2f4abd74d940bab88228d7336092b909.jpg,0,0,0,0,0
0.0,0.0,-0.13134599417181114,-0.31956599076173975,0.0,clean7301201_png_jpg.rf.f3f2c27feefecc786160a2a84d01df4f.jpg,0,0,0,0,0
0.0,0.0,-0.13134599417181114,-0.31956599076173975,0.0,clean7301251_png_jpg.rf.2e1246ad6f54fd216c7dbfc1e127ac9d.jpg,0,0,0,0,0
0.0,0.0,-0.13134599417181114,-0.31956599076173975,0.0,clean7301301_png_jpg.rf.f554bd0548b177c92342a81879404779.jpg,0,0,0,0,0
0.0,0.0,-0.13134599417181114,-0.31956599076173975,0.0,clean7301351_png_jpg.rf.9a4579dd450d05c078d4988af12639a7.jpg,0,0,0,0,0
0.0,0.0,-0.13134599417181114,-0.31956599076173975,0.0,clean7301401_png_jpg.rf.5c0650f0bddfe0e6ce7443fa3cee24ec.jpg,0,0,0,0,0
0.0,0.0,-0.13134599417181114,-0.31956599076173975,0.0,clean7301501_png_jpg.rf.bb0f7a00879f8a5aef21cf74388a67e7.jpg,0,0,0,0,0
0.0,0.0,-0.13134599417181114,-0.31956599076173975,0.0,clean7400501_png_jpg.rf.9a95cb863c56a2d00ea505280fa0b2b9.jpg,0,0,0,0,0
0.0,0.0,-0.13134599417181114,-0.31956599076173975,0.0,clean7400551_png_jpg.rf.044e9810fc0e5c1271bafd1c630a77de.jpg,0,0,0,0,0
0.0,0.0,-0.13134599417181114,-0.31956599076173975,0.0,clean7400601_png_jpg.rf.bd2ec38726301b75b543389ceb8c70ee.jpg,0,0,0,0,0
0.0,0.0,-0.13134599417181114,-0.31956599076173975,0.0,clean7400701_png_jpg.rf.07d9a35ae1111c8820336acff2f27d8f.jpg,0,0,0,0,0
0.0,0.0,-0.13134599417181114,-0.31956599076173975,0.0,clean7400851_png_jpg.rf.aa16b3dd577aa6a06e334ddca709d1df.jpg,0,0,0,0,0
0.0,0.0,-0.13134599417181114,-0.31956599076173975,0.0,clean7401751_png_jpg.rf.77862243a8b959c5798dd616a329835e.jpg,0,0,0,0,0
0.0,0.0,-0.13134599417181114,-0.31956599076173975,0.0,clean7401951_png_jpg.rf.186e901855f13b5e46aef735b4e481cc.jpg,0,0,0,0,0
0.0,0.0,-0.13134599417181114,-0.31956599076173975,0.0,clean7402051_png_jpg.rf.4fa4b015c1c8888046749b6a5fee2177.jpg,0,0,0,0,0
0.0,0.0,-0.13134599417181114,-0.31956599076173975,0.0,clean7403051_png_jpg.rf.d8607be032b11cfc5c6dde6b4803d5c2.jpg,0,0,0,0,0
0.0,0.0,-0.13134599417181114,-0.31956599076173975,0.0,clean7403151_png_jpg.rf.c9256b619785fb1ec98c2b474d169b7f.jpg,0,0,0,0,0
0.0,0.0,-0.13134599417181114,-0.31956599076173975,0.0,clean7500001_png_jpg.rf.daad1e3bc09a4d4b2a2a4eb2c528e4ae.jpg,0,0,0,0,0
0.0,0.0,-0.13134599417181114,-0.31956599076173975,0.0,clean7500051_png_jpg.rf.14ed69ca096c8098cefe2b24143acbd4.jpg,0,0,0,0,0
0.0,0.0,-0.13134599417181114,-0.31956599076173975,0.0,clean7500151_png_jpg.rf.32ca919be55620d3b0bd0715fff7c2e2.jpg,0,0,0,0,0
0.0,0.0,-0.13134599417181114,-0.31956599076173975,0.0,clean7500201_png_jpg.rf.8c033f6092d139f753f316db9af0f02f.jpg,0,0,0,0,0
0.0,0.0,-0.13134599417181114,-0.31956599076173975,0.0,clean7500301_png_jpg.rf.62c8fd3587b55cc48f1d7e16a11b243b.jpg,0,0,0,0,0
0.0,0.0,-0.13134599417181114,-0.31956599076173975,0.0,clean7500401_png_jpg.rf.07a44ba0f875e6af7ea37b51718cf784.jpg,0,0,0,0,0
0.0,0.0,-0.13134599417181114,-0.31956599076173975,0.0,clean7500451_png_jpg.rf.7598545c1c9b9ef8d96aa2083394abee.jpg,0,0,0,0,0
0.0,0.0,-0.13134599417181114,-0.31956599076173975,0.0,clean7500601_png_jpg.rf.bd8ee919c7573dd4b60c1e8938ce4067.jpg,0,0,0,0,0
0.0,0.0,-0.13134599417181114,-0.31956599076173975,0.0,clean7500651_png_jpg.rf.ec62d0492196b0dfb87306cdc8b66937.jpg,0,0,0,0,0
0.0,0.0,-0.13134599417181114,-0.31956599076173975,0.0,clean7500701_png_jpg.rf.7b5ba67ac359395f809472afd608bf2a.jpg,0,0,0,0,0
0.0,0.0,-0.13134599417181114,-0.31956599076173975,0.0,clean7500751_png_jpg.rf.12e06f2793961248044be95f3d7c4cf1.jpg,0,0,0,0,0
0.0,0.0,-0.13134599417181114,-0.31956599076173975,0.0,clean7500851_png_jpg.rf.1586381a76b7a9b6d14c92c07106e4bf.jpg,0,0,0,0,0
0.0,0.0,-0.13134599417181114,-0.31956599076173975,0.0,clean7600051_png_jpg.rf.5d1fdeda6293a6cef1c110b10be10e3a.jpg,0,0,0,0,0
0.0,0.0,-0.13134599417181114,-0.31956599076173975,0.0,clean7600101_png_jpg.rf.be72bd3ed2e07f588b551792a0a3a53f.jpg,0,0,0,0,0
0.0,0.0,-0.13134599417181114,-0.31956599076173975,0.0,clean7600201_png_jpg.rf.413372cce5809824fc06b1df61d0df6e.jpg,0,0,0,0,0
0.0,0.0,-0.13134599417181114,-0.31956599076173975,0.0,clean7600301_png_jpg.rf.c3b9ca09afd5a2ed67f66916410d7a80.jpg,0,0,0,0,0
0.0,0.0,-0.13134599417181114,-0.31956599076173975,0.0,clean7600351_png_jpg.rf.06beaed408667152772faf9216403050.jpg,0,0,0,0,0
0.0,0.0,-0.13134599417181114,-0.31956599076173975,0.0,clean7600551_png_jpg.rf.1f664942a78ea725d5a57e0a4f20f46b.jpg,0,0,0,0,0
0.0,0.0,-0.13134599417181114,-0.31956599076173975,0.0,clean7600601_png_jpg.rf.acb01ff44140ac968c4372c13a2fd983.jpg,0,0,0,0,0
0.0,0.0,-0.13134599417181114,-0.31956599076173975,0.0,clean7600651_png_jpg.rf.dedbe154be2ae687a57302d3bc4eb6d9.jpg,0,0,0,0,0
0.0,0.0,-0.13134599417181114,-0.31956599076173975,0.0,clean7600701_png_jpg.rf.337b1d5a8e44fd44896ea1b6d9b86dc0.jpg,0,0,0,0,0
0.0,0.0,-0.13134599417181114,-0.31956599076173975,0.0,clean7600751_png_jpg.rf.780cbe1b517d7f9aa3816de39bf66b25.jpg,0,0,0,0,0
0.0,0.0,-0.13134599417181114,-0.31956599076173975,0.0,clean7600801_png_jpg.rf.43d2a081f72ce888e2fdc0b683d59ca0.jpg,0,0,0,0,0
0.0,0.0,-0.13134599417181114,-0.31956599076173975,0.0,clean7600851_png_jpg.rf.5875880ea4abb7b6ea9f7feebe80436a.jpg,0,0,0,0,0
0.0,0.0,-0.13134599417181114,-0.31956599076173975,0.0,clean7600901_png_jpg.rf.990898a8abec253e3dc04b25b7018794.jpg,0,0,0,0,0
0.0,0.0,-0.13134599417181114,-0.31956599076173975,0.0,clean7601001_png_jpg.rf.f06cff4aaaa64c6451ae39072f28de81.jpg,0,0,0,0,0
0.0,0.0,-0.13134599417181114,-0.31956599076173975,0.0,clean7601101_png_jpg.rf.94d9dd1b6e1a896ac319fb109aa04729.jpg,0,0,0,0,0
0.0,0.0,-0.13134599417181114,-0.31956599076173975,0.0,clean7601201_png_jpg.rf.aa28255741bc10e4d367ccc18bf00771.jpg,0,0,0,0,0
0.0,0.0,-0.13134599417181114,-0.31956599076173975,0.0,clean7601251_png_jpg.rf.fd8ead72fea4c7b1b405d965679d2e34.jpg,0,0,0,0,0
0.0,0.0,-0.13134599417181114,-0.31956599076173975,0.0,clean7601351_png_jpg.rf.1a742e6dbb05973114dee7dd9e9b95fa.jpg,0,0,0,0,0
0.0,0.0,-0.13134599417181114,-0.31956599076173975,0.0,clean7601401_png_jpg.rf.85f67df0caeeda96d33a74831a7f07d5.jpg,0,0,0,0,0
0.0,0.0,-0.13134599417181114,-0.31956599076173975,0.0,clean7601451_png_jpg.rf.acbd1a9914696cdcf2505361b5f2ddb4.jpg,0,0,0,0,0
0.0,0.0,-0.13134599417181114,-0.31956599076173975,0.0,clean7601501_png_jpg.rf.d60c441f98b6f8c779f06976c3849a3a.jpg,0,0,0,0,0
0.0,0.0,-0.13134599417181114,-0.31956599076173975,0.0,clean7602251_png_jpg.rf.a2b8ba68ce7d3d5c018db88f7b949e7c.jpg,0,0,0,0,0
0.0,0.0,-0.13134599417181114,-0.31956599076173975,0.0,clean7602351_png_jpg.rf.bb51a8c2f85d882bbbe2063914060a93.jpg,0,0,0,0,0
0.0,0.0,-0.13134599417181114,-0.31956599076173975,0.0,clean7602451_png_jpg.rf.b90cba8cd10edc471894136fbaa52c47.jpg,0,0,0,0,0
0.0,0.0,-0.13134599417181114,-0.31956599076173975,0.0,clean7602501_png_jpg.rf.46c975aa762f9d8c1355502744fa80c6.jpg,0,0,0,0,0
0.0,0.0,-0.13134599417181114,-0.31956599076173975,0.0,clean7602651_png_jpg.rf.800d656a0472eeb455c58c5b5003ad1b.jpg,0,0,0,0,0
0.0,0.0,-0.13134599417181114,-0.31956599076173975,0.0,clean7602751_png_jpg.rf.57614bf575668f1901bd02a20dd59505.jpg,0,0,0,0,0
0.0,0.0,-0.13134599417181114,-0.31956599076173975,0.0,clean7602801_png_jpg.rf.bda26b4666e1c545dae36ccc1b3aed7d.jpg,0,0,0,0,0
0.0,0.0,-0.13134599417181114,-0.31956599076173975,0.0,clean7602851_png_jpg.rf.4d9cbe67f3fca29bd121c45ec1bfe2e5.jpg,0,0,0,0,0
0.0,0.0,-0.13134599417181114,-0.31956599076173975,0.0,clean7602901_png_jpg.rf.df61375d48cf5f8e78e8f01641f57071.jpg,0,0,0,0,0
0.0,0.0,-0.13134599417181114,-0.31956599076173975,0.0,clean7603151_png_jpg.rf.7fcdbcca937361887b80d80dbaa44589.jpg,0,0,0,0,0
0.0,0.0,-0.13134599417181114,-0.31956599076173975,0.0,clean7603501_png_jpg.rf.3a71ec075706a974ae72afdc0156fe36.jpg,0,0,0,0,0
0.0,0.0,-0.13134599417181114,-0.31956599076173975,0.0,clean7604051_png_jpg.rf.01bb435e793049483117d18b5b50c599.jpg,0,0,0,0,0
0.0,0.0,-0.13134599417181114,-0.31956599076173975,0.0,clean7700001_png_jpg.rf.14104da8e6792836faebceacca20b36e.jpg,0,0,0,0,0
0.0,0.0,-0.13134599417181114,-0.31956599076173975,0.0,clean7700051_png_jpg.rf.e259572a4bc5c95838339f5d944d086c.jpg,0,0,0,0,0
0.0,0.0,-0.13134599417181114,-0.31956599076173975,0.0,clean7700101_png_jpg.rf.6bf7dda48707197a5cad1a6f28dce520.jpg,0,0,0,0,0
0.0,0.0,-0.13134599417181114,-0.31956599076173975,0.0,clean7700151_png_jpg.rf.ac39ad5bb88c77d468700ce51b5fbeae.jpg,0,0,0,0,0
0.0,0.0,-0.13134599417181114,-0.31956599076173975,0.0,clean7700201_png_jpg.rf.4f9bf732114c9f69b53d92829a6bfe86.jpg,0,0,0,0,0
0.0,0.0,-0.13134599417181114,-0.31956599076173975,0.0,clean7700301_png_jpg.rf.e585d23609ba2b2da4f2b801d07b037f.jpg,0,0,0,0,0
0.0,0.0,-0.13134599417181114,-0.31956599076173975,0.0,clean7700401_png_jpg.rf.f587743cbdc2040b051672a8527e9734.jpg,0,0,0,0,0
0.0,0.0,-0.13134599417181114,-0.31956599076173975,0.0,clean7700451_png_jpg.rf.161739d866862487e39a4a333b56d4fe.jpg,0,0,0,0,0
0.0,0.0,-0.13134599417181114,-0.31956599076173975,0.0,clean7700501_png_jpg.rf.40d2ccde8a4ec2f28efe652cfedf9154.jpg,0,0,0,0,0
0.0,0.0,-0.13134599417181114,-0.31956599076173975,0.0,clean7700551_png_jpg.rf.3bc9ecbdc30b2a5eca87e77cc9c68204.jpg,0,0,0,0,0
0.0,0.0,-0.13134599417181114,-0.31956599076173975,0.0,clean7700601_png_jpg.rf.dcec3a140498ab97bfd3d2067dff7ed2.jpg,0,0,0,0,0
0.0,0.0,-0.13134599417181114,-0.31956599076173975,0.0,clean7700701_png_jpg.rf.b58e01c530e8cc1dfe8d3423236c6bbb.jpg,0,0,0,0,0
0.0,0.0,-0.13134599417181114,-0.31956599076173975,0.0,clean7700751_png_jpg.rf.1e15a1a0c4981af6b6c739201c810634.jpg,0,0,0,0,0
0.0,0.0,-0.13134599417181114,-0.31956599076173975,0.0,clean7700801_png_jpg.rf.c1ac154cb4245203695d67e3bb1ed3c7.jpg,0,0,0,0,0
0.0,0.0,-0.13134599417181114,-0.31956599076173975,0.0,clean7900551_png_jpg.rf.89df233f6841a5545759ff33c0b69680.jpg,0,0,0,0,0
0.0,0.0,-0.13134599417181114,-0.31956599076173975,0.0,clean7900601_png_jpg.rf.45d3cae79a28d794a685b686432190f0.jpg,0,0,0,0,0
0.0,0.0,-0.13134599417181114,-0.31956599076173975,0.0,clean7900651_png_jpg.rf.8bde16f2f5bac305dbfa666849b4b2c9.jpg,0,0,0,0,0
0.0,0.0,-0.13134599417181114,-0.31956599076173975,0.0,clean7900701_png_jpg.rf.137a1cb8c1c24ee7d1fc7d630782755f.jpg,0,0,0,0,0
0.0,0.0,-0.13134599417181114,-0.31956599076173975,0.0,clean7901601_png_jpg.rf.83d1faba68d16bde59dc1a0a5ecbbbba.jpg,0,0,0,0,0
0.0,0.0,-0.13134599417181114,-0.31956599076173975,0.0,clean7901651_png_jpg.rf.02ee6856882872c168d89d9731386ea1.jpg,0,0,0,0,0
0.0,0.0,-0.13134599417181114,-0.31956599076173975,0.0,clean7901701_png_jpg.rf.9edb1ee0c54f6e1d7a9ebdc06ee1d860.jpg,0,0,0,0,0
0.0,0.0,-0.13134599417181114,-0.31956599076173975,0.0,clean7901901_png_jpg.rf.580cb2eade09f523ba8e0209a149df31.jpg,0,0,0,0,0
0.0,0.0,-0.13134599417181114,-0.31956599076173975,0.0,clean7901951_png_jpg.rf.ecdfa4b4529c13f4df13db87728d605d.jpg,0,0,0,0,0
0.0,0.0,-0.13134599417181114,-0.31956599076173975,0.0,clean7902001_png_jpg.rf.45e854fe29cdc5bebc380d2e04e39fbb.jpg,0,0,0,0,0
0.0,0.0,-0.13134599417181114,-0.31956599076173975,0.0,clean7902051_png_jpg.rf.a02444170e39665f48b1446ea25fa8a4.jpg,0,0,0,0,0
0.0,0.0,-0.13134599417181114,-0.31956599076173975,0.0,clean7902101_png_jpg.rf.645815acb69afd5e993b8d6cbe168f78.jpg,0,0,0,0,0
0.0,0.0,-0.13134599417181114,-0.31956599076173975,0.0,clean7902201_png_jpg.rf.e9db21e5731a598211fb4ba9d57a2efa.jpg,0,0,0,0,0
0.0,0.0,-0.13134599417181114,-0.31956599076173975,0.0,clean7902751_png_jpg.rf.e1e8ed8335c22521911eaecef6e335a9.jpg,0,0,0,0,0
0.0,0.0,-0.13134599417181114,-0.31956599076173975,0.0,clean7902851_png_jpg.rf.746e525b3beff342acf91ea0fc3610b6.jpg,0,0,0,0,0
0.0,0.0,-0.13134599417181114,-0.31956599076173975,0.0,clean7902901_png_jpg.rf.1120a11ab11dc762ee6d42a2fc138516.jpg,0,0,0,0,0
0.0,0.0,-0.13134599417181114,-0.31956599076173975,0.0,clean7902951_png_jpg.rf.41ed86bcbc5fbc20ce7558200f7134f0.jpg,0,0,0,0,0
0.0,0.0,-0.13134599417181114,-0.31956599076173975,0.0,clean7903001_png_jpg.rf.458d7eca8f78419b26315af62ed78346.jpg,0,0,0,0,0
0.0,0.0,-0.13134599417181114,-0.31956599076173975,0.0,clean7903051_png_jpg.rf.8eeb57ef528216052492b46d273dff66.jpg,0,0,0,0,0
0.0,0.0,-0.13134599417181114,-0.31956599076173975,0.0,clean7903251_png_jpg.rf.926ebd1d2e333c9e6f23ff6b41fab902.jpg,0,0,0,0,0
0.0,0.0,-0.13134599417181114,-0.31956599076173975,0.0,clean8000351_png_jpg.rf.fb01150bd0b47011df5db7e9f2624f33.jpg,0,0,0,0,0
0.0,0.0,-0.13134599417181114,-0.31956599076173975,0.0,clean8000401_png_jpg.rf.b5c46434e183e1028981ad253a7bfa31.jpg,0,0,0,0,0
0.0,0.0,-0.13134599417181114,-0.31956599076173975,0.0,clean8000451_png_jpg.rf.52b7039e9aa6f266150f7f3afdbd3548.jpg,0,0,0,0,0
0.0,0.0,-0.13134599417181114,-0.31956599076173975,0.0,clean8000501_png_jpg.rf.a8a16cfa7e44d1a3b1dbb7c7dc2aec8c.jpg,0,0,0,0,0
0.0,0.0,-0.13134599417181114,-0.31956599076173975,0.0,clean8000551_png_jpg.rf.1a4cb7d40f9a3b58fb25cd97edbfb102.jpg,0,0,0,0,0
0.0,0.0,-0.13134599417181114,-0.31956599076173975,0.0,clean8000601_png_jpg.rf.084f9467dc551273a4433fb4ff02dc17.jpg,0,0,0,0,0
0.0,0.0,-0.13134599417181114,-0.31956599076173975,0.0,clean8100251_png_jpg.rf.fabe8f1014637957e28efdbf912b7d53.jpg,0,0,0,0,0
0.0,0.0,-0.13134599417181114,-0.31956599076173975,0.0,clean8100301_png_jpg.rf.b9556b65daefbbfb17781b7932b9be81.jpg,0,0,0,0,0
0.0,0.0,-0.13134599417181114,-0.31956599076173975,0.0,clean8101151_png_jpg.rf.4302ac95b802b0947ed152f0d3aa097a.jpg,0,0,0,0,0
0.0,0.0,-0.13134599417181114,-0.31956599076173975,0.0,clean8101201_png_jpg.rf.b5d094ca57445be19564ab334cb66038.jpg,0,0,0,0,0
0.0,0.0,-0.13134599417181114,-0.31956599076173975,0.0,clean8101351_png_jpg.rf.20d0b044e75c21b8f5fb0d202e59ca1b.jpg,0,0,0,0,0
0.0,0.0,-0.13134599417181114,-0.31956599076173975,0.0,clean8101401_png_jpg.rf.1385076152128348b1601ac0f2085c4f.jpg,0,0,0,0,0
0.0,0.0,-0.13134599417181114,-0.31956599076173975,0.0,clean8101451_png_jpg.rf.ac9b703e7f08f1a5b9dfb8a1c171c6eb.jpg,0,0,0,0,0
0.0,0.0,-0.13134599417181114,-0.31956599076173975,0.0,clean8101501_png_jpg.rf.b3e7eece5905c7f1f90189323adc21ea.jpg,0,0,0,0,0
0.0,0.0,-0.13134599417181114,-0.31956599076173975,0.0,clean8101551_png_jpg.rf.85aafefe0ddd2bc9e5260985d59707ca.jpg,0,0,0,0,0
0.0,0.0,-0.13134599417181114,-0.31956599076173975,0.0,clean8101601_png_jpg.rf.df39343d974e27df22aef25ce2ba2290.jpg,0,0,0,0,0
0.0,0.0,-0.13134599417181114,-0.31956599076173975,0.0,clean8101651_png_jpg.rf.516e45bad9c108a0e1fd507aa61f688c.jpg,0,0,0,0,0
0.0,0.0,-0.13134599417181114,-0.31956599076173975,0.0,clean8101701_png_jpg.rf.a37714b1376fb2b42ada61730bdb5ca3.jpg,0,0,0,0,0
0.0,0.0,-0.13134599417181114,-0.31956599076173975,0.0,clean8101751_png_jpg.rf.75bfe51f4df0faf12bca87f0ce677bbb.jpg,0,0,0,0,0
0.0,0.0,-0.13134599417181114,-0.31956599076173975,0.0,clean8101801_png_jpg.rf.274dffa894c072d7b3a2815d17d389e6.jpg,0,0,0,0,0
0.0,0.0,-0.13134599417181114,-0.31956599076173975,0.0,clean8101851_png_jpg.rf.5a07e847988851af01c1d9fa4d2c5c3d.jpg,0,0,0,0,0
0.0,0.0,-0.13134599417181114,-0.31956599076173975,0.0,clean8101901_png_jpg.rf.db6661fcfa102f78ece1f6ca1db14718.jpg,0,0,0,0,0
0.0,0.0,-0.13134599417181114,-0.31956599076173975,0.0,clean8101951_png_jpg.rf.11c057cb2d85ffb3c224775cf3a99c90.jpg,0,0,0,0,0
0.0,0.0,-0.13134599417181114,-0.31956599076173975,0.0,clean8102001_png_jpg.rf.f7c4f3fff3977f2334d59bc4e99ae265.jpg,0,0,0,0,0
0.0,0.0,-0.13134599417181114,-0.31956599076173975,0.0,clean8102051_png_jpg.rf.5e831d400dddcc3b9b2ca1a3a2716fa8.jpg,0,0,0,0,0
0.0,0.0,-0.13134599417181114,-0.31956599076173975,0.0,clean8102101_png_jpg.rf.07ef6e7608d9d7b906101e5b8dcefacf.jpg,0,0,0,0,0
0.0,0.0,-0.13134599417181114,-0.31956599076173975,0.0,clean8102151_png_jpg.rf.83ccb5770875727a70f49405f54fc302.jpg,0,0,0,0,0
0.0,0.0,-0.13134599417181114,-0.31956599076173975,0.0,clean8102201_png_jpg.rf.3265a4f579a8088cf5efcc4c527e2a9d.jpg,0,0,0,0,0
0.0,0.0,-0.13134599417181114,-0.31956599076173975,0.0,clean8102301_png_jpg.rf.0416c7e48367d96ee206187d4791d0db.jpg,0,0,0,0,0
0.0,0.0,-0.13134599417181114,-0.31956599076173975,0.0,clean8102401_png_jpg.rf.f47b6796e5b07cf522392d6ec7b39b81.jpg,0,0,0,0,0
0.0,0.0,-0.13134599417181114,-0.31956599076173975,0.0,clean8102501_png_jpg.rf.2115b3765121e9252732ac8b506d90c1.jpg,0,0,0,0,0
0.0,0.0,-0.13134599417181114,-0.31956599076173975,0.0,clean8200201_png_jpg.rf.8f7a77dd1b03b111ccd767bd7b3cd1d1.jpg,0,0,0,0,0
0.0,0.0,-0.13134599417181114,-0.31956599076173975,0.0,clean8200301_png_jpg.rf.6db8c5830b36375103fd1b37ce2c1b83.jpg,0,0,0,0,0
0.0,0.0,-0.13134599417181114,-0.31956599076173975,0.0,clean8200401_png_jpg.rf.1bec3a1c795b8f66a75c842e36ef2f8d.jpg,0,0,0,0,0
0.0,0.0,-0.13134599417181114,-0.31956599076173975,0.0,clean8200501_png_jpg.rf.d1a8e7de17ff177f28ec2e892ba109ca.jpg,0,0,0,0,0
0.0,0.0,-0.13134599417181114,-0.31956599076173975,0.0,clean8200551_png_jpg.rf.2eb60fbcc8c042e57b30a1c66d1b359c.jpg,0,0,0,0,0
0.0,0.0,-0.13134599417181114,-0.31956599076173975,0.0,clean8200601_png_jpg.rf.f23ad0159df45f6d266e0d793af6cd9b.jpg,0,0,0,0,0
0.0,0.0,-0.13134599417181114,-0.31956599076173975,0.0,clean8200651_png_jpg.rf.01f3a7f2e2d089a3647a1cca176fd473.jpg,0,0,0,0,0
0.0,0.0,-0.13134599417181114,-0.31956599076173975,0.0,clean8200801_png_jpg.rf.a41e0039fda97d27fc695e07e84d4e15.jpg,0,0,0,0,0
0.0,0.0,-0.13134599417181114,-0.31956599076173975,0.0,clean8201451_png_jpg.rf.f484e281e78676af0e75f2280b85284c.jpg,0,0,0,0,0
0.0,0.0,-0.13134599417181114,-0.31956599076173975,0.0,clean8201501_png_jpg.rf.1956d0ff146e817e9ebed85b4d5b3ed9.jpg,0,0,0,0,0
0.0,0.0,-0.13134599417181114,-0.31956599076173975,0.0,clean8201601_png_jpg.rf.50d48eb7830b7ffe86ee7a35f2cefef1.jpg,0,0,0,0,0
0.0,0.0,-0.13134599417181114,-0.31956599076173975,0.0,clean8201651_png_jpg.rf.41c5e154e3404a9aad9871ad70b96ced.jpg,0,0,0,0,0
0.0,0.0,-0.13134599417181114,-0.31956599076173975,0.0,clean8201701_png_jpg.rf.44ee3f03955cb36cb70686a67a2fd756.jpg,0,0,0,0,0
0.0,0.0,-0.13134599417181114,-0.31956599076173975,0.0,clean8201751_png_jpg.rf.e6e442e69e875f8b74c8e79663b0edf6.jpg,0,0,0,0,0
0.0,0.0,-0.13134599417181114,-0.31956599076173975,0.0,clean8202351_png_jpg.rf.3aecafe2f67176e2c816bffeac679a3f.jpg,0,0,0,0,0
0.0,0.0,-0.13134599417181114,-0.31956599076173975,0.0,clean8202401_png_jpg.rf.888146cf1c7af5d9f006fca38f2712d6.jpg,0,0,0,0,0
0.0,0.0,-0.13134599417181114,-0.31956599076173975,0.0,clean8202451_png_jpg.rf.2294a4ec5d630ef5bb2635e74ebedd19.jpg,0,0,0,0,0
0.0,0.0,-0.13134599417181114,-0.31956599076173975,0.0,clean8202501_png_jpg.rf.a20bab41f5291bc962408d2abae104c0.jpg,0,0,0,0,0
0.0,0.0,-0.13134599417181114,-0.31956599076173975,0.0,clean8202601_png_jpg.rf.019d6abc800a8f86cb2e67d9458c3363.jpg,0,0,0,0,0
0.0,0.0,-0.13134599417181114,-0.31956599076173975,0.0,clean8202651_png_jpg.rf.662ff1e49540038d227d0131e7ad8514.jpg,0,0,0,0,0
0.0,0.0,-0.13134599417181114,-0.31956599076173975,0.0,clean8202801_png_jpg.rf.042719094bf0e73316db18cb0760a29c.jpg,0,0,0,0,0
0.0,0.0,-0.13134599417181114,-0.31956599076173975,0.0,clean8202851_png_jpg.rf.33c57e2d7f9759e1d8ac1082df68ae29.jpg,0,0,0,0,0
0.0,0.0,-0.13134599417181114,-0.31956599076173975,0.0,clean8202901_png_jpg.rf.60b6352aaf075c30a67998aa8836c82e.jpg,0,0,0,0,0
0.0,0.0,-0.13134599417181114,-0.31956599076173975,0.0,clean8202951_png_jpg.rf.71ed0c0d851ed39d2f5d5d80b5f49566.jpg,0,0,0,0,0
0.0,0.0,-0.13134599417181114,-0.31956599076173975,0.0,clean8203001_png_jpg.rf.39a6012a1798293097e601385b93972a.jpg,0,0,0,0,0
0.0,0.0,-0.13134599417181114,-0.31956599076173975,0.0,clean8203051_png_jpg.rf.0e5bf16a7954a278eb22d68e87f26ace.jpg,0,0,0,0,0
0.0,0.0,-0.13134599417181114,-0.31956599076173975,0.0,clean8203101_png_jpg.rf.8802a89e79b6e283e7f10e225e2c74fd.jpg,0,0,0,0,0
0.0,0.0,-0.13134599417181114,-0.31956599076173975,0.0,clean8203151_png_jpg.rf.653c4815021c7050dfbf2485168aa52f.jpg,0,0,0,0,0
0.0,0.0,-0.13134599417181114,-0.31956599076173975,0.0,clean8203251_png_jpg.rf.55f51d784a4ad43d61f1918ae4c1a49b.jpg,0,0,0,0,0
0.0,0.0,-0.13134599417181114,-0.31956599076173975,0.0,clean8203301_png_jpg.rf.388ec999bbb3ce37fe471efd4df45e8e.jpg,0,0,0,0,0
0.0,0.0,-0.13134599417181114,-0.31956599076173975,0.0,clean8203351_png_jpg.rf.47e369fc0ad403bf504d9bf959561cb3.jpg,0,0,0,0,0
0.0,0.0,-0.13134599417181114,-0.31956599076173975,0.0,clean8203401_png_jpg.rf.0187595637b78749b29fb4791fd72584.jpg,0,0,0,0,0
0.0,0.0,-0.13134599417181114,-0.31956599076173975,0.0,clean8203451_png_jpg.rf.ce1a3933d375a82665fc839af1fcf817.jpg,0,0,0,0,0
0.0,0.0,-0.13134599417181114,-0.31956599076173975,0.0,clean8205601_png_jpg.rf.46b9c3fc973fd625a3f47f3b7d2fbd13.jpg,0,0,0,0,0
0.0,0.0,-0.13134599417181114,-0.31956599076173975,0.0,clean8205651_png_jpg.rf.3855550eb23c3f11fc6d21f890374fb3.jpg,0,0,0,0,0
0.0,0.0,-0.13134599417181114,-0.31956599076173975,0.0,clean8205751_png_jpg.rf.d46efa6cfafd21391e1746754c8436b3.jpg,0,0,0,0,0
0.0,0.0,-0.13134599417181114,-0.31956599076173975,0.0,clean8205951_png_jpg.rf.c2bd1e0e642f390b7d3969b9ca142115.jpg,0,0,0,0,0
0.0,0.0,-0.13134599417181114,-0.31956599076173975,0.0,clean8206001_png_jpg.rf.d0c38fe72e356675123493eff0e0ee92.jpg,0,0,0,0,0
0.0,0.0,-0.13134599417181114,-0.31956599076173975,0.0,clean8206051_png_jpg.rf.54a5fee2e5dff1d41959ccf75143c291.jpg,0,0,0,0,0
0.0,0.0,-0.13134599417181114,-0.31956599076173975,0.0,clean8206801_png_jpg.rf.84227e7d08c4a879a9c59d9f68a0620d.jpg,0,0,0,0,0
0.0,0.0,-0.13134599417181114,-0.31956599076173975,0.0,clean8206951_png_jpg.rf.606ed946ee168fddbd3a56ff5656fe23.jpg,0,0,0,0,0
0.0,0.0,-0.13134599417181114,-0.31956599076173975,0.0,clean8207001_png_jpg.rf.3af85bc97e19c8daab9e373426acc58f.jpg,0,0,0,0,0
0.0,0.0,-0.13134599417181114,-0.31956599076173975,0.0,clean8207051_png_jpg.rf.fdc911c8c03f52a43e76d9e58dc8560d.jpg,0,0,0,0,0
0.0,0.0,-0.13134599417181114,-0.31956599076173975,0.0,clean8207101_png_jpg.rf.91a3ac6245c71e7db4ac7c5c283a7b7e.jpg,0,0,0,0,0
0.0,0.0,-0.13134599417181114,-0.31956599076173975,0.0,clean8207151_png_jpg.rf.5dd557901f2e59a06d253e2a50ff42fd.jpg,0,0,0,0,0
0.0,0.0,-0.13134599417181114,-0.31956599076173975,0.0,clean8207251_png_jpg.rf.9884b6bcb3ba55435fae4f6f9ccafdd0.jpg,0,0,0,0,0
0.0,0.0,-0.13134599417181114,-0.31956599076173975,0.0,clean8207351_png_jpg.rf.3ffe019591be9f492979c09e8ccf4efb.jpg,0,0,0,0,0
0.0,0.0,-0.13134599417181114,-0.31956599076173975,0.0,clean8207501_png_jpg.rf.8190885086c272f297a211570a67b3bf.jpg,0,0,0,0,0
0.0,0.0,-0.13134599417181114,-0.31956599076173975,0.0,clean_101_jpg.rf.a8ac0f36bdebd6df26da433b4f78325f.jpg,0,0,0,0,0
0.0,0.0,-0.13134599417181114,-0.31956599076173975,0.0,clean_103_jpg.rf.85042ac85a497d5fed715e0f1b9f6ed9.jpg,0,0,0,0,0
0.0,0.0,-0.13134599417181114,-0.31956599076173975,0.0,clean_113_jpg.rf.a358a9f90fbfc2ec3212bf0ca3296878.jpg,0,0,0,0,0
0.0,0.0,-0.13134599417181114,-0.31956599076173975,0.0,clean_114_jpg.rf.8c50e8324ae6d9ea193c39425cba98a7.jpg,0,0,0,0,0
0.0,0.0,-0.13134599417181114,-0.31956599076173975,0.0,clean_117_jpg.rf.4047ba621ad75c74f000b368751cbaad.jpg,0,0,0,0,0
0.0,0.0,-0.13134599417181114,-0.31956599076173975,0.0,clean_118_jpg.rf.4825c737aececba85546f9361e615cdb.jpg,0,0,0,0,0
0.0,0.0,-0.13134599417181114,-0.31956599076173975,0.0,clean_119_jpg.rf.4b2b2e2aaadb07da78b4615145515fb6.jpg,0,0,0,0,0
0.0,0.0,-0.13134599417181114,-0.31956599076173975,0.0,clean_120_jpg.rf.800b152001ba9462cc1a6f8db348b751.jpg,0,0,0,0,0
0.0,0.0,-0.13134599417181114,-0.31956599076173975,0.0,clean_121_jpg.rf.cdcb158378d433b4e06d4a4ba9e66d15.jpg,0,0,0,0,0
0.0,0.0,-0.13134599417181114,-0.31956599076173975,0.0,clean_122_jpg.rf.51f1e178b5dd2e36ef1611c2722e9483.jpg,0,0,0,0,0
0.0,0.0,-0.13134599417181114,-0.31956599076173975,0.0,clean_124_jpg.rf.bcbd0bb3453a29358564a9d529144a01.jpg,0,0,0,0,0
0.0,0.0,-0.13134599417181114,-0.31956599076173975,0.0,clean_125_jpg.rf.2caecf16005526fa8136e6f05292b86c.jpg,0,0,0,0,0
0.0,0.0,-0.13134599417181114,-0.31956599076173975,0.0,clean_126_jpg.rf.d112eb9a7b6211c5c422f506314fc80a.jpg,0,0,0,0,0
0.0,0.0,-0.13134599417181114,-0.31956599076173975,0.0,clean_127_jpg.rf.c59edabee6258b780f8dca9c2e6c4098.jpg,0,0,0,0,0
0.0,0.0,-0.13134599417181114,-0.31956599076173975,0.0,clean_129_jpg.rf.bfb3c4d1b3bc1a93ccac1c3e96b592c8.jpg,0,0,0,0,0
0.0,0.0,-0.13134599417181114,-0.31956599076173975,0.0,clean_130_jpg.rf.a5d318953134b395b1c7f0a94dd0c98e.jpg,0,0,0,0,0
0.0,0.0,-0.13134599417181114,-0.31956599076173975,0.0,clean_131_jpg.rf.8b78816e53f1bffa0e01e1d926948624.jpg,0,0,0,0,0
0.0,0.0,-0.13134599417181114,-0.31956599076173975,0.0,clean_132_jpg.rf.17a6f23137fe8779942598a04d847343.jpg,0,0,0,0,0
0.0,0.0,-0.13134599417181114,-0.31956599076173975,0.0,clean_133_jpg.rf.4c8cd1cc8c94edb8e5ea8453cd9d2d23.jpg,0,0,0,0,0
0.0,0.0,-0.13134599417181114,-0.31956599076173975,0.0,clean_134_jpg.rf.a2764458fb6e75e89bb76bb3604caf1b.jpg,0,0,0,0,0
0.0,0.0,-0.13134599417181114,-0.31956599076173975,0.0,clean_136_jpg.rf.9201584f3ad3b3882825c7e55bab2617.jpg,0,0,0,0,0
0.0,0.0,-0.13134599417181114,-0.31956599076173975,0.0,clean_137_jpg.rf.d5b51b253517659d250b41051a2523c5.jpg,0,0,0,0,0
0.0,0.0,-0.13134599417181114,-0.31956599076173975,0.0,clean_138_jpg.rf.97790742177e7c156bacba056975fa53.jpg,0,0,0,0,0
0.0,0.0,-0.13134599417181114,-0.31956599076173975,0.0,clean_140_jpg.rf.8d704d57e417464b9b7d78bb4b91e2c2.jpg,0,0,0,0,0
0.0,0.0,-0.13134599417181114,-0.31956599076173975,0.0,clean_141_jpg.rf.267e6a8be25a63c972bf5039fa605859.jpg,0,0,0,0,0
0.0,0.0,-0.13134599417181114,-0.31956599076173975,0.0,clean_143_jpg.rf.8d54af56e218479e6751279f2af93b87.jpg,0,0,0,0,0
0.0,0.0,-0.13134599417181114,-0.31956599076173975,0.0,clean_144_jpg.rf.dc1fd6c0e0729baff2b7d0dce14a7212.jpg,0,0,0,0,0
0.0,0.0,-0.13134599417181114,-0.31956599076173975,0.0,clean_145_jpg.rf.f4054932d5080515d4844c50cffe2956.jpg,0,0,0,0,0
0.0,0.0,-0.13134599417181114,-0.31956599076173975,0.0,clean_146_jpg.rf.e4de69b75f4efd6fc2699247464d6171.jpg,0,0,0,0,0
0.0,0.0,-0.13134599417181114,-0.31956599076173975,0.0,clean_148_jpg.rf.7325bf5139f24cc1cc89abc01520817e.jpg,0,0,0,0,0
0.0,0.0,-0.13134599417181114,-0.31956599076173975,0.0,clean_149_jpg.rf.224da80df6d7861ff010d0989a4c959c.jpg,0,0,0,0,0
0.0,0.0,-0.13134599417181114,-0.31956599076173975,0.0,clean_14_jpg.rf.ed37ff2d01e798e27cdb4f789451b588.jpg,0,0,0,0,0
0.0,0.0,-0.13134599417181114,-0.31956599076173975,0.0,clean_150_jpg.rf.86cadf84c3cd08e5360190729ee3859b.jpg,0,0,0,0,0
0.0,0.0,-0.13134599417181114,-0.31956599076173975,0.0,clean_151_jpg.rf.6b905ccf2e8054414c51eb4968f0de4b.jpg,0,0,0,0,0
0.0,0.0,-0.13134599417181114,-0.31956599076173975,0.0,clean_152_jpg.rf.0c732fd4d6b6bfefa2285b77f3fde662.jpg,0,0,0,0,0
0.0,0.0,-0.13134599417181114,-0.31956599076173975,0.0,clean_153_jpg.rf.76be4ab5330c348747533804ee8cc582.jpg,0,0,0,0,0
0.0,0.0,-0.13134599417181114,-0.31956599076173975,0.0,clean_154_jpg.rf.9446f869ad660ee1e97e630fc7d65b61.jpg,0,0,0,0,0
0.0,0.0,-0.13134599417181114,-0.31956599076173975,0.0,clean_155_jpg.rf.7b16e2079cde8331c1be66aca0e27de8.jpg,0,0,0,0,0
0.0,0.0,-0.13134599417181114,-0.31956599076173975,0.0,clean_156_jpg.rf.01aca1eec1798e68ab328ff6ba30cc83.jpg,0,0,0,0,0
0.0,0.0,-0.13134599417181114,-0.31956599076173975,0.0,clean_158_jpg.rf.2d6cc0674ed369449d3ba05b1677a3e6.jpg,0,0,0,0,0
0.0,0.0,-0.13134599417181114,-0.31956599076173975,0.0,clean_159_jpg.rf.97cf76309f86a18982e3150aacd3c2fc.jpg,0,0,0,0,0
0.0,0.0,-0.13134599417181114,-0.31956599076173975,0.0,clean_15_jpg.rf.2abb53ecb7bac76bdcc8a4b1169ae6eb.jpg,0,0,0,0,0
0.0,0.0,-0.13134599417181114,-0.31956599076173975,0.0,clean_163_jpg.rf.660e7c7c84336ac314357dadfad1e25a.jpg,0,0,0,0,0
0.0,0.0,-0.13134599417181114,-0.31956599076173975,0.0,clean_164_jpg.rf.0e7331207f3514c40fc015644f162135.jpg,0,0,0,0,0
0.0,0.0,-0.13134599417181114,-0.31956599076173975,0.0,clean_165_jpg.rf.6e4e614854434239f6dbb2e7fed8529d.jpg,0,0,0,0,0
0.0,0.0,-0.13134599417181114,-0.31956599076173975,0.0,clean_166_jpg.rf.f22ba8ee6ece044e6032345aefc28397.jpg,0,0,0,0,0
0.0,0.0,-0.13134599417181114,-0.31956599076173975,0.0,clean_169_jpg.rf.2cfb95a1a2152e35920097403c7c2ce6.jpg,0,0,0,0,0
0.0,0.0,-0.13134599417181114,-0.31956599076173975,0.0,clean_16_jpg.rf.3da135c51b8b0786ab5db0b50890e155.jpg,0,0,0,0,0
0.0,0.0,-0.13134599417181114,-0.31956599076173975,0.0,clean_170_jpg.rf.a193c619c4329040af4b4c7ef165b69d.jpg,0,0,0,0,0
0.0,0.0,-0.13134599417181114,-0.31956599076173975,0.0,clean_172_jpg.rf.d677f44d911fd9ad689cccaba076d0de.jpg,0,0,0,0,0
0.0,0.0,-0.13134599417181114,-0.31956599076173975,0.0,clean_175_jpg.rf.67844f42cab991df8e19e7a4e1781118.jpg,0,0,0,0,0
0.0,0.0,-0.13134599417181114,-0.31956599076173975,0.0,clean_176_jpg.rf.adf921633f1c23df688a0c6a7c03eb21.jpg,0,0,0,0,0
0.0,0.0,-0.13134599417181114,-0.31956599076173975,0.0,clean_177_jpg.rf.67ad354c2d7bddfc9859ba2533e84c0a.jpg,0,0,0,0,0
0.0,0.0,-0.13134599417181114,-0.31956599076173975,0.0,clean_185_jpg.rf.6b693774fa70d5c8ee1e57de29a2c7f3.jpg,0,0,0,0,0
0.0,0.0,-0.13134599417181114,-0.31956599076173975,0.0,clean_186_jpg.rf.391f1b381a2a38906466309869826780.jpg,0,0,0,0,0
0.0,0.0,-0.13134599417181114,-0.31956599076173975,0.0,clean_187_jpg.rf.72c2604ff4eca9ba73fd392fc2e934d6.jpg,0,0,0,0,0
0.0,0.0,-0.13134599417181114,-0.31956599076173975,0.0,clean_188_jpg.rf.8e39ca1b1c88a71fa63c46233daf4982.jpg,0,0,0,0,0
0.0,0.0,-0.13134599417181114,-0.31956599076173975,0.0,clean_189_jpg.rf.b1cf3e1d08144e731416484a23bae1a6.jpg,0,0,0,0,0
0.0,0.0,-0.13134599417181114,-0.31956599076173975,0.0,clean_18_jpg.rf.136ff2c62539ec44fc8a8b1fce70bd79.jpg,0,0,0,0,0
0.0,0.0,-0.13134599417181114,-0.31956599076173975,0.0,clean_197_jpg.rf.84af6029096b416ad0b08fa77b37a283.jpg,0,0,0,0,0
0.0,0.0,-0.13134599417181114,-0.31956599076173975,0.0,clean_198_jpg.rf.58ba257d613d1ab5405a50477691d4e4.jpg,0,0,0,0,0
0.0,0.0,-0.13134599417181114,-0.31956599076173975,0.0,clean_199_jpg.rf.00ac3ce7ab7f1c57fabf9d6bab88fe10.jpg,0,0,0,0,0
0.0,0.0,-0.13134599417181114,-0.31956599076173975,0.0,clean_19_jpg.rf.5a640761bc87c675eb6a173d7a201e11.jpg,0,0,0,0,0
0.0,0.0,-0.13134599417181114,-0.31956599076173975,0.0,clean_202_jpg.rf.dbbf39c94dc059dd81d58fe9d003e7bd.jpg,0,0,0,0,0
0.0,0.0,-0.13134599417181114,-0.31956599076173975,0.0,clean_204_jpg.rf.68806569b5e86aecb98d8b57f34680d2.jpg,0,0,0,0,0
0.0,0.0,-0.13134599417181114,-0.31956599076173975,0.0,clean_205_jpg.rf.ab6827000ad391657da5755b2d6c6725.jpg,0,0,0,0,0
0.0,0.0,-0.13134599417181114,-0.31956599076173975,0.0,clean_206_jpg.rf.d0e92b6fbc4bd35f696e7115e3d5c1b5.jpg,0,0,0,0,0
0.0,0.0,-0.13134599417181114,-0.31956599076173975,0.0,clean_20_jpg.rf.2bc1e986bcee15c7f9a85d249f0e72c0.jpg,0,0,0,0,0
0.0,0.0,-0.13134599417181114,-0.31956599076173975,0.0,clean_210_jpg.rf.597e7d7b789b9697a120348a780ed709.jpg,0,0,0,0,0
0.0,0.0,-0.13134599417181114,-0.31956599076173975,0.0,clean_211_jpg.rf.ca78b653661dcd926923a6742892ad15.jpg,0,0,0,0,0
0.0,0.0,-0.13134599417181114,-0.31956599076173975,0.0,clean_212_jpg.rf.ea5cf1e0ffbb78ad4ee29610c447bd41.jpg,0,0,0,0,0
0.0,0.0,-0.13134599417181114,-0.31956599076173975,0.0,clean_213_jpg.rf.ecdd7596f0afdbe1c0df1a468ef530f3.jpg,0,0,0,0,0
0.0,0.0,-0.13134599417181114,-0.31956599076173975,0.0,clean_215_jpg.rf.8c06c3ef790c9291be5b3f37556a264f.jpg,0,0,0,0,0
0.0,0.0,-0.13134599417181114,-0.31956599076173975,0.0,clean_216_jpg.rf.cb8166eea5f0be982f1e93163220c118.jpg,0,0,0,0,0
0.0,0.0,-0.13134599417181114,-0.31956599076173975,0.0,clean_218_jpg.rf.9d9cea78e7c6d7a52fe46581cb471d65.jpg,0,0,0,0,0
0.0,0.0,-0.13134599417181114,-0.31956599076173975,0.0,clean_219_jpg.rf.a1ff4354989f7b354f66b5e9b0968b9c.jpg,0,0,0,0,0
0.0,0.0,-0.13134599417181114,-0.31956599076173975,0.0,clean_21_jpg.rf.4389b55f1f9f89883f91aa0ead6624ef.jpg,0,0,0,0,0
0.0,0.0,-0.13134599417181114,-0.31956599076173975,0.0,clean_220_jpg.rf.d49591e9f2a3070e9e255a934780e7f7.jpg,0,0,0,0,0
0.0,0.0,-0.13134599417181114,-0.31956599076173975,0.0,clean_221_jpg.rf.b3ca7e45416cf3420eb621efc932cf9e.jpg,0,0,0,0,0
0.0,0.0,-0.13134599417181114,-0.31956599076173975,0.0,clean_222_jpg.rf.f404dd4438c5392c3d984e8226720e91.jpg,0,0,0,0,0
0.0,0.0,-0.13134599417181114,-0.31956599076173975,0.0,clean_223_jpg.rf.a4231af73a03762294faf078a7409c34.jpg,0,0,0,0,0
0.0,0.0,-0.13134599417181114,-0.31956599076173975,0.0,clean_224_jpg.rf.301c78fdd33295f6bf8cc0a7c4df077c.jpg,0,0,0,0,0
0.0,0.0,-0.13134599417181114,-0.31956599076173975,0.0,clean_225_jpg.rf.f9db2ba7e743e3f790ab466a87ea3d9a.jpg,0,0,0,0,0
0.0,0.0,-0.13134599417181114,-0.31956599076173975,0.0,clean_226_jpg.rf.78b7aaf880577c0ec87e4e51a9a5e726.jpg,0,0,0,0,0
0.0,0.0,-0.13134599417181114,-0.31956599076173975,0.0,clean_227_jpg.rf.cbe2a0ed2313e840f26c1727c0e726a9.jpg,0,0,0,0,0
0.0,0.0,-0.13134599417181114,-0.31956599076173975,0.0,clean_228_jpg.rf.b34345a45fe7353056220f050bf75a00.jpg,0,0,0,0,0
0.0,0.0,-0.13134599417181114,-0.31956599076173975,0.0,clean_229_jpg.rf.ae88ecd2d2f9a97b3715d35305646ba3.jpg,0,0,0,0,0
0.0,0.0,-0.13134599417181114,-0.31956599076173975,0.0,clean_22_jpg.rf.def2732b00f394fd2d702bce5f599988.jpg,0,0,0,0,0
0.0,0.0,-0.13134599417181114,-0.31956599076173975,0.0,clean_230_jpg.rf.ddbea44b9a6501553ab544e9955e612a.jpg,0,0,0,0,0
0.0,0.0,-0.13134599417181114,-0.31956599076173975,0.0,clean_231_jpg.rf.3df858df75e510a5382dc8c00d197797.jpg,0,0,0,0,0
0.0,0.0,-0.13134599417181114,-0.31956599076173975,0.0,clean_232_jpg.rf.e833a884e2ab3ab8a6005d0e6f70acd9.jpg,0,0,0,0,0
0.0,0.0,-0.13134599417181114,-0.31956599076173975,0.0,clean_233_jpg.rf.ab2bcfa17169f7c61e4ce4ecdae97faa.jpg,0,0,0,0,0
0.0,0.0,-0.13134599417181114,-0.31956599076173975,0.0,clean_234_jpg.rf.44ad623e9b9551a33fb2186e7611b392.jpg,0,0,0,0,0
0.0,0.0,-0.13134599417181114,-0.31956599076173975,0.0,clean_235_jpg.rf.dfc2de91cffbaa40ad864817a936eeb7.jpg,0,0,0,0,0
0.0,0.0,-0.13134599417181114,-0.31956599076173975,0.0,clean_236_jpg.rf.0fd52846357d469149314f443df12a6e.jpg,0,0,0,0,0
0.0,0.0,-0.13134599417181114,-0.31956599076173975,0.0,clean_237_jpg.rf.795a61cc6ba2b4288a15a86e4185209e.jpg,0,0,0,0,0
0.0,0.0,-0.13134599417181114,-0.31956599076173975,0.0,clean_23_jpg.rf.041eb387fc8b9e64a2d445a4ed2be2ac.jpg,0,0,0,0,0
0.0,0.0,-0.13134599417181114,-0.31956599076173975,0.0,clean_244_jpg.rf.8ccd914b60fd0c86cc079a691cbd5c24.jpg,0,0,0,0,0
0.0,0.0,-0.13134599417181114,-0.31956599076173975,0.0,clean_245_jpg.rf.73af2b2ec108e9aafe5efc0b086984e2.jpg,0,0,0,0,0
0.0,0.0,-0.13134599417181114,-0.31956599076173975,0.0,clean_246_jpg.rf.8956e35592cb4e28ede10527e02c0f73.jpg,0,0,0,0,0
0.0,0.0,-0.13134599417181114,-0.31956599076173975,0.0,clean_247_jpg.rf.d1092cc9377acfd22a71a8a4b64af060.jpg,0,0,0,0,0
0.0,0.0,-0.13134599417181114,-0.31956599076173975,0.0,clean_248_jpg.rf.34fb8793db597cc8313467205c2404db.jpg,0,0,0,0,0
0.0,0.0,-0.13134599417181114,-0.31956599076173975,0.0,clean_249_jpg.rf.7fcae08d6224bdcdeb190b7018539a18.jpg,0,0,0,0,0
0.0,0.0,-0.13134599417181114,-0.31956599076173975,0.0,clean_24_jpg.rf.0cd4d926eb271aac5d519f050eb85585.jpg,0,0,0,0,0
0.0,0.0,-0.13134599417181114,-0.31956599076173975,0.0,clean_250_jpg.rf.1e42114fc90c50f1a8d1246d1c0b2784.jpg,0,0,0,0,0
0.0,0.0,-0.13134599417181114,-0.31956599076173975,0.0,clean_251_jpg.rf.2c37335b997dd56be78bdfb1bb9b1692.jpg,0,0,0,0,0
0.0,0.0,-0.13134599417181114,-0.31956599076173975,0.0,clean_252_jpg.rf.136543c9c60aa79ca0b265158c9f86da.jpg,0,0,0,0,0
0.0,0.0,-0.13134599417181114,-0.31956599076173975,0.0,clean_253_jpg.rf.6ffae85db6692748016ee5fba7e59305.jpg,0,0,0,0,0
0.0,0.0,-0.13134599417181114,-0.31956599076173975,0.0,clean_254_jpg.rf.9ace4e34aaeee2f41c5e689652d04472.jpg,0,0,0,0,0
0.0,0.0,-0.13134599417181114,-0.31956599076173975,0.0,clean_256_jpg.rf.b9351aade4dee7874b69077d61be0631.jpg,0,0,0,0,0
0.0,0.0,-0.13134599417181114,-0.31956599076173975,0.0,clean_257_jpg.rf.537fea37d3073145ff3a035c4eb8cdba.jpg,0,0,0,0,0
0.0,0.0,-0.13134599417181114,-0.31956599076173975,0.0,clean_258_jpg.rf.62c9ab80655cd9d828dbc3bf520a2f84.jpg,0,0,0,0,0
0.0,0.0,-0.13134599417181114,-0.31956599076173975,0.0,clean_260_jpg.rf.cb20d7aabada47086945b2c5baebcf4d.jpg,0,0,0,0,0
0.0,0.0,-0.13134599417181114,-0.31956599076173975,0.0,clean_261_jpg.rf.24a05cbf1bbf18eb7eb807d7ed20d5b2.jpg,0,0,0,0,0
0.0,0.0,-0.13134599417181114,-0.31956599076173975,0.0,clean_262_jpg.rf.7f49ba6e1241cd23b2b8b50a5e64e8a3.jpg,0,0,0,0,0
0.0,0.0,-0.13134599417181114,-0.31956599076173975,0.0,clean_263_jpg.rf.1aeb6c3f8855ef62f8758c388649fef2.jpg,0,0,0,0,0
0.0,0.0,-0.13134599417181114,-0.31956599076173975,0.0,clean_264_jpg.rf.e75e98da0e02534fe47d4539a60f95c5.jpg,0,0,0,0,0
0.0,0.0,-0.13134599417181114,-0.31956599076173975,0.0,clean_268_jpg.rf.b2226117f18ebfa0868c7f88c1c8752d.jpg,0,0,0,0,0
0.0,0.0,-0.13134599417181114,-0.31956599076173975,0.0,clean_26_jpg.rf.d2b2e296bff86fa53aea2eeec235acc9.jpg,0,0,0,0,0
0.0,0.0,-0.13134599417181114,-0.31956599076173975,0.0,clean_271_jpg.rf.82c81a2fa729ae61bfa18fdc192d065f.jpg,0,0,0,0,0
0.0,0.0,-0.13134599417181114,-0.31956599076173975,0.0,clean_272_jpg.rf.c712852f2504264a9d25376e8a1127be.jpg,0,0,0,0,0
0.0,0.0,-0.13134599417181114,-0.31956599076173975,0.0,clean_273_jpg.rf.93845e32f71542dd828c287ff42cef1d.jpg,0,0,0,0,0
0.0,0.0,-0.13134599417181114,-0.31956599076173975,0.0,clean_274_jpg.rf.648fd95721d60142f280466976bd225e.jpg,0,0,0,0,0
0.0,0.0,-0.13134599417181114,-0.31956599076173975,0.0,clean_275_jpg.rf.78e568dc3fb79720f9e5384420e0a213.jpg,0,0,0,0,0
0.0,0.0,-0.13134599417181114,-0.31956599076173975,0.0,clean_276_jpg.rf.ac53dabc618d404fb6daed7e097151fe.jpg,0,0,0,0,0
0.0,0.0,-0.13134599417181114,-0.31956599076173975,0.0,clean_277_jpg.rf.ead498ec1f7d1838d94ad6e013474019.jpg,0,0,0,0,0
0.0,0.0,-0.13134599417181114,-0.31956599076173975,0.0,clean_278_jpg.rf.eaace599debb81af56731d44790fc2a9.jpg,0,0,0,0,0
0.0,0.0,-0.13134599417181114,-0.31956599076173975,0.0,clean_279_jpg.rf.89e60ddc9b084b5b17d813e1f2c055b2.jpg,0,0,0,0,0
0.0,0.0,-0.13134599417181114,-0.31956599076173975,0.0,clean_27_jpg.rf.2874cdc2ca7784ba45ae2e5f94bb0005.jpg,0,0,0,0,0
0.0,0.0,-0.13134599417181114,-0.31956599076173975,0.0,clean_281_jpg.rf.1b8db76bd38aa4e960f7a0666b225d7b.jpg,0,0,0,0,0
0.0,0.0,-0.13134599417181114,-0.31956599076173975,0.0,clean_282_jpg.rf.d61b8db6b084b5ca00bb5e9373161c30.jpg,0,0,0,0,0
0.0,0.0,-0.13134599417181114,-0.31956599076173975,0.0,clean_283_jpg.rf.7192a0dd87514d621c953e6c3e062b35.jpg,0,0,0,0,0
0.0,0.0,-0.13134599417181114,-0.31956599076173975,0.0,clean_284_jpg.rf.2c13ff9a1adc5dff759f5e0fa9f0c3a8.jpg,0,0,0,0,0
0.0,0.0,-0.13134599417181114,-0.31956599076173975,0.0,clean_286_jpg.rf.f3a6dfc2f6f0072b32a678282910d018.jpg,0,0,0,0,0
0.0,0.0,-0.13134599417181114,-0.31956599076173975,0.0,clean_287_jpg.rf.f62aea60cd128b5f874ee36db51681ea.jpg,0,0,0,0,0
0.0,0.0,-0.13134599417181114,-0.31956599076173975,0.0,clean_28_jpg.rf.142cb012f147fe6849ca83ed1429e18c.jpg,0,0,0,0,0
0.0,0.0,-0.13134599417181114,-0.31956599076173975,0.0,clean_293_jpg.rf.c6bad633ed5aab49fac0c59657450c8f.jpg,0,0,0,0,0
0.0,0.0,-0.13134599417181114,-0.31956599076173975,0.0,clean_294_jpg.rf.457dd0f0968c16dbccea5766a3a25ce4.jpg,0,0,0,0,0
0.0,0.0,-0.13134599417181114,-0.31956599076173975,0.0,clean_295_jpg.rf.a6d9f1494c959a2a3fa831409db0eef0.jpg,0,0,0,0,0
0.0,0.0,-0.13134599417181114,-0.31956599076173975,0.0,clean_296_jpg.rf.685148c817f097f601ecff99fd504168.jpg,0,0,0,0,0
0.0,0.0,-0.13134599417181114,-0.31956599076173975,0.0,clean_297_jpg.rf.87dc71882eabdda088106c0fd0c2792f.jpg,0,0,0,0,0
0.0,0.0,-0.13134599417181114,-0.31956599076173975,0.0,clean_299_jpg.rf.019298ecf744e3d8065cfae1d4fdf9bc.jpg,0,0,0,0,0
0.0,0.0,-0.13134599417181114,-0.31956599076173975,0.0,clean_30_jpg.rf.4ea06f00ffeaf4b4ba72773e0a146691.jpg,0,0,0,0,0
0.0,0.0,-0.13134599417181114,-0.31956599076173975,0.0,clean_31_jpg.rf.c9d7fdf2cf5cfa50562a73c7924da133.jpg,0,0,0,0,0
0.0,0.0,-0.13134599417181114,-0.31956599076173975,0.0,clean_33_jpg.rf.adddfd049c408c40bce02e75da362322.jpg,0,0,0,0,0
0.0,0.0,-0.13134599417181114,-0.31956599076173975,0.0,clean_34_jpg.rf.88690b64537f62dc64979dfd35138a22.jpg,0,0,0,0,0
0.0,0.0,-0.13134599417181114,-0.31956599076173975,0.0,clean_36_jpg.rf.3c0f38430b8824a4e216e7b0c2c50340.jpg,0,0,0,0,0
0.0,0.0,-0.13134599417181114,-0.31956599076173975,0.0,clean_38_jpg.rf.6367bb20b33b00ec277737108e5fc2d1.jpg,0,0,0,0,0
0.0,0.0,-0.13134599417181114,-0.31956599076173975,0.0,clean_42_jpg.rf.5b2ee3733d52ad1c7d56379d670430e0.jpg,0,0,0,0,0
0.0,0.0,-0.13134599417181114,-0.31956599076173975,0.0,clean_44_jpg.rf.c44241effad04ca24ed4ee8a3a154aae.jpg,0,0,0,0,0
0.0,0.0,-0.13134599417181114,-0.31956599076173975,0.0,clean_45_jpg.rf.c394abeb11f6a3d1d71a1e58ba813d6e.jpg,0,0,0,0,0
0.0,0.0,-0.13134599417181114,-0.31956599076173975,0.0,clean_46_jpg.rf.dfeca68aec0eaac0a16e5762c6bacee7.jpg,0,0,0,0,0
0.0,0.0,-0.13134599417181114,-0.31956599076173975,0.0,clean_49_jpg.rf.27da48776ba9ebe5c73a5e241a25b2a2.jpg,0,0,0,0,0
0.0,0.0,-0.13134599417181114,-0.31956599076173975,0.0,clean_50_jpg.rf.10b1bc0318f60e204e842443312b07b0.jpg,0,0,0,0,0
0.0,0.0,-0.13134599417181114,-0.31956599076173975,0.0,clean_54_jpg.rf.bbb169d48cee642194564b66fe9e6d53.jpg,0,0,0,0,0
0.0,0.0,-0.13134599417181114,-0.31956599076173975,0.0,clean_56_jpg.rf.4c7413ae91e71f650e904c173954e525.jpg,0,0,0,0,0
0.0,0.0,-0.13134599417181114,-0.31956599076173975,0.0,clean_60_jpg.rf.38c6eb8cd565b8ec8dded6b6060d624e.jpg,0,0,0,0,0
0.0,0.0,-0.13134599417181114,-0.31956599076173975,0.0,clean_61_jpg.rf.638aa9154207821bfc7470e38ff8655a.jpg,0,0,0,0,0
0.0,0.0,-0.13134599417181114,-0.31956599076173975,0.0,clean_62_jpg.rf.ca97465e14329696db75655e2e818a89.jpg,0,0,0,0,0
0.0,0.0,-0.13134599417181114,-0.31956599076173975,0.0,clean_63_jpg.rf.da512afe9112e42f8cdbf0bfddf40e65.jpg,0,0,0,0,0
0.0,0.0,-0.13134599417181114,-0.31956599076173975,0.0,clean_64_jpg.rf.82761b0f1f640e6dca82300e288e2edf.jpg,0,0,0,0,0
0.0,0.0,-0.13134599417181114,-0.31956599076173975,0.0,clean_65_jpg.rf.8f7c153e740eb74670ff4d62e3d2346a.jpg,0,0,0,0,0
0.0,0.0,-0.13134599417181114,-0.31956599076173975,0.0,clean_66_jpg.rf.b35802135fce667318c3f8759309ff08.jpg,0,0,0,0,0
0.0,0.0,-0.13134599417181114,-0.31956599076173975,0.0,clean_68_jpg.rf.61a3aefb03de7f4fa06734d474da0054.jpg,0,0,0,0,0
0.0,0.0,-0.13134599417181114,-0.31956599076173975,0.0,clean_69_jpg.rf.93692e9167d6c975b2f4447f499b8b4c.jpg,0,0,0,0,0
0.0,0.0,-0.13134599417181114,-0.31956599076173975,0.0,clean_72_jpg.rf.f471acf01b441ec7cc6fcaa4dd0b78be.jpg,0,0,0,0,0
0.0,0.0,-0.13134599417181114,-0.31956599076173975,0.0,clean_73_jpg.rf.f733e266de711a1c98bf89fa99506c5b.jpg,0,0,0,0,0
0.0,0.0,-0.13134599417181114,-0.31956599076173975,0.0,clean_75_jpg.rf.0449ce8cb0a2b4b5e404df6abababa98.jpg,0,0,0,0,0
0.0,0.0,-0.13134599417181114,-0.31956599076173975,0.0,clean_76_jpg.rf.13378f3d933876e7b56684ec27164b59.jpg,0,0,0,0,0
0.0,0.0,-0.13134599417181114,-0.31956599076173975,0.0,clean_78_jpg.rf.2ea1ded34b1f5f1313dcc9cddb8e62cd.jpg,0,0,0,0,0
0.0,0.0,-0.13134599417181114,-0.31956599076173975,0.0,clean_81_jpg.rf.3b33810e9c2562f2a4d0b74cc00aecdc.jpg,0,0,0,0,0
0.0,0.0,-0.13134599417181114,-0.31956599076173975,0.0,clean_86_jpg.rf.6d5aa8fea2235c2f8deb81fd6d7be120.jpg,0,0,0,0,0
0.0,0.0,-0.13134599417181114,-0.31956599076173975,0.0,clean_87_jpg.rf.4ea02ff3af6313dd74b9b97c289ec3ac.jpg,0,0,0,0,0
0.0,0.0,-0.13134599417181114,-0.31956599076173975,0.0,clean_92_jpg.rf.9fb397eed960501d69d359d747cc535d.jpg,0,0,0,0,0
0.0,0.0,-0.13134599417181114,-0.31956599076173975,0.0,clean_image_10100451_png_jpg.rf.b82a200a69bc6737423dbbafe9df58c6.jpg,0,0,0,0,0
0.0,0.0,-0.13134599417181114,-0.31956599076173975,0.0,clean_image_10100551_png_jpg.rf.4e8fa019b62fe19a19701322651f93e3.jpg,0,0,0,0,0
0.0,0.0,-0.13134599417181114,-0.31956599076173975,0.0,clean_image_10100651_png_jpg.rf.e29829834dd7140dede4429a6afe316f.jpg,0,0,0,0,0
0.0,0.0,-0.13134599417181114,-0.31956599076173975,0.0,clean_image_10100751_png_jpg.rf.b7ad92fd01844a2104977cf6a57a6197.jpg,0,0,0,0,0
0.0,0.0,-0.13134599417181114,-0.31956599076173975,0.0,clean_image_10100801_png_jpg.rf.0ba014f9a3cf6e6e271d82705bb01db9.jpg,0,0,0,0,0
0.0,0.0,-0.13134599417181114,-0.31956599076173975,0.0,clean_image_10100851_png_jpg.rf.f109a37a96513eb03443f36178a484a8.jpg,0,0,0,0,0
0.0,0.0,-0.13134599417181114,-0.31956599076173975,0.0,clean_image_10100901_png_jpg.rf.0df5af0f26c1d2aa084c7b2680bfcbfa.jpg,0,0,0,0,0
0.0,0.0,-0.13134599417181114,-0.31956599076173975,0.0,clean_image_10100951_png_jpg.rf.32c274d0a84726b382a230ab9fb2644c.jpg,0,0,0,0,0
0.0,0.0,-0.13134599417181114,-0.31956599076173975,0.0,clean_image_10101051_png_jpg.rf.765c4e16b18d2393e5973a5bddc2006c.jpg,0,0,0,0,0
0.0,0.0,-0.13134599417181114,-0.31956599076173975,0.0,clean_image_10101151_png_jpg.rf.3e3b12a6bb17b328f214987859b4a4f7.jpg,0,0,0,0,0
0.0,0.0,-0.13134599417181114,-0.31956599076173975,0.0,clean_image_10101201_png_jpg.rf.ea79c88513fa5e86ea99096ac7e50c20.jpg,0,0,0,0,0
0.0,0.0,-0.13134599417181114,-0.31956599076173975,0.0,clean_image_10101251_png_jpg.rf.508ace06d1c23717bad00d1288c8023f.jpg,0,0,0,0,0
0.0,0.0,-0.13134599417181114,-0.31956599076173975,0.0,clean_image_10200051_png_jpg.rf.a0a56ff0057f46cd43b39b571cb635aa.jpg,0,0,0,0,0
0.0,0.0,-0.13134599417181114,-0.31956599076173975,0.0,clean_image_10201701_png_jpg.rf.c977822fddc34bbf5b5c27066462ed77.jpg,0,0,0,0,0
0.0,0.0,-0.13134599417181114,-0.31956599076173975,0.0,clean_image_10201751_png_jpg.rf.44f343a74d041665f1181c1bcfb4f556.jpg,0,0,0,0,0
0.0,0.0,-0.13134599417181114,-0.31956599076173975,0.0,clean_image_10301001_png_jpg.rf.832c79c8f137371487b4d931070758c8.jpg,0,0,0,0,0
0.0,0.0,-0.13134599417181114,-0.31956599076173975,0.0,clean_image_10301151_png_jpg.rf.a33e6e2bd468d338bda1720c393ce7ec.jpg,0,0,0,0,0
0.0,0.0,-0.13134599417181114,-0.31956599076173975,0.0,clean_image_10401101_png_jpg.rf.fed8443d9f294521675d6f5f6387c7af.jpg,0,0,0,0,0
0.0,0.0,-0.13134599417181114,-0.31956599076173975,0.0,clean_image_10401551_png_jpg.rf.22b82d06e3b2895801571f8b390a6952.jpg,0,0,0,0,0
0.0,0.0,-0.13134599417181114,-0.31956599076173975,0.0,clean_image_10401651_png_jpg.rf.43b5601bc8582858b1d76954c5792fb3.jpg,0,0,0,0,0
0.0,0.0,-0.13134599417181114,-0.31956599076173975,0.0,clean_image_10401701_png_jpg.rf.f57c6e3422ea95e339cb14ec7153983a.jpg,0,0,0,0,0
0.0,0.0,-0.13134599417181114,-0.31956599076173975,0.0,clean_image_10401801_png_jpg.rf.538be91fba90a7fd2ab199ea9808eb1b.jpg,0,0,0,0,0
0.0,0.0,-0.13134599417181114,-0.31956599076173975,0.0,clean_image_10401851_png_jpg.rf.bd5961133bdf72113004831f16c43ee6.jpg,0,0,0,0,0
0.0,0.0,-0.13134599417181114,-0.31956599076173975,0.0,clean_image_10401901_png_jpg.rf.88e0442ff77f379abab0958c8ba65227.jpg,0,0,0,0,0
0.0,0.0,-0.13134599417181114,-0.31956599076173975,0.0,clean_image_10401951_png_jpg.rf.73378f6c6efc31478cf66f2a1c633eee.jpg,0,0,0,0,0
0.0,0.0,-0.13134599417181114,-0.31956599076173975,0.0,clean_image_10402001_png_jpg.rf.cfc5dec00f0ea6b428a506ff26a4af53.jpg,0,0,0,0,0
0.0,0.0,-0.13134599417181114,-0.31956599076173975,0.0,clean_image_10402101_png_jpg.rf.f5e09b2f653c1ebc19e2ad5ea4a54da2.jpg,0,0,0,0,0
0.0,0.0,-0.13134599417181114,-0.31956599076173975,0.0,clean_image_10402251_png_jpg.rf.5b6bf13c9163ab2f165efbc19761aaee.jpg,0,0,0,0,0
0.0,0.0,-0.13134599417181114,-0.31956599076173975,0.0,clean_image_10402301_png_jpg.rf.0eff7bcffc2f864cde2e14d8afd383a2.jpg,0,0,0,0,0
0.0,0.0,-0.13134599417181114,-0.31956599076173975,0.0,clean_image_10402351_png_jpg.rf.349df7b4a982d589b1b44bd8c11633c8.jpg,0,0,0,0,0
0.0,0.0,-0.13134599417181114,-0.31956599076173975,0.0,clean_image_10402451_png_jpg.rf.27f4e64cf0c94453829420cc8326454b.jpg,0,0,0,0,0
0.0,0.0,-0.13134599417181114,-0.31956599076173975,0.0,clean_image_10402501_png_jpg.rf.9b2447952c41c505e851bcc381fed4ae.jpg,0,0,0,0,0
0.0,0.0,-0.13134599417181114,-0.31956599076173975,0.0,clean_image_10402551_png_jpg.rf.dde500a7296d5e2a39b67cd8450ca80e.jpg,0,0,0,0,0
0.0,0.0,-0.13134599417181114,-0.31956599076173975,0.0,clean_image_10402651_png_jpg.rf.9d5e9c32797c16d3539cf73b596e469d.jpg,0,0,0,0,0
0.0,0.0,-0.13134599417181114,-0.31956599076173975,0.0,clean_image_10402701_png_jpg.rf.b5219654250d65bf3de520f0cb73899b.jpg,0,0,0,0,0
0.0,0.0,-0.13134599417181114,-0.31956599076173975,0.0,clean_image_10500151_png_jpg.rf.72814ba348d87c13359307b2c8a4c099.jpg,0,0,0,0,0
0.0,0.0,-0.13134599417181114,-0.31956599076173975,0.0,clean_image_10500201_png_jpg.rf.6c4f94bd29d4ca2cecc6d7661a4fb328.jpg,0,0,0,0,0
0.0,0.0,-0.13134599417181114,-0.31956599076173975,0.0,clean_image_10500251_png_jpg.rf.cf8c5d1105e13428b250e9d53b4e2ea6.jpg,0,0,0,0,0
0.0,0.0,-0.13134599417181114,-0.31956599076173975,0.0,clean_image_10500401_png_jpg.rf.af94565eee72433480dfb09beff46b08.jpg,0,0,0,0,0
0.0,0.0,-0.13134599417181114,-0.31956599076173975,0.0,clean_image_10500451_png_jpg.rf.2ee7156784c3e4eb1dc2f8866e6f743c.jpg,0,0,0,0,0
0.0,0.0,-0.13134599417181114,-0.31956599076173975,0.0,clean_image_10500751_png_jpg.rf.4a803c8d4186cc3cc36ba1f3e871e718.jpg,0,0,0,0,0
0.0,0.0,-0.13134599417181114,-0.31956599076173975,0.0,clean_image_10500851_png_jpg.rf.8d73dbf8afb832991846d3943c137210.jpg,0,0,0,0,0
0.0,0.0,-0.13134599417181114,-0.31956599076173975,0.0,clean_image_10500901_png_jpg.rf.326f5f39d76ad717249d715f891214f3.jpg,0,0,0,0,0
0.0,0.0,-0.13134599417181114,-0.31956599076173975,0.0,clean_image_10500951_png_jpg.rf.7a5a5feb783485a5c35109fe07789062.jpg,0,0,0,0,0
0.0,0.0,-0.13134599417181114,-0.31956599076173975,0.0,clean_image_10501001_png_jpg.rf.78c3f88de0ec9cc9e50b635a61315198.jpg,0,0,0,0,0
0.0,0.0,-0.13134599417181114,-0.31956599076173975,0.0,clean_image_10501051_png_jpg.rf.a378cd7ef67e3f1d50f84b61296c76d0.jpg,0,0,0,0,0
0.0,0.0,-0.13134599417181114,-0.31956599076173975,0.0,clean_image_10501101_png_jpg.rf.bd1cda593e901c5c3fb26befbbd5480c.jpg,0,0,0,0,0
0.0,0.0,-0.13134599417181114,-0.31956599076173975,0.0,clean_image_10501151_png_jpg.rf.051589ad2dab661a44ec17ef51d61d77.jpg,0,0,0,0,0
0.0,0.0,-0.13134599417181114,-0.31956599076173975,0.0,clean_image_10501201_png_jpg.rf.648f3d8f9cdd2626fa14c3493636db1d.jpg,0,0,0,0,0
0.0,0.0,-0.13134599417181114,-0.31956599076173975,0.0,clean_image_10600601_png_jpg.rf.3b3d2e066c6f75091e76298c8e5c6ea0.jpg,0,0,0,0,0
0.0,0.0,-0.13134599417181114,-0.31956599076173975,0.0,clean_image_10600901_png_jpg.rf.5d87e0f90cd59c65532294eacde7535e.jpg,0,0,0,0,0
0.0,0.0,-0.13134599417181114,-0.31956599076173975,0.0,clean_image_10601001_png_jpg.rf.d97d2c1e160c177e074b2e2692cc0142.jpg,0,0,0,0,0
0.0,0.0,-0.13134599417181114,-0.31956599076173975,0.0,clean_image_10601201_png_jpg.rf.a0f5944f30ab8dde555c44a3b682c17c.jpg,0,0,0,0,0
0.0,0.0,-0.13134599417181114,-0.31956599076173975,0.0,clean_image_10601301_png_jpg.rf.5987c1ce0e676de2fb45cd9480b8e461.jpg,0,0,0,0,0
0.0,0.0,-0.13134599417181114,-0.31956599076173975,0.0,clean_image_10601401_png_jpg.rf.7d29d9c6853695ec643dcc0479f2e9c4.jpg,0,0,0,0,0
0.0,0.0,-0.13134599417181114,-0.31956599076173975,0.0,clean_image_10700001_png_jpg.rf.d0e832a655eb1c28cf5266f2add21ec0.jpg,0,0,0,0,0
0.0,0.0,-0.13134599417181114,-0.31956599076173975,0.0,clean_image_10700051_png_jpg.rf.47cd835487f6580c9148ded86865b786.jpg,0,0,0,0,0
0.0,0.0,-0.13134599417181114,-0.31956599076173975,0.0,clean_image_10700101_png_jpg.rf.33b536ed9daf5668eee3674026a501cc.jpg,0,0,0,0,0
0.0,0.0,-0.13134599417181114,-0.31956599076173975,0.0,clean_image_10700251_png_jpg.rf.ae016738cb07e0ffe0569cd296be3603.jpg,0,0,0,0,0
0.0,0.0,-0.13134599417181114,-0.31956599076173975,0.0,clean_image_10700301_png_jpg.rf.1bfe575eebd9f0c8e757609c9b80d5b9.jpg,0,0,0,0,0
0.0,0.0,-0.13134599417181114,-0.31956599076173975,0.0,clean_image_10700351_png_jpg.rf.b063a1304a8c26c7cb11b685dbbc7d72.jpg,0,0,0,0,0
0.0,0.0,-0.13134599417181114,-0.31956599076173975,0.0,clean_image_10700401_png_jpg.rf.96af7033594460397c4d9298d4c53408.jpg,0,0,0,0,0
0.0,0.0,-0.13134599417181114,-0.31956599076173975,0.0,clean_image_10800201_png_jpg.rf.c3b407ce278a76e61cba395cc24a304f.jpg,0,0,0,0,0
0.0,0.0,-0.13134599417181114,-0.31956599076173975,0.0,clean_image_10800301_png_jpg.rf.032297edc3e3797518a848a2173ded30.jpg,0,0,0,0,0
0.0,0.0,-0.13134599417181114,-0.31956599076173975,0.0,clean_image_10800451_png_jpg.rf.c0d0d1d75d37d1c436a66be10c55b926.jpg,0,0,0,0,0
0.0,0.0,-0.13134599417181114,-0.31956599076173975,0.0,clean_image_10800501_png_jpg.rf.f31d2f6402ab39933f9ef016d27f94ec.jpg,0,0,0,0,0
0.0,0.0,-0.13134599417181114,-0.31956599076173975,0.0,clean_image_10800551_png_jpg.rf.cc11b6ce7560a788e5d8a4cca6ebe702.jpg,0,0,0,0,0
0.0,0.0,-0.13134599417181114,-0.31956599076173975,0.0,clean_image_10800601_png_jpg.rf.7f872208edc4655fcaca84dded3a3aab.jpg,0,0,0,0,0
0.0,0.0,-0.13134599417181114,-0.31956599076173975,0.0,clean_image_10800651_png_jpg.rf.b52e3ab360664554003862a14c32c99d.jpg,0,0,0,0,0
0.0,0.0,-0.13134599417181114,-0.31956599076173975,0.0,clean_image_10800701_png_jpg.rf.e2827cdbcd15ce6a62371c7b57594192.jpg,0,0,0,0,0
0.0,0.0,-0.13134599417181114,-0.31956599076173975,0.0,clean_image_10800751_png_jpg.rf.26949f519c1a8007ebc3e06edefc5a48.jpg,0,0,0,0,0
0.0,0.0,-0.13134599417181114,-0.31956599076173975,0.0,clean_image_10800801_png_jpg.rf.3793b20758348986806ef3f9966579c6.jpg,0,0,0,0,0
0.0,0.0,-0.13134599417181114,-0.31956599076173975,0.0,clean_image_10801751_png_jpg.rf.2df9bbb42960fe54c1bce2a604529dab.jpg,0,0,0,0,0
0.0,0.0,-0.13134599417181114,-0.31956599076173975,0.0,clean_image_10801851_png_jpg.rf.377d96762ea4fa2da4ef8250a463d91d.jpg,0,0,0,0,0
0.0,0.0,-0.13134599417181114,-0.31956599076173975,0.0,clean_image_10801901_png_jpg.rf.f9dae488ddbc3fcef73e2f6c9c501d6e.jpg,0,0,0,0,0
0.0,0.0,-0.13134599417181114,-0.31956599076173975,0.0,clean_image_10803951_png_jpg.rf.bea9053a673a63a321ad59e51a1f35f1.jpg,0,0,0,0,0
0.0,0.0,-0.13134599417181114,-0.31956599076173975,0.0,clean_image_10804051_png_jpg.rf.e07fb38e6140b6e1a4b9a4153f3fdd2b.jpg,0,0,0,0,0
0.0,0.0,-0.13134599417181114,-0.31956599076173975,0.0,clean_image_10804101_png_jpg.rf.7dfaebbbce11207a594163f6c591e1ab.jpg,0,0,0,0,0
0.0,0.0,-0.13134599417181114,-0.31956599076173975,0.0,clean_image_10804151_png_jpg.rf.cf416d2136ee0862d8d57465b60181b4.jpg,0,0,0,0,0
0.0,0.0,-0.13134599417181114,-0.31956599076173975,0.0,clean_image_10804201_png_jpg.rf.dfd8c6ed4afacf3653fb47dc093807b1.jpg,0,0,0,0,0
0.0,0.0,-0.13134599417181114,-0.31956599076173975,0.0,clean_image_10804251_png_jpg.rf.4c9db2b9813039e173b4ff780e707e2c.jpg,0,0,0,0,0
0.0,0.0,-0.13134599417181114,-0.31956599076173975,0.0,clean_image_10804301_png_jpg.rf.78961f97d3b9f25312c1a17b977b050b.jpg,0,0,0,0,0
0.0,0.0,-0.13134599417181114,-0.31956599076173975,0.0,clean_image_10804351_png_jpg.rf.9444cb41d0c6137c895eaf9e1c44ab43.jpg,0,0,0,0,0
0.0,0.0,-0.13134599417181114,-0.31956599076173975,0.0,clean_image_10804401_png_jpg.rf.c0672da4bc06b97aae811dbe28b6b560.jpg,0,0,0,0,0
0.0,0.0,-0.13134599417181114,-0.31956599076173975,0.0,clean_image_108800001_png_jpg.rf.896dfc2fcae81269e97849aeb018388d.jpg,0,0,0,0,0
0.0,0.0,-0.13134599417181114,-0.31956599076173975,0.0,clean_image_108800051_png_jpg.rf.a10bc11e7e58c7db3e08403732bacce1.jpg,0,0,0,0,0
0.0,0.0,-0.13134599417181114,-0.31956599076173975,0.0,clean_image_108800101_png_jpg.rf.590cea08c314ccc02b76fa1c12334bd4.jpg,0,0,0,0,0
0.0,0.0,-0.13134599417181114,-0.31956599076173975,0.0,clean_image_108800151_png_jpg.rf.438256e7bf44447d78c720aec9e3d10b.jpg,0,0,0,0,0
0.0,0.0,-0.13134599417181114,-0.31956599076173975,0.0,clean_image_108800201_png_jpg.rf.a07f8da91f4a7c7f99f437873fd6586a.jpg,0,0,0,0,0
0.0,0.0,-0.13134599417181114,-0.31956599076173975,0.0,clean_image_108800251_png_jpg.rf.f3c28851d34ad9d08cb824f3e49795d9.jpg,0,0,0,0,0
0.0,0.0,-0.13134599417181114,-0.31956599076173975,0.0,clean_image_108800301_png_jpg.rf.ec100b56887c231d240509ef1940e1ac.jpg,0,0,0,0,0
0.0,0.0,-0.13134599417181114,-0.31956599076173975,0.0,clean_image_108800351_png_jpg.rf.782bfb22b2a6f5d67e62c588e73bc8b9.jpg,0,0,0,0,0
0.0,0.0,-0.13134599417181114,-0.31956599076173975,0.0,clean_image_108800451_png_jpg.rf.646fe73dce1496b9afb69e93c6b83f2a.jpg,0,0,0,0,0
0.0,0.0,-0.13134599417181114,-0.31956599076173975,0.0,clean_image_108800501_png_jpg.rf.76a0c9d2b8801b7955880b79cea75698.jpg,0,0,0,0,0
0.0,0.0,-0.13134599417181114,-0.31956599076173975,0.0,clean_image_108800551_png_jpg.rf.57d7760923d310be70697bcaee6a187d.jpg,0,0,0,0,0
0.0,0.0,-0.13134599417181114,-0.31956599076173975,0.0,clean_image_108800601_png_jpg.rf.7b678698b26e210bd1385fe634b282ad.jpg,0,0,0,0,0
0.0,0.0,-0.13134599417181114,-0.31956599076173975,0.0,clean_image_108800651_png_jpg.rf.37e75d2dee7224c772b630d937586912.jpg,0,0,0,0,0
0.0,0.0,-0.13134599417181114,-0.31956599076173975,0.0,clean_image_108800801_png_jpg.rf.ce9268d8c25b61c1fef458fcad0d62a8.jpg,0,0,0,0,0
0.0,0.0,-0.13134599417181114,-0.31956599076173975,0.0,clean_image_108800901_png_jpg.rf.b266e72718ed3ce9befbd94a83bd1c34.jpg,0,0,0,0,0
0.0,0.0,-0.13134599417181114,-0.31956599076173975,0.0,clean_image_108800951_png_jpg.rf.c4213a45f0fdc1b11476da6a8602eb12.jpg,0,0,0,0,0
0.0,0.0,-0.13134599417181114,-0.31956599076173975,0.0,clean_image_108801001_png_jpg.rf.4d9e7a227c35ebe6cb3a1a6729859c9f.jpg,0,0,0,0,0
0.0,0.0,-0.13134599417181114,-0.31956599076173975,0.0,clean_image_108801051_png_jpg.rf.9806c2a2c5d50d2ccb09ce1f65d9734c.jpg,0,0,0,0,0
0.0,0.0,-0.13134599417181114,-0.31956599076173975,0.0,clean_image_108801151_png_jpg.rf.3f72b26b6fd6f80cfa8507a903c12185.jpg,0,0,0,0,0
0.0,0.0,-0.13134599417181114,-0.31956599076173975,0.0,clean_image_108801201_png_jpg.rf.7de84ee43899ec6db7f07cdff3468c21.jpg,0,0,0,0,0
0.0,0.0,-0.13134599417181114,-0.31956599076173975,0.0,clean_image_108801251_png_jpg.rf.d7cefc7f94c5e70ad06b11408b958d84.jpg,0,0,0,0,0
0.0,0.0,-0.13134599417181114,-0.31956599076173975,0.0,clean_image_108801301_png_jpg.rf.f447f10e0c793936f57e942e965b303d.jpg,0,0,0,0,0
0.0,0.0,-0.13134599417181114,-0.31956599076173975,0.0,clean_image_108801351_png_jpg.rf.062c8efa27f148f7734f6859bb949f07.jpg,0,0,0,0,0
0.0,0.0,-0.13134599417181114,-0.31956599076173975,0.0,clean_image_108801401_png_jpg.rf.616de38beb752759a4af3113e8c97b1e.jpg,0,0,0,0,0
0.0,0.0,-0.13134599417181114,-0.31956599076173975,0.0,clean_image_108801551_png_jpg.rf.bdcd2b1c573a0604bef6a87810277b7f.jpg,0,0,0,0,0
0.0,0.0,-0.13134599417181114,-0.31956599076173975,0.0,clean_image_108801651_png_jpg.rf.865d684ad768420e8da3ab8ce79b6725.jpg,0,0,0,0,0
0.0,0.0,-0.13134599417181114,-0.31956599076173975,0.0,clean_image_108801751_png_jpg.rf.69579e7b3cb156657ef603fb601b47ab.jpg,0,0,0,0,0
0.0,0.0,-0.13134599417181114,-0.31956599076173975,0.0,clean_image_108801801_png_jpg.rf.da789d5a2f582a3eb22537e967a5cb96.jpg,0,0,0,0,0
0.0,0.0,-0.13134599417181114,-0.31956599076173975,0.0,clean_image_108801901_png_jpg.rf.5c9f1d199cc2085b40e0ec24011a3f2a.jpg,0,0,0,0,0
0.0,0.0,-0.13134599417181114,-0.31956599076173975,0.0,clean_image_108802001_png_jpg.rf.48a2d2ac29c3e0406f1ade7a4ed08134.jpg,0,0,0,0,0
0.0,0.0,-0.13134599417181114,-0.31956599076173975,0.0,clean_image_108802101_png_jpg.rf.90bd474d5adf17a107e29af865502951.jpg,0,0,0,0,0
0.0,0.0,-0.13134599417181114,-0.31956599076173975,0.0,clean_image_108802151_png_jpg.rf.37c927c7dfa485c13daf34e31aeafe4c.jpg,0,0,0,0,0
0.0,0.0,-0.13134599417181114,-0.31956599076173975,0.0,clean_image_108802301_png_jpg.rf.d1d4a2a0892aa2fabce0665d96393c46.jpg,0,0,0,0,0
0.0,0.0,-0.13134599417181114,-0.31956599076173975,0.0,clean_image_108802351_png_jpg.rf.7b5049809b53c1c0a61a02eee5d10ce3.jpg,0,0,0,0,0
0.0,0.0,-0.13134599417181114,-0.31956599076173975,0.0,clean_image_108802401_png_jpg.rf.00838fa3d2b4428549d8f9c920093fff.jpg,0,0,0,0,0
0.0,0.0,-0.13134599417181114,-0.31956599076173975,0.0,clean_image_108802501_png_jpg.rf.902debb0f9e430253be92f1672c5066e.jpg,0,0,0,0,0
0.0,0.0,-0.13134599417181114,-0.31956599076173975,0.0,clean_image_108802551_png_jpg.rf.3cf193f5425d3df65f24d3fe3ae49ba4.jpg,0,0,0,0,0
0.0,0.0,-0.13134599417181114,-0.31956599076173975,0.0,clean_image_108802601_png_jpg.rf.1988eefa634664c8e35254ff5323c11f.jpg,0,0,0,0,0
0.0,0.0,-0.13134599417181114,-0.31956599076173975,0.0,clean_image_108802851_png_jpg.rf.b6728b0e0de339fb3e614f7f2e886595.jpg,0,0,0,0,0
0.0,0.0,-0.13134599417181114,-0.31956599076173975,0.0,clean_image_108802901_png_jpg.rf.77e218314476b7ebfb88521155b5ba6d.jpg,0,0,0,0,0
0.0,0.0,-0.13134599417181114,-0.31956599076173975,0.0,clean_image_108802951_png_jpg.rf.55806f680b4f507d7f2f8deaf9f0c017.jpg,0,0,0,0,0
0.0,0.0,-0.13134599417181114,-0.31956599076173975,0.0,clean_image_108803051_png_jpg.rf.c5ac9876cbcc71158ee2ce5e69b371a6.jpg,0,0,0,0,0
0.0,0.0,-0.13134599417181114,-0.31956599076173975,0.0,clean_image_108803151_png_jpg.rf.a99167fe05744d3c7ebc8cd395d3bd48.jpg,0,0,0,0,0
0.0,0.0,-0.13134599417181114,-0.31956599076173975,0.0,clean_image_108803201_png_jpg.rf.3ab3a72bd2e814d5287a0d765d842281.jpg,0,0,0,0,0
0.0,0.0,-0.13134599417181114,-0.31956599076173975,0.0,clean_image_108803251_png_jpg.rf.7316b606de0f1c812a1e07e3b5081d6c.jpg,0,0,0,0,0
0.0,0.0,-0.13134599417181114,-0.31956599076173975,0.0,clean_image_108803351_png_jpg.rf.117a2ad516782b0cb61704045f6ff56b.jpg,0,0,0,0,0
0.0,0.0,-0.13134599417181114,-0.31956599076173975,0.0,clean_image_108803451_png_jpg.rf.5b52e54db15937ebbf480b3e3be03972.jpg,0,0,0,0,0
0.0,0.0,-0.13134599417181114,-0.31956599076173975,0.0,clean_image_108803501_png_jpg.rf.d82e26f47e14636d32f02d4a79528b47.jpg,0,0,0,0,0
0.0,0.0,-0.13134599417181114,-0.31956599076173975,0.0,clean_image_108803551_png_jpg.rf.a63d9aa64e1f0673869c38cde7492b2b.jpg,0,0,0,0,0
0.0,0.0,-0.13134599417181114,-0.31956599076173975,0.0,clean_image_108803651_png_jpg.rf.c1b765ea39a60b3428e5bbb29b83da99.jpg,0,0,0,0,0
0.0,0.0,-0.13134599417181114,-0.31956599076173975,0.0,clean_image_108803701_png_jpg.rf.e7fb139ff783c3313d510f6fa1f58d8e.jpg,0,0,0,0,0
0.0,0.0,-0.13134599417181114,-0.31956599076173975,0.0,clean_image_108803801_png_jpg.rf.584318118cc7378c055ab5623d2d7915.jpg,0,0,0,0,0
0.0,0.0,-0.13134599417181114,-0.31956599076173975,0.0,clean_image_108803851_png_jpg.rf.cf59f043839b80d4ae37dc3062f1198a.jpg,0,0,0,0,0
0.0,0.0,-0.13134599417181114,-0.31956599076173975,0.0,clean_image_108803901_png_jpg.rf.3033137116f8961932ea87ec8b583f24.jpg,0,0,0,0,0
0.0,0.0,-0.13134599417181114,-0.31956599076173975,0.0,clean_image_108803951_png_jpg.rf.366189fc08cf9affc3ddaa36b4406cb3.jpg,0,0,0,0,0
0.0,0.0,-0.13134599417181114,-0.31956599076173975,0.0,clean_image_108804451_png_jpg.rf.b7cf2c2362f7b724d285dd4a4e8e17e6.jpg,0,0,0,0,0
0.0,0.0,-0.13134599417181114,-0.31956599076173975,0.0,clean_image_108804551_png_jpg.rf.97b7e0b2e56e452dd1c7538e9959f844.jpg,0,0,0,0,0
0.0,0.0,-0.13134599417181114,-0.31956599076173975,0.0,clean_image_108804801_png_jpg.rf.3e618a13f9a7c7108173dc2a8d1515cb.jpg,0,0,0,0,0
0.0,0.0,-0.13134599417181114,-0.31956599076173975,0.0,clean_image_108804851_png_jpg.rf.784f1f954ae200c9ac714dfad1bbae45.jpg,0,0,0,0,0
0.0,0.0,-0.13134599417181114,-0.31956599076173975,0.0,clean_image_108804901_png_jpg.rf.bda062a085ce1b798731456ebe971060.jpg,0,0,0,0,0
0.0,0.0,-0.13134599417181114,-0.31956599076173975,0.0,clean_image_108804951_png_jpg.rf.1e0da9976a3f108c67f898191e07dd86.jpg,0,0,0,0,0
0.0,0.0,-0.13134599417181114,-0.31956599076173975,0.0,clean_image_108805001_png_jpg.rf.eb8fa2d042bda2d39f00bc90ae478db0.jpg,0,0,0,0,0
0.0,0.0,-0.13134599417181114,-0.31956599076173975,0.0,clean_image_108805151_png_jpg.rf.1faa33b13088c7cb7ca74bc1c3cbd427.jpg,0,0,0,0,0
0.0,0.0,-0.13134599417181114,-0.31956599076173975,0.0,clean_image_108805251_png_jpg.rf.63e72e3f14f2060ca917aecd185aaf6d.jpg,0,0,0,0,0
0.0,0.0,-0.13134599417181114,-0.31956599076173975,0.0,clean_image_108805301_png_jpg.rf.3833c7d6808067ea4cbfaa3f2468355b.jpg,0,0,0,0,0
0.0,0.0,-0.13134599417181114,-0.31956599076173975,0.0,clean_image_108805351_png_jpg.rf.d989a301588dba593246c254d7a6e98d.jpg,0,0,0,0,0
0.0,0.0,-0.13134599417181114,-0.31956599076173975,0.0,clean_image_108805401_png_jpg.rf.ff79cf6986ab5e8b230d05f0ae0f0732.jpg,0,0,0,0,0
0.0,0.0,-0.13134599417181114,-0.31956599076173975,0.0,clean_image_108805551_png_jpg.rf.fdee54ab7fc432a5d5f5a5934426b440.jpg,0,0,0,0,0
0.0,0.0,-0.13134599417181114,-0.31956599076173975,0.0,clean_image_108805651_png_jpg.rf.128a72b67a1f61ea0b89cef6377a6f78.jpg,0,0,0,0,0
0.0,0.0,-0.13134599417181114,-0.31956599076173975,0.0,clean_image_108805751_png_jpg.rf.1270a1704c584837ebfb26ab88b81f38.jpg,0,0,0,0,0
0.0,0.0,-0.13134599417181114,-0.31956599076173975,0.0,clean_image_108805801_png_jpg.rf.42b83eb8e894aaa2a0535b1f5baa9241.jpg,0,0,0,0,0
0.0,0.0,-0.13134599417181114,-0.31956599076173975,0.0,clean_image_108805851_png_jpg.rf.62b606dd60fc7ce73a9b19e3d88860f1.jpg,0,0,0,0,0
0.0,0.0,-0.13134599417181114,1.1834400810167647,0.9500901103123663,cracked-0675b62b-fe70-11ed-88cb-5c60ba7633ae_jpg.rf.493a0e81c58b8ff673469dbaabeb12d3.jpg,0,0,0,0,1
0.0,0.0,-0.13134599417181114,0.6824380570905965,0.927170612850739,cracked-08449119-fe70-11ed-9a47-5c60ba7633ae_jpg.rf.42d84c4e2e6079894e7ae5d03b517470.jpg,0,0,0,0,1
0.0,0.0,-0.13134599417181114,0.6824380570905965,0.9319716251334346,cracked-08449119-fe70-11ed-9a47-5c60ba7633ae_jpg.rf.9e8d73744757d9884b8e4acf3b409bcc.jpg,0,0,0,0,1
0.0,0.0,-0.13134599417181114,0.9329390690536805,0.9314583688679949,cracked-0be0b6fb-fe70-11ed-b48f-5c60ba7633ae_jpg.rf.f2be5e8bfc3cc81d816339c2d3113a9a.jpg,0,0,0,0,1
0.0,0.0,-0.13134599417181114,1.4339410929798488,0.9193872642494791,cracked-0dafdbd6-fe70-11ed-bc65-5c60ba7633ae_jpg.rf.7d1ac9aa71abf4147fb346c1505c6056.jpg,0,0,0,0,1
0.0,0.0,-0.13134599417181114,1.1834400810167647,0.894306880053508,cracked-0dafdbd6-fe70-11ed-bc65-5c60ba7633ae_jpg.rf.80fc77081a89b05b710120698c07226a.jpg,0,0,0,0,1
0.0,0.0,-0.13134599417181114,1.4339410929798488,0.9315407773418859,cracked-f0c72d6f-fe6f-11ed-a636-5c60ba7633ae_jpg.rf.0d454e913d5b645b436caf305f2b6a64.jpg,0,0,0,0,1
0.0,0.0,-0.13134599417181114,0.6824380570905965,0.9445916803854416,cracked-f0c72d6f-fe6f-11ed-a636-5c60ba7633ae_jpg.rf.77d2593ef195410647c558ee3c684349.jpg,0,0,0,0,1
0.0,0.0,-0.13134599417181114,-0.31956599076173975,0.0,csm_IMG-20171219-WA0008_d917eef61a-Copie_jpg.rf.9c094bb93f4c090d5a49fb3040b79873.jpg,0,0,0,0,0
0.0,0.0,-0.13134599417181114,0.18143603316442836,0.9479598871962145,Damaged-solar-panels-in-Ontario_jpg.rf.54bb65147e4824ac7e646affb286cbed.jpg,0,0,0,0,1
0.0,0.0,-0.13134599417181114,-0.0690649787986557,0.8804022467807991,depositphotos_50172239-stock-photo-broken-photovoltaic-modules_jpg.rf.d97cae1f2104f4dd4de87a7855525921.jpg,0,0,0,0,1
0.0,0.0,-0.13134599417181114,-0.31956599076173975,0.0,Diamond1_jpg.rf.4ed20b7a4205d6f35fec94e4c600425c.jpg,0,0,0,0,0
0.10080846835642436,0.0,-0.13134599417181114,-0.0690649787986557,0.7737689156194721,dirty4_image1s00251_png_jpg.rf.bb14a7eac20913b0e67655d24b83aaff.jpg,0,0,0,0,1
0.0,0.0,-0.13134599417181114,-0.31956599076173975,0.0,dirty4_image1s00851_png_jpg.rf.874e91227fa5a108d0810abe95161fa9.jpg,0,0,0,0,0
0.20022805328838847,0.0,-0.13134599417181114,0.4319370451275124,0.865549676498828,Dust-120-_jpg.rf.60089ae4d6718a42ab9ca9ed4dd37f57.jpg,0,0,0,0,1
0.04123342298162517,0.0,-0.13134599417181114,-0.31956599076173975,0.8212161933609433,Dust-122-_jpg.rf.1ebd82fe47506ec039ce1fc11fdab6e3.jpg,0,1,0,0,0
0.08026436700297518,0.0,-0.13134599417181114,0.6824380570905965,0.931638158285597,Dust-171-_jpg.rf.5fa2058512b4d32fe5799971050a301c.jpg,0,0,0,0,1
0.17149648973962492,0.0,-0.13134599417181114,-0.31956599076173975,0.9422171065618226,Dust-173-_jpg.rf.fd05464e8e056d8e151abcf92d8c4aa6.jpg,0,1,0,0,0
0.14972846958717845,0.0,-0.13134599417181114,-0.0690649787986557,0.9061517805979789,Dust-184-_jpg.rf.242538fe197349a776d25d9c9e2e99ef.jpg,0,1,0,0,0
0.06754479964679842,0.0,-0.13134599417181114,-0.31956599076173975,0.9351844775973521,Dust-28-_jpg.rf.357998aab50834107a6472121c16cc26.jpg,0,1,0,0,0
0.12398023117363054,0.0,-0.13134599417181114,-0.31956599076173975,0.9530785553986174,Dust-37-_jpg.rf.c0f345df20413fa62c5ac1fafb117854.jpg,0,1,0,0,0
0.10710512223133561,0.0,-0.13134599417181114,-0.31956599076173975,0.8969593429169916,Dust-59-_jpg.rf.cc998a27e6f93e3464424f5accd75c85.jpg,0,1,0,0,0
0.08640920904793169,0.0,-0.13134599417181114,-0.0690649787986557,0.5532610278828113,Dust-73-_jpg.rf.96ad36ff8884c18c3bde7ab98074c309.jpg,0,1,0,0,0
0.1466683575088186,0.0,-0.13134599417181114,-0.31956599076173975,0.8509493623883891,Dust-77-_jpg.rf.8f6911d3118ff2df780f77e96bf64722.jpg,0,1,0,0,0
0.1831107164436294,0.0,-0.13134599417181114,-0.31956599076173975,0.907993035046599,Dust-8-_jpg.rf.2f0fd6e03c9b2a750064e0ef67768097.jpg,0,1,0,0,0
0.19090516797610005,0.0,-0.13134599417181114,0.4319370451275124,0.9795420963565872,Dust-97-_jpg.rf.bfcf236d537be8ffa4be180560b345b9.jpg,0,0,0,0,1
0.0,0.0,-0.13134599417181114,-0.0690649787986557,0.32267382318782806,dustl2200401_png_jpg.rf.fc3e9e595dc3be66ed815554f750ed14.jpg,0,0,0,0,1
0.0,0.0,-0.13134599417181114,-0.31956599076173975,0.0,dustl2201351_png_jpg.rf.8918d7ff67bbaa3bcf222e307c23cd09.jpg,0,0,0,0,0
0.0,0.0,-0.13134599417181114,-0.31956599076173975,0.0,dustl2201651_png_jpg.rf.990ea9419bb20da2ea08119365e78e68.jpg,0,0,0,0,0
0.04441946376229891,0.0,-0.13134599417181114,-0.31956599076173975,0.8932410797618203,Dusty_103_jpg.rf.ea3ac6ffa8a4d1ffeda38fee6f6c763c.jpg,0,1,0,0,0
0.21046146689859818,0.0,-0.13134599417181114,-0.0690649787986557,0.7581679015161242,Dusty_140_jpg.rf.6a7dd2f93601b258123c66fd933457ef.jpg,0,1,0,0,0
0.17140528926784437,0.0,-0.13134599417181114,-0.31956599076173975,0.932571542054194,Dusty_156_jpg.rf.5b61222fc3ac64aa5cb449d4a73f4ae0.jpg,0,1,0,0,0
0.3427789420201571,0.0,-0.13134599417181114,1.1834400810167647,0.7489780989898254,Dusty_161_jpg.rf.2c4d10d3ad0655d8117d0fc400a7edd2.jpg,0,0,0,0,1
0.17465406437476802,0.0,-0.13134599417181114,0.4319370451275124,0.8445497694479207,Dusty_167_jpg.rf.2a5302812682e5f0280383c7cda7c618.jpg,0,1,0,0,0
0.1599923898666267,0.0,-0.13134599417181114,-0.0690649787986557,0.9482323861469438,Dusty_25_jpg.rf.6de9d98581ec646fef4e317e7f14ab2a.jpg,0,1,0,0,0
0.22213254723866457,0.0,-0.13134599417181114,-0.0690649787986557,0.9690401664651171,Dusty_26_jpg.rf.fc27ba00dc4b95ccaab89fdd941c04fb.jpg,0,1,0,0,0
0.3165976758814314,0.0,-0.13134599417181114,0.4319370451275124,0.8150156144893261,Dusty_32_jpg.rf.b148b265751d66a1f1810a5f6b2d7c39.jpg,0,1,0,0,0
0.0,0.0,-0.13134599417181114,1.6844421049429328,0.8635794192502362,Electrical-19-_jpg.rf.42eb5b0385241dc4abf11c3ad0e5004b.jpg,0,0,0,0,1
0.0,0.0,-0.13134599417181114,0.9329390690536805,0.9041232504968464,Electrical-47-_jpg.rf.9846ac4bca7f3bbaf520d3f043f02a86.jpg,0,0,0,0,1
0.0,0.0,-0.13134599417181114,5.942959308315361,0.9878538533627448,Electrical-96-_jpg.rf.79c46fb551303db3519c0d84377a271b.jpg,0,0,0,0,1
0.0,0.0,-0.13134599417181114,0.18143603316442836,0.9624026310342646,Electrical_Damge_122_jpg.rf.91865ebf28a3e9e53e8c87519c073f97.jpg,0,0,0,0,1
0.0,0.0,-0.13134599417181114,0.9329390690536805,0.8380006913687663,Electrical_Damge_65_jpg.rf.b82fee2050945c8571940d38b8eccf61.jpg,0,0,0,0,1
0.0,0.0,-0.13134599417181114,0.18143603316442836,0.9464452122593144,Electrical_Damge_8_jpg.rf.bedb749b5f081fae51b44ea94f9a6a11.jpg,0,0,0,0,1
0.0,0.0,-0.13134599417181114,-0.31956599076173975,0.0,f30b711999d9660682523f404fe154c8_jpg.rf.a4d2133a486822070e83eea91f9822e6.jpg,0,0,0,0,0
0.0,0.0,-0.13134599417181114,0.18143603316442836,0.9537716609715383,image13_jpeg_jpg.rf.30747e632a4e265126eec8bab6bed468.jpg,0,0,0,0,1
0.0,0.0,-0.13134599417181114,-0.31956599076173975,0.0,images-1-_jpg.rf.3d2a6235625266078379600ba609ed30.jpg,0,0,0,0,0
0.0,0.0,-0.13134599417181114,-0.31956599076173975,0.0,images-2-_jpg.rf.2105b59263e93965c6eec156696118d8.jpg,0,0,0,0,0
0.0,0.0,-0.13134599417181114,-0.31956599076173975,0.0,images-2022-01-31T112436-732_jpg.rf.6dc080a22591c3dd9a19b04c95974136.jpg,0,0,0,0,0
0.0,0.0,-0.13134599417181114,-0.31956599076173975,0.0,images-2022-01-31T112510-566_jpg.rf.e9f2b911d51941ff79f57beeb473a223.jpg,0,0,0,0,0
0.0,0.0,-0.13134599417181114,-0.31956599076173975,0.0,images-2022-01-31T112717-928_jpg.rf.55b8f8f23358f545b53a3674a565d78e.jpg,0,0,0,0,0
0.0,0.0,-0.13134599417181114,-0.31956599076173975,0.0,images-29-_jpg.rf.9b02bb915fe4d3fc5dc5f19dd25d1230.jpg,0,0,0,0,0
0.0,0.0,-0.13134599417181114,-0.31956599076173975,0.0,images-30-_jpg.rf.c87b90a259cef7891df3353e08a92a22.jpg,0,0,0,0,0
0.0,0.0,-0.13134599417181114,-0.31956599076173975,0.0,images_jpg.rf.575b6507b2068cc3f6e5c239e842d58c.jpg,0,0,0,0,0
0.0,0.0,3.3768631404817255,-0.0690649787986557,0.6778219751778011,IMG-20230418-WA0046_jpg.rf.5f7f49b107c0ed04d584f4c3de506d14.jpg,0,0,0,0,1
0.0,0.0,-0.13134599417181114,-0.31956599076173975,0.0,img109_jpg.rf.a6eb945f27b08ee4464f792dc8870363.jpg,0,0,0,0,0
0.0,0.0,-0.13134599417181114,-0.31956599076173975,0.0,Imgclean_132_0_jpg.rf.74a81a1c3ae37acac7734065d616237a.jpg,0,0,0,0,0
0.0,0.0,-0.13134599417181114,-0.31956599076173975,0.0,Imgclean_249_0_jpg.rf.caa507d1d8201767c8a1ebcbb97ddf72.jpg,0,0,0,0,0
0.0,0.0,-0.13134599417181114,-0.31956599076173975,0.0,Imgclean_428_0_jpg.rf.cd390d9f261c35a33c4aa871c18c25f9.jpg,0,0,0,0,0
0.05917968765906387,0.0,-0.13134599417181114,-0.31956599076173975,0.7635724840022154,Imgdirty_0_1_jpg.rf.f3e3aa1d2c6eca860a71b8a3139bc870.jpg,0,1,0,0,0
0.2135214528012299,0.0,-0.13134599417181114,-0.0690649787986557,0.936270340998599,Imgdirty_1001_1_jpg.rf.df9117a9ac06ffc3d3243a590e43c06c.jpg,0,1,0,0,0
0.09463632206823924,0.0,-0.13134599417181114,-0.31956599076173975,0.881185007503004,Imgdirty_1029_1_jpg.rf.7258dbc621ca72cfc2f77e80bbab98ff.jpg,0,1,0,0,0
0.09493639416816374,0.0,-0.13134599417181114,-0.31956599076173975,0.8628054024504064,Imgdirty_1029_1_jpg.rf.ccd76e43d4a4601e9392f60aee643eb5.jpg,0,1,0,0,0
0.2165295051018754,0.0,-0.13134599417181114,0.18143603316442836,0.892724709222658,Imgdirty_1030_1_jpg.rf.c25b33fed6c2d0f7900b870dfadb478a.jpg,0,1,0,0,0
0.17150917941285818,0.0,-0.13134599417181114,-0.0690649787986557,0.8053868790377756,Imgdirty_1036_1_jpg.rf.7f01d768401db90aad5427fad86adcf3.jpg,0,1,0,0,0
0.04211572109901399,0.0,-0.13134599417181114,-0.31956599076173975,0.6286559776807189,Imgdirty_1039_1_jpg.rf.d8a89ddcf602b0247cdcc3c54580941d.jpg,0,1,0,0,0
0.0,0.0,-0.13134599417181114,-0.31956599076173975,0.0,Imgdirty_1039_1_jpg.rf.da41505da5d5e34d0dbb4f31603cc2ec.jpg,0,0,0,0,0
0.15857238528074527,0.0,-0.13134599417181114,-0.31956599076173975,0.9392123115385278,Imgdirty_1040_1_jpg.rf.5aa6d72e0fb33a83900437e6a0ef3b12.jpg,0,1,0,0,0
0.02430866675792504,0.0,-0.13134599417181114,0.18143603316442836,0.8491097848563888,Imgdirty_1045_1_jpg.rf.16ae6d4ac9b48226aa800d613ba04508.jpg,0,0,0,0,1
0.16363667262537826,0.0,-0.13134599417181114,-0.31956599076173975,0.8670493190760284,Imgdirty_1059_1_jpg.rf.d9207b5ed701c0e6ee95e2e5522a99af.jpg,0,1,0,0,0
0.058495484615581086,0.0,-0.13134599417181114,-0.31956599076173975,0.9388774073335875,Imgdirty_1064_1_jpg.rf.8055f341eaa5bac106fcec9525ed09c7.jpg,0,1,0,0,0
0.296652013409609,0.0,-0.13134599417181114,0.4319370451275124,0.9551639808850669,Imgdirty_1068_1_jpg.rf.7cdf9b0880bd6ae3b7d3aa548652e79c.jpg,0,0,0,0,1
0.1380052041129925,0.0,-0.13134599417181114,-0.31956599076173975,0.8786647814929732,Imgdirty_10_1_jpg.rf.9b4a2d3bcedaf66e4f92eb5aebaceae3.jpg,0,1,0,0,0
0.1753720333540261,0.0,-0.13134599417181114,-0.31956599076173975,0.7949348374157469,Imgdirty_112_1_jpg.rf.e1d1b9bee3a446ae4abf5e2c89408d33.jpg,0,1,0,0,0
0.04326028396788207,0.0,-0.13134599417181114,2.936947164758353,0.9271785782046834,Imgdirty_115_1_jpg.rf.55a266cac418520da71e28a81d61914d.jpg,0,0,0,0,1
0.20297874069580385,0.0,-0.13134599417181114,0.18143603316442836,0.8936709094254213,Imgdirty_140_1_jpg.rf.1d7b3a25a50ad6f1e9b0153a417daa3e.jpg,0,1,0,0,0
0.20645346539761172,0.0,-0.13134599417181114,-0.0690649787986557,0.9085221022401689,Imgdirty_157_1_jpg.rf.4d02c6fcad716b1ff4c5dafffe6c8d4c.jpg,0,1,0,0,0
0.06754479964679842,0.0,-0.13134599417181114,-0.31956599076173975,0.9351844775973521,Imgdirty_163_1_jpg.rf.6565a6d1a079e58c187a5eff8cbf7e64.jpg,0,1,0,0,0
0.2529844062317956,0.0,-0.13134599417181114,-0.0690649787986557,0.8215370234442525,Imgdirty_175_1_jpg.rf.1d031cbca9321b84b02e353906659652.jpg,0,0,0,0,1
0.08229631690624273,0.0,-0.13134599417181114,2.185444128869101,0.9379418076394571,Imgdirty_182_1_jpg.rf.558e7979dc2e6daf1387a892b557e45d.jpg,0,0,0,0,1
0.1717417622460234,0.0,-0.13134599417181114,-0.0690649787986557,0.9822766682445653,Imgdirty_189_1_jpg.rf.65c2b1a2e46a432abe61b9763af754c9.jpg,0,0,0,0,1
0.11459003582146948,0.0,-0.13134599417181114,-0.31956599076173975,0.8480936332746253,Imgdirty_192_1_jpg.rf.8b0ccfa3aace41c7556f3c5f40132f4d.jpg,0,1,0,0,0
0.14910810255201373,0.0,-0.13134599417181114,-0.31956599076173975,0.7896944729786447,Imgdirty_19_1_jpg.rf.d496013390ca96e3f8ef977ebfc869ce.jpg,0,1,0,0,0
0.19852713114323875,0.0,-0.13134599417181114,0.18143603316442836,0.9158804123681703,Imgdirty_202_1_jpg.rf.f0862f09ce7ca14224caff4368d311ea.jpg,0,0,0,0,1
0.1599723744224226,0.0,-0.13134599417181114,-0.31956599076173975,0.9222057418583302,Imgdirty_234_1_jpg.rf.d104a966f3a3a46995443fc90bdcd0c0.jpg,0,1,0,0,0
0.1026135350463515,0.0,-0.13134599417181114,-0.0690649787986557,0.9153396067582614,Imgdirty_235_1_jpg.rf.c3187c1bbba3082eaef5d2a1f218c259.jpg,0,0,0,0,1
0.1225326498172375,0.0,-0.13134599417181114,-0.0690649787986557,0.8237315682907523,Imgdirty_248_1_jpg.rf.7b3a98dbf6d8aa808e5362f2dcbf60a0.jpg,0,1,0,0,0
0.11904094259980837,0.0,-0.13134599417181114,2.185444128869101,0.8933060602808404,Imgdirty_255_1_jpg.rf.78801fde5a43db612d94291ce0125d10.jpg,0,0,0,0,1
0.11972513990803077,0.0,-0.13134599417181114,-0.31956599076173975,0.9378022043308527,Imgdirty_258_1_jpg.rf.fe91a1cea83a731a895b28fc28c0caf1.jpg,0,1,0,0,0
0.19505629044168668,0.0,-0.13134599417181114,-0.0690649787986557,0.6464228493783909,Imgdirty_266_1_jpg.rf.6a18b4dd8afa68c419e95fc2bc330807.jpg,0,1,0,0,0
0.12997377653791206,0.0,-0.13134599417181114,-0.31956599076173975,0.9403595620660379,Imgdirty_268_1_jpg.rf.6a7e25abd111fee3041a2dfb5ec033cd.jpg,0,1,0,0,0
0.18018249896735408,0.0,-0.13134599417181114,0.18143603316442836,0.8409751222232655,Imgdirty_269_1_jpg.rf.28beacb7c756c80db1dac38624730280.jpg,0,1,0,0,0
0.9102203701533439,0.0,-0.13134599417181114,-0.0690649787986557,0.7089033851676245,Imgdirty_311_1_jpg.rf.dc61c4d691ee8e8cd5d7c151737326d8.jpg,0,0,0,0,1
0.10596502293126697,0.0,-0.13134599417181114,-0.0690649787986557,0.9602258734819112,Imgdirty_333_1_jpg.rf.dd4d6dabf6ccb2f834de13f88ca5f6cc.jpg,0,0,0,0,1
0.10445427147125116,0.0,-0.13134599417181114,2.686446152795269,0.9453161083652266,Imgdirty_335_1_jpg.rf.7043b27913a1f1f2649e09bb2bba0dea.jpg,0,0,0,0,1
0.171644374247625,0.0,-0.13134599417181114,-0.31956599076173975,0.9562182224300534,Imgdirty_33_1_jpg.rf.5369b900214eeb9b8f803fb6d7e57c30.jpg,0,1,0,0,0
0.09644392456257345,0.0,-0.13134599417181114,-0.31956599076173975,0.8849757374121056,Imgdirty_34_1_jpg.rf.109f32c867a4d9ad92911839439522ba.jpg,0,1,0,0,0
0.17158480619476155,0.0,-0.13134599417181114,-0.31956599076173975,0.9150826192862659,Imgdirty_380_1_jpg.rf.c0a8996b8706d99ec7bde508bb2677d4.jpg,0,1,0,0,0
0.13772274090105407,0.0,-0.13134599417181114,-0.0690649787986557,0.9450476220364091,Imgdirty_383_1_jpg.rf.788c047e88ed41645fae2673ed951256.jpg,0,1,0,0,0
0.10246843951353778,0.0,-0.13134599417181114,-0.31956599076173975,0.9703688833268492,Imgdirty_398_1_jpg.rf.bf380151d42c29a87deac1b9c7fa472c.jpg,0,1,0,0,0
0.015773256967074267,0.0,-0.13134599417181114,2.185444128869101,0.9587012568250506,Imgdirty_419_1_jpg.rf.e79675be5610a2476795f1898c084e0b.jpg,0,0,0,0,1
0.11550995294544956,0.0,-0.13134599417181114,-0.0690649787986557,0.9727701081467484,Imgdirty_42_1_jpg.rf.401ffa1e2331a6b8bdd8c4291047c056.jpg,0,0,0,0,1
0.10576739077480517,0.0,-0.13134599417181114,-0.0690649787986557,0.9044427031129322,Imgdirty_42_1_jpg.rf.80907d4dce82d540c8863caac33c7b9a.jpg,0,0,0,0,1
0.14225376701364373,0.0,-0.13134599417181114,0.18143603316442836,0.9109378204108541,Imgdirty_439_1_jpg.rf.69d645680871c6a580de83f4878ea8f2.jpg,0,1,0,0,0
0.17508916170961697,0.0,-0.13134599417181114,-0.31956599076173975,0.8723254377710615,Imgdirty_443_1_jpg.rf.2f8e6a545a60379195a1843b67f498d9.jpg,0,1,0,0,0
0.11725651342500489,0.0,-0.13134599417181114,-0.31956599076173975,0.8569921913179798,Imgdirty_478_1_jpg.rf.3ddf16641c112184636a615e24389507.jpg,0,1,0,0,0
0.10115569986373726,0.0,-0.13134599417181114,0.9329390690536805,0.8171296673380721,Imgdirty_497_1_jpg.rf.9f14d148a1491f3ededcf04b06f6394f.jpg,0,0,0,0,1
0.3427883290027393,0.0,-0.13134599417181114,1.1834400810167647,0.7489437820889973,Imgdirty_498_1_jpg.rf.92165c91d3ab4da8abe9dbb7466911ba.jpg,0,0,0,0,1
0.0,0.0,-0.13134599417181114,-0.0690649787986557,0.7654238598404342,Imgdirty_525_1_jpg.rf.e09e1c0f4ad24544daf4263dc2989862.jpg,0,0,0,0,1
0.04982391267685263,0.0,-0.13134599417181114,-0.0690649787986557,0.6368372346399228,Imgdirty_538_1_jpg.rf.124579ac5067f85d59c3050637643b44.jpg,0,1,0,0,0
0.1594816436281558,0.0,-0.13134599417181114,0.6824380570905965,0.9719203905395072,Imgdirty_542_1_jpg.rf.a4357e62939950ab83315eae06316ce6.jpg,0,0,0,0,1
0.07285802760649883,0.0,-0.13134599417181114,-0.0690649787986557,0.7199012631494218,Imgdirty_602_1_jpg.rf.b16c23618045462acfe473b350ac9273.jpg,0,1,0,0,0
0.5629664461656237,0.0,-0.13134599417181114,1.1834400810167647,0.8115657178832137,Imgdirty_607_1_jpg.rf.16ab06c808c53f0a2ad7360c4afa366d.jpg,0,1,0,0,0
0.15898358050833483,0.0,-0.13134599417181114,-0.0690649787986557,0.9205430790297264,Imgdirty_608_1_jpg.rf.ce11bb1c1de89a2468ea05b7063ae963.jpg,0,1,0,0,0
0.39464876545300565,0.0,-0.13134599417181114,0.6824380570905965,0.7134537583055284,Imgdirty_609_1_jpg.rf.725f01109025ac363e9fee2407101e23.jpg,0,1,0,0,0
0.15384556065636687,0.0,-0.13134599417181114,-0.0690649787986557,0.9324164871567351,Imgdirty_644_1_jpg.rf.1ac78467d5a7b14577981513f7f47a82.jpg,0,0,0,0,1
0.15249671918117405,0.0,-0.13134599417181114,-0.0690649787986557,0.9760481207993238,Imgdirty_644_1_jpg.rf.8baa7d7cf983f6b247f940bbe4718f3d.jpg,0,1,0,0,0
0.04909856774309545,0.0,-0.13134599417181114,0.9329390690536805,0.8908465027185214,Imgdirty_646_1_jpg.rf.267f3e3bed6722636a4f84f17bf4deb5.jpg,0,0,0,0,1
0.15421046741682157,0.0,-0.13134599417181114,-0.0690649787986557,0.9949417007959125,Imgdirty_655_1_jpg.rf.6c7f25031b76e8ee3d611e2542595358.jpg,0,0,0,0,1
0.17304787746526418,0.0,-0.13134599417181114,0.4319370451275124,0.8237757670216619,Imgdirty_664_1_jpg.rf.baa63a2c125dd205d92fba85695b4e9e.jpg,0,1,0,0,0
0.011000350959426555,0.0,-0.13134599417181114,-0.31956599076173975,0.7292234223089321,Imgdirty_708_1_jpg.rf.aa63574231f1765a685d89dbe7997c40.jpg,0,1,0,0,0
0.12106826578660199,0.0,-0.13134599417181114,-0.31956599076173975,0.94606233626107,Imgdirty_70_1_jpg.rf.5d896f066f548a98cc6f199684493063.jpg,0,1,0,0,0
0.17135028320494497,0.0,-0.13134599417181114,-0.31956599076173975,0.9631010668064416,Imgdirty_712_1_jpg.rf.b73f363738f8f2f9e768fcc2e1bb5a0c.jpg,0,1,0,0,0
0.20983816371736935,0.0,-0.13134599417181114,-0.31956599076173975,0.9652066751822089,Imgdirty_730_1_jpg.rf.6722ea7d5be7f99c8cf29249d561dd38.jpg,0,1,0,0,0
0.1383031628718855,0.0,-0.13134599417181114,2.185444128869101,0.9407247705498945,Imgdirty_737_1_jpg.rf.d2fea22b410390bcc3b70420bc308f52.jpg,0,0,0,0,1
0.08511464535998649,0.0,-0.13134599417181114,1.1834400810167647,0.9616138214342523,Imgdirty_73_1_jpg.rf.5c898f7b1d47f4eb3dee917502f17444.jpg,0,0,0,0,1
0.1615356206182027,0.0,-0.13134599417181114,-0.31956599076173975,0.9662112081273919,Imgdirty_741_1_jpg.rf.f8297001d4b6dab69ab089f8460ab475.jpg,0,1,0,0,0
0.18810216925883694,0.0,-0.13134599417181114,-0.31956599076173975,0.923219378065164,Imgdirty_743_1_jpg.rf.99377c4a73ca4ac58c26b179cbb5f0c5.jpg,0,1,0,0,0
0.11121510157766346,0.0,-0.13134599417181114,-0.0690649787986557,0.8795588775007618,Imgdirty_756_1_jpg.rf.f84f41833debedd5b1f334dcf73e3b3c.jpg,0,0,0,0,1
0.07294218190125162,0.0,-0.13134599417181114,-0.31956599076173975,0.5940751421546174,Imgdirty_76_1_jpg.rf.5ef872a9234e3bcdbafa95a418b31102.jpg,0,1,0,0,0
1.0,0.0,-0.13134599417181114,-0.31956599076173975,0.9377766313523996,Imgdirty_784_1_jpg.rf.792305ddee82f0f623c12cdacdd5db59.jpg,0,1,0,0,0
0.07864685858708279,0.0,-0.13134599417181114,-0.31956599076173975,0.8229922277310263,Imgdirty_794_1_jpg.rf.e79c058f2d70b31475d4d07cbe21c708.jpg,0,1,0,0,0
0.6384993803649275,0.0,-0.13134599417181114,0.18143603316442836,0.7996721867567665,Imgdirty_807_1_jpg.rf.503180e78275190088ada6adbed2e2d1.jpg,0,0,0,0,1
0.25945231170410593,0.0,-0.13134599417181114,-0.31956599076173975,0.6068994218949733,Imgdirty_811_1_jpg.rf.0f77168d75b11612bc2839452440133d.jpg,0,1,0,0,0
0.024774712377061067,0.0,-0.13134599417181114,1.1834400810167647,0.980908903181542,Imgdirty_840_1_jpg.rf.da3efd5820968d5dc93679e1213d4bb5.jpg,0,0,0,0,1
0.035618107797302616,0.0,-0.13134599417181114,-0.31956599076173975,0.8512574359274115,Imgdirty_855_1_jpg.rf.824e6a4b94674bbf337a4d6ee3133f33.jpg,0,1,0,0,0
0.17038834567170003,0.0,-0.13134599417181114,-0.31956599076173975,0.8842992213357455,Imgdirty_875_1_jpg.rf.eb6b341907a8a21282747fa8f84c9bf2.jpg,0,1,0,0,0
0.15804202977740303,0.0,-0.13134599417181114,1.934943116906017,0.9210804709165163,Imgdirty_881_1_jpg.rf.dbf4e7684927d7ba88ada35688203185.jpg,0,0,0,0,1
0.14972879731634253,0.0,-0.13134599417181114,-0.0690649787986557,0.9061797491716032,Imgdirty_882_1_jpg.rf.032e25fd7bad22b54312182d77eb6392.jpg,0,1,0,0,0
0.08734175582974182,0.0,-0.13134599417181114,-0.0690649787986557,0.9053045783656675,Imgdirty_914_1_jpg.rf.51a0e98def9b9aa641404de4c76c7e06.jpg,0,0,0,0,1
0.06277371307369202,0.0,-0.13134599417181114,0.4319370451275124,0.782182545310287,Imgdirty_949_1_jpg.rf.86a41acb4263e2fdcb04471c0d6c938d.jpg,0,0,0,0,1
0.17141386266277675,0.0,-0.13134599417181114,-0.31956599076173975,0.9539936128641544,Imgdirty_995_1_jpg.rf.f09af66dad30e29061d3ad32cadf2776.jpg,0,1,0,0,0
0.0,0.0,-0.13134599417181114,0.9329390690536805,0.9148967211009772,IMG_0408_jpg.rf.b3780cf9ea522de66975579a6ad4b4de.jpg,0,0,0,0,1
0.0,0.0,-0.13134599417181114,0.6824380570905965,0.9493156143935023,IMG_0409_jpg.rf.9a5c95b4fe2e365bc9606a2ba315c3bd.jpg,0,0,0,0,1
0.0,0.0,-0.13134599417181114,0.6824380570905965,0.93783825803818,IMG_0410_jpg.rf.148692cada6a97ebb628f8d51e181749.jpg,0,0,0,0,1
0.0,0.0,-0.13134599417181114,0.6824380570905965,0.9418797468718317,IMG_0411_jpg.rf.0df6d3c968c01d39fecae3e6ab8cefee.jpg,0,0,0,0,1
0.0,0.0,-0.13134599417181114,0.9329390690536805,0.968878463791058,IMG_0412_jpg.rf.a8fab2d16efff88f5124107177968e25.jpg,0,0,0,0,1
0.0,0.0,-0.13134599417181114,0.6824380570905965,0.8672584545344784,IMG_0415_jpg.rf.c940edf21ad669cfa760695fdafa4cf9.jpg,0,0,0,0,1
0.0,0.0,-0.13134599417181114,0.18143603316442836,0.7093274654028144,IMG_0418_jpg.rf.5063be70edf254d0a265bec801e36343.jpg,0,0,0,0,1
0.0,0.0,-0.13134599417181114,0.4319370451275124,0.5996133988512642,IMG_0418_jpg.rf.7d97d9ae659155653d3e474ce5591807.jpg,0,0,0,0,1
0.0,0.0,-0.13134599417181114,0.4319370451275124,0.4045369098930414,IMG_0419_jpg.rf.35994ad8b968518aa6c36f5516fd462d.jpg,0,0,0,0,1
0.0,0.0,-0.13134599417181114,0.18143603316442836,0.3316416738215109,IMG_0420_jpg.rf.f14cf1d55d390d408365c8d0eb380e41.jpg,0,0,0,0,1
0.0,0.0,-0.13134599417181114,0.18143603316442836,0.5940721476606534,IMG_0422_jpg.rf.f19be22332e49a6bff690ef72de33aab.jpg,0,0,0,0,1
0.0,0.0,-0.13134599417181114,-0.0690649787986557,0.7338559643612097,IMG_0424_jpg.rf.600abee35d1c31d1fd905638ec99309e.jpg,0,0,0,0,1
0.0,0.0,-0.13134599417181114,-0.0690649787986557,0.6426207403922259,IMG_0424_jpg.rf.67515697f69020e2fca7556c21ba8786.jpg,0,0,0,0,1
0.0,0.0,-0.13134599417181114,-0.0690649787986557,0.38880578502695523,IMG_0431_jpg.rf.02aab6d07ae9bbf66e29aa3504fcc398.jpg,0,0,0,0,1
0.0,0.0,-0.13134599417181114,-0.0690649787986557,0.42971847804005814,IMG_0431_jpg.rf.8fd325221521277cab2472f0d2fc91db.jpg,0,0,0,0,1
0.0,0.0,-0.13134599417181114,-0.0690649787986557,0.5535599981601829,IMG_0431_jpg.rf.d89ddc6514ecfae41de92561af405627.jpg,0,0,0,0,1
0.0,0.0,-0.13134599417181114,-0.0690649787986557,0.6620436271419016,IMG_0433_jpg.rf.274625b5279fcf710a8c7a4cf4032773.jpg,0,0,0,0,1
0.0,0.0,-0.13134599417181114,0.18143603316442836,0.34333523264103827,IMG_0434_jpg.rf.57a5bc1f1702f4dae2e0eab706041bfd.jpg,0,0,0,0,1
0.0,0.0,-0.13134599417181114,-0.0690649787986557,0.43902635346335983,IMG_0434_jpg.rf.5fcd089bbedc7c4313f6caa0d8da5f9a.jpg,0,0,0,0,1
0.0,0.0,-0.13134599417181114,0.18143603316442836,0.5302061194041292,IMG_0435_jpg.rf.43c65e8a87a56bea5812745be5593ef4.jpg,0,0,0,0,1
0.0,0.0,-0.13134599417181114,-0.31956599076173975,0.0,IMG_20230307_163035_098_jpg.rf.124deea4bb3eff7d7fde38f0d7611d9a.jpg,0,0,0,0,0
0.04389743380870869,0.0,-0.13134599417181114,-0.0690649787986557,0.9563828597081973,IMG_20230313091839_4799679504337236589-jpg_32_jpg.rf.41c7e7fd3866b7b97936050696c18e04.jpg,0,1,0,0,0
0.0,0.0,-0.13134599417181114,-0.31956599076173975,0.0,IMG_20230313091902_8871479686330190603-jpg_59_jpg.rf.332d648e108dc10f978265bc5a93005f.jpg,0,0,0,0,0
0.0,0.0,-0.13134599417181114,-0.31956599076173975,0.0,IMG_20230313094512_5261073583839108411-jpg_4_jpg.rf.54204a2580bdb07ae95a687c6554b7a1.jpg,0,0,0,0,0
0.0,0.0,-0.13134599417181114,-0.31956599076173975,0.0,IMG_20230313094512_5644100781338094322-jpg_6_jpg.rf.3c76ad7f374eadde1f9615c56caa17f3.jpg,0,0,0,0,0
0.0,0.0,-0.13134599417181114,-0.31956599076173975,0.0,IMG_20230313094513_8850608147692325469-jpg_10_jpg.rf.dde31464a215124e8e319e31e3872899.jpg,0,0,0,0,0
0.0,0.0,-0.13134599417181114,-0.31956599076173975,0.0,IMG_20230313094514_6807574222548880506-jpg_11_jpg.rf.9f7fcedf62fba4072661b599a0c4bff2.jpg,0,0,0,0,0
0.0,0.0,-0.13134599417181114,-0.31956599076173975,0.0,IMG_20230313094515_2548390440066843268-jpg_15_jpg.rf.3b49c826f2e5de8423e08dbe38a55d2e.jpg,0,0,0,0,0
0.0,0.0,-0.13134599417181114,-0.31956599076173975,0.0,IMG_20230313100918_8881744179062807694-jpg_32_jpg.rf.84bec4ee984bba4244cab6bd7f5e7b17.jpg,0,0,0,0,0
0.0,0.0,-0.13134599417181114,-0.31956599076173975,0.0,IMG_20230313_155242_jpg.rf.85b6f26c4153ecd50d2219971cda3257.jpg,0,0,0,0,0
0.0,0.0,-0.13134599417181114,-0.31956599076173975,0.0,IMG_20230319220345_6854218606835269960-jpg_66_jpg.rf.b36a4ba828479bdc68b683344af3d8a1.jpg,0,0,0,0,0
0.0,0.0,-0.13134599417181114,-0.31956599076173975,0.0,IMG_20230323_163606_jpg.rf.75db7b79e31f1e52c9702987cdfcf0d3.jpg,0,0,0,0,0
0.0,0.0,-0.13134599417181114,-0.0690649787986557,0.8364786499767147,IMG_20230323_163833_jpg.rf.3b657de0476abdccea45b1da069763a8.jpg,0,0,0,0,1
0.0,0.0,-0.13134599417181114,-0.31956599076173975,0.0,IMG_20230323_164043_jpg.rf.78834ac081b306c5a331198c42029cab.jpg,0,0,0,0,0
0.0,0.0,-0.13134599417181114,-0.31956599076173975,0.0,IMG_20230323_164054_jpg.rf.b13fad7624e39850f02a8f69076a19c3.jpg,0,0,0,0,0
0.0,0.0,-0.13134599417181114,-0.31956599076173975,0.0,IMG_20230323_164120_jpg.rf.74bb7291cb10997464e9013047d1392c.jpg,0,0,0,0,0
0.0,0.0,-0.13134599417181114,-0.31956599076173975,0.0,IMG_20230323_164405_jpg.rf.86889e4e290753ed1c82b8e83cdc88f4.jpg,0,0,0,0,0
0.0,0.0,-0.13134599417181114,-0.31956599076173975,0.0,IMG_20230323_164410_jpg.rf.26adaf655598c70bab4fab3341583b98.jpg,0,0,0,0,0
0.21488412977274585,0.0,-0.13134599417181114,-0.31956599076173975,0.48040825373569107,IMG_20230323_164931_jpg.rf.37f5a58ef7a5cc2d91dc49aedb994845.jpg,0,1,0,0,0
0.07987000937326712,0.0,-0.13134599417181114,-0.31956599076173975,0.4370156705462532,IMG_20230323_165011_jpg.rf.215568292200627176c236b311932fe4.jpg,0,1,0,0,0
0.08497012202181017,0.0,-0.13134599417181114,-0.0690649787986557,0.5651466535451933,IMG_20230323_165013_jpg.rf.b96ae158b7d0cfafacb1805c1d82ba5c.jpg,0,1,0,0,0
0.0829474517698236,0.0,-0.13134599417181114,-0.31956599076173975,0.7513122471449296,IMG_20230323_165549_jpg.rf.7799a226c3c788d6aa25c1af243d9773.jpg,0,1,0,0,0
0.06952290487739175,0.0,-0.13134599417181114,-0.0690649787986557,0.93822317029232,IMG_20230323_170213_jpg.rf.759bb50d22bc8bebb0332f6f825ec924.jpg,0,1,0,0,0
0.02223191259097448,0.0,-0.13134599417181114,-0.0690649787986557,0.8842915554311975,IMG_20230323_170333_jpg.rf.9f8d16fbada162422766e18a3cbd4dcb.jpg,0,0,0,0,1
0.0,0.0,-0.13134599417181114,-0.0690649787986557,0.8701547290965156,IMG_20230323_171016_jpg.rf.212ee139728d3bf2a65bba8afb99517b.jpg,0,0,0,0,1
0.11988189932179416,0.0,-0.13134599417181114,-0.31956599076173975,0.7729583061034015,IMG_20230323_171023_jpg.rf.e6e950cd0deb39fcc5bbcd244ac978cc.jpg,0,1,0,0,0
0.0,0.0,-0.13134599417181114,-0.31956599076173975,0.0,IMG_20230323_171537_jpg.rf.e405698358bd0ab5c02f69100588d6cb.jpg,0,0,0,0,0
0.048499898119654085,0.0,-0.13134599417181114,-0.0690649787986557,0.8898552054366594,IMG_20230323_172014_jpg.rf.d51fff559bcb83c4715a930dba6280b7.jpg,0,0,0,0,1
0.0,0.0,-0.13134599417181114,-0.31956599076173975,0.0,IMG_20230323_172325_jpg.rf.81bf66948ebe9087d27d6b084e57f74b.jpg,0,0,0,0,0
0.0,0.0,-0.13134599417181114,-0.31956599076173975,0.0,IMG_20230323_172336_jpg.rf.371815ea0a79dc081226ad1b99a63c00.jpg,0,0,0,0,0
0.0,0.0,-0.13134599417181114,-0.31956599076173975,0.0,IMG_20230323_173405_jpg.rf.397ab460bb4b1a0cf1015eb7e82ee791.jpg,0,0,0,0,0
0.0,0.0,-0.13134599417181114,-0.0690649787986557,0.9286140787211737,IMG_20230324_112151_jpg.rf.8bbd7a9f6980655b5038c6a04ca3bb87.jpg,0,0,0,0,1
0.09305170895511469,0.0,-0.13134599417181114,-0.0690649787986557,0.8855867938504113,IMG_20230324_112233_jpg.rf.5f688b3fcdd10928042ae20880e39fca.jpg,0,1,0,0,0
0.0,0.0,-0.13134599417181114,-0.31956599076173975,0.0,IMG_20230324_113137_jpg.rf.3294674cd134669b82af02e2a7bb3f75.jpg,0,0,0,0,0
0.09025878790964706,0.0,-0.13134599417181114,0.18143603316442836,0.9015428351581379,IMG_20230324_113800_jpg.rf.41d203fff803dc886f158c944db0d06d.jpg,0,0,0,0,1
0.02748444920610158,0.0,-0.13134599417181114,-0.0690649787986557,0.9232572284688697,IMG_20230324_114653_jpg.rf.d5df6cc7e24798d286751268f320663e.jpg,0,0,0,0,1
0.0,0.0,-0.13134599417181114,-0.0690649787986557,0.7934174674342792,IMG_20230324_115337_jpg.rf.4ff374491dd7f402b9a6a1a4f3792ab2.jpg,0,0,0,0,1
0.0,0.0,-0.13134599417181114,-0.31956599076173975,0.0,IMG_20230324_161111_jpg.rf.2e33854cc4ca814e690698394c385f0d.jpg,0,0,0,0,0
0.0,0.0,-0.13134599417181114,-0.31956599076173975,0.0,IMG_20230324_161125_jpg.rf.11a551cc87a295aaefeb04b516ca3c60.jpg,0,0,0,0,0
0.0,0.0,-0.13134599417181114,-0.0690649787986557,0.5595026912116153,IMG_20230324_161137_jpg.rf.a5a1809d119d66feb8de749b462edeae.jpg,0,0,0,0,1
0.0,0.0,-0.13134599417181114,-0.31956599076173975,0.0,IMG_20230324_161151_jpg.rf.c6f435a339fd7c3289779eee234f6469.jpg,0,0,0,0,0
0.0,0.0,-0.13134599417181114,-0.31956599076173975,0.0,IMG_20230324_161304_jpg.rf.47defa10cb148f7ef458987d5502a6e8.jpg,0,0,0,0,0
0.0,0.0,-0.13134599417181114,-0.31956599076173975,0.0,IMG_20230324_161322_jpg.rf.df7db2c8b1f9770fc6fda8d6dbea3612.jpg,0,0,0,0,0
0.0,0.0,-0.13134599417181114,-0.31956599076173975,0.0,IMG_20230324_161331_jpg.rf.31cc177f5708f04ef62ab2cced0164a6.jpg,0,0,0,0,0
0.0,0.0,-0.13134599417181114,-0.31956599076173975,0.0,IMG_20230324_161437_jpg.rf.68c16db86875cbc208313ff5f9915248.jpg,0,0,0,0,0
0.0,0.0,-0.13134599417181114,-0.31956599076173975,0.0,IMG_20230324_161533_jpg.rf.8883aa7bcbdde503162b55f67e1a77d2.jpg,0,0,0,0,0
0.0,0.0,-0.13134599417181114,-0.31956599076173975,0.0,IMG_20230324_161542_jpg.rf.88dcd1f99bc3edd25a059f7924af9004.jpg,0,0,0,0,0
0.0,0.0,-0.13134599417181114,-0.31956599076173975,0.0,IMG_20230324_161622_jpg.rf.62e2bd577dce5e27124748b7a8c749d5.jpg,0,0,0,0,0
0.0,0.0,-0.13134599417181114,-0.31956599076173975,0.0,IMG_20230324_161739_jpg.rf.4cc97fa319883c673485000c1dec746d.jpg,0,0,0,0,0
0.0,0.0,-0.13134599417181114,-0.31956599076173975,0.0,IMG_20230324_161748_jpg.rf.7c1591e56460d78731bfc2dea16b6dc5.jpg,0,0,0,0,0
0.0,0.0,-0.13134599417181114,-0.31956599076173975,0.0,IMG_20230324_163748_jpg.rf.fc65c83b02ab7a19dc9cd6553107c752.jpg,0,0,0,0,0
0.0,0.0,-0.13134599417181114,-0.31956599076173975,0.0,IMG_20230324_163819_jpg.rf.2af8f23b73fe027976234c046706ccfd.jpg,0,0,0,0,0
0.0,0.0,-0.13134599417181114,-0.31956599076173975,0.0,IMG_20230324_163924_jpg.rf.159f9a5e1a8fa09f4e030821ed60bb90.jpg,0,0,0,0,0
0.0,0.0,-0.13134599417181114,-0.31956599076173975,0.0,IMG_20230324_163937_jpg.rf.a1d0f924faa626b2014b9ef482e0e4f6.jpg,0,0,0,0,0
0.0,0.0,-0.13134599417181114,-0.31956599076173975,0.0,IMG_20230324_164009_jpg.rf.d891436c4625cf362aa92e19cbc4767b.jpg,0,0,0,0,0
0.0,0.0,-0.13134599417181114,-0.31956599076173975,0.0,IMG_20230324_164918_jpg.rf.492a601ac1e94ca5388b1ef8522843e2.jpg,0,0,0,0,0
0.0,0.0,-0.13134599417181114,-0.31956599076173975,0.0,IMG_20230324_164925_jpg.rf.d9a72eaaefc0ed0a989fc6bed1f1ba86.jpg,0,0,0,0,0
0.0,0.0,-0.13134599417181114,-0.31956599076173975,0.0,IMG_20230324_164936_jpg.rf.7603dd1de8dc7d4979ee6972d0e42338.jpg,0,0,0,0,0
0.0,0.0,-0.13134599417181114,-0.31956599076173975,0.0,IMG_20230324_165008_jpg.rf.97718b289e1ea12a74d699d2324a8f57.jpg,0,0,0,0,0
0.0,0.0,-0.13134599417181114,-0.31956599076173975,0.0,IMG_20230324_165012_jpg.rf.a6b9a3b9e342b4a8f2086375695749c4.jpg,0,0,0,0,0
0.0,0.0,-0.13134599417181114,-0.31956599076173975,0.0,IMG_20230324_165116_jpg.rf.fcb3496c741ef903552ac131030ca18a.jpg,0,0,0,0,0
0.0,0.0,-0.13134599417181114,-0.31956599076173975,0.0,IMG_20230324_165124_jpg.rf.1803f7633e6196b7fe1e1aca28cd2fe8.jpg,0,0,0,0,0
0.0,0.0,-0.13134599417181114,-0.31956599076173975,0.0,IMG_20230324_165246_jpg.rf.aebfb8e9c1eee1609b1de10298164371.jpg,0,0,0,0,0
0.0,0.0,-0.13134599417181114,-0.31956599076173975,0.0,IMG_20230324_165314_jpg.rf.bf967b267515a27c6eec7b965910b357.jpg,0,0,0,0,0
0.0,0.0,-0.13134599417181114,-0.31956599076173975,0.0,IMG_20230324_165322_jpg.rf.7da49c11583e9707e244fcc36917c62a.jpg,0,0,0,0,0
0.09137928081247454,0.0,-0.13134599417181114,-0.0690649787986557,0.7660104812079932,IMG_20230324_165343_jpg.rf.2683e64a484e04d39060d57aeef3b5b3.jpg,0,1,0,0,0
0.0,0.0,-0.13134599417181114,-0.31956599076173975,0.0,IMG_20230324_165454_jpg.rf.758e81364f9a93b7165627d78b1b3202.jpg,0,0,0,0,0
0.0,0.0,-0.13134599417181114,-0.31956599076173975,0.0,IMG_20230324_165505_jpg.rf.bb42b2052950e2192ee495fd4f1319ee.jpg,0,0,0,0,0
0.0,0.0,-0.13134599417181114,-0.31956599076173975,0.0,IMG_20230324_165512_jpg.rf.de070dd2bf8e04314dc93064a65af1f7.jpg,0,0,0,0,0
0.0,0.0,-0.13134599417181114,-0.31956599076173975,0.0,IMG_20230324_165523_jpg.rf.94cab0e956c9c185d1ea1ba9ccf31509.jpg,0,0,0,0,0
0.0,0.0,-0.13134599417181114,-0.31956599076173975,0.0,IMG_20230324_165610_jpg.rf.4fc6b626b2a94fca34f77509a9116ea9.jpg,0,0,0,0,0
0.0,0.0,-0.13134599417181114,-0.31956599076173975,0.0,IMG_20230324_165613_jpg.rf.7eaa49ccce619ba2edb2aafa06263c43.jpg,0,0,0,0,0
0.0,0.0,-0.13134599417181114,-0.31956599076173975,0.0,IMG_20230324_165710_jpg.rf.a021b35e7f8690a832c08d0cdcfca3e4.jpg,0,0,0,0,0
0.0,0.0,-0.13134599417181114,-0.31956599076173975,0.0,IMG_20230324_165717_jpg.rf.088769df88a8c2b4ecfe75986fb2cba1.jpg,0,0,0,0,0
0.0,0.0,-0.13134599417181114,-0.31956599076173975,0.0,IMG_20230324_165720_jpg.rf.c738771bebcdb9dc4bd1be57ba9822a2.jpg,0,0,0,0,0
0.0,0.0,-0.13134599417181114,-0.31956599076173975,0.0,IMG_20230324_165727_jpg.rf.702af37e7e1f32b277112355e7b76f40.jpg,0,0,0,0,0
0.0,0.0,-0.13134599417181114,-0.31956599076173975,0.0,IMG_20230324_165754_jpg.rf.c2e909057d54d6f18b4c8bb434343c2c.jpg,0,0,0,0,0
0.0,0.0,-0.13134599417181114,-0.31956599076173975,0.0,IMG_20230324_165803_jpg.rf.4161ca127aff64d0e1d5f472bee4ac47.jpg,0,0,0,0,0
0.0,0.0,-0.13134599417181114,-0.31956599076173975,0.0,IMG_20230324_165816_jpg.rf.03740c7b226d05955c216845062765e5.jpg,0,0,0,0,0
0.0,0.0,-0.13134599417181114,-0.31956599076173975,0.0,IMG_20230324_165823_jpg.rf.2f021f1eab5c1b05628452432954192c.jpg,0,0,0,0,0
0.0,0.0,-0.13134599417181114,-0.31956599076173975,0.0,IMG_20230324_165833_jpg.rf.eba5aff26e1b9d2a89b8ab94fe27b74b.jpg,0,0,0,0,0
0.0,0.0,-0.13134599417181114,-0.31956599076173975,0.0,IMG_20230324_165857_jpg.rf.9c8c41b59206c0195e1a3171f7760468.jpg,0,0,0,0,0
0.0,0.0,-0.13134599417181114,-0.31956599076173975,0.0,IMG_20230324_165932_jpg.rf.deb985ad89841f92fe2651869fb0cbd0.jpg,0,0,0,0,0
0.0,0.0,-0.13134599417181114,-0.31956599076173975,0.0,IMG_20230324_170051_jpg.rf.214f549319a409f0713970062ce902e3.jpg,0,0,0,0,0
0.0,0.0,-0.13134599417181114,-0.31956599076173975,0.0,IMG_20230324_170112_jpg.rf.8ccdd088cf4f4a422f2437857c28b5c8.jpg,0,0,0,0,0
0.0,0.0,-0.13134599417181114,-0.31956599076173975,0.0,IMG_20230324_170221_jpg.rf.2684f16bd3cae72ac42cbfe1aaecde55.jpg,0,0,0,0,0
0.0,0.0,-0.13134599417181114,-0.31956599076173975,0.0,IMG_20230324_170237_jpg.rf.2384355e491be5d9df7a9e51309f0623.jpg,0,0,0,0,0
0.0,0.0,-0.13134599417181114,-0.31956599076173975,0.0,IMG_20230324_170246_jpg.rf.2ef7a47209b0e0b643f85810bfa5a4b5.jpg,0,0,0,0,0
0.0,0.0,-0.13134599417181114,-0.31956599076173975,0.0,IMG_20230324_170302_jpg.rf.8366cb03b41d44704e44db2683e464d9.jpg,0,0,0,0,0
0.0,0.0,-0.13134599417181114,-0.31956599076173975,0.0,IMG_20230324_170332_jpg.rf.2566264c7a19649530c896bc8b1021e8.jpg,0,0,0,0,0
0.0,0.0,-0.13134599417181114,-0.31956599076173975,0.0,IMG_20230324_170341_jpg.rf.ab597d61ec9b929b978620fc347494d7.jpg,0,0,0,0,0
0.0,0.0,-0.13134599417181114,-0.31956599076173975,0.0,IMG_20230324_170350_jpg.rf.d85ca96b167d3e23b085ee07de5d9a1b.jpg,0,0,0,0,0
0.01668583551816302,0.0,-0.13134599417181114,-0.0690649787986557,0.6682670839474042,IMG_20230324_170416_jpg.rf.b5e0fa6fe40d9da813b0dd3ec88d7162.jpg,0,1,0,0,0
0.0,0.0,-0.13134599417181114,-0.31956599076173975,0.0,IMG_20230324_170422_jpg.rf.bab0058dcf9c34879efb4e4fdaa76551.jpg,0,0,0,0,0
0.0,0.0,-0.13134599417181114,-0.31956599076173975,0.0,IMG_20230324_170449_jpg.rf.297bb581e88a04f97fea7d7f3a255797.jpg,0,0,0,0,0
0.0,0.0,-0.13134599417181114,-0.31956599076173975,0.0,IMG_20230324_170455_jpg.rf.86acea0e4d20bb68bc3826f657501260.jpg,0,0,0,0,0
0.0,0.0,-0.13134599417181114,-0.31956599076173975,0.0,IMG_20230324_170522_jpg.rf.4a2d8555929babbbb0b025510f249da5.jpg,0,0,0,0,0
0.0,0.0,-0.13134599417181114,-0.31956599076173975,0.0,IMG_20230324_170547_jpg.rf.ef74e0dcc47856df1ebc4d0ebb65a49f.jpg,0,0,0,0,0
0.0,0.0,-0.13134599417181114,-0.31956599076173975,0.0,IMG_20230324_170552_jpg.rf.f71571762a0adff85055cfcfd0f71be8.jpg,0,0,0,0,0
0.0,0.0,-0.13134599417181114,-0.31956599076173975,0.0,IMG_20230324_170558_jpg.rf.884bffedf3776c1e5cbcd364b760a2ca.jpg,0,0,0,0,0
0.0,0.0,-0.13134599417181114,-0.31956599076173975,0.0,IMG_20230324_170638_jpg.rf.ef0befe0c7dc5809695bf42aecfe49f6.jpg,0,0,0,0,0
0.0,0.0,-0.13134599417181114,-0.31956599076173975,0.0,IMG_20230324_170652_jpg.rf.c6cb38d55e2b6b88b5ea28a29a679039.jpg,0,0,0,0,0
0.0,0.0,-0.13134599417181114,-0.31956599076173975,0.0,IMG_20230324_170706_jpg.rf.3f7862d5c616b6242f568bfd0fbc44f7.jpg,0,0,0,0,0
0.0,0.0,-0.13134599417181114,-0.31956599076173975,0.0,IMG_20230324_170717_jpg.rf.84cf45bfdd53cef7b2a8904f9eee6665.jpg,0,0,0,0,0
0.0,0.0,-0.13134599417181114,-0.31956599076173975,0.0,IMG_20230324_170840_jpg.rf.a0be0bf9a43bbc481d79bec877820dc2.jpg,0,0,0,0,0
0.0,0.0,-0.13134599417181114,-0.31956599076173975,0.0,IMG_20230324_170843_jpg.rf.6a89451143e10101b5b9cb740707e147.jpg,0,0,0,0,0
0.0,0.0,-0.13134599417181114,-0.31956599076173975,0.0,IMG_20230324_170851_jpg.rf.ed35276d6a5f4fb954c0fa2e8da4a6b2.jpg,0,0,0,0,0
0.0,0.0,-0.13134599417181114,-0.31956599076173975,0.0,IMG_20230324_170855_jpg.rf.be84236b91426e6939de001625ab1476.jpg,0,0,0,0,0
0.0,0.0,-0.13134599417181114,-0.31956599076173975,0.0,IMG_20230324_170905_jpg.rf.e40a05391784b30eb92234023a2d6796.jpg,0,0,0,0,0
0.0,0.0,-0.13134599417181114,-0.31956599076173975,0.0,IMG_20230324_170950_jpg.rf.4651e7366c6c39a5f6559df6dfd8a885.jpg,0,0,0,0,0
0.023076039682961295,0.0,-0.13134599417181114,-0.31956599076173975,0.8347738845629763,IMG_20230324_171619_jpg.rf.216c66fa41ddde7b52e34623e3d71e07.jpg,0,1,0,0,0
0.03585918782836957,0.0,-0.13134599417181114,-0.31956599076173975,0.7989679416662993,IMG_20230324_171735_jpg.rf.a45b13af111945075d85879e40719ceb.jpg,0,1,0,0,0
0.04027821577642609,0.0,-0.13134599417181114,-0.0690649787986557,0.7210301274839925,IMG_20230324_171748_jpg.rf.1915ae9276150fbd86d9121e87a2b2d6.jpg,0,0,0,0,1
0.06773985175541596,0.0,-0.13134599417181114,0.18143603316442836,0.9212914030713446,IMG_20230324_171857_jpg.rf.cb3ef707d30099f0dd4ce3df278af5fa.jpg,0,0,0,0,1
0.1090785958295176,0.0,-0.13134599417181114,-0.0690649787986557,0.8521875856425273,IMG_20230324_172724_jpg.rf.afbe6dfb38912e272309db1798c30810.jpg,0,0,0,0,1
0.0,0.0,-0.13134599417181114,-0.31956599076173975,0.0,IMG_20230324_173429_jpg.rf.0963d45290eb71c892c4a5ffb4e994dc.jpg,0,0,0,0,0
0.0,0.0,-0.13134599417181114,-0.31956599076173975,0.0,IMG_20230324_173437_jpg.rf.e3807e452d28a5d2bb55d350df1bd227.jpg,0,0,0,0,0
0.0,0.0,-0.13134599417181114,-0.31956599076173975,0.0,IMG_20230324_173443_jpg.rf.d9a5ac14f740c6f6e17045c874ef18ea.jpg,0,0,0,0,0
0.0,0.0,-0.13134599417181114,-0.31956599076173975,0.0,IMG_20230324_173500_jpg.rf.ce0619ffc3a54ad3855770458b06e3ce.jpg,0,0,0,0,0
0.07663003952965942,0.0,-0.13134599417181114,-0.0690649787986557,0.8746889319670136,IMG_20230324_173521_jpg.rf.91a0d981118c7e778cfb789937cfe028.jpg,0,1,0,0,0
0.0,0.0,-0.13134599417181114,-0.31956599076173975,0.0,IMG_20230324_173545_jpg.rf.c7d050a0a59640654335078316eb04a4.jpg,0,0,0,0,0
0.0,0.0,-0.13134599417181114,-0.31956599076173975,0.0,IMG_20230324_173631_jpg.rf.9807a769a9d077afdd2d7b4ca8267cef.jpg,0,0,0,0,0
0.0,0.0,-0.13134599417181114,-0.31956599076173975,0.0,IMG_20230324_174305_jpg.rf.a7bd234085e483469feb09088413c8e4.jpg,0,0,0,0,0
0.0,0.0,-0.13134599417181114,-0.31956599076173975,0.0,IMG_20230324_174335_jpg.rf.93e6e18a6ba1fb3fa0bae8a69e4cfba6.jpg,0,0,0,0,0
0.0,0.0,-0.13134599417181114,-0.31956599076173975,0.0,IMG_20230324_174342_jpg.rf.e4571cc28b999d5a1a192053072293b4.jpg,0,0,0,0,0
0.0,0.0,-0.13134599417181114,-0.31956599076173975,0.0,IMG_20230324_174543_jpg.rf.f5f74b32333b2a937ac4a4ece12de6ac.jpg,0,0,0,0,0
0.0,0.0,-0.13134599417181114,-0.31956599076173975,0.0,IMG_20230324_174756_jpg.rf.51ca3583d5ee5b7aa2d3606d28e6b2f1.jpg,0,0,0,0,0
0.00995695173375782,0.0,-0.13134599417181114,-0.0690649787986557,0.7635949427069458,IMG_20230324_174922_jpg.rf.7f16c1c28b1c24726caba7db0adabf19.jpg,0,1,0,0,0
0.0,0.0,-0.13134599417181114,-0.31956599076173975,0.0,IMG_20230324_175453_jpg.rf.1d4ab23017cee7576358c36b0b97ce69.jpg,0,0,0,0,0
0.0,0.0,-0.13134599417181114,-0.31956599076173975,0.0,IMG_20230324_175456_jpg.rf.d1917df75e32cd11c3423e3ea2dcd0ca.jpg,0,0,0,0,0
0.0,0.0,-0.13134599417181114,-0.31956599076173975,0.0,IMG_20230324_175459_jpg.rf.1f453dbde3746fe9da5b5d3029bdefc9.jpg,0,0,0,0,0
0.0,0.0,-0.13134599417181114,-0.31956599076173975,0.0,IMG_20230324_175518_jpg.rf.d279bdc92d4add37c738bd9fbd665305.jpg,0,0,0,0,0
0.0,0.0,-0.13134599417181114,-0.31956599076173975,0.0,IMG_20230324_175524_jpg.rf.f3dc6b8e16607a7cf610d33fc58efb3b.jpg,0,0,0,0,0
0.0,0.0,-0.13134599417181114,-0.31956599076173975,0.0,IMG_20230324_175533_jpg.rf.62dc6cefa3a47c5570a952d0045b4ab1.jpg,0,0,0,0,0
0.0,0.0,-0.13134599417181114,-0.31956599076173975,0.0,IMG_20230324_175539_jpg.rf.184188ea49b0ab604b9f9dec0fc81ee7.jpg,0,0,0,0,0
0.0,0.0,-0.13134599417181114,-0.31956599076173975,0.0,IMG_20230324_175542_jpg.rf.0e42ab41fee7b1356b839d903de77733.jpg,0,0,0,0,0
0.0,0.0,-0.13134599417181114,-0.31956599076173975,0.0,IMG_20230324_175546_jpg.rf.6bd2d549c3cf215f2014c5c30865e295.jpg,0,0,0,0,0
0.0,0.0,-0.13134599417181114,-0.31956599076173975,0.0,IMG_20230324_175558_jpg.rf.d17cc0881142178fb0ea114eeacb09ab.jpg,0,0,0,0,0
0.0,0.0,-0.13134599417181114,-0.31956599076173975,0.0,IMG_20230324_175751_jpg.rf.1b173f9aff3d76ef3ab4cbe1dfa9f06a.jpg,0,0,0,0,0
0.0,0.0,-0.13134599417181114,-0.31956599076173975,0.0,IMG_20230324_175803_jpg.rf.1635bc2eaa12a9e06cff004699c187eb.jpg,0,0,0,0,0
0.0,0.0,-0.13134599417181114,-0.31956599076173975,0.0,IMG_20230324_175811_jpg.rf.3a429c3f39223e74a4a073ad4f73f489.jpg,0,0,0,0,0
0.0,0.0,-0.13134599417181114,-0.31956599076173975,0.0,IMG_20230324_175823_jpg.rf.e867f904f4d2f67ab43619e1404ab752.jpg,0,0,0,0,0
0.0,0.0,-0.13134599417181114,-0.31956599076173975,0.0,IMG_20230324_175826_jpg.rf.9297f2c573677d34611745dc1f6efca2.jpg,0,0,0,0,0
0.0,0.0,-0.13134599417181114,-0.31956599076173975,0.0,IMG_20230324_175839_jpg.rf.55198b2e8e60b4c09d83c345d8ebdfe3.jpg,0,0,0,0,0
0.0,0.0,-0.13134599417181114,-0.31956599076173975,0.0,IMG_20230324_175850_jpg.rf.b09827552e07415d9e0ca32d5b136adc.jpg,0,0,0,0,0
0.0,0.0,-0.13134599417181114,-0.31956599076173975,0.0,IMG_20230324_175854_jpg.rf.1a5c881c8557b8634d77afa2de64e81a.jpg,0,0,0,0,0
0.0,0.0,-0.13134599417181114,-0.31956599076173975,0.0,IMG_20230324_175940_jpg.rf.a1ddc56d5bab20de8f0f0c29a2918721.jpg,0,0,0,0,0
0.0,0.0,-0.13134599417181114,-0.31956599076173975,0.0,IMG_20230324_180008_jpg.rf.81887ec64be39b2463a8e3f247e75f60.jpg,0,0,0,0,0
0.0,0.0,-0.13134599417181114,-0.31956599076173975,0.0,IMG_20230324_180015_jpg.rf.20d291517591a9d176dab135333e0f87.jpg,0,0,0,0,0
0.0,0.0,-0.13134599417181114,-0.31956599076173975,0.0,IMG_20230324_180020_jpg.rf.55778883ebf9db6f0252953422059678.jpg,0,0,0,0,0
0.0,0.0,-0.13134599417181114,-0.31956599076173975,0.0,IMG_20230324_180031_jpg.rf.41a03dee2bef06a33e4d46435f6dffc4.jpg,0,0,0,0,0
0.0,0.0,-0.13134599417181114,-0.31956599076173975,0.0,IMG_20230324_180043_jpg.rf.3a1ce46469897d81363427975c598f87.jpg,0,0,0,0,0
0.0,0.0,-0.13134599417181114,-0.31956599076173975,0.0,IMG_20230324_180054_jpg.rf.e37db45513cb51677eccbcefd3529994.jpg,0,0,0,0,0
0.0,0.0,-0.13134599417181114,-0.31956599076173975,0.0,IMG_20230324_180137_jpg.rf.afdeb17a07358156e8faa3c7b657e63c.jpg,0,0,0,0,0
0.0,0.0,-0.13134599417181114,-0.31956599076173975,0.0,IMG_20230324_180155_jpg.rf.8fd8388d499e3f1cbcc017abd25f5475.jpg,0,0,0,0,0
0.0,0.0,-0.13134599417181114,-0.31956599076173975,0.0,IMG_20230324_180158_jpg.rf.13430ac9e151c85891400ef5d00f425c.jpg,0,0,0,0,0
0.0,0.0,-0.13134599417181114,-0.31956599076173975,0.0,IMG_20230324_180210_jpg.rf.06816e0068437956bf244b813ac78e97.jpg,0,0,0,0,0
0.0,0.0,-0.13134599417181114,-0.31956599076173975,0.0,IMG_20230324_180214_jpg.rf.3f50799e8b8a498acd280bf3d3f78ed2.jpg,0,0,0,0,0
0.0,0.0,-0.13134599417181114,-0.31956599076173975,0.0,IMG_20230324_180220_jpg.rf.ec8f945002906a851f85e080ed57ecd5.jpg,0,0,0,0,0
0.0,0.0,-0.13134599417181114,-0.31956599076173975,0.0,IMG_20230324_180244_jpg.rf.80a7d565726ea31f3dd6aef313f4dd3e.jpg,0,0,0,0,0
0.0,0.0,-0.13134599417181114,-0.31956599076173975,0.0,IMG_20230324_180248_jpg.rf.c20c3e133452f8581da0fd5caaba7f22.jpg,0,0,0,0,0
0.0,0.0,-0.13134599417181114,-0.31956599076173975,0.0,IMG_20230324_180310_jpg.rf.14a9391d9b9744a173f8da4b188b9a3c.jpg,0,0,0,0,0
0.0,0.0,-0.13134599417181114,-0.31956599076173975,0.0,IMG_20230324_180410_jpg.rf.4db39893c06fc5a35743952cc6443b0a.jpg,0,0,0,0,0
0.0,0.0,-0.13134599417181114,-0.31956599076173975,0.0,IMG_20230324_180415_jpg.rf.5ae0f29f80f5d61d5150bb1ba3548453.jpg,0,0,0,0,0
0.0,0.0,-0.13134599417181114,-0.31956599076173975,0.0,IMG_20230324_180535_jpg.rf.fef9c599f12b264271f95071c7d67d7a.jpg,0,0,0,0,0
0.0,0.0,-0.13134599417181114,-0.31956599076173975,0.0,IMG_20230324_180539_jpg.rf.e158e3500480ffdf919a4a74e9a70865.jpg,0,0,0,0,0
0.0,0.0,-0.13134599417181114,-0.31956599076173975,0.0,IMG_20230324_180545_jpg.rf.e20aa3ac233744d975a93ae7c295dbc3.jpg,0,0,0,0,0
0.0,0.0,-0.13134599417181114,-0.31956599076173975,0.0,IMG_20230324_180729_jpg.rf.7e77f0871683ac56a097afcda96dc458.jpg,0,0,0,0,0
0.0,0.0,-0.13134599417181114,-0.31956599076173975,0.0,IMG_20230325_075726_jpg.rf.32c9e4829d28e127409079c3e16c606d.jpg,0,0,0,0,0
0.0,0.0,-0.13134599417181114,-0.31956599076173975,0.0,IMG_20230325_075734_jpg.rf.bb439ca0bfe1324a1c800c5bdff88c93.jpg,0,0,0,0,0
0.0,0.0,-0.13134599417181114,-0.31956599076173975,0.0,IMG_20230325_075758_jpg.rf.75c7bb9b924945b4964260c400fda02e.jpg,0,0,0,0,0
0.0,0.0,-0.13134599417181114,-0.31956599076173975,0.0,IMG_20230325_075810_jpg.rf.039ea42fc6ed0bc2a70293101edccc63.jpg,0,0,0,0,0
0.0,0.0,-0.13134599417181114,-0.31956599076173975,0.0,IMG_20230325_075838_jpg.rf.806a9d72b05c46449f11637c2e44e3dc.jpg,0,0,0,0,0
0.0,0.0,-0.13134599417181114,-0.31956599076173975,0.0,IMG_20230325_075844_jpg.rf.31e9274bb66c28d27c298b165cf92a63.jpg,0,0,0,0,0
0.0,0.0,-0.13134599417181114,-0.31956599076173975,0.0,IMG_20230325_075901_jpg.rf.e9ebfe97632ac910993f61f83a8edcb7.jpg,0,0,0,0,0
0.0,0.0,-0.13134599417181114,-0.31956599076173975,0.0,IMG_20230325_075908_jpg.rf.e47a2e65176628333851647dbfd61f33.jpg,0,0,0,0,0
0.0,0.0,-0.13134599417181114,-0.31956599076173975,0.0,IMG_20230325_075916_jpg.rf.26bed6aa83f2c76e9085da824d68090e.jpg,0,0,0,0,0
0.0,0.0,-0.13134599417181114,-0.31956599076173975,0.0,IMG_20230325_075941_jpg.rf.10da698b9130adb7c9e0fc3f628af956.jpg,0,0,0,0,0
0.0,0.0,-0.13134599417181114,-0.31956599076173975,0.0,IMG_20230325_075953_jpg.rf.f091a05f787bc5ef8dd220af68c95936.jpg,0,0,0,0,0
0.0,0.0,-0.13134599417181114,-0.31956599076173975,0.0,IMG_20230325_080003_jpg.rf.7fc57abc98633ca1492b3ee96b9aef39.jpg,0,0,0,0,0
0.0,0.0,-0.13134599417181114,-0.31956599076173975,0.0,IMG_20230325_080115_jpg.rf.a20d56538a6762e46300789bf208bf28.jpg,0,0,0,0,0
0.0,0.0,-0.13134599417181114,-0.31956599076173975,0.0,IMG_20230325_080124_jpg.rf.b1a23992f7b51c14058335451538035e.jpg,0,0,0,0,0
0.0,0.0,-0.13134599417181114,-0.31956599076173975,0.0,IMG_20230325_080133_jpg.rf.4571bffcc6d276ac8efa68edaf2272d2.jpg,0,0,0,0,0
0.0,0.0,-0.13134599417181114,-0.31956599076173975,0.0,IMG_20230325_080218_jpg.rf.7a1e1f07b5c5a4b01e1ab0ad1de37afc.jpg,0,0,0,0,0
0.0,0.0,-0.13134599417181114,-0.31956599076173975,0.0,IMG_20230325_080230_jpg.rf.ad85d03aae77b863af495b68be32a826.jpg,0,0,0,0,0
0.0,0.0,-0.13134599417181114,-0.31956599076173975,0.0,IMG_20230325_080314_jpg.rf.d7508b50f6423b0bb3efc573b38948f7.jpg,0,0,0,0,0
0.0,0.0,-0.13134599417181114,-0.31956599076173975,0.0,IMG_20230325_080322_jpg.rf.0f877f4fa58dcec58be89987464c0efe.jpg,0,0,0,0,0
0.0,0.0,-0.13134599417181114,-0.31956599076173975,0.0,IMG_20230325_080339_jpg.rf.c055556e2c372ed5e542b53ec12bc59d.jpg,0,0,0,0,0
0.0,0.0,-0.13134599417181114,-0.31956599076173975,0.0,IMG_20230325_080426_jpg.rf.d0d62f2b4c1fd8450d6399b30d32bc50.jpg,0,0,0,0,0
0.0,0.0,-0.13134599417181114,-0.31956599076173975,0.0,IMG_20230325_080442_jpg.rf.184558b19d4ec45020f7a00b6117177a.jpg,0,0,0,0,0
0.0,0.0,-0.13134599417181114,-0.31956599076173975,0.0,IMG_20230325_080625_jpg.rf.7f9ebe8c440acf3c200633d884736fe0.jpg,0,0,0,0,0
0.0,0.0,-0.13134599417181114,-0.31956599076173975,0.0,IMG_20230325_080654_jpg.rf.09c5d42fd34d84798376cf2af58fe1d1.jpg,0,0,0,0,0
0.0,0.0,-0.13134599417181114,-0.31956599076173975,0.0,IMG_20230325_080733_jpg.rf.9138d53a6863535c4f6da73a040ecd8e.jpg,0,0,0,0,0
0.0,0.0,-0.13134599417181114,-0.31956599076173975,0.0,IMG_20230325_080749_jpg.rf.e4a6e3b66db481affe75cdc3e762a017.jpg,0,0,0,0,0
0.0,0.0,-0.13134599417181114,-0.31956599076173975,0.0,IMG_20230325_080812_jpg.rf.acc814720eafac0c553956183fc8e9bf.jpg,0,0,0,0,0
0.0,0.0,-0.13134599417181114,-0.31956599076173975,0.0,IMG_20230325_080824_jpg.rf.bb6e44826257a0f2ca71d5bf42a88e81.jpg,0,0,0,0,0
0.0,0.0,-0.13134599417181114,-0.31956599076173975,0.0,IMG_20230325_080833_jpg.rf.8c860e8c7ff4100ac301d79c756cff52.jpg,0,0,0,0,0
0.0,0.0,-0.13134599417181114,-0.31956599076173975,0.0,IMG_20230325_080838_jpg.rf.fb05893256bbcddcfa9c617c3109dbb5.jpg,0,0,0,0,0
0.0,0.0,-0.13134599417181114,-0.31956599076173975,0.0,IMG_20230325_080905_jpg.rf.8f8af1ef00acd33e9319f75f0a3b295c.jpg,0,0,0,0,0
0.0,0.0,-0.13134599417181114,-0.31956599076173975,0.0,IMG_20230325_080914_jpg.rf.b5e40d0c1c71e7635950b3421e85c3a0.jpg,0,0,0,0,0
0.0,0.0,-0.13134599417181114,-0.31956599076173975,0.0,IMG_20230325_080949_jpg.rf.46fb5df67881bc132836e1b3a782cfa1.jpg,0,0,0,0,0
0.0,0.0,-0.13134599417181114,-0.31956599076173975,0.0,IMG_20230325_080954_jpg.rf.b8d4f9f6a5520701442d7d1418d352bc.jpg,0,0,0,0,0
0.0,0.0,-0.13134599417181114,-0.31956599076173975,0.0,IMG_20230325_081101_jpg.rf.75318be28efe3e74cd9014c9f0c0b931.jpg,0,0,0,0,0
0.0,0.0,-0.13134599417181114,-0.31956599076173975,0.0,IMG_20230325_081123_jpg.rf.51905d6b68c07a27e899488cbfd08026.jpg,0,0,0,0,0
0.0,0.0,-0.13134599417181114,-0.31956599076173975,0.0,IMG_20230325_081129_jpg.rf.9f34c43a979b739279cba16ad8341456.jpg,0,0,0,0,0
0.0,0.0,-0.13134599417181114,-0.31956599076173975,0.0,IMG_20230325_081252_jpg.rf.d7bfce9c39209a58163c30803847fb85.jpg,0,0,0,0,0
0.0,0.0,-0.13134599417181114,-0.31956599076173975,0.0,IMG_20230325_081312_1_jpg.rf.2dac1eb96a0c41642a9e8862750cae8b.jpg,0,0,0,0,0
0.0,0.0,-0.13134599417181114,-0.31956599076173975,0.0,IMG_20230325_081312_jpg.rf.c8a8229c1f794924b7e5f82cc9a8bdb0.jpg,0,0,0,0,0
0.0,0.0,-0.13134599417181114,-0.31956599076173975,0.0,IMG_20230325_081436_jpg.rf.3ea4f18398b98fa89524e76702b699b9.jpg,0,0,0,0,0
0.0,0.0,-0.13134599417181114,-0.31956599076173975,0.0,IMG_20230325_081547_jpg.rf.8ef132d2f3d822a0c0888ef036c259ac.jpg,0,0,0,0,0
0.0,0.0,-0.13134599417181114,-0.31956599076173975,0.0,IMG_20230325_081702_jpg.rf.480ed11eb169f336fbcedf4f6406e447.jpg,0,0,0,0,0
0.0,0.0,-0.13134599417181114,-0.31956599076173975,0.0,IMG_20230325_081717_jpg.rf.6c4cd681797b49f1b3a5208bdec473a0.jpg,0,0,0,0,0
0.0,0.0,-0.13134599417181114,-0.31956599076173975,0.0,IMG_20230325_081743_jpg.rf.73573c4d1e82db06371330215366d32e.jpg,0,0,0,0,0
0.0,0.0,-0.13134599417181114,-0.31956599076173975,0.0,IMG_20230325_081750_jpg.rf.40dbbd0c78c63f3e2bf86faaa2408201.jpg,0,0,0,0,0
0.0,0.0,-0.13134599417181114,-0.31956599076173975,0.0,IMG_20230325_081759_jpg.rf.b0fa8c1a542cac1b7ec23243f79fe36a.jpg,0,0,0,0,0
0.0,0.0,-0.13134599417181114,-0.31956599076173975,0.0,IMG_20230325_081853_jpg.rf.6e949c454952488327a4b50cc1498ad5.jpg,0,0,0,0,0
0.0,0.0,-0.13134599417181114,-0.31956599076173975,0.0,IMG_20230325_081929_jpg.rf.2a8f73006183842f34661034581b8962.jpg,0,0,0,0,0
0.0,0.0,-0.13134599417181114,-0.31956599076173975,0.0,IMG_20230325_081934_jpg.rf.06e93eb2f7eaa3e5fff657d3018e1c31.jpg,0,0,0,0,0
0.0,0.0,-0.13134599417181114,-0.31956599076173975,0.0,IMG_20230325_081939_jpg.rf.92611c34067955d5fbc26b129583b1b9.jpg,0,0,0,0,0
0.0,0.0,-0.13134599417181114,-0.31956599076173975,0.0,IMG_20230325_082032_jpg.rf.17be38fc5816293209261bc482ce5a98.jpg,0,0,0,0,0
0.0,0.0,-0.13134599417181114,-0.31956599076173975,0.0,IMG_20230325_082037_jpg.rf.e59b7c6516684e10d31f154fa3518565.jpg,0,0,0,0,0
0.0,0.0,-0.13134599417181114,-0.31956599076173975,0.0,IMG_20230325_082041_jpg.rf.c308f433bd0fe3821b47c403797a5729.jpg,0,0,0,0,0
0.0,0.0,-0.13134599417181114,-0.31956599076173975,0.0,IMG_20230325_082055_jpg.rf.fe51995c7124f81e586cb3f71e738e18.jpg,0,0,0,0,0
0.0,0.0,-0.13134599417181114,-0.31956599076173975,0.0,IMG_20230325_082119_jpg.rf.c66031864fdef46eb583c2a46ef33dec.jpg,0,0,0,0,0
0.0,0.0,-0.13134599417181114,-0.31956599076173975,0.0,IMG_20230325_082131_jpg.rf.e4e930ec4be26c25ccf43e64ff794acb.jpg,0,0,0,0,0
0.0,0.0,-0.13134599417181114,-0.31956599076173975,0.0,IMG_20230325_082209_jpg.rf.d80336879ffedfc5a2e8cb082968aaa5.jpg,0,0,0,0,0
0.0,0.0,-0.13134599417181114,-0.31956599076173975,0.0,IMG_20230325_082241_jpg.rf.a5ad8cd58b2f7933b7c32d09fb6be54c.jpg,0,0,0,0,0
0.0,0.0,-0.13134599417181114,-0.31956599076173975,0.0,IMG_20230325_082346_jpg.rf.0a60ecca44f9c43ae90f20e898e3062d.jpg,0,0,0,0,0
0.0,0.0,-0.13134599417181114,-0.31956599076173975,0.0,IMG_20230325_082403_jpg.rf.ccf05128a2d7671a6da3b52d95bda777.jpg,0,0,0,0,0
0.0,0.0,-0.13134599417181114,-0.31956599076173975,0.0,IMG_20230325_082756_jpg.rf.8898d166476dd9f39326f6a48a1aafb3.jpg,0,0,0,0,0
0.0,0.0,-0.13134599417181114,-0.31956599076173975,0.0,IMG_20230325_082914_jpg.rf.5787d8c32d2b424fe1f30631d2180caf.jpg,0,0,0,0,0
0.0,0.0,-0.13134599417181114,-0.31956599076173975,0.0,IMG_20230325_082938_jpg.rf.cac0dbf5cf3b3df7089a64f92381697f.jpg,0,0,0,0,0
0.0,0.0,-0.13134599417181114,-0.31956599076173975,0.0,IMG_20230325_082942_jpg.rf.f7bf8f876e1e3920da7be28ae987c496.jpg,0,0,0,0,0
0.0,0.0,-0.13134599417181114,-0.31956599076173975,0.0,IMG_20230325_082958_jpg.rf.44202fca3c2c96a7cdcaf524a43702df.jpg,0,0,0,0,0
0.0,0.0,-0.13134599417181114,-0.31956599076173975,0.0,IMG_20230325_083050_jpg.rf.e8d5f35caa6a67849ee88a7a71294b1d.jpg,0,0,0,0,0
0.0,0.0,-0.13134599417181114,-0.31956599076173975,0.0,IMG_20230325_083056_jpg.rf.c454e0038fea619a72a72e78ac182634.jpg,0,0,0,0,0
0.0,0.0,-0.13134599417181114,-0.31956599076173975,0.0,IMG_20230325_083157_jpg.rf.00459a79f6a93fc7a89313877ab3a15b.jpg,0,0,0,0,0
0.0,0.0,-0.13134599417181114,-0.31956599076173975,0.0,IMG_20230325_083205_jpg.rf.8f091754a20c08ea23fda091639b392a.jpg,0,0,0,0,0
0.0,0.0,-0.13134599417181114,-0.31956599076173975,0.0,IMG_20230325_083211_jpg.rf.a165816037cbeeacf4df3326853fb2f8.jpg,0,0,0,0,0
0.0,0.0,-0.13134599417181114,-0.31956599076173975,0.0,IMG_20230325_083254_jpg.rf.6861656e73ee23fd8980c5c0b4985595.jpg,0,0,0,0,0
0.0,0.0,-0.13134599417181114,-0.31956599076173975,0.0,IMG_20230325_083310_jpg.rf.5e70cc6ef97f150ff96afefff5aca23e.jpg,0,0,0,0,0
0.0,0.0,-0.13134599417181114,-0.31956599076173975,0.0,IMG_20230325_083341_jpg.rf.2725f791c0d05aaa6997df0ee7e6a58f.jpg,0,0,0,0,0
0.0,0.0,-0.13134599417181114,-0.31956599076173975,0.0,IMG_20230325_083531_jpg.rf.a543cd43e8e966cfd89097b6491c1309.jpg,0,0,0,0,0
0.0,0.0,-0.13134599417181114,-0.31956599076173975,0.0,IMG_20230325_083543_jpg.rf.50a9ca356829ddcbd7f83d241560c522.jpg,0,0,0,0,0
0.0,0.0,-0.13134599417181114,-0.31956599076173975,0.0,IMG_20230325_083555_jpg.rf.0d7d0bb65f20de2379a2019c37073ef2.jpg,0,0,0,0,0
0.0,0.0,-0.13134599417181114,-0.31956599076173975,0.0,IMG_20230325_083603_jpg.rf.d6f9935eb51863d4675ea4620ec2da55.jpg,0,0,0,0,0
0.0,0.0,-0.13134599417181114,-0.31956599076173975,0.0,IMG_20230325_083609_jpg.rf.c023330b97d7a24a7ec34557772bc0a3.jpg,0,0,0,0,0
0.0,0.0,-0.13134599417181114,-0.31956599076173975,0.0,IMG_20230325_083624_jpg.rf.f957905655796351b7e2ca0128b23299.jpg,0,0,0,0,0
0.0,0.0,-0.13134599417181114,-0.31956599076173975,0.0,IMG_20230325_083630_jpg.rf.5fe1d1d2f63104215c4fd466996b307c.jpg,0,0,0,0,0
0.0,0.0,-0.13134599417181114,-0.31956599076173975,0.0,IMG_20230325_083639_jpg.rf.a19eb1e1f3f4e56e54b9a841e2517acf.jpg,0,0,0,0,0
0.0,0.0,-0.13134599417181114,-0.31956599076173975,0.0,IMG_20230325_083651_jpg.rf.d5a8770ce85d2f6a2cc1e63c2502bcdc.jpg,0,0,0,0,0
0.0,0.0,-0.13134599417181114,-0.31956599076173975,0.0,IMG_20230325_083657_jpg.rf.b4fcf9c323c029641dce1756791d7ef1.jpg,0,0,0,0,0
0.0,0.0,-0.13134599417181114,-0.31956599076173975,0.0,IMG_20230325_083814_jpg.rf.7e21a1a5bd9cf7b90bf58f7c501f461a.jpg,0,0,0,0,0
0.0,0.0,-0.13134599417181114,-0.31956599076173975,0.0,IMG_20230325_083820_jpg.rf.6d6e5931482a3fa9472c73e5421764f4.jpg,0,0,0,0,0
0.0,0.0,-0.13134599417181114,-0.31956599076173975,0.0,IMG_20230325_083829_jpg.rf.7193621b4b79aef02723c42a9c435b73.jpg,0,0,0,0,0
0.0,0.0,-0.13134599417181114,-0.31956599076173975,0.0,IMG_20230325_083832_jpg.rf.69d037c47da1761408a413eedae7910f.jpg,0,0,0,0,0
0.0,0.0,-0.13134599417181114,-0.31956599076173975,0.0,IMG_20230325_083842_jpg.rf.196a096e60d4a6de5a439bc73aa18011.jpg,0,0,0,0,0
0.0,0.0,-0.13134599417181114,-0.31956599076173975,0.0,IMG_20230325_083855_jpg.rf.569ef496d2caee23b6dd34fbfc52e7d7.jpg,0,0,0,0,0
0.0,0.0,-0.13134599417181114,-0.31956599076173975,0.0,IMG_20230325_083902_jpg.rf.ced0c7cc67ce2df3cd4e238de274b42a.jpg,0,0,0,0,0
0.0,0.0,-0.13134599417181114,-0.31956599076173975,0.0,IMG_20230325_084003_jpg.rf.c15c6f4c59d21485fefc639628bc9562.jpg,0,0,0,0,0
0.0,0.0,-0.13134599417181114,-0.31956599076173975,0.0,IMG_20230325_084017_jpg.rf.5122c10df71633da950fc75e09ea633f.jpg,0,0,0,0,0
0.0,0.0,-0.13134599417181114,-0.31956599076173975,0.0,IMG_20230325_084029_jpg.rf.d824f1737ab15dfb75b4009f8a988682.jpg,0,0,0,0,0
0.0,0.0,-0.13134599417181114,-0.31956599076173975,0.0,IMG_20230325_084037_jpg.rf.85b5ad866d96c653bd59a3f764153304.jpg,0,0,0,0,0
0.0,0.0,-0.13134599417181114,-0.31956599076173975,0.0,IMG_20230325_084100_jpg.rf.f6d08fe2ebd061caf25d08c6fdddc5ad.jpg,0,0,0,0,0
0.0,0.0,-0.13134599417181114,-0.31956599076173975,0.0,IMG_20230325_084303_jpg.rf.17d06325fa233b718fce6193c6951db2.jpg,0,0,0,0,0
0.0,0.0,-0.13134599417181114,-0.31956599076173975,0.0,IMG_20230325_084311_jpg.rf.fa54bae4f769755acd253e3bd504df06.jpg,0,0,0,0,0
0.0,0.0,-0.13134599417181114,-0.31956599076173975,0.0,IMG_20230325_084319_jpg.rf.cdc00c844a12d5fe06d5cbbf77fe2805.jpg,0,0,0,0,0
0.0,0.0,-0.13134599417181114,-0.31956599076173975,0.0,IMG_20230325_084539_jpg.rf.90b6f6edb47bcfc9ba516721bf4c0e02.jpg,0,0,0,0,0
0.0,0.0,-0.13134599417181114,-0.31956599076173975,0.0,IMG_20230325_084559_jpg.rf.34ce0040ae67a36d409dd68556a8fae0.jpg,0,0,0,0,0
0.0,0.0,-0.13134599417181114,-0.31956599076173975,0.0,IMG_20230325_084629_jpg.rf.082b0bfbaeb783fdfa78fab486ebff26.jpg,0,0,0,0,0
0.0,0.0,-0.13134599417181114,-0.31956599076173975,0.0,IMG_20230325_084657_jpg.rf.b0a0feeec65beeaada7a7df0a9c98f55.jpg,0,0,0,0,0
0.0,0.0,-0.13134599417181114,-0.31956599076173975,0.0,IMG_20230325_084708_jpg.rf.0d70496e3de92550b4691377ccada4cc.jpg,0,0,0,0,0
0.0,0.0,-0.13134599417181114,-0.31956599076173975,0.0,IMG_20230325_084758_jpg.rf.e01112786270fe30069a5ae856b54372.jpg,0,0,0,0,0
0.0,0.0,-0.13134599417181114,-0.31956599076173975,0.0,IMG_20230325_084807_jpg.rf.3eb90751251bc93373035949d2e9cf64.jpg,0,0,0,0,0
0.0,0.0,-0.13134599417181114,-0.31956599076173975,0.0,IMG_20230325_084814_jpg.rf.15fa2e0c5666456176d14dcb58f48565.jpg,0,0,0,0,0
0.0,0.0,-0.13134599417181114,-0.31956599076173975,0.0,IMG_20230325_084823_jpg.rf.c214ba01cd006ade0e0a3fdffd378ca8.jpg,0,0,0,0,0
0.0,0.0,-0.13134599417181114,-0.31956599076173975,0.0,IMG_20230325_084840_jpg.rf.873edde660f71ebfefc79add093a7cf3.jpg,0,0,0,0,0
0.0,0.0,-0.13134599417181114,-0.31956599076173975,0.0,IMG_20230325_084906_jpg.rf.9ecd9fb00fc4a04ddb1f45e6e23964aa.jpg,0,0,0,0,0
0.0,0.0,-0.13134599417181114,-0.31956599076173975,0.0,IMG_20230325_084921_jpg.rf.a9e5cbd599e8ccf886d1858b5dc87184.jpg,0,0,0,0,0
0.0,0.0,-0.13134599417181114,-0.31956599076173975,0.0,IMG_20230325_084927_jpg.rf.6b8a099763a2ebf8f08ac2e04f1b79c6.jpg,0,0,0,0,0
0.0,0.0,-0.13134599417181114,-0.31956599076173975,0.0,IMG_20230325_085056_jpg.rf.1165426f9b4164b3aefb5726e1eeb00f.jpg,0,0,0,0,0
0.0,0.0,-0.13134599417181114,-0.31956599076173975,0.0,IMG_20230325_085059_jpg.rf.b427d4564d9d731adb06a426a392becc.jpg,0,0,0,0,0
0.0,0.0,-0.13134599417181114,-0.31956599076173975,0.0,IMG_20230325_085108_jpg.rf.bcab7a23cf402262007ba513225e9e92.jpg,0,0,0,0,0
0.0,0.0,-0.13134599417181114,-0.31956599076173975,0.0,IMG_20230325_085118_jpg.rf.0834afa04681fad8b0305c53990b9a54.jpg,0,0,0,0,0
0.0,0.0,-0.13134599417181114,-0.31956599076173975,0.0,IMG_20230325_085127_jpg.rf.c3ef0f8d9d09a081e8de367bcac1fed9.jpg,0,0,0,0,0
0.0,0.0,-0.13134599417181114,-0.31956599076173975,0.0,IMG_20230325_085139_jpg.rf.a13e8b8225dd6c1bc605dd0f17147381.jpg,0,0,0,0,0
0.0,0.0,-0.13134599417181114,-0.31956599076173975,0.0,IMG_20230325_085159_jpg.rf.96c0156c184deb6006e2b64c68202b0b.jpg,0,0,0,0,0
0.0,0.0,-0.13134599417181114,-0.31956599076173975,0.0,IMG_20230325_085417_jpg.rf.cce2dd7f51f8991aea0118471b84928d.jpg,0,0,0,0,0
0.0,0.0,-0.13134599417181114,-0.31956599076173975,0.0,IMG_20230325_085430_jpg.rf.da966719be88bbf98171963f022d9362.jpg,0,0,0,0,0
0.0,0.0,-0.13134599417181114,-0.31956599076173975,0.0,IMG_20230325_085437_jpg.rf.2f25f7fdaf8244bebd61240e432cb915.jpg,0,0,0,0,0
0.0,0.0,-0.13134599417181114,-0.31956599076173975,0.0,IMG_20230325_085504_jpg.rf.4166186d932fbb26e20ee48d5354a8b5.jpg,0,0,0,0,0
0.0,0.0,-0.13134599417181114,-0.31956599076173975,0.0,IMG_20230325_085638_jpg.rf.806f9909df8711a368e5203d32d63519.jpg,0,0,0,0,0
0.0,0.0,-0.13134599417181114,-0.31956599076173975,0.0,IMG_20230325_085641_jpg.rf.6a7e53b950a3ba4765b6193531d8f635.jpg,0,0,0,0,0
0.0,0.0,-0.13134599417181114,-0.31956599076173975,0.0,IMG_20230325_085647_jpg.rf.a3eaed8276a0165240623439f1d001a6.jpg,0,0,0,0,0
0.0,0.0,-0.13134599417181114,-0.31956599076173975,0.0,IMG_20230325_085651_jpg.rf.3bdec53b78db1fc1a77c1ead4e6668ec.jpg,0,0,0,0,0
0.0,0.0,-0.13134599417181114,-0.31956599076173975,0.0,IMG_20230325_085655_jpg.rf.d889a749fcb4ad0e4a9c787a6cc91209.jpg,0,0,0,0,0
0.0,0.0,-0.13134599417181114,-0.31956599076173975,0.0,IMG_20230325_085718_jpg.rf.59068fb8829c8307ac3aa6710947f47a.jpg,0,0,0,0,0
0.0,0.0,-0.13134599417181114,-0.31956599076173975,0.0,IMG_20230325_085726_jpg.rf.e817b0573e23283d393c49a8d72c00f0.jpg,0,0,0,0,0
0.0,0.0,-0.13134599417181114,-0.31956599076173975,0.0,IMG_20230325_085729_jpg.rf.97b60a5006ecdc5e99e709081c428a2c.jpg,0,0,0,0,0
0.0,0.0,-0.13134599417181114,-0.31956599076173975,0.0,IMG_20230325_085748_jpg.rf.27ad6a06056694d2f9b0cc154c76db6e.jpg,0,0,0,0,0
0.0,0.0,-0.13134599417181114,-0.31956599076173975,0.0,IMG_20230325_085758_jpg.rf.9f36a2e2628123c72373adb47c1b1607.jpg,0,0,0,0,0
0.0,0.0,-0.13134599417181114,-0.31956599076173975,0.0,IMG_20230325_085800_jpg.rf.8b56e16597fb201d1055a99fd998e019.jpg,0,0,0,0,0
0.0,0.0,-0.13134599417181114,-0.31956599076173975,0.0,IMG_20230325_085806_jpg.rf.f0a88fb8f6b5aced83b53c5e7522a7a6.jpg,0,0,0,0,0
0.0,0.0,-0.13134599417181114,-0.31956599076173975,0.0,IMG_20230325_085815_jpg.rf.43cee7d2feab4d4d7bb5f85befc64a28.jpg,0,0,0,0,0
0.0,0.0,-0.13134599417181114,-0.31956599076173975,0.0,IMG_20230325_085827_jpg.rf.cc0dcf6a7fc0cd650482b4959493eb61.jpg,0,0,0,0,0
0.0,0.0,-0.13134599417181114,-0.31956599076173975,0.0,IMG_20230325_085839_jpg.rf.3f53d66f55df2e12df3140ccd0126035.jpg,0,0,0,0,0
0.0,0.0,-0.13134599417181114,-0.31956599076173975,0.0,IMG_20230325_085902_jpg.rf.f58d3d4ce859fd1c49c683d900512acb.jpg,0,0,0,0,0
0.0,0.0,-0.13134599417181114,-0.31956599076173975,0.0,IMG_20230325_085931_jpg.rf.db5ddc8bd1dff5b1fde6d8dc172f7d5f.jpg,0,0,0,0,0
0.0,0.0,-0.13134599417181114,-0.31956599076173975,0.0,IMG_20230325_090329_jpg.rf.9448b1f7ac67d5c9926d108043c0c072.jpg,0,0,0,0,0
0.0,0.0,-0.13134599417181114,-0.31956599076173975,0.0,IMG_20230325_090332_jpg.rf.c32624497ab68348361d03758938d698.jpg,0,0,0,0,0
0.0,0.0,-0.13134599417181114,-0.31956599076173975,0.0,IMG_20230325_090337_jpg.rf.64c452cc034d1be55033ae81915e7449.jpg,0,0,0,0,0
0.0,0.0,-0.13134599417181114,-0.31956599076173975,0.0,IMG_20230325_090344_jpg.rf.515f5a972021f59caf4d7f082342c233.jpg,0,0,0,0,0
0.0,0.0,-0.13134599417181114,-0.31956599076173975,0.0,IMG_20230325_090346_jpg.rf.59ac365731525a817bf9d69e4868b8fc.jpg,0,0,0,0,0
0.0,0.0,-0.13134599417181114,-0.31956599076173975,0.0,IMG_20230325_090349_jpg.rf.cda4d8b3a0b92a74aba4f9954d9a4710.jpg,0,0,0,0,0
0.0,0.0,-0.13134599417181114,-0.31956599076173975,0.0,IMG_20230325_090351_jpg.rf.f055b8da02b5f796c135763d1b952c76.jpg,0,0,0,0,0
0.0,0.0,-0.13134599417181114,-0.31956599076173975,0.0,IMG_20230325_090353_jpg.rf.7d293a70c06feaca552011e00149a500.jpg,0,0,0,0,0
0.0,0.0,-0.13134599417181114,-0.31956599076173975,0.0,IMG_20230325_090357_jpg.rf.27b0aa7c8398d2bb19a087df197dd341.jpg,0,0,0,0,0
0.0,0.0,-0.13134599417181114,-0.31956599076173975,0.0,IMG_20230325_090359_jpg.rf.d299d460d319dafb3f22e4ea7d4c8e14.jpg,0,0,0,0,0
0.0,0.0,-0.13134599417181114,-0.31956599076173975,0.0,IMG_20230325_090402_jpg.rf.f86dacc499e15cd744c163c9357b2222.jpg,0,0,0,0,0
0.0,0.0,-0.13134599417181114,-0.31956599076173975,0.0,IMG_20230325_090416_jpg.rf.81116535a9cd3f89222136b4cc9d0c43.jpg,0,0,0,0,0
0.0,0.0,-0.13134599417181114,-0.31956599076173975,0.0,IMG_20230325_090419_jpg.rf.73fe474ce336d11d65ff147dff312b52.jpg,0,0,0,0,0
0.0,0.0,-0.13134599417181114,-0.31956599076173975,0.0,IMG_20230325_090626_jpg.rf.afc189f9a581e8e2674d8dc492950235.jpg,0,0,0,0,0
0.0,0.0,-0.13134599417181114,-0.31956599076173975,0.0,IMG_20230325_090641_jpg.rf.669abd92f788724680ff2a2fbd2839d5.jpg,0,0,0,0,0
0.0,0.0,-0.13134599417181114,-0.31956599076173975,0.0,IMG_20230325_090646_jpg.rf.c29a2c822252f09959d6e4729e4fed70.jpg,0,0,0,0,0
0.0,0.0,-0.13134599417181114,-0.31956599076173975,0.0,IMG_20230325_090717_jpg.rf.9ac2826eada376dd1a8dc4641775b3cc.jpg,0,0,0,0,0
0.0,0.0,-0.13134599417181114,-0.31956599076173975,0.0,IMG_20230325_090721_jpg.rf.1bb05c7373c0ca8382f6f66bfb6ca921.jpg,0,0,0,0,0
0.0,0.0,-0.13134599417181114,-0.31956599076173975,0.0,IMG_20230325_090726_jpg.rf.f8411e8458171f039d9df37d8188dae1.jpg,0,0,0,0,0
0.0,0.0,-0.13134599417181114,-0.31956599076173975,0.0,IMG_20230325_090746_jpg.rf.cda92532242fe967900569474cdf1c02.jpg,0,0,0,0,0
0.0,0.0,-0.13134599417181114,-0.31956599076173975,0.0,IMG_20230325_090752_jpg.rf.6fc28de8a30208a391c0965c9b829a01.jpg,0,0,0,0,0
0.0,0.0,-0.13134599417181114,-0.31956599076173975,0.0,IMG_20230325_090803_jpg.rf.0fac0ea9aaea0920c60a3b48cfa65caf.jpg,0,0,0,0,0
0.0,0.0,-0.13134599417181114,-0.31956599076173975,0.0,IMG_20230325_090812_jpg.rf.fd0ad8785a12e7059082cf415195a199.jpg,0,0,0,0,0
0.0,0.0,-0.13134599417181114,-0.31956599076173975,0.0,IMG_20230325_090816_jpg.rf.9db4a4c12900cdd3197f9f5fe9c05f5e.jpg,0,0,0,0,0
0.0,0.0,-0.13134599417181114,-0.31956599076173975,0.0,IMG_20230325_090844_jpg.rf.dd564ca2655029f937bae0a5ca5ad7c9.jpg,0,0,0,0,0
0.0,0.0,-0.13134599417181114,-0.31956599076173975,0.0,IMG_20230325_090850_jpg.rf.b8fce8b6c7263b4fb83a279381adcbfd.jpg,0,0,0,0,0
0.0,0.0,-0.13134599417181114,-0.31956599076173975,0.0,IMG_20230325_090858_jpg.rf.5369ba703c544fc3d6e1ef5d2699c7cc.jpg,0,0,0,0,0
0.0,0.0,-0.13134599417181114,-0.31956599076173975,0.0,IMG_20230325_090954_jpg.rf.3afff92681618c7178a9b4f0b524ab39.jpg,0,0,0,0,0
0.0,0.0,-0.13134599417181114,-0.31956599076173975,0.0,IMG_20230325_090958_jpg.rf.0d5d11b1e1395d8e0a4c4acab441c4de.jpg,0,0,0,0,0
0.0,0.0,-0.13134599417181114,-0.31956599076173975,0.0,IMG_20230325_091012_jpg.rf.7abeeb58d677592339ccdefac690102c.jpg,0,0,0,0,0
0.0,0.0,-0.13134599417181114,-0.31956599076173975,0.0,IMG_20230325_091027_jpg.rf.a023684392fdd880d613feee08d508b0.jpg,0,0,0,0,0
0.0,0.006222135128036637,-0.13134599417181114,-0.0690649787986557,0.4530220792424553,IMG_20230325_091038_jpg.rf.403941449f2a617dfed9fa5d4c1f565c.jpg,0,0,0,0,1
0.0,0.0,-0.13134599417181114,-0.31956599076173975,0.0,IMG_20230325_091113_jpg.rf.8379ebb52c688e90bbfbb5cf3d3ef262.jpg,0,0,0,0,0
0.0,0.0,-0.13134599417181114,-0.31956599076173975,0.0,IMG_20230325_091119_jpg.rf.a49cb32ba5490740748019e944d0c94c.jpg,0,0,0,0,0
0.0,0.0,-0.13134599417181114,-0.31956599076173975,0.0,IMG_20230325_091154_jpg.rf.ae5e2f1c793ebf90f797c9a9c0cffb5d.jpg,0,0,0,0,0
0.0,0.0,-0.13134599417181114,-0.31956599076173975,0.0,IMG_20230325_091159_jpg.rf.7dd914050a1f1c8c511166054de56b80.jpg,0,0,0,0,0
0.0,0.0,-0.13134599417181114,-0.31956599076173975,0.0,IMG_20230325_091209_jpg.rf.59b589f4ef7f1c3322cf3af839be0565.jpg,0,0,0,0,0
0.0,0.0,-0.13134599417181114,-0.31956599076173975,0.0,IMG_20230325_091232_jpg.rf.6c1e27cc0a21961256a8915570e83f70.jpg,0,0,0,0,0
0.0,0.0,-0.13134599417181114,-0.31956599076173975,0.0,IMG_20230325_091241_jpg.rf.12d67b0f68db430b383513c7eccf4e8d.jpg,0,0,0,0,0
0.0,0.0,-0.13134599417181114,-0.31956599076173975,0.0,IMG_20230325_091300_jpg.rf.4c2236c8905cd74dea6c24803ab5b607.jpg,0,0,0,0,0
0.0,0.0,-0.13134599417181114,-0.31956599076173975,0.0,IMG_20230325_091311_jpg.rf.84b2918340084494bcdfebacba9f5d2c.jpg,0,0,0,0,0
0.0,0.0,-0.13134599417181114,-0.31956599076173975,0.0,IMG_20230325_091704_jpg.rf.899bc28c4a59afad01e1b9fd016bfd3f.jpg,0,0,0,0,0
0.0,0.0,-0.13134599417181114,-0.31956599076173975,0.0,IMG_20230325_091709_jpg.rf.8ca92f6ff042a09ca78e3b7ad1e3a580.jpg,0,0,0,0,0
0.0,0.0,-0.13134599417181114,-0.31956599076173975,0.0,IMG_20230325_091722_jpg.rf.d9967df3388080c8fdadac64c0c7329d.jpg,0,0,0,0,0
0.0,0.0,-0.13134599417181114,-0.31956599076173975,0.0,IMG_20230325_091726_jpg.rf.1912551311c8d1c669842f684dc4ed42.jpg,0,0,0,0,0
0.012794567048807775,0.0,-0.13134599417181114,-0.0690649787986557,0.5240946566728824,IMG_20230325_091735_jpg.rf.96d1a32ac88113a1ceb9fc72cd7bb008.jpg,0,1,0,0,0
0.0,0.0,-0.13134599417181114,-0.31956599076173975,0.0,IMG_20230325_091756_jpg.rf.aa95a5a5d3d4cf081aa7840402979c34.jpg,0,0,0,0,0
0.0,0.0,-0.13134599417181114,-0.31956599076173975,0.0,IMG_20230325_091831_jpg.rf.60d6900704dfd7a3d345e43d423c0ea3.jpg,0,0,0,0,0
0.0,0.0,-0.13134599417181114,-0.31956599076173975,0.0,IMG_20230325_091850_jpg.rf.103bda9e3ecdc5e3623b3de43c788183.jpg,0,0,0,0,0
0.0,0.0,-0.13134599417181114,-0.31956599076173975,0.0,IMG_20230325_091920_jpg.rf.2923d02474f110f88c874d94b8f7fc57.jpg,0,0,0,0,0
0.0,0.0,-0.13134599417181114,-0.31956599076173975,0.0,IMG_20230325_091925_jpg.rf.2321042c0cb1d97ffc3f2eeaf6a66715.jpg,0,0,0,0,0
0.0,0.0,-0.13134599417181114,-0.31956599076173975,0.0,IMG_20230325_091930_jpg.rf.48cda5b556961102799aec89ac6724db.jpg,0,0,0,0,0
0.0,0.0,-0.13134599417181114,-0.31956599076173975,0.0,IMG_20230325_091959_jpg.rf.5b605e516b9bcdd3f4dba0a8eb7d45f8.jpg,0,0,0,0,0
0.0,0.0,-0.13134599417181114,-0.31956599076173975,0.0,IMG_20230325_092002_jpg.rf.c9faca13ca15608aaa81e55ddddc4378.jpg,0,0,0,0,0
0.0,0.0,-0.13134599417181114,-0.31956599076173975,0.0,IMG_20230325_092007_jpg.rf.f6230bf853132a69b0e37dc95ff636df.jpg,0,0,0,0,0
0.0,0.0,-0.13134599417181114,-0.31956599076173975,0.0,IMG_20230325_092011_jpg.rf.8f914bde90dec44dfb48bb5d1863f8b9.jpg,0,0,0,0,0
0.0,0.0,-0.13134599417181114,-0.31956599076173975,0.0,IMG_20230325_092028_jpg.rf.5a0f17eac2852a7f033d68c2e6cc30da.jpg,0,0,0,0,0
0.0,0.0,-0.13134599417181114,-0.31956599076173975,0.0,IMG_20230325_092037_jpg.rf.9112bdd77bad3217b3d9d5af94af5a1b.jpg,0,0,0,0,0
0.0,0.0,-0.13134599417181114,-0.31956599076173975,0.0,IMG_20230325_092040_jpg.rf.1e3f88a69d845f56c0b5f86e7c5959c8.jpg,0,0,0,0,0
0.0,0.0,-0.13134599417181114,-0.31956599076173975,0.0,IMG_20230325_092047_jpg.rf.603cb3503ab491608444630c9f19fd20.jpg,0,0,0,0,0
0.0,0.0,-0.13134599417181114,-0.31956599076173975,0.0,IMG_20230325_092053_jpg.rf.a5d12f0d02d9a3480b8a390021e4f4aa.jpg,0,0,0,0,0
0.0,0.0,-0.13134599417181114,-0.31956599076173975,0.0,IMG_20230325_092119_jpg.rf.4438440ca6db788a806c038406704a98.jpg,0,0,0,0,0
0.0,0.0,-0.13134599417181114,-0.31956599076173975,0.0,IMG_20230325_092123_jpg.rf.f7a1f2130fc4c148a3b49f8b9dab0b04.jpg,0,0,0,0,0
0.0,0.0,-0.13134599417181114,-0.31956599076173975,0.0,IMG_20230325_092125_jpg.rf.1dbe60a8e1cd9b72ad16a3b68585c209.jpg,0,0,0,0,0
0.0,0.0,-0.13134599417181114,-0.31956599076173975,0.0,IMG_20230325_092128_jpg.rf.247ac6a3cf776a00641ec46a1d837930.jpg,0,0,0,0,0
0.0,0.0,-0.13134599417181114,-0.31956599076173975,0.0,IMG_20230325_092134_jpg.rf.f0fd5aa9e6dc6398bb6e40658a8a03fa.jpg,0,0,0,0,0
0.0,0.0,-0.13134599417181114,-0.31956599076173975,0.0,IMG_20230325_092138_jpg.rf.2b09383c0a4116ede8e4a8788632508a.jpg,0,0,0,0,0
0.0,0.0,-0.13134599417181114,-0.31956599076173975,0.0,IMG_20230325_092200_jpg.rf.05a3e7ccdee6b87b6df1f61ff8e39ec0.jpg,0,0,0,0,0
0.0,0.0,-0.13134599417181114,-0.31956599076173975,0.0,IMG_20230325_092204_jpg.rf.8a106174fc53bdd36a7520ee80184479.jpg,0,0,0,0,0
0.0,0.0,-0.13134599417181114,-0.31956599076173975,0.0,IMG_20230325_092208_jpg.rf.8e9863582b4ba4c6ffb56f1ed63f9490.jpg,0,0,0,0,0
0.0,0.0,-0.13134599417181114,-0.31956599076173975,0.0,IMG_20230325_092212_jpg.rf.2eed5cb3510962ac7a78abbc1073f5dd.jpg,0,0,0,0,0
0.0,0.0,-0.13134599417181114,-0.31956599076173975,0.0,IMG_20230325_092217_jpg.rf.dc151f52ab49a8cf6bd4a886d8a58a89.jpg,0,0,0,0,0
0.0,0.0,-0.13134599417181114,-0.31956599076173975,0.0,IMG_20230325_092221_jpg.rf.11cf6287ad3cef8d1e83fc09654d5c5e.jpg,0,0,0,0,0
0.0,0.0,-0.13134599417181114,-0.31956599076173975,0.0,IMG_20230325_092232_jpg.rf.3b5b6b6049d225bd5d2f897c83b8fc37.jpg,0,0,0,0,0
0.0,0.0,-0.13134599417181114,-0.31956599076173975,0.0,IMG_20230325_092240_jpg.rf.43b30f5e39c44efad44d46cdadb1b80c.jpg,0,0,0,0,0
0.0,0.0,-0.13134599417181114,-0.31956599076173975,0.0,IMG_20230325_092247_jpg.rf.718ff4671155461a03f35e72a32d7a91.jpg,0,0,0,0,0
0.0,0.0,-0.13134599417181114,-0.31956599076173975,0.0,IMG_20230325_092314_jpg.rf.81de149c9950588e4244bb5e1e9add89.jpg,0,0,0,0,0
0.0,0.0,-0.13134599417181114,-0.31956599076173975,0.0,IMG_20230325_092317_jpg.rf.2abc07b470a5724395e219c5854d5fe3.jpg,0,0,0,0,0
0.0,0.0,-0.13134599417181114,-0.31956599076173975,0.0,IMG_20230325_092319_jpg.rf.e0b31020757d07de8a4171ef0ba474cf.jpg,0,0,0,0,0
0.0,0.0,-0.13134599417181114,-0.31956599076173975,0.0,IMG_20230325_092324_jpg.rf.c70125e87cd2ced46651df013980fe38.jpg,0,0,0,0,0
0.0,0.0,-0.13134599417181114,-0.31956599076173975,0.0,IMG_20230325_092329_jpg.rf.0dff593b6ef019e2eb8407d21cba11b1.jpg,0,0,0,0,0
0.0,0.0,-0.13134599417181114,-0.31956599076173975,0.0,IMG_20230325_092340_jpg.rf.1adf66a70435a239e244cb9395238ca3.jpg,0,0,0,0,0
0.0,0.0,-0.13134599417181114,-0.31956599076173975,0.0,IMG_20230325_092412_jpg.rf.6c4dbd3fd967f971b8fe8399ffa3bd6b.jpg,0,0,0,0,0
0.0,0.0,-0.13134599417181114,-0.31956599076173975,0.0,IMG_20230325_092418_jpg.rf.6eccacba9ea149210bc3b12a75e2264b.jpg,0,0,0,0,0
0.0,0.0,-0.13134599417181114,-0.31956599076173975,0.0,IMG_20230325_092425_jpg.rf.a3b8e33a05933687331caeb5e2c35cce.jpg,0,0,0,0,0
0.0,0.0,-0.13134599417181114,-0.31956599076173975,0.0,IMG_20230325_092531_jpg.rf.1e6a7794a9843d1889cb1db46fb9107e.jpg,0,0,0,0,0
0.0,0.0,-0.13134599417181114,-0.31956599076173975,0.0,IMG_20230325_092537_jpg.rf.aea9e18565be7ca1099b6c1389ddc995.jpg,0,0,0,0,0
0.0,0.0,-0.13134599417181114,-0.31956599076173975,0.0,IMG_20230325_092551_jpg.rf.d341efdcfdbc0feed84645bd465be1b3.jpg,0,0,0,0,0
0.0,0.0,-0.13134599417181114,-0.31956599076173975,0.0,IMG_20230325_092553_jpg.rf.e29a807ee8190360963d0dda371e04ac.jpg,0,0,0,0,0
0.0,0.0,-0.13134599417181114,-0.31956599076173975,0.0,IMG_20230325_092558_jpg.rf.441f3425b3fa2ceefdd976c22a63f661.jpg,0,0,0,0,0
0.0,0.0,-0.13134599417181114,-0.31956599076173975,0.0,IMG_20230325_092602_jpg.rf.d6533a7500d287ecbf0de9e05b3a28c8.jpg,0,0,0,0,0
0.0,0.0,-0.13134599417181114,-0.31956599076173975,0.0,IMG_20230325_092610_jpg.rf.b2501e6ad9d2aa20451827167d8cc9ea.jpg,0,0,0,0,0
0.0,0.0,-0.13134599417181114,-0.31956599076173975,0.0,IMG_20230325_092617_jpg.rf.c75927f4a6893c240dd7e3f13f16797f.jpg,0,0,0,0,0
0.0,0.0,-0.13134599417181114,-0.31956599076173975,0.0,IMG_20230325_092755_jpg.rf.b5e7f53ad11d5f028e7fbaaff866e3d3.jpg,0,0,0,0,0
0.0,0.0,-0.13134599417181114,-0.31956599076173975,0.0,IMG_20230325_092757_jpg.rf.187baaedb10a235d5d0d69da89f7ff27.jpg,0,0,0,0,0
0.0,0.0,-0.13134599417181114,-0.31956599076173975,0.0,IMG_20230325_092801_jpg.rf.cc39094ad7258e740f6337512d693ce5.jpg,0,0,0,0,0
0.0,0.0,-0.13134599417181114,-0.31956599076173975,0.0,IMG_20230325_092806_jpg.rf.002b4cc62a4c83fd4823fc8aec0ab0fd.jpg,0,0,0,0,0
0.0,0.0,-0.13134599417181114,-0.31956599076173975,0.0,IMG_20230325_092809_jpg.rf.f119b4febb6a4387d44c4df585ebeeae.jpg,0,0,0,0,0
0.0,0.0,-0.13134599417181114,-0.31956599076173975,0.0,IMG_20230325_092816_jpg.rf.eaf80b8e8b347bff329eb43d56d8a5f5.jpg,0,0,0,0,0
0.0,0.0,-0.13134599417181114,-0.31956599076173975,0.0,IMG_20230325_092825_jpg.rf.25cfdca883125537f7aa225ee138f299.jpg,0,0,0,0,0
0.0,0.0,-0.13134599417181114,-0.31956599076173975,0.0,IMG_20230325_092840_jpg.rf.ea62a03fb7b7172bb31816e23728c720.jpg,0,0,0,0,0
0.0,0.0,-0.13134599417181114,-0.31956599076173975,0.0,IMG_20230325_092924_jpg.rf.5e35e800f305fe0535afeb65417b8e46.jpg,0,0,0,0,0
0.0,0.0,-0.13134599417181114,-0.31956599076173975,0.0,IMG_20230325_092949_jpg.rf.e88d673b59c1856140fc8cb87c0435b2.jpg,0,0,0,0,0
0.0,0.0,-0.13134599417181114,-0.31956599076173975,0.0,IMG_20230325_092954_jpg.rf.0fe2b5994b9074d201a96e74025e2ad7.jpg,0,0,0,0,0
0.0,0.0,-0.13134599417181114,-0.31956599076173975,0.0,IMG_20230325_092958_jpg.rf.1851d6260ecb89fcd9ed0f7fde085241.jpg,0,0,0,0,0
0.0,0.0,-0.13134599417181114,-0.31956599076173975,0.0,IMG_20230325_093015_jpg.rf.6bb4c7de3d8a964f4d704064e2c80fba.jpg,0,0,0,0,0
0.0,0.0,-0.13134599417181114,-0.31956599076173975,0.0,IMG_20230325_093027_jpg.rf.047db540394a931ce7a43f82d3939cc0.jpg,0,0,0,0,0
0.0,0.0,-0.13134599417181114,-0.31956599076173975,0.0,IMG_20230325_093403_jpg.rf.9588a6a584be185911d68d3837b5837e.jpg,0,0,0,0,0
0.0,0.0,-0.13134599417181114,-0.31956599076173975,0.0,IMG_20230325_093418_jpg.rf.54b3446837c4efcd8597a4b98e47f0be.jpg,0,0,0,0,0
0.0,0.0,-0.13134599417181114,-0.31956599076173975,0.0,IMG_20230325_093426_jpg.rf.abbf1ee1b1fa26e0151b159e707583c2.jpg,0,0,0,0,0
0.0,0.0,-0.13134599417181114,-0.31956599076173975,0.0,IMG_20230325_093839_jpg.rf.ecd75170d7be4fd7e9e773f04e5b9707.jpg,0,0,0,0,0
0.0,0.0,-0.13134599417181114,-0.31956599076173975,0.0,IMG_20230325_093846_jpg.rf.b048a97c29774504f5415fa1dc65cecb.jpg,0,0,0,0,0
0.0,0.0,-0.13134599417181114,-0.31956599076173975,0.0,IMG_20230325_093849_jpg.rf.7fb581f06593f01f6cf3c30557f47e5f.jpg,0,0,0,0,0
0.0,0.0,-0.13134599417181114,-0.31956599076173975,0.0,IMG_20230325_093854_jpg.rf.2c308fab58c2994814ad8fd64842f3c4.jpg,0,0,0,0,0
0.0,0.0,-0.13134599417181114,-0.31956599076173975,0.0,IMG_20230325_093903_jpg.rf.f32bce34eaf570d06e414ea1641e9d69.jpg,0,0,0,0,0
0.0,0.0,-0.13134599417181114,-0.31956599076173975,0.0,IMG_20230325_093913_jpg.rf.cf379aec3ecc1fd1de0c23f2093d4d29.jpg,0,0,0,0,0
0.0,0.0,-0.13134599417181114,-0.31956599076173975,0.0,IMG_20230325_093922_jpg.rf.a68c69f33a7678b8ddb2f3319ea7b960.jpg,0,0,0,0,0
0.0,0.0,-0.13134599417181114,-0.31956599076173975,0.0,IMG_20230325_093946_jpg.rf.f1680a5f568205bc4b9b48c020df144e.jpg,0,0,0,0,0
0.0,0.0,-0.13134599417181114,-0.31956599076173975,0.0,IMG_20230325_093951_jpg.rf.f460c06a6f529c09a48115daf35fa3a0.jpg,0,0,0,0,0
0.0,0.0,-0.13134599417181114,-0.31956599076173975,0.0,IMG_20230325_093955_jpg.rf.ba14a6b23860e7fec04b74abb539b8b7.jpg,0,0,0,0,0
0.0,0.0,-0.13134599417181114,-0.31956599076173975,0.0,IMG_20230325_094001_jpg.rf.7dc14aade26f4af9bf806fa42a90721e.jpg,0,0,0,0,0
0.0,0.0,-0.13134599417181114,-0.31956599076173975,0.0,IMG_20230325_094016_jpg.rf.4b828267554dc73b2879189f8d0f2929.jpg,0,0,0,0,0
0.0,0.0,-0.13134599417181114,-0.31956599076173975,0.0,IMG_20230325_094040_jpg.rf.4e7b7b6e0a0c941b9cc83aff10109f62.jpg,0,0,0,0,0
0.0,0.0,-0.13134599417181114,-0.31956599076173975,0.0,IMG_20230325_094043_jpg.rf.baa213e55c0124b482521b9daa8f3599.jpg,0,0,0,0,0
0.0,0.0,-0.13134599417181114,-0.31956599076173975,0.0,IMG_20230325_094048_jpg.rf.aa3793fd58edd34794aeccafcaf357ff.jpg,0,0,0,0,0
0.0,0.0,-0.13134599417181114,-0.31956599076173975,0.0,IMG_20230325_094055_jpg.rf.57fdc411e2e5f8cbffceb41b0868f785.jpg,0,0,0,0,0
0.0,0.0,-0.13134599417181114,-0.31956599076173975,0.0,IMG_20230325_094058_jpg.rf.aa7ace1beaaf0062ea8bf16de26a8591.jpg,0,0,0,0,0
0.0,0.0,-0.13134599417181114,-0.31956599076173975,0.0,IMG_20230325_094142_jpg.rf.1b9b2f472dfc30aa1aeb1d852822d3fc.jpg,0,0,0,0,0
0.0,0.0,-0.13134599417181114,-0.31956599076173975,0.0,IMG_20230325_094155_jpg.rf.036bccc330101a67ea1e3746b237e83f.jpg,0,0,0,0,0
0.0,0.0,-0.13134599417181114,-0.31956599076173975,0.0,IMG_20230325_094213_jpg.rf.570d5ee80690feecb12d03ce3dd5ff6f.jpg,0,0,0,0,0
0.0,0.0,-0.13134599417181114,-0.31956599076173975,0.0,IMG_20230325_094224_jpg.rf.1635ee3b503a47b7e309448692f8e8dd.jpg,0,0,0,0,0
0.0,0.0,-0.13134599417181114,-0.31956599076173975,0.0,IMG_20230325_094226_jpg.rf.7b8353d1d6d52691a2b8890bc5b1e681.jpg,0,0,0,0,0
0.0,0.0,-0.13134599417181114,-0.31956599076173975,0.0,IMG_20230325_094228_jpg.rf.1bc6520c8ddbe592edd4e27f70f34c27.jpg,0,0,0,0,0
0.0,0.0,-0.13134599417181114,-0.31956599076173975,0.0,IMG_20230325_094231_jpg.rf.0d68b8fe85d7710becd5aae81a28889f.jpg,0,0,0,0,0
0.0,0.0,-0.13134599417181114,-0.31956599076173975,0.0,IMG_20230325_094233_jpg.rf.4817a81c3859d76b0d7df040e07bdb95.jpg,0,0,0,0,0
0.0,0.0,-0.13134599417181114,-0.31956599076173975,0.0,IMG_20230325_094236_jpg.rf.59ca3645fb92b183cec82c198433a9de.jpg,0,0,0,0,0
0.0,0.0,-0.13134599417181114,-0.31956599076173975,0.0,IMG_20230325_094252_jpg.rf.4c01802c2601e6e93ebeaa79aeb55877.jpg,0,0,0,0,0
0.0,0.0,-0.13134599417181114,-0.31956599076173975,0.0,IMG_20230325_094255_jpg.rf.ffa3232c75b7b7afac3c82aae70e9e0a.jpg,0,0,0,0,0
0.0,0.0,-0.13134599417181114,-0.31956599076173975,0.0,IMG_20230325_094257_jpg.rf.35c27c603136f70349a8459ff84e0f1e.jpg,0,0,0,0,0
0.0,0.0,-0.13134599417181114,-0.31956599076173975,0.0,IMG_20230325_094311_jpg.rf.1a61171b7dafffffc0d00e2d6ce4dd25.jpg,0,0,0,0,0
0.0,0.0,-0.13134599417181114,-0.31956599076173975,0.0,IMG_20230325_094313_jpg.rf.0d61788b50a16e6d2fff8599aae61335.jpg,0,0,0,0,0
0.0,0.0,-0.13134599417181114,-0.31956599076173975,0.0,IMG_20230325_094333_jpg.rf.ba369ded71a9885583fb87cfb1d9eb8a.jpg,0,0,0,0,0
0.0,0.0,-0.13134599417181114,-0.31956599076173975,0.0,IMG_20230325_094414_jpg.rf.2aa69ca354b9e84efeba6465008e3958.jpg,0,0,0,0,0
0.0,0.0,-0.13134599417181114,-0.31956599076173975,0.0,IMG_20230325_094417_jpg.rf.83242d00e399c8cb8ec9f3f336b25b6a.jpg,0,0,0,0,0
0.0,0.0,-0.13134599417181114,-0.31956599076173975,0.0,IMG_20230325_094419_jpg.rf.27812ac60d6b4a2ae94b8c03856577bf.jpg,0,0,0,0,0
0.0,0.0,-0.13134599417181114,-0.31956599076173975,0.0,IMG_20230325_094422_jpg.rf.bf383c06ed84675bd6a7a852526c224e.jpg,0,0,0,0,0
0.0,0.0,-0.13134599417181114,-0.31956599076173975,0.0,IMG_20230325_094541_jpg.rf.298cdc1b2e952e47c571b9e034b8a99e.jpg,0,0,0,0,0
0.0,0.0,-0.13134599417181114,-0.31956599076173975,0.0,IMG_20230325_094544_jpg.rf.4be08091970578ab0a9e22e45745f908.jpg,0,0,0,0,0
0.0,0.0,-0.13134599417181114,-0.31956599076173975,0.0,IMG_20230325_094551_jpg.rf.fc58833c1908d06ccb5c57de0ffeff7a.jpg,0,0,0,0,0
0.0,0.0,-0.13134599417181114,-0.31956599076173975,0.0,IMG_20230325_094556_jpg.rf.3d67abf0881e5d5a1d45aa797607bbdf.jpg,0,0,0,0,0
0.0,0.0,-0.13134599417181114,-0.31956599076173975,0.0,IMG_20230325_094605_jpg.rf.bbf86e8feeaf4ad33953481036a44d5b.jpg,0,0,0,0,0
0.0,0.0,-0.13134599417181114,-0.31956599076173975,0.0,IMG_20230325_094615_jpg.rf.58d1f44d0998aa2df7c41057cd52fc4e.jpg,0,0,0,0,0
0.0,0.0,-0.13134599417181114,-0.31956599076173975,0.0,IMG_20230325_094656_jpg.rf.6d9c8ceced3ae745591e7b2a5570ea2c.jpg,0,0,0,0,0
0.0,0.0,-0.13134599417181114,-0.31956599076173975,0.0,IMG_20230325_094706_jpg.rf.1c1b2219d73738d0e136ea09a94c2c45.jpg,0,0,0,0,0
0.0,0.0,-0.13134599417181114,-0.31956599076173975,0.0,IMG_20230325_094710_jpg.rf.fed9b39728939649c7d17302cbe2732a.jpg,0,0,0,0,0
0.0,0.0,-0.13134599417181114,-0.31956599076173975,0.0,IMG_20230325_094716_jpg.rf.cb338508758d113c150c98b8eea2b175.jpg,0,0,0,0,0
0.0,0.0,-0.13134599417181114,-0.31956599076173975,0.0,IMG_20230325_094724_jpg.rf.a6766c46239cbfdce28024e4be119e09.jpg,0,0,0,0,0
0.0,0.0,-0.13134599417181114,-0.31956599076173975,0.0,IMG_20230325_094730_jpg.rf.65353eab1df32b4f6822fe559220452b.jpg,0,0,0,0,0
0.0,0.0,-0.13134599417181114,-0.31956599076173975,0.0,IMG_20230325_094735_jpg.rf.b3f417d8dcddb08eebd35dae9816b4e4.jpg,0,0,0,0,0
0.0,0.0,-0.13134599417181114,-0.31956599076173975,0.0,IMG_20230325_094745_jpg.rf.8a1a6e0685220fbf6c59dbc2eacb50e7.jpg,0,0,0,0,0
0.0,0.0,-0.13134599417181114,-0.31956599076173975,0.0,IMG_20230325_094747_jpg.rf.df4ec9277f9d7df2ce457b1ca6b07ddd.jpg,0,0,0,0,0
0.0,0.0,-0.13134599417181114,-0.31956599076173975,0.0,IMG_20230325_094752_jpg.rf.633a63f6aa14a16eb9cee4c727f51f04.jpg,0,0,0,0,0
0.0,0.0,-0.13134599417181114,-0.31956599076173975,0.0,IMG_20230325_094814_jpg.rf.3300d8a8085f91844d940204d555740a.jpg,0,0,0,0,0
0.0,0.0,-0.13134599417181114,-0.31956599076173975,0.0,IMG_20230325_094823_jpg.rf.5a41b06fc662cd8ec9676cee9e5a6e92.jpg,0,0,0,0,0
0.0,0.0,-0.13134599417181114,-0.31956599076173975,0.0,IMG_20230325_094839_jpg.rf.43dff0296ca8348157f2026a7a5aa0f4.jpg,0,0,0,0,0
0.0,0.0,-0.13134599417181114,-0.31956599076173975,0.0,IMG_20230325_094845_jpg.rf.25df3c5f9bfd69f10ebe535c14dfa81c.jpg,0,0,0,0,0
0.0,0.0,-0.13134599417181114,-0.31956599076173975,0.0,IMG_20230325_094850_jpg.rf.c572b986446e024c51a8bdd27427ff7a.jpg,0,0,0,0,0
0.0,0.0,-0.13134599417181114,-0.31956599076173975,0.0,IMG_20230325_094859_jpg.rf.72833de15dda5f4547232e5e11b5d085.jpg,0,0,0,0,0
0.0,0.0,-0.13134599417181114,-0.31956599076173975,0.0,IMG_20230325_094915_jpg.rf.46fb58e5918684f008c532607f5c783c.jpg,0,0,0,0,0
0.0,0.0,-0.13134599417181114,-0.31956599076173975,0.0,IMG_20230325_095004_jpg.rf.41df365f074c65977330400444dac6eb.jpg,0,0,0,0,0
0.0,0.0,-0.13134599417181114,-0.31956599076173975,0.0,IMG_20230325_095006_jpg.rf.c8d256ea06798e993ac25b4b45c3c5c4.jpg,0,0,0,0,0
0.0,0.0,-0.13134599417181114,-0.31956599076173975,0.0,IMG_20230325_095010_jpg.rf.c7e4ae7d6a1a29e5720767040d6755bc.jpg,0,0,0,0,0
0.0,0.0,-0.13134599417181114,-0.31956599076173975,0.0,IMG_20230325_095013_jpg.rf.d0fc235997f67f7ee7b6b3ab5d00273f.jpg,0,0,0,0,0
0.0,0.0,-0.13134599417181114,-0.31956599076173975,0.0,IMG_20230325_095024_jpg.rf.b96d919d8d2f053cea21675a914f3b45.jpg,0,0,0,0,0
0.0,0.0,-0.13134599417181114,-0.31956599076173975,0.0,IMG_20230325_095057_jpg.rf.0b68bb4bbb51f66645d4467e169331ff.jpg,0,0,0,0,0
0.0,0.0,-0.13134599417181114,-0.31956599076173975,0.0,IMG_20230325_095109_jpg.rf.743e655918fe569ba1711750e45a0427.jpg,0,0,0,0,0
0.0,0.0,-0.13134599417181114,-0.31956599076173975,0.0,IMG_20230325_095119_jpg.rf.9e3ff0a2ed5b335ecd3ff5c86e880c97.jpg,0,0,0,0,0
0.0,0.0,-0.13134599417181114,-0.31956599076173975,0.0,IMG_20230325_095125_jpg.rf.fd489bc57ebdd9590e8b0a68dc9f923a.jpg,0,0,0,0,0
0.0,0.0,-0.13134599417181114,-0.31956599076173975,0.0,IMG_20230325_095206_jpg.rf.216cd720c26aa84f6e6688ffe497316b.jpg,0,0,0,0,0
0.0,0.0,-0.13134599417181114,-0.31956599076173975,0.0,IMG_20230325_095209_jpg.rf.406dd24b6936a170c7406286ee2a00fc.jpg,0,0,0,0,0
0.0,0.0,-0.13134599417181114,-0.31956599076173975,0.0,IMG_20230325_095212_jpg.rf.89d8930aae0cad96d7ceda35c03042df.jpg,0,0,0,0,0
0.0,0.0,-0.13134599417181114,-0.31956599076173975,0.0,IMG_20230325_095230_jpg.rf.756ba482e7dd6f06a8798fe5572c6189.jpg,0,0,0,0,0
0.0,0.0,-0.13134599417181114,-0.31956599076173975,0.0,IMG_20230325_095239_jpg.rf.2826966454cc46bddfc5fc0f6ad58e70.jpg,0,0,0,0,0
0.0,0.0,-0.13134599417181114,-0.31956599076173975,0.0,IMG_20230325_095250_jpg.rf.ca65b619414d99c3b2bdcedf139fe032.jpg,0,0,0,0,0
0.0,0.0,-0.13134599417181114,-0.31956599076173975,0.0,IMG_20230325_095306_jpg.rf.9115e1593f94ee54147dfb17030b2193.jpg,0,0,0,0,0
0.0,0.0,-0.13134599417181114,-0.31956599076173975,0.0,IMG_20230325_095312_jpg.rf.ef933a0bcc01a11cde3c2dc35b92070a.jpg,0,0,0,0,0
0.0,0.0,-0.13134599417181114,-0.31956599076173975,0.0,IMG_20230325_095315_jpg.rf.17494bad5e98afec13adbd4acfb8f67d.jpg,0,0,0,0,0
0.0,0.0,-0.13134599417181114,-0.31956599076173975,0.0,IMG_20230325_095333_jpg.rf.2a6f923e76b53c1c2a9d8782ef50d0a7.jpg,0,0,0,0,0
0.0,0.0,-0.13134599417181114,-0.31956599076173975,0.0,IMG_20230325_095346_jpg.rf.28042ce7729956240bc8713692f339af.jpg,0,0,0,0,0
0.0,0.0,-0.13134599417181114,-0.31956599076173975,0.0,IMG_20230325_095353_jpg.rf.1f2f4fb437e1e8f1702937730192751a.jpg,0,0,0,0,0
0.0,0.0,-0.13134599417181114,-0.31956599076173975,0.0,IMG_20230325_095357_jpg.rf.ceedb074de5b09fd4a63e1295f11aa32.jpg,0,0,0,0,0
0.0,0.0,-0.13134599417181114,-0.31956599076173975,0.0,IMG_20230325_095402_jpg.rf.660e61c207e8a2c04ae48f164a514dee.jpg,0,0,0,0,0
0.0,0.0,-0.13134599417181114,-0.31956599076173975,0.0,IMG_20230325_095441_jpg.rf.8bbaff20e4914cc88f1af722b9a9a3bd.jpg,0,0,0,0,0
0.0,0.0,-0.13134599417181114,-0.31956599076173975,0.0,IMG_20230325_095449_jpg.rf.c6656590484cf04140992d58318d01b5.jpg,0,0,0,0,0
0.0,0.0,-0.13134599417181114,-0.31956599076173975,0.0,IMG_20230325_095532_jpg.rf.e8fcc50f9ffa2e4b267d21e2d225da56.jpg,0,0,0,0,0
0.0,0.0,-0.13134599417181114,-0.31956599076173975,0.0,IMG_20230325_095553_jpg.rf.c7649be3278b40eaa80ec96f3a1e629f.jpg,0,0,0,0,0
0.0,0.0,-0.13134599417181114,-0.31956599076173975,0.0,IMG_20230325_095555_jpg.rf.53f9e9bd17e6c8a8be48c62bd49857d1.jpg,0,0,0,0,0
0.0,0.0,-0.13134599417181114,-0.31956599076173975,0.0,IMG_20230325_095558_jpg.rf.27f2bb046ed947d267b12be9fe5a3099.jpg,0,0,0,0,0
0.0,0.0,-0.13134599417181114,-0.31956599076173975,0.0,IMG_20230325_095604_jpg.rf.c9b7dd1208229e4dabfb7a7d8c3b6789.jpg,0,0,0,0,0
0.0,0.0,-0.13134599417181114,-0.31956599076173975,0.0,IMG_20230325_095622_jpg.rf.012f704a18026f87772143e31a146512.jpg,0,0,0,0,0
0.0,0.0,-0.13134599417181114,-0.31956599076173975,0.0,IMG_20230325_095625_jpg.rf.b44c29599e795d54257970d8f12ce5be.jpg,0,0,0,0,0
0.0,0.0,-0.13134599417181114,-0.31956599076173975,0.0,IMG_20230325_095632_jpg.rf.532d732fe345bd5122819fd6cdf4ad38.jpg,0,0,0,0,0
0.0,0.0,-0.13134599417181114,-0.31956599076173975,0.0,IMG_20230325_095636_jpg.rf.9f97cd5b1f95da82a990ff4ce6601ced.jpg,0,0,0,0,0
0.0,0.0,-0.13134599417181114,-0.31956599076173975,0.0,IMG_20230325_095643_jpg.rf.2626341e5547da0f145fee3615c3df9f.jpg,0,0,0,0,0
0.0,0.0,-0.13134599417181114,-0.31956599076173975,0.0,IMG_20230325_095741_jpg.rf.d02fdf6777cc4a8bc0d9494843500fcd.jpg,0,0,0,0,0
0.0,0.0,-0.13134599417181114,-0.31956599076173975,0.0,IMG_20230325_095751_jpg.rf.032b6d92af34cb5ec7a3774f60887eb8.jpg,0,0,0,0,0
0.0,0.0,-0.13134599417181114,-0.31956599076173975,0.0,IMG_20230325_095755_jpg.rf.88029db624b23ac87253966a93ba16ad.jpg,0,0,0,0,0
0.0,0.0,-0.13134599417181114,-0.31956599076173975,0.0,IMG_20230325_095809_jpg.rf.28039585986fb76601cbfb176bd9d6be.jpg,0,0,0,0,0
0.0,0.0,-0.13134599417181114,-0.31956599076173975,0.0,IMG_20230325_095819_jpg.rf.dd25677535ac10f25a3496ec0a27e4e3.jpg,0,0,0,0,0
0.0,0.0,-0.13134599417181114,-0.31956599076173975,0.0,IMG_20230325_095823_jpg.rf.6bd2fdf3681bcfb39b7aa7597bb4d62b.jpg,0,0,0,0,0
0.0,0.0,-0.13134599417181114,-0.31956599076173975,0.0,IMG_20230325_095826_jpg.rf.e7fe671f25933a5b99bb33a5e33c6168.jpg,0,0,0,0,0
0.0,0.0,-0.13134599417181114,-0.31956599076173975,0.0,IMG_20230325_095838_jpg.rf.aa83e6536c738119aadb5619d672ef0a.jpg,0,0,0,0,0
0.0,0.0,-0.13134599417181114,-0.31956599076173975,0.0,IMG_20230325_095850_jpg.rf.d866e8028933f0a1333ef481429d098b.jpg,0,0,0,0,0
0.0,0.0,-0.13134599417181114,-0.31956599076173975,0.0,IMG_20230325_095924_jpg.rf.d73c519403b985aadf6fc7003892ec1a.jpg,0,0,0,0,0
0.0,0.0,-0.13134599417181114,-0.31956599076173975,0.0,IMG_20230325_095927_jpg.rf.ce6d78eed911491aaa212434380a50f5.jpg,0,0,0,0,0
0.0,0.0,-0.13134599417181114,-0.31956599076173975,0.0,IMG_20230325_095932_jpg.rf.5547e23ad9a0bbd88818e6a853c7519e.jpg,0,0,0,0,0
0.0,0.0,-0.13134599417181114,-0.31956599076173975,0.0,IMG_20230325_095937_jpg.rf.40451cb089419cfe28f3bca6bb87a85d.jpg,0,0,0,0,0
0.0,0.0,-0.13134599417181114,-0.31956599076173975,0.0,IMG_20230325_095941_jpg.rf.25d86a765eb95fe291e88c9e03aefda2.jpg,0,0,0,0,0
0.0,0.0,-0.13134599417181114,-0.31956599076173975,0.0,IMG_20230325_095957_jpg.rf.b557ddf4b40c83d1fd0f52e53f559686.jpg,0,0,0,0,0
0.0,0.0,-0.13134599417181114,-0.31956599076173975,0.0,IMG_20230325_100002_jpg.rf.cc8fa74e6f4c72fd3525546595aa7f9c.jpg,0,0,0,0,0
0.0,0.0,-0.13134599417181114,-0.31956599076173975,0.0,IMG_20230325_100009_jpg.rf.f57be01b8b2b2b4da8489e02c089c7dc.jpg,0,0,0,0,0
0.0,0.0,-0.13134599417181114,-0.31956599076173975,0.0,IMG_20230325_100034_jpg.rf.744105b2d47625147bdaa62d8439738f.jpg,0,0,0,0,0
0.0,0.0,-0.13134599417181114,-0.31956599076173975,0.0,IMG_20230325_100037_jpg.rf.93dcaa7fd7c53c09bc062fc21daaeae1.jpg,0,0,0,0,0
0.0,0.0,-0.13134599417181114,-0.31956599076173975,0.0,IMG_20230325_100048_jpg.rf.c665762687918963510999aa079e2eda.jpg,0,0,0,0,0
0.0,0.0,-0.13134599417181114,-0.31956599076173975,0.0,IMG_20230325_100051_jpg.rf.e9d993f736353503f03924390cca1fdd.jpg,0,0,0,0,0
0.0,0.0,-0.13134599417181114,-0.31956599076173975,0.0,IMG_20230325_100101_jpg.rf.38b65e2e00b3e3f7cc750f9d50ed3f2f.jpg,0,0,0,0,0
0.0,0.0,-0.13134599417181114,-0.31956599076173975,0.0,IMG_20230325_100106_jpg.rf.173fccdb716332de554e1aad7322a422.jpg,0,0,0,0,0
0.0,0.0,-0.13134599417181114,-0.31956599076173975,0.0,IMG_20230325_100723_jpg.rf.4d28d9a64f029b25d655c08d835e72f8.jpg,0,0,0,0,0
0.0,0.0,-0.13134599417181114,-0.31956599076173975,0.0,IMG_20230325_100729_jpg.rf.65de212fde5f7f76c387c72900a055d8.jpg,0,0,0,0,0
0.0,0.0,-0.13134599417181114,-0.31956599076173975,0.0,IMG_20230325_100737_jpg.rf.b4f788115a6b262f8f68e9f2ae431af9.jpg,0,0,0,0,0
0.0,0.0,-0.13134599417181114,-0.31956599076173975,0.0,IMG_20230325_100742_jpg.rf.7ac333e74bed4f987d0dcdf4ad40e577.jpg,0,0,0,0,0
0.0,0.0,-0.13134599417181114,-0.31956599076173975,0.0,IMG_20230325_100748_jpg.rf.66cd0943d5f5bf752745d491d1e74767.jpg,0,0,0,0,0
0.0,0.0,-0.13134599417181114,-0.31956599076173975,0.0,IMG_20230325_100806_jpg.rf.288e82dfa93a3bb62ac752441b0f5356.jpg,0,0,0,0,0
0.0,0.0,-0.13134599417181114,-0.31956599076173975,0.0,IMG_20230325_100839_jpg.rf.70cc3bf43c15929a52746f24e9d367a9.jpg,0,0,0,0,0
0.0,0.0,-0.13134599417181114,-0.31956599076173975,0.0,IMG_20230325_100843_jpg.rf.c9b0f9beca84ef931423c0c78301f960.jpg,0,0,0,0,0
0.0,0.0,-0.13134599417181114,-0.31956599076173975,0.0,IMG_20230325_100848_jpg.rf.f00e7c1ad5fd683a9109df6bbf724bb5.jpg,0,0,0,0,0
0.0,0.0,-0.13134599417181114,-0.31956599076173975,0.0,IMG_20230325_100855_jpg.rf.59f5b893651a37a340ac7d7e215a8012.jpg,0,0,0,0,0
0.03681296490542889,0.0,-0.13134599417181114,-0.0690649787986557,0.9457655220193525,IMG_20230325_113913_jpg.rf.3acac9f02d091f5db19d842052615c9e.jpg,0,0,0,0,1
0.05089608109511342,0.0,-0.13134599417181114,-0.0690649787986557,0.9517019266334604,IMG_20230325_115716_jpg.rf.096335173c15c249cc8234c1ce20e172.jpg,0,0,0,0,1
0.0,0.0,-0.13134599417181114,-0.31956599076173975,0.0,IMG_20230325_120417_jpg.rf.e23564d19a8e3b07ac1862995a0d23d5.jpg,0,0,0,0,0
0.0,0.0,-0.13134599417181114,-0.31956599076173975,0.0,IMG_20230325_120424_jpg.rf.c99ce374d6159ce21a145df9eefe05d1.jpg,0,0,0,0,0
0.0,0.0,-0.13134599417181114,-0.31956599076173975,0.0,IMG_20230325_120429_jpg.rf.65ff56771845e59bd1bc96985ea33714.jpg,0,0,0,0,0
0.0,0.0,-0.13134599417181114,-0.31956599076173975,0.0,IMG_20230325_120434_jpg.rf.be5f9a0d1acb14b67db1d998cc6e7ea0.jpg,0,0,0,0,0
0.0,0.0,-0.13134599417181114,-0.31956599076173975,0.0,IMG_20230325_120503_jpg.rf.8b67888310d624c1470f1dade38c14d2.jpg,0,0,0,0,0
0.0,0.0,-0.13134599417181114,-0.31956599076173975,0.0,IMG_20230325_120513_jpg.rf.7475dd2f1ccf0b9445771a059604d13b.jpg,0,0,0,0,0
0.0,0.0,-0.13134599417181114,-0.31956599076173975,0.0,IMG_20230325_120518_jpg.rf.d0b220eed1142f82b07d5b384a414b47.jpg,0,0,0,0,0
0.0,0.0,-0.13134599417181114,-0.31956599076173975,0.0,IMG_20230325_120522_jpg.rf.6df1ac3c273a64e3b224ea1334227118.jpg,0,0,0,0,0
0.0,0.0,-0.13134599417181114,-0.31956599076173975,0.0,IMG_20230325_120528_jpg.rf.94c323b6c8a1a21121b34a200a6a9b9f.jpg,0,0,0,0,0
0.0,0.0,-0.13134599417181114,-0.31956599076173975,0.0,IMG_20230325_120533_jpg.rf.18b44bfc07bc54e1bf931484bb3f9d21.jpg,0,0,0,0,0
0.0,0.0,-0.13134599417181114,-0.31956599076173975,0.0,IMG_20230325_120538_jpg.rf.0438439663ec070c1a39213a0c341b2c.jpg,0,0,0,0,0
0.0,0.0,-0.13134599417181114,-0.31956599076173975,0.0,IMG_20230325_120543_jpg.rf.7804ce7c6ade1d841f5725eefecd4e64.jpg,0,0,0,0,0
0.0,0.0,-0.13134599417181114,-0.31956599076173975,0.0,IMG_20230325_120602_jpg.rf.78a33e7edcd275eb9a3c7978efbdcbec.jpg,0,0,0,0,0
0.0,0.0,-0.13134599417181114,-0.31956599076173975,0.0,IMG_20230325_120611_jpg.rf.f2d17eeb8027559d265d5901dc203137.jpg,0,0,0,0,0
0.0,0.0,-0.13134599417181114,-0.31956599076173975,0.0,IMG_20230325_120637_jpg.rf.d72f2773d3192f2b21d6b81be2ab46b6.jpg,0,0,0,0,0
0.0,0.0,-0.13134599417181114,-0.31956599076173975,0.0,IMG_20230325_120650_jpg.rf.961c4c493b2c043c1fc444ade621e1fa.jpg,0,0,0,0,0
0.0,0.0,-0.13134599417181114,-0.31956599076173975,0.0,IMG_20230325_120653_jpg.rf.567835cbc1500c4ec8416960322b06ed.jpg,0,0,0,0,0
0.0,0.0,-0.13134599417181114,-0.31956599076173975,0.0,IMG_20230325_120659_jpg.rf.1fdb551a5285139990298a88c87485e0.jpg,0,0,0,0,0
0.0,0.0,-0.13134599417181114,-0.31956599076173975,0.0,IMG_20230325_120722_jpg.rf.6b63eb9bba91327192e42a41d115dd49.jpg,0,0,0,0,0
0.0,0.0,-0.13134599417181114,-0.31956599076173975,0.0,IMG_20230325_120725_jpg.rf.5b43c7becaaccae42615e1d880a85bb9.jpg,0,0,0,0,0
0.0,0.0,-0.13134599417181114,-0.31956599076173975,0.0,IMG_20230325_120739_jpg.rf.1e1fd1749ed6bec48dc7f58f034b08f2.jpg,0,0,0,0,0
0.0,0.0,-0.13134599417181114,-0.0690649787986557,0.29798772401210444,IMG_20230325_120752_jpg.rf.3c06a248ef90bded6bd03dbabae8bb8e.jpg,0,0,0,0,1
0.0,0.0,-0.13134599417181114,-0.31956599076173975,0.0,IMG_20230325_120755_jpg.rf.a16de9697706692e881c8e367c7e581e.jpg,0,0,0,0,0
0.0,0.0,-0.13134599417181114,-0.31956599076173975,0.0,IMG_20230325_120800_jpg.rf.686e78ffef129b145f6f871f1ceda7d0.jpg,0,0,0,0,0
0.0,0.0,-0.13134599417181114,-0.31956599076173975,0.0,IMG_20230325_120816_jpg.rf.09a4e0d612e88067249b10d8d9d0c058.jpg,0,0,0,0,0
0.0,0.0,-0.13134599417181114,-0.31956599076173975,0.0,IMG_20230325_120820_jpg.rf.f03ecc1bcda73ce5005130f499a01e18.jpg,0,0,0,0,0
0.0,0.0,-0.13134599417181114,-0.31956599076173975,0.0,IMG_20230325_120857_jpg.rf.eb7b6c171f07c295b02072b475534677.jpg,0,0,0,0,0
0.0,0.0,-0.13134599417181114,-0.31956599076173975,0.0,IMG_20230325_120913_jpg.rf.35f5079b588fefed542eb57b7b6fb55a.jpg,0,0,0,0,0
0.0,0.0,-0.13134599417181114,-0.31956599076173975,0.0,IMG_20230325_120926_jpg.rf.201f95bd44f0241d2506b6e7c9b42434.jpg,0,0,0,0,0
0.0,0.0,-0.13134599417181114,-0.31956599076173975,0.0,IMG_20230325_120929_jpg.rf.1d2d9c9eb572d17966915ec48656e0d5.jpg,0,0,0,0,0
0.0,0.0,-0.13134599417181114,-0.31956599076173975,0.0,IMG_20230325_121037_jpg.rf.c47cd400411da6a2c46ef6e7b0a2a1b5.jpg,0,0,0,0,0
0.0,0.0,-0.13134599417181114,-0.31956599076173975,0.0,IMG_20230325_121052_jpg.rf.c50fcdf5b9c785209f04ad72d4158b4e.jpg,0,0,0,0,0
0.0,0.0,-0.13134599417181114,-0.31956599076173975,0.0,IMG_20230325_121105_jpg.rf.1f120bfb41d2775b0a1389d7e28995e3.jpg,0,0,0,0,0
0.0,0.0,-0.13134599417181114,-0.31956599076173975,0.0,IMG_20230325_121154_jpg.rf.9300967b6dc9564952e3f9fc5eea1eb0.jpg,0,0,0,0,0
0.0,0.0,-0.13134599417181114,-0.31956599076173975,0.0,IMG_20230325_121316_jpg.rf.ee1e6fb11a4b195a9b75d9b66d08ed02.jpg,0,0,0,0,0
0.0,0.0,-0.13134599417181114,-0.31956599076173975,0.0,IMG_20230325_121525_jpg.rf.3d84f8917866c82d94c67f25b9d8c95e.jpg,0,0,0,0,0
0.0,0.0,-0.13134599417181114,-0.31956599076173975,0.0,IMG_20230325_121529_jpg.rf.8d8c1d26b56bf5edfd6aec548bf127fd.jpg,0,0,0,0,0
0.0,0.0,-0.13134599417181114,-0.31956599076173975,0.0,IMG_20230325_121547_jpg.rf.f75c6daab76b8fb721dcaf39092cbbda.jpg,0,0,0,0,0
0.0,0.0,-0.13134599417181114,-0.31956599076173975,0.0,IMG_20230325_121550_jpg.rf.cfbc0f7b92c89dff73c538b8dc914166.jpg,0,0,0,0,0
0.0,0.0,-0.13134599417181114,-0.31956599076173975,0.0,IMG_20230325_121552_jpg.rf.39ad8ad1d96584b65f5fb31d39cba820.jpg,0,0,0,0,0
0.0,0.0,-0.13134599417181114,-0.31956599076173975,0.0,IMG_20230325_121559_jpg.rf.03805c197dd82a15b8384954839bc35d.jpg,0,0,0,0,0
0.0,0.0,-0.13134599417181114,-0.31956599076173975,0.0,IMG_20230325_121604_jpg.rf.5fcb031d386921cd7b7417b5f122b035.jpg,0,0,0,0,0
0.0,0.0,-0.13134599417181114,-0.31956599076173975,0.0,IMG_20230325_121609_jpg.rf.a64bb51cae7b92383ec11452b5cb2d9e.jpg,0,0,0,0,0
0.0,0.0,-0.13134599417181114,-0.31956599076173975,0.0,IMG_20230325_121614_jpg.rf.a0d6df8034f7941ea428f158780eceaa.jpg,0,0,0,0,0
0.0,0.0,-0.13134599417181114,-0.31956599076173975,0.0,IMG_20230325_121617_jpg.rf.48cf297878ccb79c67d493692d9f9958.jpg,0,0,0,0,0
0.03317441576840295,0.0,-0.13134599417181114,-0.0690649787986557,0.7512958972078859,IMG_20230325_121922_jpg.rf.9a44b3d9640125ec5acbc0067dd6865c.jpg,0,0,0,0,1
0.0,0.0,-0.13134599417181114,-0.0690649787986557,0.8254110002855549,IMG_20230325_123011_jpg.rf.68163f4aae1fa48a20a41385b6284dec.jpg,0,0,0,0,1
0.0,0.0,-0.13134599417181114,-0.31956599076173975,0.0,IMG_20230325_133412_jpg.rf.d98d0973cbfa8d484d4aed59b45174b5.jpg,0,0,0,0,0
0.0,0.0,-0.13134599417181114,-0.31956599076173975,0.0,IMG_20230325_133422_jpg.rf.6f45361fd65f50fa490624319b211938.jpg,0,0,0,0,0
0.0,0.0,-0.13134599417181114,-0.31956599076173975,0.0,IMG_20230325_133432_jpg.rf.9990694d3c103125888663179ff71475.jpg,0,0,0,0,0
0.0,0.0,-0.13134599417181114,-0.31956599076173975,0.0,IMG_20230325_133436_jpg.rf.1d52b76b65812ed4d436d3f92a8b4467.jpg,0,0,0,0,0
0.0,0.0,-0.13134599417181114,-0.31956599076173975,0.0,IMG_20230325_133444_jpg.rf.bfe43d45944c787759f7e9f34c241b9e.jpg,0,0,0,0,0
0.0,0.0,-0.13134599417181114,-0.31956599076173975,0.0,IMG_20230325_133450_jpg.rf.4ad9cd93210bf832d2802944a3958787.jpg,0,0,0,0,0
0.0,0.0,-0.13134599417181114,-0.31956599076173975,0.0,IMG_20230325_133518_jpg.rf.f23b7c0bdbc931ece3d8931875938c43.jpg,0,0,0,0,0
0.0,0.0,-0.13134599417181114,-0.31956599076173975,0.0,IMG_20230325_133528_jpg.rf.08296e7c9505e665046ea818228e8cd4.jpg,0,0,0,0,0
0.0,0.0,-0.13134599417181114,-0.31956599076173975,0.0,IMG_20230325_133843_jpg.rf.9a0f1217718e5c4d2cd0b3a02fd8845b.jpg,0,0,0,0,0
0.0,0.0,-0.13134599417181114,-0.31956599076173975,0.0,IMG_20230325_133846_jpg.rf.d527c46e43d2671a2eea13a7802a98ae.jpg,0,0,0,0,0
0.0,0.0,-0.13134599417181114,-0.31956599076173975,0.0,IMG_20230325_133854_jpg.rf.2762ba30886b9b0fc26b8d1d8d0d23b9.jpg,0,0,0,0,0
0.0,0.0,-0.13134599417181114,-0.31956599076173975,0.0,IMG_20230325_133909_jpg.rf.cc096ef291e46f14b0a357ce3300f984.jpg,0,0,0,0,0
0.0,0.0,-0.13134599417181114,-0.31956599076173975,0.0,IMG_20230325_133920_jpg.rf.05c7e272ef49d28500ea702ae823cdab.jpg,0,0,0,0,0
0.0,0.0,-0.13134599417181114,-0.31956599076173975,0.0,IMG_20230325_133931_jpg.rf.3cd6e7a4ff1ab41b77aeaf4af81a3cc7.jpg,0,0,0,0,0
0.0,0.0,-0.13134599417181114,-0.31956599076173975,0.0,IMG_20230325_133934_jpg.rf.8678879f58029f5fc70ccf4774a99c32.jpg,0,0,0,0,0
0.0,0.0,-0.13134599417181114,-0.31956599076173975,0.0,IMG_20230325_133957_jpg.rf.3e127021e8f792cbf343500c232a0f52.jpg,0,0,0,0,0
0.0,0.0,-0.13134599417181114,-0.31956599076173975,0.0,IMG_20230325_134007_jpg.rf.8d8bbe51960c578b98c6e6f24bda1451.jpg,0,0,0,0,0
0.0,0.0,-0.13134599417181114,-0.31956599076173975,0.0,IMG_20230325_134009_jpg.rf.3decfffb4ae07ad3273e1a87cee0c7c9.jpg,0,0,0,0,0
0.0,0.0,-0.13134599417181114,-0.31956599076173975,0.0,IMG_20230325_134028_jpg.rf.5fb16bda45963075e7ca7094db570ec8.jpg,0,0,0,0,0
0.0,0.0,-0.13134599417181114,-0.31956599076173975,0.0,IMG_20230325_134108_jpg.rf.153f8f2541b4ef69d9da531887b80675.jpg,0,0,0,0,0
0.0,0.0,-0.13134599417181114,-0.31956599076173975,0.0,IMG_20230325_134114_jpg.rf.565c029184ecf6c0717a3c5147c4c58e.jpg,0,0,0,0,0
0.0,0.0,-0.13134599417181114,-0.31956599076173975,0.0,IMG_20230325_134127_jpg.rf.31fd9edc5d790732ed6b048ff1df0ded.jpg,0,0,0,0,0
0.0,0.0,-0.13134599417181114,-0.31956599076173975,0.0,IMG_20230325_134143_jpg.rf.a84e47976cafbc4a10674c4a3c70cb47.jpg,0,0,0,0,0
0.0,0.0,-0.13134599417181114,-0.31956599076173975,0.0,IMG_20230325_134150_jpg.rf.a7679ac9f67d6b09c23c0eff38521748.jpg,0,0,0,0,0
0.0,0.0,-0.13134599417181114,-0.31956599076173975,0.0,IMG_20230325_134154_jpg.rf.ea5b974fe0228f72bc7d3948902d400b.jpg,0,0,0,0,0
0.0,0.0,-0.13134599417181114,-0.31956599076173975,0.0,IMG_20230325_134236_jpg.rf.2de65c6816d39a78b99b21e6ead347ef.jpg,0,0,0,0,0
0.0,0.0,-0.13134599417181114,-0.31956599076173975,0.0,IMG_20230325_134249_jpg.rf.e0b54fa57cd73f7ee6d36b7cce563c65.jpg,0,0,0,0,0
0.0,0.0,-0.13134599417181114,-0.31956599076173975,0.0,IMG_20230325_135246_jpg.rf.4e9b4e138f97ed91db97f08f9253770a.jpg,0,0,0,0,0
0.0,0.0,-0.13134599417181114,-0.31956599076173975,0.0,IMG_20230325_135253_jpg.rf.214cab9af7521afe3c0df4da92d824ac.jpg,0,0,0,0,0
0.0,0.0,-0.13134599417181114,-0.31956599076173975,0.0,IMG_20230325_135302_jpg.rf.2fd4c0c9166a747622b41191638bc7e9.jpg,0,0,0,0,0
0.0,0.0,-0.13134599417181114,-0.31956599076173975,0.0,IMG_20230325_135311_jpg.rf.3526e205cb9ddbd347ad524c37b5e55f.jpg,0,0,0,0,0
0.0,0.0,-0.13134599417181114,-0.31956599076173975,0.0,IMG_20230325_135925_jpg.rf.bdc567540b8554e6d07836ecc97ef3f7.jpg,0,0,0,0,0
0.0,0.0,-0.13134599417181114,-0.31956599076173975,0.0,IMG_20230325_135932_jpg.rf.b903d7e644fa7320d79b11dbbeff4304.jpg,0,0,0,0,0
0.0,0.0,-0.13134599417181114,-0.31956599076173975,0.0,IMG_20230325_135943_jpg.rf.a6811f99794c320762d7a50de6bbd6dc.jpg,0,0,0,0,0
0.0,0.0,-0.13134599417181114,-0.31956599076173975,0.0,IMG_20230325_135952_jpg.rf.f730784b1ab5165b099a2e261f436746.jpg,0,0,0,0,0
0.09017663276279515,0.0,-0.13134599417181114,-0.31956599076173975,0.9392884914649735,IMG_20241003_092139_473_jpg.rf.2a4c42b4071dd726996c47db461d9a83.jpg,0,1,0,0,0
0.10362570035128355,0.0,-0.13134599417181114,-0.31956599076173975,0.9408419750436476,IMG_20241003_092142_078_jpg.rf.cb31ef9a12ba2fbdd211990fe4f892f2.jpg,0,1,0,0,0
0.10369976714236592,0.0,-0.13134599417181114,-0.31956599076173975,0.9386888739936105,IMG_20241003_092144_060_jpg.rf.46c41b53ae5bd2866dbb3c6fe2f75c9d.jpg,0,1,0,0,0
0.10656456574809989,0.0,-0.13134599417181114,-0.31956599076173975,0.9562786513182481,IMG_20241003_092152_394_jpg.rf.b895595f55cc00b4a31865e67f81273b.jpg,0,1,0,0,0
0.1577786252453403,0.0,-0.13134599417181114,-0.31956599076173975,0.9617137776427727,IMG_20241003_092157_080_jpg.rf.fab10568aed17a8b7c312ba8b1e2d130.jpg,0,1,0,0,0
0.15832228860105152,0.0,-0.13134599417181114,-0.31956599076173975,0.9534461594776452,IMG_20241003_092159_554_jpg.rf.f85497759db6222e6eae12a7f71ba7c0.jpg,0,1,0,0,0
0.14334842174917506,0.0,-0.13134599417181114,-0.31956599076173975,0.9653900579925678,IMG_20241003_092202_408_jpg.rf.232e4979bc992668fcf977ebc54a54f0.jpg,0,1,0,0,0
0.14439503138925208,0.0,-0.13134599417181114,-0.31956599076173975,0.9670098995574856,IMG_20241003_092203_272_jpg.rf.bfce4d82b2decf2ee6665cda172ea5c2.jpg,0,1,0,0,0
0.14289321904943267,0.0,-0.13134599417181114,-0.31956599076173975,0.9641178771768772,IMG_20241003_092203_668_jpg.rf.d380d726bd4c34d10d79620ee844e849.jpg,0,1,0,0,0
0.1490543175874966,0.0,-0.13134599417181114,-0.0690649787986557,0.9511009915847533,IMG_20241003_092209_126_jpg.rf.fd3dbf8cfa9ad4400e2e8a75ea9bba49.jpg,0,1,0,0,0
0.15392965595987013,0.0,-0.13134599417181114,-0.0690649787986557,0.9483218616265899,IMG_20241003_092210_971_jpg.rf.4e8b1c151c39c6b55d5f0ea52dc1e5b1.jpg,0,1,0,0,0
0.15245162364819648,0.0,-0.13134599417181114,-0.0690649787986557,0.957594372076176,IMG_20241003_092212_886_jpg.rf.c7f3607029c6907f4f3deefeda8ae4e2.jpg,0,1,0,0,0
0.16589422186298589,0.0,-0.13134599417181114,-0.31956599076173975,0.9649836452717658,IMG_20241003_092216_996_jpg.rf.62ef9b7535210ad6b4fad376f1b54159.jpg,0,1,0,0,0
0.15598293160950588,0.0,-0.13134599417181114,-0.31956599076173975,0.9638421441726668,IMG_20241003_092221_248_jpg.rf.0b0a517f22f500c42592d5a168775aae.jpg,0,1,0,0,0
0.1555375083480197,0.0,-0.13134599417181114,-0.31956599076173975,0.9605190943308719,IMG_20241003_092223_155_jpg.rf.46854cdafaeb3ff43e675348c76699b4.jpg,0,1,0,0,0
0.15520610861730066,0.0,-0.13134599417181114,-0.31956599076173975,0.9676877931010691,IMG_20241003_092233_123_jpg.rf.7b4e15e5f56dc3eb1a6840730a2abedd.jpg,0,1,0,0,0
0.15159598834661295,0.0,-0.13134599417181114,-0.31956599076173975,0.9383036024001946,IMG_20241003_092234_860_jpg.rf.2266951ebb817a85e90b26703327a41e.jpg,0,1,0,0,0
0.16705451419549944,0.0,-0.13134599417181114,-0.0690649787986557,0.9575669425114652,IMG_20241003_092239_144_jpg.rf.20595586a3bc4ca6b9d60ecc733ab16d.jpg,0,1,0,0,0
0.1532088615455562,0.0,-0.13134599417181114,-0.31956599076173975,0.9676194587488093,IMG_20241003_092243_638_jpg.rf.c3eeefefe5f75c926c5f9f1b05a57c2c.jpg,0,1,0,0,0
0.15143388039289174,0.0,-0.13134599417181114,-0.0690649787986557,0.9651366040234499,IMG_20241003_092248_229_jpg.rf.fc2202847efab4b2c52aaf0e69fe430a.jpg,0,1,0,0,0
0.15360904507323264,0.0,-0.13134599417181114,-0.31956599076173975,0.9690501081850779,IMG_20241003_092250_176_jpg.rf.53d86d5ebb9aa818dce76caac83645a1.jpg,0,1,0,0,0
0.11090618406760039,0.0,-0.13134599417181114,-0.0690649787986557,0.9444574671659726,IMG_20241003_092252_208_jpg.rf.f5018514a397a54a664893c2c82664bf.jpg,0,1,0,0,0
0.13240983165796574,0.0,-0.13134599417181114,-0.0690649787986557,0.9645156058651835,IMG_20241003_092254_071_jpg.rf.00746f58b2be42ba2f7fba9141fff5cd.jpg,0,1,0,0,0
0.12167274256600015,0.0,-0.13134599417181114,-0.0690649787986557,0.9226542571642669,IMG_20241003_092256_439_jpg.rf.09794a63528b117d6f4d67cc2ed9f6a4.jpg,0,1,0,0,0
0.1374202206642739,0.0,-0.13134599417181114,-0.0690649787986557,0.9667273989969163,IMG_20241003_092300_376_jpg.rf.1980554c69735fa5678ab1f46beab5a4.jpg,0,1,0,0,0
0.13655628726025582,0.0,-0.13134599417181114,-0.31956599076173975,0.9544668028003549,IMG_20241003_092303_644_jpg.rf.fa2ff5ef386affb45752408a7da59105.jpg,0,1,0,0,0
0.13352618206415923,0.0,-0.13134599417181114,-0.31956599076173975,0.9239845311628602,IMG_20241003_092305_921_jpg.rf.7a93bd7f803dabc988a5bbfb52ecea9f.jpg,0,1,0,0,0
0.11695047993158575,0.0,-0.13134599417181114,-0.31956599076173975,0.9329019545181882,IMG_20241003_092307_853_jpg.rf.99b5960897b0395ba9700672ab2511d6.jpg,0,1,0,0,0
0.14580342780814173,0.0,-0.13134599417181114,-0.31956599076173975,0.9528636705117566,IMG_20241003_092310_940_jpg.rf.6e22388f1a283c08609c0d7a8c9e8a18.jpg,0,1,0,0,0
0.15125960713259987,0.0,-0.13134599417181114,-0.0690649787986557,0.9537534544482369,IMG_20241003_092315_843_jpg.rf.50edacda3ef811ebfe17890fa3fd0c9d.jpg,0,1,0,0,0
0.1575060070174909,0.0,-0.13134599417181114,-0.31956599076173975,0.9560541241608229,IMG_20241003_092321_966_jpg.rf.70182f432a9ccf9bd17fb3d7953a3191.jpg,0,1,0,0,0
0.09513922574781368,0.0,-0.13134599417181114,-0.31956599076173975,0.9465799644876971,IMG_20241003_092411_588_jpg.rf.8143eba114d33e09ffa8b819fd9d0178.jpg,0,1,0,0,0
0.10222317683901423,0.0,-0.13134599417181114,-0.31956599076173975,0.9256258731944399,IMG_20241003_092413_204_jpg.rf.d02dda01a6eab02cc178f509b97a85ca.jpg,0,1,0,0,0
0.10268793612118124,0.0,-0.13134599417181114,-0.31956599076173975,0.9422451350253261,IMG_20241003_092414_668_jpg.rf.e4c8183707d68d1fca982d167d28ab07.jpg,0,1,0,0,0
0.1428036047868063,0.0,-0.13134599417181114,-0.31956599076173975,0.9525782353471025,IMG_20241003_092416_509_jpg.rf.67d299ef56f1b46e411f151bfd7c6f72.jpg,0,1,0,0,0
0.12489991786304211,0.0,-0.13134599417181114,-0.31956599076173975,0.9252213170598955,IMG_20241003_092418_134_jpg.rf.2ca1d43b35f2df4829212c3414398c82.jpg,0,1,0,0,0
0.10510732457459554,0.0,-0.13134599417181114,-0.31956599076173975,0.9033703149345236,IMG_20241003_092419_945_jpg.rf.b58b86b330ddf8587b921d3510bcec7c.jpg,0,1,0,0,0
0.11243763623301932,0.0,-0.13134599417181114,-0.31956599076173975,0.9192314307835895,IMG_20241003_092436_946_jpg.rf.13c98d3d0a1791bed10a83024fa2585a.jpg,0,1,0,0,0
0.11297709154626373,0.0,-0.13134599417181114,-0.31956599076173975,0.9477585374220713,IMG_20241003_092530_751_jpg.rf.adca36c5b80e9b53b2c589aa5b248ffa.jpg,0,1,0,0,0
0.10861827400023225,0.0,-0.13134599417181114,-0.31956599076173975,0.92217992932036,IMG_20241003_092534_388_jpg.rf.f176faa85800b2806c71683faade0731.jpg,0,1,0,0,0
0.12532457620469215,0.0,-0.13134599417181114,-0.31956599076173975,0.9650767141441687,IMG_20241003_092538_771_jpg.rf.f0810faf68eb01db4278138b3e434dae.jpg,0,1,0,0,0
0.16323576153895755,0.0,-0.13134599417181114,-0.31956599076173975,0.9560998201387145,IMG_20241003_092542_138_jpg.rf.c0c0e7e72ce0c3cceded0b58d5c61fa6.jpg,0,1,0,0,0
0.15121421008879132,0.0,-0.13134599417181114,-0.31956599076173975,0.9471734133014942,IMG_20241003_092543_186_jpg.rf.fe133aaf61f598f0da469f7f4f113faa.jpg,0,1,0,0,0
0.17055550065454805,0.0,-0.13134599417181114,-0.31956599076173975,0.9663619509535426,IMG_20241003_092545_360_jpg.rf.a0a3a9a82c32f6dade1c5dff476fcf1c.jpg,0,1,0,0,0
0.16853878647045722,0.0,-0.13134599417181114,-0.31956599076173975,0.9711430199064376,IMG_20241003_092548_701_jpg.rf.56d424f21ae4e47ae76db51840e3d08a.jpg,0,1,0,0,0
0.17172709308863912,0.0,-0.13134599417181114,-0.31956599076173975,0.9602691738646315,IMG_20241003_092550_786_jpg.rf.176c6c93a46acb268893d20d765caa49.jpg,0,1,0,0,0
0.1622643985149536,0.0,-0.13134599417181114,-0.31956599076173975,0.9335987133737453,IMG_20241003_092551_096_jpg.rf.0a7ff9a062348b928b91587b05e7802f.jpg,0,1,0,0,0
0.13411754967699416,0.0,-0.13134599417181114,-0.31956599076173975,0.9524363562230854,IMG_20241003_092555_336_jpg.rf.a66debd56e414986181732879e685b0d.jpg,0,1,0,0,0
0.14944557377274348,0.0,-0.13134599417181114,-0.31956599076173975,0.9571782571949304,IMG_20241003_092557_208_jpg.rf.9b76098ffce3d4aecf444d2a2c3af298.jpg,0,1,0,0,0
0.16714043167315498,0.0,-0.13134599417181114,-0.31956599076173975,0.9600854317149969,IMG_20241003_092559_108_jpg.rf.1e70c9ddc2f6b1354914a8ec090aa2e7.jpg,0,1,0,0,0
0.17024684532781628,0.0,-0.13134599417181114,-0.31956599076173975,0.9324742210003621,IMG_20241003_092618_323_jpg.rf.8c8c7db37603e3dbb4d6b64bf8be484d.jpg,0,1,0,0,0
0.15546840993106478,0.0,-0.13134599417181114,-0.31956599076173975,0.851750868642809,IMG_20241003_092619_757_jpg.rf.4e3abd7b297ee3dc23a67c312a92def4.jpg,0,1,0,0,0
0.16864365980296323,0.0,-0.13134599417181114,-0.31956599076173975,0.914614460099925,IMG_20241003_092621_971_jpg.rf.29a2c0391c6a5faf71cd38076564c2f1.jpg,0,1,0,0,0
0.1616383178290592,0.0,-0.13134599417181114,-0.31956599076173975,0.9068712976076628,IMG_20241003_092623_872_jpg.rf.069351f1cb993591ed8832bac0e6354f.jpg,0,1,0,0,0
0.171560750874118,0.0,-0.13134599417181114,-0.31956599076173975,0.9425811771379728,IMG_20241003_092624_179_jpg.rf.7bf2ef2cc493b9dae6fe8ad40e8cafb2.jpg,0,1,0,0,0
0.16745283622152388,0.0,-0.13134599417181114,-0.31956599076173975,0.8984771321276143,IMG_20241003_092624_616_jpg.rf.7b082df6ac8d60ee1b6ea8ca22ea0517.jpg,0,1,0,0,0
0.16954688137917137,0.0,-0.13134599417181114,-0.0690649787986557,0.8868677784783562,IMG_20241003_092626_837_jpg.rf.18b2215237954b309411edf6722142f7.jpg,0,1,0,0,0
0.17099084296694714,0.0,-0.13134599417181114,-0.31956599076173975,0.9218232850892406,IMG_20241003_092627_575_jpg.rf.047bd26249f2d6e94ae1e24424e3beb4.jpg,0,1,0,0,0
0.12303755100606699,0.0,-0.13134599417181114,-0.31956599076173975,0.860389025491049,IMG_20241003_092705_696_jpg.rf.c38656c90d6a0cd437787ef8861e4b9c.jpg,0,1,0,0,0
0.13881717278075384,0.0,-0.13134599417181114,-0.31956599076173975,0.8343277648522109,IMG_20241003_092708_170_jpg.rf.151e9695360a0705919423d89827efee.jpg,0,1,0,0,0
0.12315909919844148,0.0,-0.13134599417181114,-0.31956599076173975,0.7624748821846294,IMG_20241003_092711_562_jpg.rf.8eb131ffaaa7c9dc3e8bbd5b707a90d5.jpg,0,1,0,0,0
0.17031051654981397,0.0,-0.13134599417181114,-0.31956599076173975,0.9336490807622209,IMG_20241003_092716_513_jpg.rf.9bdc77b475557c35576560f8fcca23fb.jpg,0,1,0,0,0
0.17141432148360647,0.0,-0.13134599417181114,-0.31956599076173975,0.9355011153891116,IMG_20241003_092718_790_jpg.rf.7a3b8a03f9decd45b9013c3a6594e1f7.jpg,0,1,0,0,0
0.17037257534432443,0.0,-0.13134599417181114,-0.31956599076173975,0.9042659081892941,IMG_20241003_092721_812_jpg.rf.1842dc452380e06c6da2f263363e123b.jpg,0,1,0,0,0
0.16849919678743616,0.0,-0.13134599417181114,-0.31956599076173975,0.8869079645873539,IMG_20241003_093013_764_jpg.rf.9adae72be843c907bd71a5d0002ecca0.jpg,0,1,0,0,0
0.17107816312542495,0.0,-0.13134599417181114,-0.31956599076173975,0.9255246592984547,IMG_20241003_093015_746_jpg.rf.77e47f96544a8aaa044b6b7673e7af67.jpg,0,1,0,0,0
0.15926110156447892,0.0,-0.13134599417181114,-0.31956599076173975,0.759991787899753,IMG_20241003_093017_551_jpg.rf.e92b16199e6061d729d3e950d8db58f5.jpg,0,1,0,0,0
0.16142237052826275,0.0,-0.13134599417181114,-0.31956599076173975,0.833940337223141,IMG_20241003_093019_302_jpg.rf.c69ce5713e8755098de07a5a8151c608.jpg,0,1,0,0,0
0.15746906538611563,0.0,-0.13134599417181114,-0.0690649787986557,0.6929195549559114,IMG_20241003_093021_095_jpg.rf.ad1a25dc5f86044994e58c2be9963da6.jpg,0,1,0,0,0
0.1686432403096332,0.0,-0.13134599417181114,-0.31956599076173975,0.8801605911178997,IMG_20241003_093023_751_jpg.rf.f38447a076f45d036d422f55745b01f0.jpg,0,1,0,0,0
0.17100821261264343,0.0,-0.13134599417181114,-0.31956599076173975,0.901249973648453,IMG_20241003_093024_839_jpg.rf.a6d66e0120ce438e226030b58e322a53.jpg,0,1,0,0,0
0.16687924463854875,0.0,-0.13134599417181114,-0.0690649787986557,0.8757013104863824,IMG_20241003_093028_873_jpg.rf.4c1edec262122dc7d5ec065338603f38.jpg,0,0,0,0,1
0.16688026715354068,0.0,-0.13134599417181114,-0.0690649787986557,0.8757525163331679,IMG_20241003_093028_873_jpg.rf.bdc656c9de5a36310401de28c3d81878.jpg,0,0,0,0,1
0.15213430316236637,0.0,-0.13134599417181114,-0.0690649787986557,0.4232035072471545,IMG_20241003_093032_807_jpg.rf.29f20dc96ab8a744406af3ef421f3e7e.jpg,0,0,0,0,1
0.14578325280080087,0.0,-0.13134599417181114,-0.31956599076173975,0.8655987263099593,IMG_20241003_093036_918_jpg.rf.3216e7b8c6e5fe277721660ccb20e548.jpg,0,1,0,0,0
0.16383237281841775,0.0,-0.13134599417181114,-0.0690649787986557,0.7772669636885265,IMG_20241003_093041_197_jpg.rf.ed444b78c2d2328ebaaf9b37e9777c3e.jpg,0,1,0,0,0
0.1684738305501363,0.0,-0.13134599417181114,-0.31956599076173975,0.8379001961513326,IMG_20241003_093043_241_jpg.rf.3fd082a06b88054f2109fc31a7d9d5e5.jpg,0,1,0,0,0
0.15735526471118005,0.0,-0.13134599417181114,-0.31956599076173975,0.849062771301153,IMG_20241003_093045_205_jpg.rf.7c3ff9d44dce3ef05a0319480e65802f.jpg,0,1,0,0,0
0.16974219485179726,0.0,-0.13134599417181114,-0.0690649787986557,0.806012548606626,IMG_20241003_093047_311_jpg.rf.0d09a2db2760b86c15977987d5bc69c0.jpg,0,1,0,0,0
0.16655409798028037,0.0,-0.13134599417181114,-0.31956599076173975,0.8977859430308303,IMG_20241003_093112_811_jpg.rf.1eb9267352eedcb7882cd7e7c588c6e1.jpg,0,1,0,0,0
0.16699800057844524,0.0,-0.13134599417181114,-0.31956599076173975,0.8981478575713264,IMG_20241003_093116_731_jpg.rf.ae729e0f393aa03bf3512882546577a2.jpg,0,1,0,0,0
0.2787269552670551,0.0,-0.13134599417181114,-0.31956599076173975,0.723751763158046,IMG_20241003_093124_394_jpg.rf.665d215d9fc0f0e2361be7f62fa388d9.jpg,0,1,0,0,0
0.12175447821952204,0.0,-0.13134599417181114,-0.31956599076173975,0.6004678477589686,IMG_20241003_093133_076_jpg.rf.62e1d1cbad03865ead422576d70243f8.jpg,0,1,0,0,0
0.15756224534204724,0.0,-0.13134599417181114,-0.31956599076173975,0.7392907313464586,IMG_20241003_093142_276_jpg.rf.862148bf58c4843b0102ffb66ed78d63.jpg,0,1,0,0,0
0.11363601069439909,0.0,-0.13134599417181114,-0.31956599076173975,0.8941160110082389,IMG_20241003_093241_708_jpg.rf.53126b01eb445570dd40e0f814a17456.jpg,0,1,0,0,0
0.15557418779606366,0.0,-0.13134599417181114,-0.31956599076173975,0.8658539170855764,IMG_20241003_093245_295_jpg.rf.9bab357bac28efd072bb986a6d91efab.jpg,0,1,0,0,0
0.14820981196832528,0.0,-0.13134599417181114,-0.31956599076173975,0.8010110848979763,IMG_20241003_093247_394_jpg.rf.1f030b4eb9ebdea4ed740b1de3756d42.jpg,0,1,0,0,0
0.1513696848042315,0.0,-0.13134599417181114,-0.31956599076173975,0.8481887384029237,IMG_20241003_093249_102_jpg.rf.444b4fef42cd18358e228389eb70544a.jpg,0,1,0,0,0
0.15137104815755406,0.0,-0.13134599417181114,-0.31956599076173975,0.8482555755082015,IMG_20241003_093249_102_jpg.rf.db63505f93311cf32651e2f132a8df54.jpg,0,1,0,0,0
0.150023806000682,0.0,-0.13134599417181114,-0.31956599076173975,0.9260743885003765,IMG_20241003_093249_539_jpg.rf.2a8a92f88689cf1992b1266a6c3ef52c.jpg,0,1,0,0,0
0.1468278567383937,0.0,-0.13134599417181114,-0.31956599076173975,0.8952955421806815,IMG_20241003_093251_443_jpg.rf.6aac9ab498eb7ba1540dfdaf7c607556.jpg,0,1,0,0,0
0.14587340453925637,0.0,-0.13134599417181114,-0.31956599076173975,0.8971539850246554,IMG_20241003_093253_179_jpg.rf.4bc23ae21c687693d3e28ca013c58660.jpg,0,1,0,0,0
0.12993208119501184,0.0,-0.13134599417181114,-0.31956599076173975,0.9279430126238283,IMG_20241003_093353_323_jpg.rf.ab018b9d9cace12827290c89b7fadef3.jpg,0,1,0,0,0
0.13213626957012378,0.0,-0.13134599417181114,-0.31956599076173975,0.8980762891655854,IMG_20241003_093353_777_jpg.rf.1ab5b89ed66677d1082eca338daf4154.jpg,0,1,0,0,0
0.13365043074484576,0.0,-0.13134599417181114,-0.31956599076173975,0.9350179837329505,IMG_20241003_093354_574_jpg.rf.3c2d74f4bbaa10ecf00d7d062403ca75.jpg,0,1,0,0,0
0.13114869050708108,0.0,-0.13134599417181114,-0.31956599076173975,0.919513751674521,IMG_20241003_093354_835_jpg.rf.da21fc1172106936bed4d536813f60fa.jpg,0,1,0,0,0
0.12155203336028572,0.0,-0.13134599417181114,-0.31956599076173975,0.923023837609311,IMG_20241003_093355_378_jpg.rf.c781b25fe6641c8e6ce62c7fe2e91049.jpg,0,1,0,0,0
0.11542373395696304,0.0,-0.13134599417181114,-0.31956599076173975,0.8992293490113857,IMG_20241003_093357_695_jpg.rf.f76a9220f3f029c37fb1174d72609f49.jpg,0,1,0,0,0
0.11935603821427583,0.0,-0.13134599417181114,-0.31956599076173975,0.8858434219831312,IMG_20241003_093358_577_jpg.rf.b6d03914b58fb72a9807c11577cbfc91.jpg,0,1,0,0,0
0.12024987362722467,0.0,-0.13134599417181114,-0.31956599076173975,0.9099113078799749,IMG_20241003_093359_472_jpg.rf.7ec0841f1f0d4d4e37d2d825ee9c0678.jpg,0,1,0,0,0
0.12036092137718199,0.0,-0.13134599417181114,-0.31956599076173975,0.9116775801997351,IMG_20241003_093400_737_jpg.rf.af80c1ae0792d86a5e4523103c2deb4a.jpg,0,1,0,0,0
0.1202266048565749,0.0,-0.13134599417181114,-0.31956599076173975,0.8980328091132272,IMG_20241003_093401_886_jpg.rf.1b519564b552efe44858c7aa589684e7.jpg,0,1,0,0,0
0.11301314175431268,0.0,-0.13134599417181114,-0.31956599076173975,0.8904346400187048,IMG_20241003_093403_022_jpg.rf.d26fea5fb0125e3596053cb1249410da.jpg,0,1,0,0,0
0.1139491886835952,0.0,-0.13134599417181114,-0.31956599076173975,0.9157000839416547,IMG_20241003_093403_721_jpg.rf.cf9e349785cc9c67adb8f0a25b2100da.jpg,0,1,0,0,0
0.11605638233530564,0.0,-0.13134599417181114,-0.31956599076173975,0.9006420314838699,IMG_20241003_093404_646_jpg.rf.13f03f84f17ac2dee549e83bbba55e83.jpg,0,1,0,0,0
0.12074318467416645,0.0,-0.13134599417181114,-0.0690649787986557,0.9237635375083126,IMG_20241003_093406_014_jpg.rf.90aed56fff8a6c05c4e7f3b1c16b58be.jpg,0,1,0,0,0
0.12047966420791192,0.0,-0.13134599417181114,-0.31956599076173975,0.9107265289167501,IMG_20241003_093406_564_jpg.rf.82fc189b0ff78be836e660c296ab8e37.jpg,0,1,0,0,0
0.11877312601387421,0.0,-0.13134599417181114,-0.31956599076173975,0.9103615001025314,IMG_20241003_093407_191_jpg.rf.8caa3166f42ec772948c88e64a564726.jpg,0,1,0,0,0
0.12348706432752096,0.0,-0.13134599417181114,-0.31956599076173975,0.9113306381290592,IMG_20241003_093407_561_jpg.rf.dd6f3be5befd4361ac054660d19fadd8.jpg,0,1,0,0,0
0.12354580650289089,0.0,-0.13134599417181114,-0.31956599076173975,0.9037646298997107,IMG_20241003_093408_101_jpg.rf.6cf33ecc8f419575b1c6febe658aa21f.jpg,0,1,0,0,0
0.12031844767751704,0.0,-0.13134599417181114,-0.31956599076173975,0.8945579384274546,IMG_20241003_093409_207_jpg.rf.2b95348f6edba228e0ebd9e68c364569.jpg,0,1,0,0,0
0.11106393977802259,0.0,-0.13134599417181114,-0.31956599076173975,0.8997793177728247,IMG_20241003_093409_659_jpg.rf.43b3b1b7900981bfbf64746ff08400d6.jpg,0,1,0,0,0
0.11943169121451234,0.0,-0.13134599417181114,-0.31956599076173975,0.8996391155654275,IMG_20241003_093410_022_jpg.rf.ca4557dcd7e5140e7f4b45ca7bc26747.jpg,0,1,0,0,0
0.12034216215982996,0.0,-0.13134599417181114,-0.31956599076173975,0.9082100160792347,IMG_20241003_093410_321_jpg.rf.fe51e394d2c8776a54e71c129a9179b0.jpg,0,1,0,0,0
0.12290166138547233,0.0,-0.13134599417181114,-0.31956599076173975,0.9190336145123238,IMG_20241003_093410_664_jpg.rf.1580377666e5b12b31face7ce375ca68.jpg,0,1,0,0,0
0.12351771355894584,0.0,-0.13134599417181114,-0.31956599076173975,0.9055365318681234,IMG_20241003_093411_178_jpg.rf.a880e6742e97489a4aa51adc6616a830.jpg,0,1,0,0,0
0.1268876214615285,0.0,-0.13134599417181114,-0.31956599076173975,0.9328559590909004,IMG_20241003_093411_551_jpg.rf.401adc811215e302cb473fcf78e658a7.jpg,0,1,0,0,0
0.1232997212281655,0.0,-0.13134599417181114,-0.31956599076173975,0.8952978778859735,IMG_20241003_093413_726_jpg.rf.383e60631cc841417cdfd629a6951e43.jpg,0,1,0,0,0
0.13205854532157024,0.0,-0.13134599417181114,-0.31956599076173975,0.9165073995143649,IMG_20241003_093414_065_jpg.rf.5aa4000ac3ee4e03c8761d2a8b45c8d0.jpg,0,1,0,0,0
0.1349272242406069,0.0,-0.13134599417181114,-0.31956599076173975,0.9110401722145456,IMG_20241003_093414_568_jpg.rf.5a6e34f4e96ccd91dfbc8563cbad0012.jpg,0,1,0,0,0
0.1350682133269947,0.0,-0.13134599417181114,-0.31956599076173975,0.9275442059176949,IMG_20241003_093414_914_jpg.rf.52420f0faa9dcf13bc208b2219b98d17.jpg,0,1,0,0,0
0.13047325380907604,0.0,-0.13134599417181114,-0.31956599076173975,0.9315262241012205,IMG_20241003_093415_175_jpg.rf.84a44a6bbc81d6bca85f85291716a7b4.jpg,0,1,0,0,0
0.13032677198189827,0.0,-0.13134599417181114,-0.31956599076173975,0.9201303778715999,IMG_20241003_093415_578_jpg.rf.ba1cd51b33b370bb982107f348b363f4.jpg,0,1,0,0,0
0.12080144181037354,0.0,-0.13134599417181114,-0.31956599076173975,0.9052201935257602,IMG_20241003_093415_931_jpg.rf.f981a6a5656b047503aff3fe0d04233b.jpg,0,1,0,0,0
0.13065329510265578,0.0,-0.13134599417181114,-0.31956599076173975,0.911263262014868,IMG_20241003_093416_608_jpg.rf.1768b7c0aee1cfb3824940b595614316.jpg,0,1,0,0,0
0.11779257346410943,0.0,-0.13134599417181114,-0.31956599076173975,0.893517291885065,IMG_20241003_093417_715_jpg.rf.c909f65ae1ecfbddf77d3e5e0948cc7e.jpg,0,1,0,0,0
0.1307135710505136,0.0,-0.13134599417181114,-0.31956599076173975,0.9040387458771807,IMG_20241003_093417_952_jpg.rf.5cdd30bcf864ed3cb6a47c0bc93bc0c9.jpg,0,1,0,0,0
0.1241217315175143,0.0,-0.13134599417181114,-0.31956599076173975,0.9004557739593055,IMG_20241003_093419_090_jpg.rf.1334995e10d5f8b9d66e9d9dd50315f7.jpg,0,1,0,0,0
0.11499942956281023,0.0,-0.13134599417181114,-0.31956599076173975,0.8709111382718367,IMG_20241003_093420_023_jpg.rf.bba1192fce057dfa7ddb8107e8f3e7b1.jpg,0,1,0,0,0
0.1125550812562595,0.0,-0.13134599417181114,-0.31956599076173975,0.8876722193368609,IMG_20241003_093420_590_jpg.rf.197e706c634f4c6fe339a546387186d8.jpg,0,1,0,0,0
0.11002473681705381,0.0,-0.13134599417181114,-0.31956599076173975,0.9128792706275117,IMG_20241003_093422_026_jpg.rf.184e94635251f6898012a90e1b0d6775.jpg,0,1,0,0,0
0.10497699979520696,0.0,-0.13134599417181114,-0.31956599076173975,0.8853808325555633,IMG_20241003_093422_768_jpg.rf.99f553a0c4fa881bd8d74d89236016af.jpg,0,1,0,0,0
0.13476565376271482,0.0,-0.13134599417181114,-0.31956599076173975,0.9206844790347093,IMG_20241003_093423_287_jpg.rf.c7ff5d7eff09e5db07e6ed74a53ca7fd.jpg,0,1,0,0,0
0.1329626845394378,0.0,-0.13134599417181114,-0.31956599076173975,0.916174292005803,IMG_20241003_093423_576_jpg.rf.e6fe26803443be52f7282cab81d381af.jpg,0,1,0,0,0
0.14222488751970488,0.0,-0.13134599417181114,-0.31956599076173975,0.9264827775871948,IMG_20241003_093423_924_jpg.rf.1aaa98da2f11c7741630610d08423341.jpg,0,1,0,0,0
0.12664090694680807,0.0,-0.13134599417181114,-0.31956599076173975,0.8748699191822012,IMG_20241003_093424_449_jpg.rf.1fd1ee32b017d701c30519afa832e98f.jpg,0,1,0,0,0
0.12191944397155402,0.0,-0.13134599417181114,-0.31956599076173975,0.8851227071758615,IMG_20241003_093424_780_jpg.rf.c1b815b7a76be468561e82fa712b078e.jpg,0,1,0,0,0
0.11383249088284914,0.0,-0.13134599417181114,-0.31956599076173975,0.8715271655701229,IMG_20241003_093425_300_jpg.rf.b401ef3cafed6a936ab7cd4d1aef6561.jpg,0,1,0,0,0
0.1125027101358393,0.0,-0.13134599417181114,-0.31956599076173975,0.8726919638322623,IMG_20241003_093425_880_jpg.rf.b525ef9672f8a8bde680978fc86ab033.jpg,0,1,0,0,0
0.11449189507014731,0.0,-0.13134599417181114,-0.31956599076173975,0.8745941262881115,IMG_20241003_093426_335_jpg.rf.bf62e3eb4756f911b00babe1e8d7d035.jpg,0,1,0,0,0
0.14069069553847427,0.0,-0.13134599417181114,-0.31956599076173975,0.9242866756038337,IMG_20241003_093427_505_jpg.rf.e7130fb99f47353d052bdb9b131bfe2c.jpg,0,1,0,0,0
0.13747107112137275,0.0,-0.13134599417181114,-0.31956599076173975,0.9052491203374531,IMG_20241003_093427_819_jpg.rf.934b6ca3dce24693b81725a9e0ee00fd.jpg,0,1,0,0,0
0.1339964209779497,0.0,-0.13134599417181114,-0.31956599076173975,0.9079338638458693,IMG_20241003_093428_407_jpg.rf.ae525e70199c340e29ae129be7b43aaa.jpg,0,1,0,0,0
0.1360368758626866,0.0,-0.13134599417181114,-0.31956599076173975,0.9071682915190181,IMG_20241003_093428_735_jpg.rf.de05440829169620e216a7690a8d29b6.jpg,0,1,0,0,0
0.12801936202926725,0.0,-0.13134599417181114,-0.31956599076173975,0.8925548016351373,IMG_20241003_093429_613_jpg.rf.c68a5e5b24de2d3341f0f597a0c92a8a.jpg,0,1,0,0,0
0.1356799919121686,0.0,-0.13134599417181114,-0.31956599076173975,0.8994896304267417,IMG_20241003_093430_864_jpg.rf.3b43b0e847cdaf2f929791765e33cd2f.jpg,0,1,0,0,0
0.13554744512904754,0.0,-0.13134599417181114,-0.31956599076173975,0.918158204146871,IMG_20241003_093431_369_jpg.rf.5393a422a2b5c3b2ccbce3432c363bd7.jpg,0,1,0,0,0
0.11564820221602562,0.0,-0.13134599417181114,-0.31956599076173975,0.8917980930104198,IMG_20241003_093447_751_jpg.rf.a995a9a55f332f66d1ac4fc53b8a68ee.jpg,0,1,0,0,0
0.14677551183630663,0.0,-0.13134599417181114,-0.31956599076173975,0.9307195074273032,IMG_20241003_093454_242_jpg.rf.97c383f434cb877aeec70f5205de7711.jpg,0,1,0,0,0
0.14146939314149806,0.0,-0.13134599417181114,-0.31956599076173975,0.9089894828580791,IMG_20241003_093457_806_jpg.rf.eebfbcf422a859ea313a12b931b9d23d.jpg,0,1,0,0,0
0.16034397115926988,0.0,-0.13134599417181114,-0.31956599076173975,0.9322089088351466,IMG_20241003_093501_501_jpg.rf.959ef192f9796091ebdb98e1dfebbb67.jpg,0,1,0,0,0
0.1479965127191746,0.0,-0.13134599417181114,-0.31956599076173975,0.9324790720805839,IMG_20241003_093504_737_jpg.rf.dc1f1cf10f70c97a930b1b61a40911b0.jpg,0,1,0,0,0
0.1174942088331298,0.0,-0.13134599417181114,-0.31956599076173975,0.8934244625721792,IMG_20241003_093505_197_jpg.rf.30ee00cf2ae42ddd709cc04736e0ad6d.jpg,0,1,0,0,0
0.11552167254035711,0.0,-0.13134599417181114,-0.31956599076173975,0.8871559086875779,IMG_20241003_093514_931_jpg.rf.67d27e65fee3d44a98b9905796b24469.jpg,0,1,0,0,0
0.10083505374621464,0.0,-0.13134599417181114,-0.31956599076173975,0.903489915023448,IMG_20241003_093519_738_jpg.rf.cf32cc127896f8f44806c2e2e0f03af4.jpg,0,1,0,0,0
0.12125310503514386,0.0,-0.13134599417181114,-0.0690649787986557,0.8993438584605713,IMG_20241003_093523_349_jpg.rf.b5e47ed309b433ec41f664495628086f.jpg,0,1,0,0,0
0.09303142251985806,0.0,-0.13134599417181114,-0.31956599076173975,0.8966004228704596,IMG_20241003_093527_609_jpg.rf.4ccf554da4e40af9cdba9348cf340385.jpg,0,1,0,0,0
0.15290129427964916,0.0,-0.13134599417181114,-0.31956599076173975,0.9342456438497405,IMG_20241003_093531_525_jpg.rf.c0551e3b93c836458f14af1bbc9c28e6.jpg,0,1,0,0,0
0.12952417636822963,0.0,-0.13134599417181114,-0.31956599076173975,0.8723892803823753,IMG_20241003_093536_131_jpg.rf.c548cf22c867a744764e60d513a6fe9e.jpg,0,1,0,0,0
0.1347152883447788,0.0,-0.13134599417181114,-0.0690649787986557,0.8945358390619998,IMG_20241003_093554_850_jpg.rf.8f5c18663d177bd112e897291f5ba848.jpg,0,1,0,0,0
0.1424627926744948,0.0,-0.13134599417181114,-0.31956599076173975,0.8949567451335879,IMG_20241003_093607_396_jpg.rf.7207c4acf06fe3588688379e7da60c48.jpg,0,1,0,0,0
0.15995603159316352,0.0,-0.13134599417181114,-0.0690649787986557,0.9053850703634213,IMG_20241003_093612_491_jpg.rf.b16cdcd824fe45cac77673ffe3d03199.jpg,0,1,0,0,0
0.1476351323245254,0.0,-0.13134599417181114,-0.31956599076173975,0.9226279056173832,IMG_20241003_093617_411_jpg.rf.5133d3c9cce218139563f59acf1d9cc4.jpg,0,1,0,0,0
0.12986118682223777,0.0,-0.13134599417181114,-0.31956599076173975,0.8986871659342534,IMG_20241003_093627_238_jpg.rf.9e18ecd379d01ac301e8b117596a6930.jpg,0,1,0,0,0
0.13370265766443376,0.0,-0.13134599417181114,-0.31956599076173975,0.9045469713927606,IMG_20241003_093632_513_jpg.rf.bf09b47c707455e2796665de85c64b14.jpg,0,1,0,0,0
0.13541822807423357,0.0,-0.13134599417181114,-0.0690649787986557,0.8913847929535005,IMG_20241003_093637_156_jpg.rf.419ef093a96830aee458dcaf7a364b88.jpg,0,1,0,0,0
0.16540321802935926,0.0,-0.13134599417181114,-0.31956599076173975,0.954734810010138,IMG_20241003_093647_005_jpg.rf.0a13ff303750cf31279d9e7f82922e5e.jpg,0,1,0,0,0
0.17146591916319942,0.0,-0.13134599417181114,-0.31956599076173975,0.960408357944081,IMG_20241003_093653_420_jpg.rf.e91b503ac26bcc131d0a6343890a5bcb.jpg,0,1,0,0,0
0.13140053070592775,0.0,-0.13134599417181114,-0.0690649787986557,0.8529423777911079,IMG_20241003_093658_404_jpg.rf.3ca828060d69ff7c0e9122eebf1b4b9a.jpg,0,1,0,0,0
0.13077092365422782,0.0,-0.13134599417181114,-0.0690649787986557,0.8922585264023335,IMG_20241003_093703_330_jpg.rf.b79d64321586075dc67f4e72739dca1a.jpg,0,1,0,0,0
0.13529910507767326,0.0,-0.13134599417181114,-0.0690649787986557,0.9003427617571019,IMG_20241003_093707_702_jpg.rf.f4c72667f84be99249e22773d34be3f5.jpg,0,1,0,0,0
0.11557901203490477,0.0,-0.13134599417181114,-0.31956599076173975,0.9424881082655698,IMG_20241003_093717_198_jpg.rf.945b87ecf0ef214eafab60d9e3eb3ff3.jpg,0,1,0,0,0
0.1334620913488315,0.0,-0.13134599417181114,-0.31956599076173975,0.9195639992832378,IMG_20241003_093721_110_jpg.rf.57a477da0bf1f4bc1319410456587bb2.jpg,0,1,0,0,0
0.1162391896630302,0.0,-0.13134599417181114,-0.0690649787986557,0.9132266319273425,IMG_20241003_093721_939_jpg.rf.871db66dec8b96ac111a0befd19a1247.jpg,0,1,0,0,0
0.12032640494162095,0.0,-0.13134599417181114,-0.0690649787986557,0.9128589080685561,IMG_20241003_093723_199_jpg.rf.5eb78d241a54e3c4461bb73465256726.jpg,0,1,0,0,0
0.13020793738700237,0.0,-0.13134599417181114,-0.31956599076173975,0.9134073196931338,IMG_20241003_093723_493_jpg.rf.51d240e2a21c8de14b7ffc6d877a4534.jpg,0,1,0,0,0
0.12982593627334918,0.0,-0.13134599417181114,-0.0690649787986557,0.9180807066430812,IMG_20241003_093724_084_jpg.rf.872eb7b6e01836279a60310b8dae3f3c.jpg,0,1,0,0,0
0.12693190422617917,0.0,-0.13134599417181114,-0.31956599076173975,0.9256175485012198,IMG_20241003_093724_698_jpg.rf.4804090c10f43e8681f503bd4cee8897.jpg,0,1,0,0,0
0.11249038751926983,0.0,-0.13134599417181114,-0.31956599076173975,0.8858194061415394,IMG_20241003_093725_196_jpg.rf.cb8ec0f32327e1246242111e63181a33.jpg,0,1,0,0,0
0.11306257642142271,0.0,-0.13134599417181114,-0.31956599076173975,0.884483143155018,IMG_20241003_093725_702_jpg.rf.94c3a959f2e1c87ba424c8a7bffc6284.jpg,0,1,0,0,0
0.11682006994261451,0.0,-0.13134599417181114,-0.31956599076173975,0.8764447235578996,IMG_20241003_093726_223_jpg.rf.d5a9422184ad4609a98543bd8412b51d.jpg,0,1,0,0,0
0.13185461912651228,0.0,-0.13134599417181114,-0.31956599076173975,0.8965980871651676,IMG_20241003_093726_897_jpg.rf.47ec6a2046b3017e832c557152bda3aa.jpg,0,1,0,0,0
0.14254884124381603,0.0,-0.13134599417181114,-0.31956599076173975,0.9096869603921877,IMG_20241003_093727_473_jpg.rf.80068c906bee7da57f388d2ca569964c.jpg,0,1,0,0,0
0.13381038879525056,0.0,-0.13134599417181114,-0.31956599076173975,0.8850010109411622,IMG_20241003_093729_411_jpg.rf.8d3dcb36d3193158a4db08ee3eded0ef.jpg,0,1,0,0,0
0.15089333701882257,0.0,-0.13134599417181114,-0.0690649787986557,0.9060481711068225,IMG_20241003_093729_942_jpg.rf.5edae63f9f067923c02f321102d6d190.jpg,0,1,0,0,0
0.15605854528224275,0.0,-0.13134599417181114,-0.31956599076173975,0.8757582657615788,IMG_20241003_093730_226_jpg.rf.9da3e5b85a456e3e4316d87655497382.jpg,0,1,0,0,0
0.16103023602885616,0.0,-0.13134599417181114,-0.31956599076173975,0.9012588373505867,IMG_20241003_093730_784_jpg.rf.fa13996d30ecf4609bce4f382e9a0948.jpg,0,1,0,0,0
0.16268068009916972,0.0,-0.13134599417181114,-0.31956599076173975,0.8967011576474105,IMG_20241003_093731_337_jpg.rf.cb5904a343fe47c6f3d534d078fb5de6.jpg,0,1,0,0,0
0.157956175797273,0.0,-0.13134599417181114,-0.31956599076173975,0.8853692139189828,IMG_20241003_093731_914_jpg.rf.023527f1a1fe2f7515bf20c645ba0718.jpg,0,1,0,0,0
0.11614452837127695,0.0,-0.13134599417181114,-0.31956599076173975,0.9159858784455844,IMG_20241003_093735_220_jpg.rf.c0d5e1e51deb02047488c18a055aafcb.jpg,0,1,0,0,0
0.13250343110722734,0.0,-0.13134599417181114,-0.31956599076173975,0.9043970071350406,IMG_20241003_093736_483_jpg.rf.d7e49ca128f6feff7865a4455cacbdcb.jpg,0,1,0,0,0
0.15758645797268958,0.0,-0.13134599417181114,-0.31956599076173975,0.9147638254588523,IMG_20241003_093737_866_jpg.rf.1e0978e502ee80f203d271298484ed9c.jpg,0,1,0,0,0
0.1601187425685466,0.0,-0.13134599417181114,-0.31956599076173975,0.9065746630355832,IMG_20241003_093738_478_jpg.rf.2a77c6e0cba3a3be826fe41264f5fdbb.jpg,0,1,0,0,0
0.1603654046466008,0.0,-0.13134599417181114,-0.31956599076173975,0.9057532134513626,IMG_20241003_093738_840_jpg.rf.9fc61d8082e60884dc61d80586b6e18c.jpg,0,1,0,0,0
0.16265182682356402,0.0,-0.13134599417181114,-0.31956599076173975,0.8960511128976927,IMG_20241003_093739_578_jpg.rf.5f76e217b9a4d2a3d37b0fe2d6316608.jpg,0,1,0,0,0
0.1664187458355148,0.0,-0.13134599417181114,-0.31956599076173975,0.8986078717340851,IMG_20241003_093740_057_jpg.rf.36c6b6d46a527da8f11f86f29ec74dc3.jpg,0,1,0,0,0
0.16769688957543197,0.0,-0.13134599417181114,-0.31956599076173975,0.8835862922127825,IMG_20241003_093740_705_jpg.rf.fa2eaa65c11961495f7b2487d4ba9b7e.jpg,0,1,0,0,0
0.1564756527439523,0.0,-0.13134599417181114,-0.31956599076173975,0.9100618710364877,IMG_20241003_093756_691_jpg.rf.1e2842373f58b8b43ba75b643265832e.jpg,0,1,0,0,0
0.16235424874257817,0.0,-0.13134599417181114,-0.31956599076173975,0.9210809500355506,IMG_20241003_093800_747_jpg.rf.5e64bfa25ffc08a8e33ed21e5ebc9df8.jpg,0,1,0,0,0
0.14229401215499293,0.0,-0.13134599417181114,-0.0690649787986557,0.9326169385826891,IMG_20241003_093801_925_jpg.rf.52555843fe96ec122c88bd031f458359.jpg,0,1,0,0,0
0.11941657634546492,0.0,-0.13134599417181114,-0.31956599076173975,0.8882293748838136,IMG_20241003_093803_643_jpg.rf.f9c7dbf2acd5a8e57d4185f6c3555e91.jpg,0,1,0,0,0
0.12523999586202603,0.0,-0.13134599417181114,-0.0690649787986557,0.8930090064796058,IMG_20241003_093804_279_jpg.rf.c596489c792b5eb428987738d27a265c.jpg,0,1,0,0,0
0.13618183702654305,0.0,-0.13134599417181114,-0.0690649787986557,0.8967358338875143,IMG_20241003_093804_439_jpg.rf.3e9a63835ed861c289024a91612119a8.jpg,0,1,0,0,0
0.14375732287261606,0.0,-0.13134599417181114,-0.0690649787986557,0.927148453595405,IMG_20241003_093805_031_jpg.rf.a35b34df97a6c873515a84b8b82cd7a2.jpg,0,1,0,0,0
0.16773027862266857,0.0,-0.13134599417181114,-0.0690649787986557,0.8781219396271687,IMG_20241003_093806_778_jpg.rf.d696cf787c2499df40a8c4d212cb974c.jpg,0,1,0,0,0
0.1602565199091264,0.0,-0.13134599417181114,-0.31956599076173975,0.9181914430298721,IMG_20241003_093808_639_jpg.rf.827789bc6c8ea9068063f990f96b3116.jpg,0,1,0,0,0
0.14511194549026327,0.0,-0.13134599417181114,-0.0690649787986557,0.869696212180739,IMG_20241003_093809_721_jpg.rf.c606d5d3f92316656cd025890e96e284.jpg,0,1,0,0,0
0.1599704123488834,0.0,-0.13134599417181114,-0.31956599076173975,0.9155700031238561,IMG_20241003_093810_974_jpg.rf.b1a11426b2de59c8f6dbcf2b10ee1990.jpg,0,1,0,0,0
0.17159309118802954,0.0,-0.13134599417181114,-0.31956599076173975,0.8959290573237176,IMG_20241003_093813_175_jpg.rf.a2f96cf2ab1fc0596a6191e63dc6b2cb.jpg,0,1,0,0,0
0.15858642519813454,0.0,-0.13134599417181114,-0.0690649787986557,0.9265312284995333,IMG_20241003_093813_684_jpg.rf.747c2b13aabadd9c9d7d61d38e680d4d.jpg,0,1,0,0,0
0.15528081775754463,0.0,-0.13134599417181114,-0.0690649787986557,0.9075954860279307,IMG_20241003_093814_403_jpg.rf.b846a89619aaf9b6dfa8e963b3a68a37.jpg,0,1,0,0,0
0.1326692751734191,0.0,-0.13134599417181114,-0.0690649787986557,0.8812178870467294,IMG_20241003_093818_198_jpg.rf.193c72c2bfa002c423109c8fc651103c.jpg,0,1,0,0,0
0.14571423303884537,0.0,-0.13134599417181114,-0.0690649787986557,0.8760741249849077,IMG_20241003_093819_407_jpg.rf.8aa15fb92ad6422e38698723bb318393.jpg,0,1,0,0,0
0.14262737826069646,0.0,-0.13134599417181114,-0.0690649787986557,0.9067017493594178,IMG_20241003_093821_621_jpg.rf.c35c574b5382253129437ff232658acb.jpg,0,1,0,0,0
0.14715954487077712,0.0,-0.13134599417181114,-0.0690649787986557,0.9137497700228635,IMG_20241003_093823_603_jpg.rf.10cbb553e05547644a6d5b3c82b9f6db.jpg,0,1,0,0,0
0.15183234661974837,0.0,-0.13134599417181114,-0.0690649787986557,0.8901486059552579,IMG_20241003_093824_721_jpg.rf.5bfa5904844019fdb90bc3fb92d64f17.jpg,0,1,0,0,0
0.1519060856816667,0.0,-0.13134599417181114,-0.0690649787986557,0.8902187968937754,IMG_20241003_093825_191_jpg.rf.cfea9564fbe592f81901cb6ea79a3d4d.jpg,0,1,0,0,0
0.1440467732703327,0.0,-0.13134599417181114,-0.31956599076173975,0.8910497090789223,IMG_20241003_093825_491_jpg.rf.1000bc29cc8363aa6941aba18e1cc717.jpg,0,1,0,0,0
0.14921925712119546,0.0,-0.13134599417181114,-0.0690649787986557,0.8723211855896326,IMG_20241003_093826_189_jpg.rf.1c28ddcd0615997d48b30ea6a1e10301.jpg,0,1,0,0,0
0.12885415375601522,0.0,-0.13134599417181114,-0.0690649787986557,0.8785679994480549,IMG_20241003_093826_827_jpg.rf.d7bc29cd1ecc611e18e04db2403935b3.jpg,0,1,0,0,0
0.12408324300448458,0.0,-0.13134599417181114,-0.31956599076173975,0.8861720976406262,IMG_20241003_093827_456_jpg.rf.3597c19804fc4af503e8d4735da758bd.jpg,0,1,0,0,0
0.1098496573430183,0.0,-0.13134599417181114,-0.31956599076173975,0.806645584630628,IMG_20241003_093828_033_jpg.rf.e35aad300b74394155db03449eef5b73.jpg,0,1,0,0,0
0.13979794818635016,0.0,-0.13134599417181114,-0.31956599076173975,0.8947346734612134,IMG_20241003_093828_807_jpg.rf.85e3c1561dd14c27bbccb50074bff8d8.jpg,0,1,0,0,0
0.17093784260653191,0.0,-0.13134599417181114,-0.31956599076173975,0.9119675071053353,IMG_20241003_093831_084_jpg.rf.bf5a5df577ba964dd9c3ee8181d95f40.jpg,0,1,0,0,0
0.17079567369515342,0.0,-0.13134599417181114,-0.31956599076173975,0.8978345137229273,IMG_20241003_093832_052_jpg.rf.6ed5023f30b439dbdde592df7da4d669.jpg,0,1,0,0,0
0.17126620101060827,0.0,-0.13134599417181114,-0.31956599076173975,0.8910013779463425,IMG_20241003_093832_474_jpg.rf.342db1915f53395d8b96b2ffd6cedab3.jpg,0,1,0,0,0
0.17065096160546167,0.0,-0.13134599417181114,-0.31956599076173975,0.8940496530219953,IMG_20241003_093832_882_jpg.rf.a6643714ee6fa2e896ba43feffecf2fa.jpg,0,1,0,0,0
0.17025891887022102,0.0,-0.13134599417181114,-0.31956599076173975,0.8409584129469462,IMG_20241003_093834_481_jpg.rf.bd20eecb32928f889060fa47367d29ad.jpg,0,1,0,0,0
0.15109742052387928,0.0,-0.13134599417181114,-0.31956599076173975,0.8965737718741794,IMG_20241003_093835_901_jpg.rf.e7c7bf24df2c9443a73ea43b7e998e7a.jpg,0,1,0,0,0
0.14187461058913478,0.0,-0.13134599417181114,-0.31956599076173975,0.8295253751022919,IMG_20241003_093837_543_jpg.rf.1a24b87a93d86ff0a1dde14332c71f4b.jpg,0,1,0,0,0
0.1607558873910204,0.0,-0.13134599417181114,-0.31956599076173975,0.8883129212654108,IMG_20241003_093838_339_jpg.rf.d289fd60335cf0b6f1dded23c03db953.jpg,0,1,0,0,0
0.16916706949633423,0.0,-0.13134599417181114,-0.31956599076173975,0.8927224334072453,IMG_20241003_093839_751_jpg.rf.6d6414be3fff6de73f87e5be16a0a675.jpg,0,1,0,0,0
0.16906616824129686,0.0,-0.13134599417181114,-0.31956599076173975,0.8928454472192889,IMG_20241003_093840_468_jpg.rf.2cb6cc211b3b54005a8fbecf048bb805.jpg,0,1,0,0,0
0.16378232202047927,0.0,-0.13134599417181114,-0.31956599076173975,0.9103115519432109,IMG_20241003_093842_053_jpg.rf.249e9c45b950b6a18b91a43034e2a121.jpg,0,1,0,0,0
0.15945349169296122,0.0,-0.13134599417181114,-0.31956599076173975,0.920437133833278,IMG_20241003_093843_343_jpg.rf.91e88ef7519a1d39fa79f96bec78d47b.jpg,0,1,0,0,0
0.1621881687113883,0.0,-0.13134599417181114,-0.31956599076173975,0.8916083019829778,IMG_20241003_093843_978_jpg.rf.b196b433c19a2682bc27c1b141eb4f10.jpg,0,1,0,0,0
0.1647293544313418,0.0,-0.13134599417181114,-0.31956599076173975,0.8801841278404572,IMG_20241003_093844_584_jpg.rf.7ab920483f94c167f5a1cbdc2e4f4a2a.jpg,0,1,0,0,0
0.1712261656159241,0.0,-0.13134599417181114,-0.31956599076173975,0.8832923526852705,IMG_20241003_093846_548_jpg.rf.4c9eee7faeca4110fc3152de44e3fbbe.jpg,0,1,0,0,0
0.17087050081789645,0.0,-0.13134599417181114,-0.0690649787986557,0.8124514891977822,IMG_20241003_093847_990_jpg.rf.f61dc8484f35ecd9beb3ed3fbbdb0f00.jpg,0,1,0,0,0
0.17109740738193982,0.0,-0.13134599417181114,-0.0690649787986557,0.8479555871028821,IMG_20241003_093848_700_jpg.rf.2ece88d1331abb76a2b88bdb095d96dc.jpg,0,1,0,0,0
0.1713055022919649,0.0,-0.13134599417181114,-0.0690649787986557,0.8169131055345914,IMG_20241003_093849_481_jpg.rf.fbc5c5cdbf6ef27f31327a28fe773f2f.jpg,0,1,0,0,0
0.17107759943126274,0.0,-0.13134599417181114,-0.31956599076173975,0.8341015607781659,IMG_20241003_093850_119_jpg.rf.c7acc8366b1cbba975165d6ee596b86b.jpg,0,1,0,0,0
0.1711369053007949,0.0,-0.13134599417181114,-0.0690649787986557,0.7227635202600274,IMG_20241003_093850_700_jpg.rf.869bdae5d137a9b68835387f10293fd9.jpg,0,1,0,0,0
0.1695094153811336,0.0,-0.13134599417181114,-0.31956599076173975,0.8422935380257612,IMG_20241003_093851_491_jpg.rf.121cad15fdd8031132d59f45ad70085f.jpg,0,1,0,0,0
0.16725938425054995,0.0,-0.13134599417181114,-0.31956599076173975,0.8827829293721049,IMG_20241003_093852_103_jpg.rf.118d31bc2ea39659b37b5ae0ca2641b4.jpg,0,1,0,0,0
0.1592185492098146,0.0,-0.13134599417181114,-0.31956599076173975,0.8770811134151413,IMG_20241003_093853_040_jpg.rf.2baa121793527586dc3316393ce36e7b.jpg,0,1,0,0,0
0.14930674769883862,0.0,-0.13134599417181114,-0.31956599076173975,0.8747552300633779,IMG_20241003_093853_336_jpg.rf.bffbedf635208c624f2697c295ec719a.jpg,0,1,0,0,0
0.14397199858425588,0.0,-0.13134599417181114,-0.31956599076173975,0.8901899898618412,IMG_20241003_093853_761_jpg.rf.62c362e85a23d5b6a6f4334defece132.jpg,0,1,0,0,0
0.1407167958891017,0.0,-0.13134599417181114,-0.31956599076173975,0.8805819164186427,IMG_20241003_093854_383_jpg.rf.27f07baed669d4cdd4c1c7e84ef66beb.jpg,0,1,0,0,0
0.14071385943579154,0.0,-0.13134599417181114,-0.31956599076173975,0.8805848510227274,IMG_20241003_093854_383_jpg.rf.41e3bd1f897f1e7c021653aef07cf556.jpg,0,1,0,0,0
0.1428315535299191,0.0,-0.13134599417181114,-0.31956599076173975,0.8426640168189945,IMG_20241003_093855_363_jpg.rf.26b95b598206803ec9d01118b5494478.jpg,0,1,0,0,0
0.14336050840074638,0.0,-0.13134599417181114,-0.31956599076173975,0.8549133537182512,IMG_20241003_093856_004_jpg.rf.41f4676ad1d1fb7d65ad79bb5ea8eca0.jpg,0,1,0,0,0
0.11744987363181288,0.0,-0.13134599417181114,-0.31956599076173975,0.7562741835332537,IMG_20241003_093856_981_jpg.rf.fbe26ed0961af08f989580a2a44acd46.jpg,0,1,0,0,0
0.14036039697774655,0.0,-0.13134599417181114,-0.31956599076173975,0.8551971119662853,IMG_20241003_093857_613_jpg.rf.98a4d6f8a6f81eb3b1c92340333bb1cc.jpg,0,1,0,0,0
0.1143926586792635,0.0,-0.13134599417181114,-0.31956599076173975,0.948332522025102,IMG_20241003_093911_127_jpg.rf.d612b3caedd0c0a639242ef6c64e355e.jpg,0,1,0,0,0
0.11656322204214069,0.0,-0.13134599417181114,-0.31956599076173975,0.9497398742983301,IMG_20241003_093911_663_jpg.rf.505fd7bd6fcb699bcec2110c5b76dd02.jpg,0,1,0,0,0
0.11794563609290198,0.0,-0.13134599417181114,-0.31956599076173975,0.9383357632653686,IMG_20241003_093912_321_jpg.rf.3b6d56f73fdbf910798f168892cf8bb6.jpg,0,1,0,0,0
0.12129764998312581,0.0,-0.13134599417181114,-0.0690649787986557,0.9391965605002769,IMG_20241003_093912_844_jpg.rf.7633614d1363d95d5ee0766ba774a4fe.jpg,0,1,0,0,0
0.1642046862579807,0.0,-0.13134599417181114,-0.31956599076173975,0.9521995516404077,IMG_20241003_093914_464_jpg.rf.4dd323caa71698691995acb764101613.jpg,0,1,0,0,0
0.17163387380520784,0.0,-0.13134599417181114,-0.31956599076173975,0.9481166190102933,IMG_20241003_093915_038_jpg.rf.fc429e572da7772d203c4ffa4a032fc0.jpg,0,1,0,0,0
0.1717405168751999,0.0,-0.13134599417181114,-0.31956599076173975,0.9413856553677621,IMG_20241003_093915_573_jpg.rf.792c686a91f81816bab6362de302e396.jpg,0,1,0,0,0
0.12477831723400139,0.0,-0.13134599417181114,-0.31956599076173975,0.9078112093731014,IMG_20241003_093918_807_jpg.rf.543f862d3bbd5ebd6aa1021c2645ba9b.jpg,0,1,0,0,0
0.1313589877570888,0.0,-0.13134599417181114,-0.31956599076173975,0.9438684502032423,IMG_20241003_093930_298_jpg.rf.a6f5b3f482b69aa066366a0f590f6fb9.jpg,0,1,0,0,0
0.11684990640571247,0.0,-0.13134599417181114,-0.31956599076173975,0.9322459806704216,IMG_20241003_093936_744_jpg.rf.013de27c458ae622b3383ef66d221383.jpg,0,1,0,0,0
0.17178617610233968,0.0,-0.13134599417181114,-0.31956599076173975,0.9603833239745415,IMG_20241003_093937_414_jpg.rf.cc0ed2a2d3d85e2c024646fd973e6d8f.jpg,0,1,0,0,0
0.17155544166165987,0.0,-0.13134599417181114,-0.31956599076173975,0.932433076653296,IMG_20241003_093946_841_jpg.rf.b313f54e4447e33afa8eb2d353404635.jpg,0,1,0,0,0
0.17156743654906526,0.0,-0.13134599417181114,-0.31956599076173975,0.9476159396195027,IMG_20241003_093948_696_jpg.rf.dd3f495c46441a4175a41f5aa8a1e43b.jpg,0,1,0,0,0
0.11525837492993417,0.0,-0.13134599417181114,-0.31956599076173975,0.9317974653644849,IMG_20241003_094231_598_jpg.rf.4448d477fb4344f25fb8f4a58a99ccc7.jpg,0,1,0,0,0
0.11357981169734244,0.0,-0.13134599417181114,-0.31956599076173975,0.9157214047386788,IMG_20241003_094232_185_jpg.rf.644fb630a7055c10b3fe59ef05841856.jpg,0,1,0,0,0
0.12961010695505176,0.0,-0.13134599417181114,-0.31956599076173975,0.914278118537882,IMG_20241003_094233_102_jpg.rf.9461ce24a03d250f9f396c5dd8ea63ff.jpg,0,1,0,0,0
0.13963468662597142,0.0,-0.13134599417181114,-0.31956599076173975,0.9200338353861987,IMG_20241003_094234_103_jpg.rf.1a2e6ef8edf4b1e11212d4ff9eeea0f5.jpg,0,1,0,0,0
0.1585012156154734,0.0,-0.13134599417181114,-0.0690649787986557,0.9318024362244653,IMG_20241003_094234_573_jpg.rf.bb4ef15ab0dccf25fc15baa45d42a692.jpg,0,1,0,0,0
0.1618276797400654,0.0,-0.13134599417181114,-0.0690649787986557,0.9419961727971543,IMG_20241003_094234_919_jpg.rf.0532420fc8518b84037c0c50dd152340.jpg,0,1,0,0,0
0.1591469731603792,0.0,-0.13134599417181114,-0.0690649787986557,0.9311782040127177,IMG_20241003_094235_288_jpg.rf.b73dc49486f29fe74d822ed69b7a477d.jpg,0,1,0,0,0
0.15640256914036219,0.0,-0.13134599417181114,-0.0690649787986557,0.9419276587752567,IMG_20241003_094235_897_jpg.rf.09e32d3bf9adbf37151882a55a88e7a7.jpg,0,1,0,0,0
0.15329729598319192,0.0,-0.13134599417181114,-0.0690649787986557,0.9388467437153956,IMG_20241003_094236_441_jpg.rf.0c35e6609a926b411cdb740ac667144e.jpg,0,1,0,0,0
0.1469762656130563,0.0,-0.13134599417181114,-0.0690649787986557,0.9206926240582914,IMG_20241003_094237_034_jpg.rf.2851df26aaebc98d6b29b0bc72324681.jpg,0,1,0,0,0
0.1283599643949137,0.0,-0.13134599417181114,-0.0690649787986557,0.8727857513832166,IMG_20241003_094238_274_jpg.rf.e565108fc343807d7870d16c0350bdad.jpg,0,1,0,0,0
0.11154545257505744,0.0,-0.13134599417181114,-0.31956599076173975,0.8905802922051166,IMG_20241003_094239_257_jpg.rf.18bdc190d19053f29feae65f95ba84e4.jpg,0,1,0,0,0
0.11307295888134081,0.0,-0.13134599417181114,-0.0690649787986557,0.913905783158391,IMG_20241003_094241_632_jpg.rf.3a0d1a68405bdc559977b16160935ca3.jpg,0,1,0,0,0
0.11706226179487061,0.0,-0.13134599417181114,-0.0690649787986557,0.9059881614477827,IMG_20241003_094241_945_jpg.rf.c88266de826c1dc5c1d69e26bcb5dba1.jpg,0,1,0,0,0
0.12775841095965915,0.0,-0.13134599417181114,-0.31956599076173975,0.9303717268983175,IMG_20241003_094242_672_jpg.rf.116cf38689f007bb6126dddbb18a2883.jpg,0,1,0,0,0
0.13496306470199085,0.0,-0.13134599417181114,-0.0690649787986557,0.921221631361982,IMG_20241003_094243_591_jpg.rf.3996431ba2b3d5e20d37777eb00f75b5.jpg,0,1,0,0,0
0.1500268735456578,0.0,-0.13134599417181114,-0.0690649787986557,0.9212515164117433,IMG_20241003_094245_230_jpg.rf.7c8fd6e315823c4598a68e76f98058d1.jpg,0,1,0,0,0
0.15001882451738796,0.0,-0.13134599417181114,-0.0690649787986557,0.9140650902372789,IMG_20241003_094246_219_jpg.rf.61916b69ae659ae6ba342307c19fc3d2.jpg,0,1,0,0,0
0.15381813627991653,0.0,-0.13134599417181114,-0.0690649787986557,0.8936345562686976,IMG_20241003_094246_635_jpg.rf.30902f1e3e50c12e23be03a3f959aeeb.jpg,0,1,0,0,0
0.15369780724003243,0.0,-0.13134599417181114,-0.0690649787986557,0.8849569319900112,IMG_20241003_094247_031_jpg.rf.667d4e02a2bc352cc83ddc397cccb245.jpg,0,1,0,0,0
0.14717185437818003,0.0,-0.13134599417181114,-0.31956599076173975,0.9030678710441536,IMG_20241003_094247_858_jpg.rf.db7b760b16f009c68319bf18a32c0827.jpg,0,1,0,0,0
0.13847771091259836,0.0,-0.13134599417181114,-0.31956599076173975,0.8515325700328292,IMG_20241003_094248_556_jpg.rf.d60810a39332b3c1a2dfe61a9922ad0f.jpg,0,1,0,0,0
0.14708648748552014,0.0,-0.13134599417181114,-0.31956599076173975,0.8237107266127626,IMG_20241003_094249_068_jpg.rf.19f45aa36812eed5150a7ccd79003aa9.jpg,0,1,0,0,0
0.17134351887499832,0.0,-0.13134599417181114,-0.31956599076173975,0.9292192060614307,IMG_20241003_094250_538_jpg.rf.56d3d174fce96e2a5f606aad71afe432.jpg,0,1,0,0,0
0.14236536534859673,0.0,-0.13134599417181114,-0.31956599076173975,0.9298515832967605,IMG_20241003_094251_065_jpg.rf.2e9207a8ad681408eefe380eaef96f06.jpg,0,1,0,0,0
0.11948726097157397,0.0,-0.13134599417181114,-0.0690649787986557,0.8824121511294751,IMG_20241003_094252_580_jpg.rf.bc3661d8f7cf8df0c44c0b48aa4e293f.jpg,0,1,0,0,0
0.12960504681675836,0.0,-0.13134599417181114,-0.31956599076173975,0.9349163506078103,IMG_20241003_094254_522_jpg.rf.d8e9a398be48f7dd99c5dc89ced3f805.jpg,0,1,0,0,0
0.1280477827023764,0.0,-0.13134599417181114,-0.31956599076173975,0.9284768710077406,IMG_20241003_094255_097_jpg.rf.9688019e07aec5a01a83eb51f6e14b40.jpg,0,1,0,0,0
0.10479583766788608,0.0,-0.13134599417181114,-0.31956599076173975,0.9113859164876358,IMG_20241003_094258_092_jpg.rf.0abce27aeaebbe9b05bd87990a99f059.jpg,0,1,0,0,0
0.10827378476669978,0.0,-0.13134599417181114,-0.31956599076173975,0.9241127553944012,IMG_20241003_094258_505_jpg.rf.cb0ca0908e27782340c78eeeff378a9d.jpg,0,1,0,0,0
0.12182813862644097,0.0,-0.13134599417181114,-0.31956599076173975,0.9077758144544462,IMG_20241003_094300_173_jpg.rf.2601ddf1e116ed8cbf4a6b617f721881.jpg,0,1,0,0,0
0.12372293756149357,0.0,-0.13134599417181114,-0.31956599076173975,0.9196216732369856,IMG_20241003_094300_447_jpg.rf.74903b6146c404336fb24cd8adc22ef6.jpg,0,1,0,0,0
0.12477311289487578,0.0,-0.13134599417181114,-0.31956599076173975,0.9145596608603828,IMG_20241003_094301_007_jpg.rf.4369cdbd9259d01fecddabd2a784b490.jpg,0,1,0,0,0
0.13295122712786153,0.0,-0.13134599417181114,-0.0690649787986557,0.9310453083705927,IMG_20241003_094302_143_jpg.rf.0d08f0d49f1a048379056a49a47814f8.jpg,0,1,0,0,0
0.13113593528801507,0.0,-0.13134599417181114,-0.0690649787986557,0.9197151014486643,IMG_20241003_094302_820_jpg.rf.a2a919f5f07851a68efcf766f39be79d.jpg,0,1,0,0,0
0.1264052696778336,0.0,-0.13134599417181114,-0.31956599076173975,0.9294665512628619,IMG_20241003_094305_757_jpg.rf.b2918babe0a7445548e294ad3df52a53.jpg,0,1,0,0,0
0.12771987000996318,0.0,-0.13134599417181114,-0.31956599076173975,0.9316195325331406,IMG_20241003_094306_768_jpg.rf.c11207a2bab1d06cc7d523cbc716c275.jpg,0,1,0,0,0
0.12681967665123114,0.0,-0.13134599417181114,-0.31956599076173975,0.9283058854023929,IMG_20241003_094307_316_jpg.rf.221189d901f4f56e473d5ea6abe5deb2.jpg,0,1,0,0,0
0.1609094743864755,0.0,-0.13134599417181114,-0.31956599076173975,0.9370241150192318,IMG_20241003_094318_895_jpg.rf.fa8e61e6ab3b1530b737112889948145.jpg,0,1,0,0,0
0.1611798509468426,0.0,-0.13134599417181114,-0.31956599076173975,0.9343497324599312,IMG_20241003_094319_522_jpg.rf.b9fd8b8c110ea3d868cd37ed140a9949.jpg,0,1,0,0,0
0.17152378302440963,0.0,-0.13134599417181114,-0.31956599076173975,0.9226023326389301,IMG_20241003_094321_807_jpg.rf.e26605a138cc16b3e726f4bf3cf402cc.jpg,0,1,0,0,0
0.17139035792712884,0.0,-0.13134599417181114,-0.31956599076173975,0.934560125605846,IMG_20241003_094322_843_jpg.rf.8ffc777d86fce2e785561abf6eb193f9.jpg,0,1,0,0,0
0.17146776755568482,0.0,-0.13134599417181114,-0.31956599076173975,0.9002877229580425,IMG_20241003_094323_823_jpg.rf.1ef90ec5b3f5108d2a9cf9faeafef194.jpg,0,1,0,0,0
0.17117032056636464,0.0,-0.13134599417181114,-0.0690649787986557,0.9321663271309777,IMG_20241003_094324_440_jpg.rf.027d48d1254e48477d2cff5a59f7d935.jpg,0,1,0,0,0
0.1710520758839641,0.0,-0.13134599417181114,-0.0690649787986557,0.9394301310294735,IMG_20241003_094325_028_jpg.rf.c21204f2a5d9fc57b6a2920bcd5468e8.jpg,0,1,0,0,0
0.17079720746764132,0.0,-0.13134599417181114,-0.31956599076173975,0.921051663884582,IMG_20241003_094325_651_jpg.rf.7da2d15ccbc42c50891da8b07b80a5f0.jpg,0,1,0,0,0
0.1712646148014541,0.0,-0.13134599417181114,-0.31956599076173975,0.9213630912568441,IMG_20241003_094326_231_jpg.rf.d8dd2ef4f97faf4a058ac85f8dae887a.jpg,0,1,0,0,0
0.1712239894942746,0.0,-0.13134599417181114,-0.31956599076173975,0.9185155071666624,IMG_20241003_094326_764_jpg.rf.753ec93af915a6204f62f610383f00ec.jpg,0,1,0,0,0
0.17140133029954227,0.0,-0.13134599417181114,-0.31956599076173975,0.9370831664402031,IMG_20241003_094327_091_jpg.rf.0012741a8e1c11ec95c564f666301448.jpg,0,1,0,0,0
0.17124637995076464,0.0,-0.13134599417181114,-0.31956599076173975,0.9239608147706648,IMG_20241003_094327_809_jpg.rf.59e9e3e4b63cd8c4020f94cdc024e46d.jpg,0,1,0,0,0
0.17094806775645124,0.0,-0.13134599417181114,-0.31956599076173975,0.9196287402427408,IMG_20241003_094328_969_jpg.rf.a7e2a18c7f4b98e25054440d52d0c87c.jpg,0,1,0,0,0
0.17113577791247045,0.0,-0.13134599417181114,-0.31956599076173975,0.9380656000199313,IMG_20241003_094329_731_jpg.rf.90d46cbad576cf5918abf1cec5bad813.jpg,0,1,0,0,0
0.17130516145363425,0.0,-0.13134599417181114,-0.31956599076173975,0.9265397328623912,IMG_20241003_094330_149_jpg.rf.22f9efea08f105191559cb840f0b1c2b.jpg,0,1,0,0,0
0.1712692554464175,0.0,-0.13134599417181114,-0.31956599076173975,0.9176984894335087,IMG_20241003_094330_591_jpg.rf.e5281f4bd6d9c59c9e993f198dcd3e6a.jpg,0,1,0,0,0
0.17109895426359428,0.0,-0.13134599417181114,-0.31956599076173975,0.9389793997980034,IMG_20241003_094331_305_jpg.rf.98d10bf5c6e8fe6a2ac6d7bc7e8b79a6.jpg,0,1,0,0,0
0.16875259697710385,0.0,-0.13134599417181114,-0.31956599076173975,0.9275330065102694,IMG_20241003_094332_140_jpg.rf.5f0aa417fb27c0eea1aa7847bb4cb19d.jpg,0,1,0,0,0
0.15128969266986253,0.0,-0.13134599417181114,-0.31956599076173975,0.9320019893022301,IMG_20241003_094332_896_jpg.rf.306f642881b82f8694b979243376bde0.jpg,0,1,0,0,0
0.1541774192079156,0.0,-0.13134599417181114,-0.31956599076173975,0.9011815794063139,IMG_20241003_094333_361_jpg.rf.5975bda52cf5fd9f63da2e44938ef1ff.jpg,0,1,0,0,0
0.1593719133494381,0.0,-0.13134599417181114,-0.31956599076173975,0.9024658579776194,IMG_20241003_094333_792_jpg.rf.df950a808168b92bf48a97c49e89b351.jpg,0,1,0,0,0
0.16001934886766403,0.0,-0.13134599417181114,-0.31956599076173975,0.890490936505229,IMG_20241003_094334_416_jpg.rf.2d2926a5163bb3b15407c92af382587a.jpg,0,1,0,0,0
0.16324967036468116,0.0,-0.13134599417181114,-0.31956599076173975,0.9093837978232664,IMG_20241003_094335_379_jpg.rf.3398c1abb4ddecb6aec755ce632859f0.jpg,0,1,0,0,0
0.16321546854911764,0.0,-0.13134599417181114,-0.31956599076173975,0.9108276230329767,IMG_20241003_094336_362_jpg.rf.999ddb657d9a6eeaf3c38e2d72949088.jpg,0,1,0,0,0
0.16340122543931893,0.0,-0.13134599417181114,-0.31956599076173975,0.8906888725562533,IMG_20241003_094336_913_jpg.rf.803661139a08c6d8814c7eadd54774ec.jpg,0,1,0,0,0
0.1347247400538709,0.0,-0.13134599417181114,-0.31956599076173975,0.8951925914781972,IMG_20241003_094348_990_jpg.rf.37993a5f9de5a48cff2f7db831b26a5c.jpg,0,1,0,0,0
0.1608503520452752,0.0,-0.13134599417181114,-0.31956599076173975,0.9095172923641841,IMG_20241003_094413_278_jpg.rf.e97246afabc55d5490409643a8529cdc.jpg,0,1,0,0,0
0.1626543306743776,0.0,-0.13134599417181114,-0.31956599076173975,0.9066664742205212,IMG_20241003_094417_521_jpg.rf.598ae9b0e4e3f13df59e1e848a340094.jpg,0,1,0,0,0
0.16322459252904567,0.0,-0.13134599417181114,-0.31956599076173975,0.9151589189924701,IMG_20241003_094429_960_jpg.rf.b10a69edec5e3025b02975e7ecd7b026.jpg,0,1,0,0,0
0.16904141813482546,0.0,-0.13134599417181114,-0.31956599076173975,0.915672654376944,IMG_20241003_094433_785_jpg.rf.ab9729e483f53bbbb243bf0a271aae2b.jpg,0,1,0,0,0
0.16822501856876573,0.0,-0.13134599417181114,-0.31956599076173975,0.9188746667727116,IMG_20241003_094437_718_jpg.rf.0e4c8cab7a50c36c64586c75b3b7272f.jpg,0,1,0,0,0
0.15274180815924066,0.0,-0.13134599417181114,-0.31956599076173975,0.9063904417669143,IMG_20241003_094442_174_jpg.rf.0ee1364dbe0bec9f96d48346747f3cf2.jpg,0,1,0,0,0
0.16727651793124815,0.0,-0.13134599417181114,-0.31956599076173975,0.9348590958832176,IMG_20241003_094454_656_jpg.rf.581c1721e21a460bac0a0e23941863e8.jpg,0,1,0,0,0
0.16812102355041944,0.0,-0.13134599417181114,-0.0690649787986557,0.943211697787045,IMG_20241003_094459_089_jpg.rf.372d7cde2a1f04f7cb1c21215bd23b4b.jpg,0,1,0,0,0
0.17124124115747183,0.0,-0.13134599417181114,-0.31956599076173975,0.9337431677625715,IMG_20241003_094506_826_jpg.rf.a458fbaae7eb85366663d158912eddf9.jpg,0,1,0,0,0
0.17096822965462552,0.0,-0.13134599417181114,-0.0690649787986557,0.9190697879994096,IMG_20241003_094511_277_jpg.rf.620e5ee96937c02401da3b15f64921ea.jpg,0,1,0,0,0
0.17098738214697443,0.0,-0.13134599417181114,-0.31956599076173975,0.9271138971350598,IMG_20241003_094515_803_jpg.rf.b5183782a651f6518b3af57bc6bc1f02.jpg,0,1,0,0,0
0.17138070958053828,0.0,-0.13134599417181114,-0.31956599076173975,0.9208010247397904,IMG_20241003_094519_589_jpg.rf.3369117e19437a256c895ad72731ed52.jpg,0,1,0,0,0
0.17099304530692977,0.0,-0.13134599417181114,-0.0690649787986557,0.641089236399248,IMG_20241003_094654_305_jpg.rf.1e56c5aacbefc107a736fb10c1183cd6.jpg,0,0,0,0,1
0.17116999283720055,0.0,-0.13134599417181114,-0.31956599076173975,0.8240084392026692,IMG_20241003_094657_036_jpg.rf.108d244cfbf927ffc26334a396ec215b.jpg,0,1,0,0,0
0.1703168220589309,0.0,-0.13134599417181114,-0.31956599076173975,0.6509000969736924,IMG_20241003_094702_752_jpg.rf.63e9c8520909baf554148604537fd3c4.jpg,0,1,0,0,0
0.1704698715785569,0.0,-0.13134599417181114,-0.31956599076173975,0.8036513901159659,IMG_20241003_094708_221_jpg.rf.957a6d188271c11bd3946e0982febb79.jpg,0,1,0,0,0
0.17085669686550536,0.0,-0.13134599417181114,-0.31956599076173975,0.886585936706459,IMG_20241003_094710_321_jpg.rf.6094f22e802d79be08241ab37eafaabf.jpg,0,1,0,0,0
0.16989456269476197,0.0,-0.13134599417181114,-0.31956599076173975,0.881693233018584,IMG_20241003_094712_391_jpg.rf.1bb6d5bd99c8d51a4837f190eae6ad60.jpg,0,1,0,0,0
0.1698941300922654,0.0,-0.13134599417181114,-0.31956599076173975,0.8818282846963631,IMG_20241003_094712_391_jpg.rf.22520dc176d03f40f967df3b3920ea92.jpg,0,1,0,0,0
0.1713663550431515,0.0,-0.13134599417181114,-0.31956599076173975,0.8794569449262252,IMG_20241003_094724_229_jpg.rf.fa01995de62dcecf39b5b18c3d7d898a.jpg,0,1,0,0,0
0.16822031237796953,0.0,-0.13134599417181114,-0.31956599076173975,0.9113126711652749,IMG_20241003_094727_426_jpg.rf.15b241c883874bfc8db63538f88857b3.jpg,0,1,0,0,0
0.16991149973796169,0.0,-0.13134599417181114,-0.0690649787986557,0.7621688449015026,IMG_20241003_094814_838_jpg.rf.38beced6e0c25263d78d52be82506b31.jpg,0,1,0,0,0
0.17107156921464364,0.0,-0.13134599417181114,-0.31956599076173975,0.8881931415068485,IMG_20241003_094815_285_jpg.rf.289c50331787eb67c835b52ca158c428.jpg,0,1,0,0,0
0.17156657134407208,0.0,-0.13134599417181114,-0.31956599076173975,0.9024009373484786,IMG_20241003_094816_201_jpg.rf.71a227c3d45cfe4d0e9ff735911fb165.jpg,0,1,0,0,0
0.1704427224946044,0.0,-0.13134599417181114,-0.31956599076173975,0.8880359904636147,IMG_20241003_094816_658_jpg.rf.a9ffb8a3e87aa6679131b77d7cf2237a.jpg,0,1,0,0,0
0.1710316255841254,0.0,-0.13134599417181114,-0.31956599076173975,0.8934838134425469,IMG_20241003_094817_553_jpg.rf.4fe6e401c3fee460dc63502198ad4b19.jpg,0,1,0,0,0
0.17112321933090288,0.0,-0.13134599417181114,-0.31956599076173975,0.8886309964142731,IMG_20241003_094818_163_jpg.rf.b1ebce3c919c02f02e4026f622d07b12.jpg,0,1,0,0,0
0.17036779049852885,0.0,-0.13134599417181114,-0.31956599076173975,0.8818888333643163,IMG_20241003_094818_492_jpg.rf.da894d8a27c8ce9dae42f156add3cce6.jpg,0,1,0,0,0
0.1699786317799321,0.0,-0.13134599417181114,-0.31956599076173975,0.7942441873278764,IMG_20241003_094820_065_jpg.rf.f482cd383794fa4d01ab2a477c597d11.jpg,0,1,0,0,0
0.170644708533011,0.0,-0.13134599417181114,-0.31956599076173975,0.8606131933091985,IMG_20241003_094821_018_jpg.rf.5a594ee5113f3ecdf2c4014ae8786c47.jpg,0,1,0,0,0
0.1713036407903129,0.0,-0.13134599417181114,-0.31956599076173975,0.8630166939445103,IMG_20241003_094821_667_jpg.rf.ca90ecbcfc6b8fe214a05ba154d2a11d.jpg,0,1,0,0,0
0.1706973287275959,0.0,-0.13134599417181114,-0.0690649787986557,0.64869243624363,IMG_20241003_094824_251_jpg.rf.3738cbb64dd13630b49d894fa54ae2a7.jpg,0,1,0,0,0
0.0,0.0,-0.13134599417181114,-0.0690649787986557,0.7696707110701411,IMG_20241003_094824_826_jpg.rf.78ea6166c4bbd02a1aaef17df82f8093.jpg,0,0,0,0,1
0.17107752077626337,0.0,-0.13134599417181114,-0.0690649787986557,0.5005337086592141,IMG_20241003_094826_222_jpg.rf.9a8ea8c7d4d5193a8515b9c285005e96.jpg,0,1,0,0,0
0.0,0.0,-0.13134599417181114,-0.0690649787986557,0.7216803519033482,IMG_20241003_094828_054_jpg.rf.2dc2a8887460ca4a8554a8993fd6e3ba.jpg,0,0,0,0,1
0.17115566451814693,0.0,-0.13134599417181114,-0.0690649787986557,0.6018662165503046,IMG_20241003_094828_569_jpg.rf.2bf9bdcc3549f74309eb3a6f6495bc83.jpg,0,0,0,0,1
0.1640599610591224,0.0,-0.13134599417181114,-0.31956599076173975,0.7128837264345302,IMG_20241003_094842_714_jpg.rf.961a7383a994c834f400f74a1a58c62f.jpg,0,1,0,0,0
0.17126285817313464,0.0,-0.13134599417181114,-0.31956599076173975,0.7689465226498732,IMG_20241003_094853_324_jpg.rf.4e4ce86502400a6208a2778a47df1a49.jpg,0,1,0,0,0
0.17067757321358507,0.0,-0.13134599417181114,-0.31956599076173975,0.9026699626862096,IMG_20241003_094858_905_jpg.rf.2d12bc18525e90142824d642c2a5cfb1.jpg,0,1,0,0,0
0.17069595226510675,0.0,-0.13134599417181114,-0.31956599076173975,0.9115809778244546,IMG_20241003_094903_065_jpg.rf.5333846e38042b018217ebc4a9a1a841.jpg,0,1,0,0,0
0.1716999571138532,0.0,-0.13134599417181114,-0.31956599076173975,0.9482338833939259,IMG_20241003_094903_659_jpg.rf.637a56db06ea4fe6f4adc730d70d3da5.jpg,0,1,0,0,0
0.17138259730052338,0.0,-0.13134599417181114,-0.31956599076173975,0.9379727108171662,IMG_20241003_094908_664_jpg.rf.d4aa9510091dec3f9052d64bb43b05f6.jpg,0,1,0,0,0
0.1713087795836057,0.0,-0.13134599417181114,-0.0690649787986557,0.929106613088382,IMG_20241003_094913_183_jpg.rf.bdc68093a4b2463384afd374c261ad85.jpg,0,1,0,0,0
0.17138852264380997,0.0,-0.13134599417181114,-0.31956599076173975,0.935116083355213,IMG_20241003_094916_814_jpg.rf.8e702aa295d0fde3073ede76c48a7a96.jpg,0,1,0,0,0
0.1709786121145436,0.0,-0.13134599417181114,-0.31956599076173975,0.9199930503784082,IMG_20241003_094921_838_jpg.rf.1926d15d574dd3b596675b5a75660d99.jpg,0,1,0,0,0
0.08847661637912264,0.0,-0.13134599417181114,-0.31956599076173975,0.872885108692944,IMG_20241003_094926_948_jpg.rf.44fdb028a163661f30efe08e7485251f.jpg,0,1,0,0,0
0.09251842150473828,0.0,-0.13134599417181114,-0.31956599076173975,0.7799599720002836,IMG_20241003_094932_075_jpg.rf.5a0cb4a218290f45dd32d4966d6f3ff1.jpg,0,1,0,0,0
0.12495789970675138,0.0,-0.13134599417181114,-0.31956599076173975,0.8641723290551198,IMG_20241003_094941_541_jpg.rf.cf8e81487ca8c0123c64ef42136ab812.jpg,0,1,0,0,0
0.12321864103297177,0.0,-0.13134599417181114,-0.31956599076173975,0.8933727177164803,IMG_20241003_094946_085_jpg.rf.e690d2123d8c559bb2b2feed1c0c897d.jpg,0,1,0,0,0
0.11352369135528514,0.0,-0.13134599417181114,-0.31956599076173975,0.912482500177274,IMG_20241003_095005_802_jpg.rf.f53a39b47643c967f43d3ff9b9b29c28.jpg,0,1,0,0,0
0.08892377660517849,0.0,-0.13134599417181114,-0.31956599076173975,0.9077125707419254,IMG_20241003_095010_663_jpg.rf.22838fd17fcc70b3c690516415514a0b.jpg,0,1,0,0,0
0.0931136366579595,0.0,-0.13134599417181114,-0.31956599076173975,0.906698814755333,IMG_20241003_095020_882_jpg.rf.24c60cb52757f200409ea7fee7b5c0d1.jpg,0,1,0,0,0
0.10941403973812139,0.0,-0.13134599417181114,-0.31956599076173975,0.8921488680333697,IMG_20241003_095026_112_jpg.rf.81052ca9d981d97011c502c50f1fc4fc.jpg,0,1,0,0,0
0.1575485986996549,0.0,-0.13134599417181114,-0.31956599076173975,0.9098867530294696,IMG_20241003_095035_667_jpg.rf.d45110b2e0d14414c0b6c0a8d41119df.jpg,0,1,0,0,0
0.1404804900526325,0.0,-0.13134599417181114,-0.31956599076173975,0.8431183414432215,IMG_20241003_095041_121_jpg.rf.bb10a4430dd229946682eaa5052bb7a7.jpg,0,1,0,0,0
0.13365335408898935,0.0,-0.13134599417181114,-0.31956599076173975,0.9291193097427897,IMG_20241003_095047_946_jpg.rf.73e44a64be6da607a8a4c13fdd3e106f.jpg,0,1,0,0,0
0.13105320333783435,0.0,-0.13134599417181114,-0.31956599076173975,0.9343351193293866,IMG_20241003_095048_899_jpg.rf.c1935f00879d9edce139aaae844fc205.jpg,0,1,0,0,0
0.11643245810567224,0.0,-0.13134599417181114,-0.31956599076173975,0.9468750419229154,IMG_20241003_095049_820_jpg.rf.c4aafe2d670b7427ac80f2790d87f887.jpg,0,1,0,0,0
0.1284679577090618,0.0,-0.13134599417181114,-0.31956599076173975,0.9134888897087148,IMG_20241003_095051_800_jpg.rf.c19b78f081d54e14134b117e17c37e1c.jpg,0,1,0,0,0
0.12930155650165248,0.0,-0.13134599417181114,-0.31956599076173975,0.9091429207287975,IMG_20241003_095052_707_jpg.rf.3a218c1f1bd3dcb32c36086c7e3a7d48.jpg,0,1,0,0,0
0.11411107378148481,0.0,-0.13134599417181114,-0.31956599076173975,0.8584328423640882,IMG_20241003_095053_637_jpg.rf.c8531f455eb0537e0bc4f61f57e01789.jpg,0,1,0,0,0
0.11712817468435065,0.0,-0.13134599417181114,-0.31956599076173975,0.9219018606108575,IMG_20241003_095055_646_jpg.rf.1565065f37fc7b65c4bb1adc6b320db3.jpg,0,1,0,0,0
0.11873467682834418,0.0,-0.13134599417181114,-0.31956599076173975,0.932384086732044,IMG_20241003_095056_417_jpg.rf.22017be4d676452fdc51d99019a7d83e.jpg,0,1,0,0,0
0.11666542110466782,0.0,-0.13134599417181114,-0.31956599076173975,0.9308597096347004,IMG_20241003_095057_014_jpg.rf.395fbb3c40c2413b85965ac85138249f.jpg,0,1,0,0,0
0.11496867545805284,0.0,-0.13134599417181114,-0.31956599076173975,0.9401681540118553,IMG_20241003_095057_741_jpg.rf.b36450015078b86807ad050639738814.jpg,0,1,0,0,0
0.117585750143241,0.0,-0.13134599417181114,-0.31956599076173975,0.9207944967429488,IMG_20241003_095058_488_jpg.rf.3a398b6984af2a6489caa347b978d9cf.jpg,0,1,0,0,0
0.09491884099413554,0.0,-0.13134599417181114,-0.31956599076173975,0.9268601437165455,IMG_20241003_095100_153_jpg.rf.431e3b7008da16cfa4734719e3ee3335.jpg,0,1,0,0,0
0.12350002929325202,0.0,-0.13134599417181114,-0.31956599076173975,0.9308783952770362,IMG_20241003_095105_669_jpg.rf.1a6fb4400d69ae13121ff4ad037ddfb1.jpg,0,1,0,0,0
0.12440772109525823,0.0,-0.13134599417181114,-0.31956599076173975,0.9270606550323788,IMG_20241003_095106_746_jpg.rf.aab48fff82e1a4d0e29154b973561cf4.jpg,0,1,0,0,0
0.12054890682569903,0.0,-0.13134599417181114,-0.31956599076173975,0.9060174475987511,IMG_20241003_095109_048_jpg.rf.27749cb902c5e9affb3a47a974b8c9e2.jpg,0,1,0,0,0
0.11708500619885785,0.0,-0.13134599417181114,-0.31956599076173975,0.8978839827632136,IMG_20241003_095109_663_jpg.rf.e61b7416fa490510b4cea33d4323d50a.jpg,0,1,0,0,0
0.12199937056009016,0.0,-0.13134599417181114,-0.31956599076173975,0.9028292098752182,IMG_20241003_095110_443_jpg.rf.1597a9ee2e65d0e747e196065854fba9.jpg,0,1,0,0,0
0.12019136741685287,0.0,-0.13134599417181114,-0.31956599076173975,0.9069171732551922,IMG_20241003_095111_499_jpg.rf.e68d00b859cc10cc461efa4f17c9a767.jpg,0,1,0,0,0
0.12019181312851603,0.0,-0.13134599417181114,-0.31956599076173975,0.9069061535174044,IMG_20241003_095111_499_jpg.rf.f2ace26b3c65861ecf69d88e8284907f.jpg,0,1,0,0,0
0.12069352715122483,0.0,-0.13134599417181114,-0.31956599076173975,0.9023357771598206,IMG_20241003_095111_971_jpg.rf.f854d49f70df29948386bacfb7a5fda7.jpg,0,1,0,0,0
0.13300597100742967,0.0,-0.13134599417181114,-0.31956599076173975,0.9062397588306429,IMG_20241003_095112_929_jpg.rf.708aa33a6bc5855327dcc92a26db4635.jpg,0,1,0,0,0
0.13260573504308698,0.0,-0.13134599417181114,-0.31956599076173975,0.9111780387166508,IMG_20241003_095114_243_jpg.rf.e4fe033acd0d83ead5e2ee962ae4c8cf.jpg,0,1,0,0,0
0.13407813041313843,0.0,-0.13134599417181114,-0.31956599076173975,0.9093039646141845,IMG_20241003_095114_632_jpg.rf.e3d45886f87a3d36b4e9a65f3b635f7c.jpg,0,1,0,0,0
0.1323288301177714,0.0,-0.13134599417181114,-0.31956599076173975,0.9073798225726392,IMG_20241003_095115_225_jpg.rf.1edd72b5effd631e0c71fe544e7b71da.jpg,0,1,0,0,0
0.09499234409105571,0.0,-0.13134599417181114,-0.31956599076173975,0.9151080724849604,IMG_20241003_095119_759_jpg.rf.924b5f96ee29db202ce7cf3e0a459cf5.jpg,0,1,0,0,0
0.10406680414238717,0.0,-0.13134599417181114,-0.31956599076173975,0.9482201087216912,IMG_20241003_095121_445_jpg.rf.96dd7097e1c386177156f716aeb9ccb2.jpg,0,1,0,0,0
0.1014696422812086,0.0,-0.13134599417181114,-0.31956599076173975,0.9307218431325952,IMG_20241003_095122_428_jpg.rf.590d37d53f5e447fcbb4d4a1f7f7864d.jpg,0,1,0,0,0
0.10812524480037157,0.0,-0.13134599417181114,-0.31956599076173975,0.9392322548683284,IMG_20241003_095122_733_jpg.rf.aa07c7f0237b72bde4e539ae22d59186.jpg,0,1,0,0,0
0.08999141334842294,0.0,-0.13134599417181114,-0.31956599076173975,0.9157832709839763,IMG_20241003_095124_349_jpg.rf.e1747561d10ad4dfb96d6d70ab9b3314.jpg,0,1,0,0,0
0.09993094074668021,0.0,-0.13134599417181114,-0.31956599076173975,0.9186882894683887,IMG_20241003_095125_819_jpg.rf.36553d77e88af81f9ee9af2225d38308.jpg,0,1,0,0,0
0.10727029117544934,0.0,-0.13134599417181114,-0.31956599076173975,0.9384776423893857,IMG_20241003_095126_266_jpg.rf.8f8e9aa3c34274dfd199814cc8f16b25.jpg,0,1,0,0,0
0.11197465979750491,0.0,-0.13134599417181114,-0.31956599076173975,0.943718006826488,IMG_20241003_095126_878_jpg.rf.0e2003367e983e299b765df74d667c14.jpg,0,1,0,0,0
0.10911468536506623,0.0,-0.13134599417181114,-0.31956599076173975,0.9208439058933557,IMG_20241003_095128_047_jpg.rf.fb2e8ca2acc56571e34649acd7ad23c9.jpg,0,1,0,0,0
0.0932402449886274,0.0,-0.13134599417181114,-0.31956599076173975,0.9005890289407061,IMG_20241003_095131_090_jpg.rf.c449dbd7f635131686518b87dc81e797.jpg,0,1,0,0,0
0.11254104133887025,0.0,-0.13134599417181114,-0.31956599076173975,0.9385319026200145,IMG_20241003_095131_527_jpg.rf.899e9358e554ac3bdbf2c62a01dfa65e.jpg,0,1,0,0,0
0.10988706434980654,0.0,-0.13134599417181114,-0.31956599076173975,0.9438913281371276,IMG_20241003_095133_215_jpg.rf.1d138bfaddf836790a1d1b19af3d2689.jpg,0,1,0,0,0
0.11003648263029449,0.0,-0.13134599417181114,-0.31956599076173975,0.9480561901220986,IMG_20241003_095133_937_jpg.rf.792ba9640a64ed10bb59c2443d246dab.jpg,0,1,0,0,0
0.10549875773359099,0.0,-0.13134599417181114,-0.31956599076173975,0.9305046225404424,IMG_20241003_095135_198_jpg.rf.cd33b991120d414978dd00d27cbaa5db.jpg,0,1,0,0,0
0.09597672451745695,0.0,-0.13134599417181114,-0.31956599076173975,0.9350536182111228,IMG_20241003_095135_669_jpg.rf.d5d4c38543ffc3f439f2b0e650cbb33c.jpg,0,1,0,0,0
0.1566729719190624,0.0,-0.13134599417181114,-0.31956599076173975,0.9353304891230396,IMG_20241003_095139_755_jpg.rf.fc77c2df7fda08917121209eb7e8428e.jpg,0,1,0,0,0
0.16500747850914776,0.0,-0.13134599417181114,-0.31956599076173975,0.9227923632258892,IMG_20241003_095146_131_jpg.rf.b60dd263363e26c775284b7fd21ca482.jpg,0,1,0,0,0
0.15943436541894543,0.0,-0.13134599417181114,-0.31956599076173975,0.9351611205444325,IMG_20241003_095151_149_jpg.rf.58877afe44a1a5dd9d5a97b51a1ce6a7.jpg,0,1,0,0,0
0.15042541842751384,0.0,-0.13134599417181114,-0.31956599076173975,0.8939740719943425,IMG_20241003_095200_717_jpg.rf.39e5b09fe5d84dc243442d6ce6a82e1b.jpg,0,1,0,0,0
0.15786334978883862,0.0,-0.13134599417181114,-0.31956599076173975,0.9118456910908773,IMG_20241003_095215_777_jpg.rf.a8140db451913ce3e13db37197fde3da.jpg,0,1,0,0,0
0.14448087021190825,0.0,-0.13134599417181114,-0.31956599076173975,0.8988643800870463,IMG_20241003_095220_757_jpg.rf.7b0b9a797902cb96b2097c7d8d3ea28e.jpg,0,1,0,0,0
0.10782707680689038,0.0,-0.13134599417181114,-0.31956599076173975,0.9056511610970676,IMG_20241003_095230_057_jpg.rf.a10a5a96146824fa116dc238654208b6.jpg,0,1,0,0,0
0.11093476205070828,0.0,-0.13134599417181114,-0.31956599076173975,0.9255377751820173,IMG_20241003_095236_062_jpg.rf.7a1d32108c2ffa5d7b87842b79841089.jpg,0,1,0,0,0
0.11795878458696493,0.0,-0.13134599417181114,-0.31956599076173975,0.8913796424238823,IMG_20241003_095240_533_jpg.rf.72cbccb8d11be9948511ba103f970cdd.jpg,0,1,0,0,0
0.12918869968670943,0.0,-0.13134599417181114,-0.31956599076173975,0.8961090264109576,IMG_20241003_095245_425_jpg.rf.f2cc505b5902e4fca64b5d4dd8ed107a.jpg,0,1,0,0,0
0.06865927298420464,0.0,-0.13134599417181114,-0.31956599076173975,0.32709842757924146,IMG_20241003_095310_559_jpg.rf.29b858d43782ee7f209b023499e44379.jpg,0,1,0,0,0
0.22038369839022107,0.0,-0.13134599417181114,-0.31956599076173975,0.5624311266388267,IMG_20241003_095343_967_jpg.rf.f1bc8aad5a9b2d31cab5db5ed0834573.jpg,0,1,0,0,0
0.2505297147928265,0.0,-0.13134599417181114,-0.31956599076173975,0.5262427868629393,IMG_20241003_095349_333_jpg.rf.954061a86e20bc8e05d7c3cf808feea0.jpg,0,1,0,0,0
0.07060442422802671,0.0,-0.13134599417181114,-0.31956599076173975,0.3102911115274123,IMG_20241003_095359_669_jpg.rf.506d0b094b6ed0f8c758646a0f5d06de.jpg,0,1,0,0,0
0.23854270599655442,0.0,-0.13134599417181114,-0.31956599076173975,0.6434862689275974,IMG_20241003_095404_946_jpg.rf.ebb97a601a2f3e0cfb28903c3f14d926.jpg,0,1,0,0,0
0.06541841171727066,0.0,-0.13134599417181114,-0.31956599076173975,0.31039798501698956,IMG_20241003_095410_317_jpg.rf.e9b4c0acd4f543ac6ce3d4d47ebda833.jpg,0,1,0,0,0
0.0,0.0,-0.13134599417181114,-0.31956599076173975,0.0,IMG_20241003_095419_433_jpg.rf.7e9e46d1f83a5ca2e476c8e11b8eb72d.jpg,0,0,0,0,0
0.27187287996612447,0.0,-0.13134599417181114,-0.31956599076173975,0.5093905534016493,IMG_20241003_095429_855_jpg.rf.7e37c2915d779d24155bf22fe3a36024.jpg,0,1,0,0,0
0.15022369457243848,0.0,-0.13134599417181114,-0.31956599076173975,0.395450387463563,IMG_20241003_095439_408_jpg.rf.c944b4998bbfeeea03dd4810c226412c.jpg,0,1,0,0,0
0.1505924554278628,0.0,-0.13134599417181114,-0.31956599076173975,0.6934333502302645,IMG_20241003_095444_614_jpg.rf.5f9903c35f59b6be49fd1b80cac1a53d.jpg,0,1,0,0,0
0.14458208608694312,0.0,-0.13134599417181114,-0.31956599076173975,0.6811923979141074,IMG_20241003_095449_780_jpg.rf.5136df6f56348682836bcaa266471ec8.jpg,0,1,0,0,0
0.20107474813837586,0.0,-0.13134599417181114,-0.31956599076173975,0.6951826737141882,IMG_20241003_095454_112_jpg.rf.a4e6756e87565ca3c133235e7273b88f.jpg,0,1,0,0,0
0.1689746531495188,0.0,-0.13134599417181114,-0.31956599076173975,0.8383859030723029,IMG_20241003_095503_867_jpg.rf.c99a2002b191dba594e54e237d635e57.jpg,0,1,0,0,0
0.24416264502972068,0.0,-0.13134599417181114,-0.31956599076173975,0.6886724042768081,IMG_20241003_095527_235_jpg.rf.a8bdae342488aa89a37482dc163003b6.jpg,0,1,0,0,0
0.2317397761089703,0.0,-0.13134599417181114,-0.31956599076173975,0.6486194304807863,IMG_20241003_095532_488_jpg.rf.f2de55da2051b56dda7c5340aaa179be.jpg,0,1,0,0,0
0.02495049810744519,0.0,-0.13134599417181114,-0.31956599076173975,0.8682758039138275,IMG_8574_jpg.rf.df718f0f13e3809db45250c0c4b16bbb.jpg,0,1,0,0,0
0.09314992283100658,0.0,-0.13134599417181114,-0.0690649787986557,0.8616231762333961,IMG_8576_jpg.rf.205316e29ba8ccdd880e8569152150e6.jpg,0,1,0,0,0
0.09314992283100658,0.0,-0.13134599417181114,-0.0690649787986557,0.8616231762333961,IMG_8576_jpg.rf.8389f263754d1f0756217a221a210c04.jpg,0,1,0,0,0
0.0700767343917728,0.0,-0.13134599417181114,-0.0690649787986557,0.9466696795268603,IMG_8576_jpg.rf.ceadf48fd8ad69542ceca091dd03e172.jpg,0,0,0,0,1
0.07083417548121428,0.0,-0.13134599417181114,-0.0690649787986557,0.8716156828117004,IMG_8578_jpg.rf.29d1f7336e5d6e18cc583e7c196194de.jpg,0,1,0,0,0
0.11149744680710279,0.0,-0.13134599417181114,-0.0690649787986557,0.8432116498751415,IMG_8580_jpg.rf.9f4c960fd668c50408a7773268474c7f.jpg,0,0,0,0,1
0.11208378049997741,0.0,-0.13134599417181114,-0.0690649787986557,0.9060379898273446,IMG_8583_jpg.rf.64a1030a715d4f798555b88c9ec90236.jpg,0,1,0,0,0
0.030804951937198975,0.0,-0.13134599417181114,-0.0690649787986557,0.9413154644292446,IMG_8591_jpg.rf.35bb6e4d4f78e4bb00846933ca83921b.jpg,0,1,0,0,0
0.04851117548502085,0.0,-0.13134599417181114,-0.0690649787986557,0.8693814309752371,IMG_8591_jpg.rf.3d8d202e254f334a8b2a6a59a43e2a37.jpg,0,1,0,0,0
0.18865837480965758,0.0,-0.13134599417181114,-0.0690649787986557,0.8961156142976785,IMG_8598_jpg.rf.37c51133287a5f79d1759d74cc478223.jpg,0,1,0,0,0
0.07552319982380756,0.0,-0.13134599417181114,-0.0690649787986557,0.9359051325147424,IMG_8599_jpg.rf.284e365881cabff07770080cc10ca14d.jpg,0,1,0,0,0
0.043698721784651263,0.0,-0.13134599417181114,-0.0690649787986557,0.9001314103731187,IMG_8604_jpg.rf.71ae6fa2dc2bfe6eaa16375840f3cf4a.jpg,0,1,0,0,0
0.05752511379162142,0.0,-0.13134599417181114,-0.0690649787986557,0.8597498806993604,IMG_8604_jpg.rf.c56285dcf5c5e96d47db0783f7dbfc5b.jpg,0,1,0,0,0
0.08845914841467711,0.0,-0.13134599417181114,-0.0690649787986557,0.8404363528692522,IMG_8608_jpg.rf.6cd1f9ee72500100686a5ae850b6036c.jpg,0,1,0,0,0
0.0,0.0,-0.13134599417181114,-0.31956599076173975,0.0,istockphoto-104785221-612x612_jpg.rf.a1aada4731ee1c345de23ebbae088d3f.jpg,0,0,0,0,0
0.0,0.0,-0.13134599417181114,-0.31956599076173975,0.0,istockphoto-1078964494-612x612_jpg.rf.bd488066549c464c1c6aaa0715712227.jpg,0,0,0,0,0
0.0,0.0,-0.13134599417181114,-0.31956599076173975,0.0,istockphoto-1089946948-612x612_jpg.rf.5a81bcca3b57f37ca41c5ab032ccdfc2.jpg,0,0,0,0,0
0.0,0.0,-0.13134599417181114,-0.31956599076173975,0.0,istockphoto-1149323996-612x612_jpg.rf.20edf98ca031b9bed5b6f31306b5bab1.jpg,0,0,0,0,0
0.0,0.0,-0.13134599417181114,-0.31956599076173975,0.0,istockphoto-1226128061-612x612_jpg.rf.cd574d6ca282cd39e1a1c9c744aaf298.jpg,0,0,0,0,0
0.0,0.0,-0.13134599417181114,-0.31956599076173975,0.0,istockphoto-1290605223-612x612_jpg.rf.95e80ce9fbc76f2c131bd918fc602bcd.jpg,0,0,0,0,0
0.0,0.0,-0.13134599417181114,-0.31956599076173975,0.0,istockphoto-1351243064-612x612_jpg.rf.25c7cdd8edfc77c675b7e915350e0900.jpg,0,0,0,0,0
0.0,0.0,-0.13134599417181114,-0.31956599076173975,0.0,istockphoto-1388361613-612x612_jpg.rf.5407472bfdd3bb24c10b04a147439c70.jpg,0,0,0,0,0
0.0,0.0,-0.13134599417181114,-0.31956599076173975,0.0,istockphoto-1398421870-612x612_jpg.rf.ffd1f477f07ea544e8915d79333010ea.jpg,0,0,0,0,0
0.0,0.0,-0.13134599417181114,-0.31956599076173975,0.0,istockphoto-1401897047-612x612_jpg.rf.ec0009a8062af162e212bcdd0ac73873.jpg,0,0,0,0,0
0.0,0.0,-0.13134599417181114,-0.31956599076173975,0.0,istockphoto-1423354370-612x612_jpg.rf.8d96f312510ed5824360e5f83c0399ce.jpg,0,0,0,0,0
0.0,0.0,-0.13134599417181114,-0.31956599076173975,0.0,istockphoto-1440663079-612x612_jpg.rf.298fd994b864be6e419088ab76e112dc.jpg,0,0,0,0,0
0.0,0.0,-0.13134599417181114,-0.31956599076173975,0.0,istockphoto-1447677732-612x612_jpg.rf.20a817441ce7e212705e3ddf3dfe40b5.jpg,0,0,0,0,0
0.0,0.0,-0.13134599417181114,-0.31956599076173975,0.0,istockphoto-178618580-612x612_jpg.rf.d0147674a6acc6a2679dafbaa08f7915.jpg,0,0,0,0,0
0.0,0.0,-0.13134599417181114,-0.31956599076173975,0.0,istockphoto-185894655-612x612_jpg.rf.28b5fd9f29459356d238a31677372b1f.jpg,0,0,0,0,0
0.0,0.0,-0.13134599417181114,-0.31956599076173975,0.0,istockphoto-465524890-612x612_jpg.rf.462e7a41d166334d848e47c149fb64df.jpg,0,0,0,0,0
0.0,0.0,-0.13134599417181114,-0.31956599076173975,0.0,istockphoto-528914410-612x612_jpg.rf.5edd9be03ee9ba3296bf5c0c2667ba4a.jpg,0,0,0,0,0
0.0,0.0,-0.13134599417181114,-0.31956599076173975,0.0,istockphoto-528915118-612x612_jpg.rf.4dcb1a54c796911521e82d8ebb27b289.jpg,0,0,0,0,0
0.0,0.0,-0.13134599417181114,-0.31956599076173975,0.0,istockphoto-528916734-612x612_jpg.rf.29b651a09179388f25cad9703c7070bb.jpg,0,0,0,0,0
0.07394355836210213,0.0,-0.13134599417181114,-0.31956599076173975,0.6844404656270422,istockphoto-664677554-612x612_jpg.rf.759b0e2281bda40b00f411ac011029f1.jpg,0,1,0,0,0
0.0,0.0,-0.13134599417181114,-0.31956599076173975,0.0,istockphoto-91407436-612x612_jpg.rf.2237d5b8127d2f7ea3565acb42b9a29a.jpg,0,0,0,0,0
0.0,0.0,-0.13134599417181114,-0.31956599076173975,0.0,istockphoto-93424350-612x612_jpg.rf.81f37a1cdf867c8fd10dc333d43c15a7.jpg,0,0,0,0,0
0.0,0.0,-0.13134599417181114,-0.31956599076173975,0.0,name_clean10_PNG_jpg.rf.9359545ef8449dbd6e93e352dabca157.jpg,0,0,0,0,0
0.0,0.0,-0.13134599417181114,-0.31956599076173975,0.0,name_clean11_PNG_jpg.rf.98ec87580d9cd99cfe0fad52c02064cc.jpg,0,0,0,0,0
0.0,0.0,-0.13134599417181114,-0.31956599076173975,0.0,name_clean12_PNG_jpg.rf.170a27ce623018a412ea2bd6d2a44818.jpg,0,0,0,0,0
0.0,0.0,-0.13134599417181114,-0.31956599076173975,0.0,name_clean14_PNG_jpg.rf.069a3b1854a0614ea2d1a2b4cf453584.jpg,0,0,0,0,0
0.0,0.0,-0.13134599417181114,-0.31956599076173975,0.0,name_clean16_PNG_jpg.rf.d80472bc2bc476adc82b9c7402fe8d62.jpg,0,0,0,0,0
0.0,0.0,-0.13134599417181114,-0.31956599076173975,0.0,name_clean17_PNG_jpg.rf.747757908dcd57069adcfc34daaaacdd.jpg,0,0,0,0,0
0.0,0.0,-0.13134599417181114,-0.31956599076173975,0.0,name_clean2_PNG_jpg.rf.508c8152e2369a403b260082408ea976.jpg,0,0,0,0,0
0.0,0.0,-0.13134599417181114,-0.31956599076173975,0.0,name_clean4_PNG_jpg.rf.b0c0595aebaac87abe4320cc062eb3d8.jpg,0,0,0,0,0
0.0,0.0,-0.13134599417181114,-0.31956599076173975,0.0,name_clean5_PNG_jpg.rf.edc2524f7d0f74a24fe6ca0155a837f4.jpg,0,0,0,0,0
0.0,0.0,-0.13134599417181114,-0.31956599076173975,0.0,name_clean7_PNG_jpg.rf.9033605e386080a0475f84babd7b17d2.jpg,0,0,0,0,0
0.0,0.0,-0.13134599417181114,-0.0690649787986557,0.9387730192740005,NewCleanXDirty1_jpeg_jpg.rf.a3849734a1a64612e43d99a81c483410.jpg,0,0,0,0,1
0.0,0.0,-0.13134599417181114,20.973020026100407,0.9051525778520518,NewPhysical2_jpeg_jpg.rf.6e64ded8ae018b4fee8a04ca00cbfec8.jpg,0,0,0,0,1
0.0,0.12329402984987035,-0.13134599417181114,-0.31956599076173975,0.5377413442355272,NewSnow5_jpeg_jpg.rf.15aa99f9f4b0576b8b7ceb5648f69277.jpg,0,0,1,0,0
0.0,0.17246617536886366,-0.13134599417181114,0.6824380570905965,0.865763303698224,NewSnow7_jpeg_jpg.rf.37d97ce4ec1510fd413d78297d98bf02.jpg,0,0,0,0,1
0.0,0.0,-0.13134599417181114,-0.31956599076173975,0.0,OIP-14-_jpg.rf.94c54deb9a49d42aab6cef313206060f.jpg,0,0,0,0,0
0.0,0.0,-0.13134599417181114,-0.31956599076173975,0.0,panel1004201_png_jpg.rf.a2c4c0724d8fc89074ce0cb4c2614bfe.jpg,0,0,0,0,0
0.0,0.0,-0.13134599417181114,-0.31956599076173975,0.0,panel1004301_png_jpg.rf.f6fd3b084ae15b8fed903221199cb1f7.jpg,0,0,0,0,0
0.0,0.0,-0.13134599417181114,-0.31956599076173975,0.0,panel1004451_png_jpg.rf.553467f732cd82f7d419fff198121f57.jpg,0,0,0,0,0
0.0,0.0,-0.13134599417181114,-0.31956599076173975,0.0,panel1200301_png_jpg.rf.dd631e5c8ecaedb47db57a3ad64c3464.jpg,0,0,0,0,0
0.0,0.0,-0.13134599417181114,-0.31956599076173975,0.0,panel1200551_png_jpg.rf.7f9e44c08ac925269420a4e6ec23f811.jpg,0,0,0,0,0
0.0,0.0,-0.13134599417181114,-0.31956599076173975,0.0,panel123901_png_jpg.rf.0bb8659832a9bd72ee7accf8c2e427ef.jpg,0,0,0,0,0
0.0,0.0,-0.13134599417181114,-0.31956599076173975,0.0,panel123951_png_jpg.rf.16d53664c000ed4b225d0f1a3128c6fd.jpg,0,0,0,0,0
0.0,0.0,-0.13134599417181114,-0.31956599076173975,0.0,panel126351_png_jpg.rf.e53fa93dae5a52ebe70627698ff2b931.jpg,0,0,0,0,0
0.03019295705077679,0.0,-0.13134599417181114,-0.0690649787986557,0.6078904197274387,panel1300501_png_jpg.rf.a055a02845a5b60e4cdacef66eaeb420.jpg,0,0,0,0,1
0.028875190854922177,0.0,-0.13134599417181114,-0.0690649787986557,0.4006988969242474,panel1300551_png_jpg.rf.ec8ccb27bbce70d1451398fdd1c676df.jpg,0,1,0,0,0
0.0,0.0,-0.13134599417181114,-0.31956599076173975,0.0,panel1302351_png_jpg.rf.5f05f3e24e3f2eed001ba4544a6dfc5a.jpg,0,0,0,0,0
0.0,0.0,-0.13134599417181114,-0.31956599076173975,0.0,panel1601351_png_jpg.rf.982da12a72681bd6661f29fc8e0260d6.jpg,0,0,0,0,0
0.0,0.0,-0.13134599417181114,-0.31956599076173975,0.0,panel1602101_png_jpg.rf.83c6ca4f8ebf055d3f79178a8de4a212.jpg,0,0,0,0,0
0.0,0.0,-0.13134599417181114,-0.31956599076173975,0.0,panel1602151_png_jpg.rf.b97f18ab3bdf412d86577f9d3d02e574.jpg,0,0,0,0,0
0.0,0.0,-0.13134599417181114,-0.31956599076173975,0.0,panel1602251_png_jpg.rf.c1e392ffd064e3b3413454f63ff8905f.jpg,0,0,0,0,0
0.0,0.0,-0.13134599417181114,-0.31956599076173975,0.0,panel1602301_png_jpg.rf.4ef3d7d5ffcd0d42aced96ca76379873.jpg,0,0,0,0,0
0.0,0.0,-0.13134599417181114,-0.31956599076173975,0.0,panel1602451_png_jpg.rf.bbf135ada646294c14cd377770999ecb.jpg,0,0,0,0,0
0.0,0.0,-0.13134599417181114,-0.31956599076173975,0.0,panel1602501_png_jpg.rf.62fb006c7e97ac88f476a09de6f50763.jpg,0,0,0,0,0
0.0,0.0,-0.13134599417181114,-0.31956599076173975,0.0,panel1602551_png_jpg.rf.8e5fadedfcf5239dabbb0e9e161dbb87.jpg,0,0,0,0,0
0.0,0.0,-0.13134599417181114,-0.31956599076173975,0.0,panel1602701_png_jpg.rf.2776e49e3ffbc8e58fb31e633ef41d84.jpg,0,0,0,0,0
0.0,0.0,-0.13134599417181114,-0.31956599076173975,0.0,panel1603151_png_jpg.rf.2b6a6719dc4e45d88febf2dbbaec1823.jpg,0,0,0,0,0
0.0,0.0,-0.13134599417181114,-0.31956599076173975,0.0,panel1603201_png_jpg.rf.c5dcedb841a402d5f53c8ac85c9960ac.jpg,0,0,0,0,0
0.0,0.0,-0.13134599417181114,-0.31956599076173975,0.0,panel1_PNG_jpg.rf.0263227832de31a7fa1dc4491acfaaa0.jpg,0,0,0,0,0
0.0,0.0,-0.13134599417181114,-0.31956599076173975,0.0,panel400301_png_jpg.rf.ed309b17b5452443d9019e1cc2d61e8c.jpg,0,0,0,0,0
0.0,0.0,-0.13134599417181114,-0.31956599076173975,0.0,panel400701_png_jpg.rf.322cb5405b29ef0ca393f30500a81e66.jpg,0,0,0,0,0
0.0,0.0,-0.13134599417181114,-0.31956599076173975,0.0,panel400751_png_jpg.rf.eea32acd04781b957ee74138194de212.jpg,0,0,0,0,0
0.0,0.0,-0.13134599417181114,-0.31956599076173975,0.0,panel400801_png_jpg.rf.fb1dbcafa31c766b175ac1908a09d4be.jpg,0,0,0,0,0
0.04204417782249504,0.0,-0.13134599417181114,-0.31956599076173975,0.2705466604445075,panel402001_png_jpg.rf.be5447af547bb4ba9785eff027e9c184.jpg,0,1,0,0,0
0.0,0.0,-0.13134599417181114,-0.31956599076173975,0.0,panel403451_png_jpg.rf.2926d35f4f2f15a11f2356220dfd3085.jpg,0,0,0,0,0
0.0,0.0,-0.13134599417181114,-0.31956599076173975,0.0,panel403501_png_jpg.rf.c73db9d59fb4c3d31aeaab3850fc1506.jpg,0,0,0,0,0
0.0,0.0,-0.13134599417181114,-0.31956599076173975,0.0,panel405151_png_jpg.rf.d428c4cd06c304eeb1546cc8668b5d3b.jpg,0,0,0,0,0
0.0,0.0,-0.13134599417181114,-0.31956599076173975,0.0,panel405451_png_jpg.rf.1fa3fd1cc8c1efd934a5aa047aefdb10.jpg,0,0,0,0,0
0.0,0.0,-0.13134599417181114,-0.31956599076173975,0.0,panel405501_png_jpg.rf.53e910e17efcbb30dd37ffb1a491814e.jpg,0,0,0,0,0
0.0,0.0,-0.13134599417181114,-0.31956599076173975,0.0,panel405551_png_jpg.rf.5639f80487ea201b3145640a46964080.jpg,0,0,0,0,0
0.0,0.0,-0.13134599417181114,-0.31956599076173975,0.0,panel406101_png_jpg.rf.de1b5452c71dfc1a3b607ee1f8ae1d42.jpg,0,0,0,0,0
0.0,0.0,-0.13134599417181114,-0.31956599076173975,0.0,panel406151_png_jpg.rf.e99bca41893d5898b5da0102294d120a.jpg,0,0,0,0,0
0.0,0.0,-0.13134599417181114,-0.31956599076173975,0.0,panel406251_png_jpg.rf.26fb268ac6592323a38f0036bef9b0ca.jpg,0,0,0,0,0
0.0,0.0,-0.13134599417181114,-0.31956599076173975,0.0,panel406401_png_jpg.rf.81274a1a55ced1df79d6d2bb6be93dc6.jpg,0,0,0,0,0
0.0,0.0,-0.13134599417181114,-0.31956599076173975,0.0,panel406601_png_jpg.rf.630023cec7158713ccf0396d9ff7a95b.jpg,0,0,0,0,0
0.0,0.0,-0.13134599417181114,-0.31956599076173975,0.0,panel406701_png_jpg.rf.b4da30f0f75b9910364512899eafb2e2.jpg,0,0,0,0,0
0.0,0.0,-0.13134599417181114,-0.31956599076173975,0.0,panel406801_png_jpg.rf.2482871f9823f31750066bceea8bd091.jpg,0,0,0,0,0
0.0,0.0,-0.13134599417181114,-0.31956599076173975,0.0,panel601201_png_jpg.rf.711e5e9f5d23e8a61c623cb6213daeeb.jpg,0,0,0,0,0
0.0,0.0,-0.13134599417181114,-0.31956599076173975,0.0,panel601801_png_jpg.rf.8a054954ee4c5efee3596fb0d6410648.jpg,0,0,0,0,0
0.0,0.0,-0.13134599417181114,-0.31956599076173975,0.0,panel601901_png_jpg.rf.4e99edcb51d68ca37220275f09424d8b.jpg,0,0,0,0,0
0.0,0.0,-0.13134599417181114,-0.31956599076173975,0.0,panel601951_png_jpg.rf.28c5c57fa8912e91b395303c69512974.jpg,0,0,0,0,0
0.0,0.0,-0.13134599417181114,-0.31956599076173975,0.0,panel602701_png_jpg.rf.0b1f156b7c7505e0d68c75148033d9ea.jpg,0,0,0,0,0
0.0,0.0,-0.13134599417181114,-0.31956599076173975,0.0,panel602751_png_jpg.rf.28928f1ca97d452e20f9b504ea16355a.jpg,0,0,0,0,0
0.0,0.0,-0.13134599417181114,-0.31956599076173975,0.0,panel603051_png_jpg.rf.3dcc78337b369807cd5382d417a13b8e.jpg,0,0,0,0,0
0.0,0.0,-0.13134599417181114,-0.31956599076173975,0.0,panel603151_png_jpg.rf.10eddee7c0195ddc42f19a11991d3c0d.jpg,0,0,0,0,0
0.0,0.0,-0.13134599417181114,-0.31956599076173975,0.0,panel611251_png_jpg.rf.de183f8c639389bb6cfe950730d8a9e0.jpg,0,0,0,0,0
0.0,0.0,-0.13134599417181114,-0.31956599076173975,0.0,panel618501_png_jpg.rf.0dcdea298a3c30c1932b59029dc0d426.jpg,0,0,0,0,0
0.0,0.0,-0.13134599417181114,-0.31956599076173975,0.0,panel707401_png_jpg.rf.3dd7d355b2e5a8b45d2a13cdef62c45e.jpg,0,0,0,0,0
0.0,0.0,-0.13134599417181114,-0.31956599076173975,0.0,panel807401_png_jpg.rf.3050eff1a505fe492b0a3fa9a44aac9a.jpg,0,0,0,0,0
0.0,0.0,-0.13134599417181114,-0.31956599076173975,0.0,panel807451_png_jpg.rf.dbf424f74bc5f7ae6af8a5b19dfd1895.jpg,0,0,0,0,0
0.0,0.0,-0.13134599417181114,-0.31956599076173975,0.0,pexels-photo-9875410_jpeg_jpg.rf.94b5dd59fbeea6339cc1cbca2c0f9410.jpg,0,0,0,0,0
0.0955934911421468,0.0,-0.13134599417181114,-0.0690649787986557,0.858744209846471,photo_2023-07-19_16-27-18_jpg.rf.814071b3435ecb3216af439162931cc2.jpg,0,1,0,0,0
0.08596643383809126,0.0,-0.13134599417181114,-0.0690649787986557,0.7982725003880864,photo_2023-07-19_16-27-30_jpg.rf.f37735d0b84f94ec3cf032fd61729de5.jpg,0,1,0,0,0
0.1269400319094484,0.0,-0.13134599417181114,-0.0690649787986557,0.8643403201665034,photo_2023-07-19_16-27-31_jpg.rf.0baad75603c6b7eb4c156dade56fff42.jpg,0,1,0,0,0
0.03194146178359804,0.0,-0.13134599417181114,-0.31956599076173975,0.7114049255353196,photo_2023-07-19_16-27-38_jpg.rf.a256d5b6baf052b63682e496ffd2fae4.jpg,0,1,0,0,0
0.03586035167656351,0.0,-0.13134599417181114,0.18143603316442836,0.9596948299223251,photo_2023-07-19_16-27-42_jpg.rf.3275b200f5fc8b63f3c0dc75f124800e.jpg,0,1,0,0,0
0.07351977833461183,0.0,-0.13134599417181114,-0.0690649787986557,0.8691916399477951,photo_2023-07-19_16-27-47_jpg.rf.eec0f8990d204836dd417eecb93fd651.jpg,0,1,0,0,0
0.08040829797068741,0.0,-0.13134599417181114,-0.0690649787986557,0.9132741246016125,photo_2023-07-19_16-27-52-2-_jpg.rf.0f564269efcbab0390232a743a9fe8cd.jpg,0,1,0,0,0
0.0,0.0,-0.13134599417181114,-0.0690649787986557,0.9554368391750719,Physical_Damge_164_jpg.rf.e5cfe9af60a22af805504a9fa47eba06.jpg,0,0,0,0,1
0.0,0.0,-0.13134599417181114,-0.0690649787986557,0.965057609272678,Physical_Damge_168_jpg.rf.1974217db6d2bb420b739097da0eb5f4.jpg,0,0,0,0,1
0.0,0.0,0.4533555282704449,0.4319370451275124,0.7539856115762824,Physical_Damge_17_jpg.rf.2fdfb8182859c7892771a6855f8b8f01.jpg,0,0,0,0,1
0.0,0.0,-0.13134599417181114,0.9329390690536805,0.9060990176143321,Physical_Damge_218_jpg.rf.415c046e4a3dff86b64b57ab82ecd9f4.jpg,0,0,0,0,1
0.0,0.0,-0.13134599417181114,0.9329390690536805,0.9529290702599316,Physical_Damge_220_jpg.rf.29771d94ccd22cc5b264233f0527a3e8.jpg,0,0,0,0,1
0.0,0.0,-0.13134599417181114,0.9329390690536805,0.8929525902133228,Physical_Damge_221_jpg.rf.23e1b4605e7aa51006f61cde18139186.jpg,0,0,0,0,1
0.0,0.0,-0.13134599417181114,1.1834400810167647,0.9460935388881755,Physical_Damge_233_jpg.rf.f1005d0b9e4c55e0cd060138dcb20377.jpg,0,0,0,0,1
0.0,0.0,-0.13134599417181114,1.1834400810167647,0.7901615541471585,Physical_Damge_236_jpg.rf.f81fea1daa2ffd9f91e433f70303cb12.jpg,0,0,0,0,1
0.0,0.0,-0.13134599417181114,1.4339410929798488,0.9516083786420233,Physical_Damge_237_jpg.rf.320ce782d2a696c5c1da8fa925dea493.jpg,0,0,0,0,1
0.0,0.0,-0.13134599417181114,0.6824380570905965,0.767490180455393,Physical_Damge_243_jpg.rf.19605731f16de7f88036be065e4e9da7.jpg,0,0,0,0,1
0.0,0.0,-0.13134599417181114,1.1834400810167647,0.8835289177084311,Physical_Damge_260_jpg.rf.ed1c2e28d9ba085cb244666e2160bd19.jpg,0,0,0,0,1
0.0,0.0,-0.13134599417181114,1.4339410929798488,0.8500637707434585,Physical_Damge_269_jpg.rf.d0c5ee64411ec3ca3279152eb34d6a41.jpg,0,0,0,0,1
0.0,0.0,-0.13134599417181114,0.4319370451275124,0.9232641756948663,Physical_Damge_277_jpg.rf.cc7df71d9bfa76c76b24da68384d808f.jpg,0,0,0,0,1
0.02138951590897402,0.0,1.038057050712701,0.18143603316442836,0.8002062847001961,Physical_Damge_29_jpg.rf.1763000b65e0c4e20d05075348abd84e.jpg,0,0,0,1,0
0.0,0.0,-0.13134599417181114,1.1834400810167647,0.9232112330415817,Physical_Damge_308_jpg.rf.5eba62cdb226508c5ac07879a7cf6be2.jpg,0,0,0,0,1
0.0,0.0,-0.13134599417181114,1.6844421049429328,0.9544173936499479,Physical_Damge_330_jpg.rf.bb27a0382c289f986c6d4e59ea876cb6.jpg,0,0,0,0,1
0.0,0.0,-0.13134599417181114,0.9329390690536805,0.9502606766885592,Physical_Damge_335_jpg.rf.6d14d9c120858192c20326fe12de544e.jpg,0,0,0,0,1
0.0,0.0,-0.13134599417181114,1.1834400810167647,0.9573730190823528,Physical_Damge_338_jpg.rf.09967eff30a5e0c0956c830386423b71.jpg,0,0,0,0,1
0.0,0.0,-0.13134599417181114,1.1834400810167647,0.941785240642326,Physical_Damge_339_jpg.rf.b4e71bf710619b82d3f3585c62f2caba.jpg,0,0,0,0,1
0.0,0.0,-0.13134599417181114,0.18143603316442836,0.9804186446297464,Physical_Damge_374_jpg.rf.3ff1962b05bb6b9a51ad381619169aa2.jpg,0,0,0,0,1
0.0,0.0,-0.13134599417181114,0.18143603316442836,0.9142091253969501,Physical_Damge_375_jpg.rf.69a6db28b61ff08d325d79e906b9e0c5.jpg,0,0,0,0,1
0.0,0.0,-0.13134599417181114,0.18143603316442836,0.966530301404202,Physical_Damge_417_jpg.rf.6edf8983958e1dda120c899e6287ce1e.jpg,0,0,0,0,1
0.0,0.0,-0.13134599417181114,0.18143603316442836,0.9646308339929205,Physical_Damge_459_jpg.rf.e090f903815ace3bc71858cb6398378a.jpg,0,0,0,0,1
0.1753826345731612,0.0,0.16100476704931688,-0.31956599076173975,0.88002392241338,Physical_Damge_473_jpg.rf.1ffa5f3d9407387fe52fe87393543952.jpg,0,1,0,0,0
0.07795576257995648,0.0,1.038057050712701,-0.31956599076173975,0.8216694998572225,Physical_Damge_476_jpg.rf.48134551122b34cbb8c1605f4df08319.jpg,0,1,0,0,0
0.07790384085815252,0.0,1.038057050712701,-0.31956599076173975,0.8988504257451738,Physical_Damge_476_jpg.rf.b9b6e47cf9c54f0ff1bf011e46ef8f86.jpg,0,1,0,0,0
0.08614140352285682,0.0,0.7457062894915729,-0.31956599076173975,0.8093981833722697,Physical_Damge_480_jpg.rf.0084b0d591c2502376222cf6bf9a5c4a.jpg,0,0,0,1,0
0.027142676847339366,0.0,1.038057050712701,-0.31956599076173975,0.6951038586330542,Physical_Damge_480_jpg.rf.8807442bd1b9e0411070f3c9fc45623a.jpg,0,0,0,1,0
0.0,0.0,-0.13134599417181114,1.6844421049429328,0.9581728484201528,Physical_Damge_489_jpg.rf.37c22f564fc9453b04c24eaf0b943e0b.jpg,0,0,0,0,1
0.0,0.0,-0.13134599417181114,-0.0690649787986557,0.9093604407703467,Physical_Damge_542_jpg.rf.107568841e4f6c8f98c18089a2133156.jpg,0,0,0,0,1
0.0,0.0,-0.13134599417181114,-0.0690649787986557,0.9311383772429958,Physical_Damge_545_jpg.rf.d9262c5e523ff420631471d3a7f68801.jpg,0,0,0,0,1
0.0,0.0,-0.13134599417181114,0.4319370451275124,0.9630899272888953,Physical_Damge_74_jpg.rf.f381b72c743567b89f615b8673f416d9.jpg,0,0,0,0,1
0.0,0.0,-0.13134599417181114,0.18143603316442836,0.9365655981034552,Physical_Damge_9_jpg.rf.564db5cbd0b15139aeefb126fef04d43.jpg,0,0,0,0,1
0.0,0.0,2.4998108568183413,-0.0690649787986557,0.8823453140241974,poop-10-_jpg.rf.49184d847373f63e9735dcde73e1d76f.jpg,0,0,0,0,1
0.0,0.0,2.7921616180394695,-0.0690649787986557,0.8828133534307797,poop-10-_jpg.rf.7df1c7d672384983555b8d50e4675ef6.jpg,0,0,0,0,1
0.0,0.0,1.915109334376085,-0.0690649787986557,0.8258549040707869,poop-10-_jpg.rf.8eca5e14c3c4b9caefb7f81478113270.jpg,0,0,0,0,1
0.0025353961794392617,0.0,-0.13134599417181114,-0.31956599076173975,0.6158151683336814,poop-108-_jpg.rf.ea48a52721c2dd42872a38f91341e6a7.jpg,0,1,0,0,0
0.060481375462128645,0.0,-0.13134599417181114,-0.31956599076173975,0.612827262256344,poop-110-_jpg.rf.5f6d9ccbd193c736fe930815d475a5ec.jpg,0,1,0,0,0
0.07666505923431806,0.0,6.008019991471878,0.4319370451275124,0.9236829856206795,poop-112-_jpg.rf.3bdadc012021d202ee8287d961f414bf.jpg,0,0,0,0,1
0.07738704514897413,0.0,-0.13134599417181114,-0.31956599076173975,0.8491209842638144,poop-115-_jpg.rf.a4d39d064a9331355e0c0b46c7090063.jpg,0,1,0,0,0
0.13317311943569443,0.0,0.16100476704931688,-0.0690649787986557,0.7690599540812317,poop-123-_jpg.rf.2822d6e8ef173f6b0c9ecf6ed34365b8.jpg,0,1,0,0,0
0.11656084928299273,0.0,-0.13134599417181114,-0.0690649787986557,0.9524258156043319,poop-132-_jpg.rf.973ee08bd4d2f14a4a189b6513acf656.jpg,0,0,0,0,1
0.0,0.0,-0.13134599417181114,-0.0690649787986557,0.922509443436165,poop-136-_jpg.rf.e449619ad28b41db77098d76f321ddac.jpg,0,0,0,0,1
0.20229170934963506,0.0,-0.13134599417181114,0.6824380570905965,0.9128349521168436,poop-139-_jpg.rf.59175a2c44a185fe264006a6cf23d955.jpg,0,0,0,0,1
0.1191556973762729,0.0,-0.13134599417181114,-0.0690649787986557,0.8406962749453325,poop-179-_jpg.rf.c4c359cb4d3e71bf60d2ce1130788fd4.jpg,0,1,0,0,0
0.0,0.0,0.16100476704931688,-0.31956599076173975,0.6501805799640086,poop-2-_jpg.rf.024ba39bd4ac45d42b32f089374a4c76.jpg,0,0,0,1,0
0.0,0.0,0.16100476704931688,-0.0690649787986557,0.9467510099829242,poop-2-_jpg.rf.22978f36c91606422e55ecafbfaefaa3.jpg,0,0,0,0,1
0.0,0.0,0.16100476704931688,-0.31956599076173975,0.757934630436324,poop-214-_jpg.rf.c718e94eff74c07215ceb0ca05ec0347.jpg,0,0,0,1,0
0.16232704722195943,0.0,-0.13134599417181114,-0.0690649787986557,0.9918507242363321,poop-239-_jpg.rf.06454ab41bac893c3ecb5ee3bc9f8d60.jpg,0,1,0,0,0
0.0,0.0,1.330407811933829,-0.0690649787986557,0.7664800777514368,poop-79-_jpg.rf.1dcd3e1a7fee4ce535bde647a31aa0c6.jpg,0,0,0,0,1
0.0,0.0,1.330407811933829,-0.0690649787986557,0.7397065467783077,poop-79-_jpg.rf.fcd28ea525e2253e2e1bd1ce2d5578ce.jpg,0,0,0,0,1
0.0,0.0,3.0845123792605973,-0.31956599076173975,0.7925237906556456,poop-97-_jpg.rf.bb5a1c6dcfeb486f4532fb95284ce584.jpg,0,0,0,1,0
0.0,0.0,-0.13134599417181114,-0.0690649787986557,0.949069107650381,pv_crack-153-_jpg.rf.87657ea83720dae6c9e008e6ef253581.jpg,0,0,0,0,1
0.0,0.0,-0.13134599417181114,-0.0690649787986557,0.9417836835054648,pv_crack-172-_jpg.rf.b2f3f00bc43b650be64e77e054339271.jpg,0,0,0,0,1
0.0,0.0,-0.13134599417181114,-0.0690649787986557,0.9461291134764684,pv_crack-198-_jpg.rf.e89915f75c68197196898f29a9b8fb77.jpg,0,0,0,0,1
0.0,0.0,-0.13134599417181114,-0.31956599076173975,0.0,renewable-energy-conception-small-solar-panel-mounted-on-tree-blurred-trees-in-background-green-energy-2FKC8M9_jpg.rf.0ed50a52d2ec61e307bd35af758097d7.jpg,0,0,0,0,0
0.298644866298963,0.0,-0.13134599417181114,-0.31956599076173975,0.7522392226964435,ROI_101_jpg.rf.7691b30329789541a7fce303cc57801a.jpg,0,1,0,0,0
0.01797358499987942,0.0,-0.13134599417181114,-0.31956599076173975,0.650388996743907,ROI_10_jpg.rf.b4c3b626e9cba175c08492da60c97f63.jpg,0,1,0,0,0
0.030236666289390316,0.0,-0.13134599417181114,-0.31956599076173975,0.9236783142100956,ROI_12_jpg.rf.148619fcbd3d39bc11f9fea28b9599f9.jpg,0,1,0,0,0
0.05462703756656665,0.0,-0.13134599417181114,-0.31956599076173975,0.6157395873060286,ROI_143_jpg.rf.73de8efe141dea938ac4c87fdbc54cfa.jpg,0,1,0,0,0
0.0759732178481742,0.0,-0.13134599417181114,-0.31956599076173975,0.4081648890551964,ROI_143_jpg.rf.e8196707736d08d23822f42831067d87.jpg,0,1,0,0,0
0.11627970579543193,0.0,-0.13134599417181114,-0.31956599076173975,0.8056610549051249,ROI_169_jpg.rf.60bcb5a313d8a54469ace47614173b8f.jpg,0,1,0,0,0
0.1451879131104973,0.0,0.16100476704931688,-0.31956599076173975,0.443515129860423,ROI_173_jpg.rf.59b0ade8347e15210b3f07fc4df75234.jpg,0,0,0,1,0
0.16184142162874607,0.0,0.16100476704931688,-0.31956599076173975,0.7683030058969971,ROI_173_jpg.rf.95a699515ff36c7e3d5e06c375cd2488.jpg,0,1,0,0,0
0.0,0.0,0.16100476704931688,-0.31956599076173975,0.4842363848744037,ROI_173_jpg.rf.c2efbee299713acc01bf54088fc86549.jpg,0,0,0,1,0
0.001552409677346689,0.0,-0.13134599417181114,-0.31956599076173975,0.7474270708962016,ROI_33_jpg.rf.8d630d12deacd196ad4df7464068ed88.jpg,0,1,0,0,0
0.07389622771622549,0.0,-0.13134599417181114,-0.31956599076173975,0.7232270679256637,ROI_36_jpg.rf.4edbf9bde953373c234a0786995698f8.jpg,0,1,0,0,0
0.07411153922244365,0.0,-0.13134599417181114,-0.31956599076173975,0.8701968915715296,ROI_39_jpg.rf.0c0f788df0392220a16a925d861b91d5.jpg,0,1,0,0,0
0.0742585323071174,0.0,-0.13134599417181114,-0.31956599076173975,0.8064048273159177,ROI_39_jpg.rf.8d2937b8a4485f3513b85d7f7a12bac5.jpg,0,1,0,0,0
0.16888882415873754,0.0,-0.13134599417181114,-0.31956599076173975,0.9664972421908388,ROI_45_jpg.rf.2726bf2ed58029ec0fa3ce93303e9501.jpg,0,1,0,0,0
0.07038980305256808,0.0,-0.13134599417181114,-0.0690649787986557,0.6858370377219998,ROI_56_jpg.rf.46bccde624ccbe521de795a0fdb5e60c.jpg,0,0,0,0,1
0.023961707470649053,0.0,-0.13134599417181114,-0.31956599076173975,0.8257241045744368,ROI_60_jpg.rf.88a316943f96a56b847e83070f4a11f8.jpg,0,1,0,0,0
0.05090682026774355,0.0,-0.13134599417181114,-0.31956599076173975,0.7937243431757159,ROI_60_jpg.rf.e67f482d284f31ddf20a5e6dbad0a7de.jpg,0,1,0,0,0
0.018393638746774098,0.0,0.16100476704931688,-0.0690649787986557,0.8530252054941537,ROI_62_jpg.rf.4a75dbbcfb9a4672ccef19cdde28acd0.jpg,0,0,0,0,1
0.07989821702241959,0.0,-0.13134599417181114,-0.31956599076173975,0.4049820114758591,ROI_6_jpg.rf.174512f413a8067afbb5a9e7d17500e5.jpg,0,1,0,0,0
0.022201470187376744,0.0,-0.13134599417181114,-0.31956599076173975,0.7696568166181478,ROI_76_jpg.rf.dd898f6f702c6eb65751beadf6696406.jpg,0,1,0,0,0
0.026689792831432843,0.0,-0.13134599417181114,-0.31956599076173975,0.5541912973776857,ROI_85_jpg.rf.98861e0dc01fa69daf7d6de133f53d01.jpg,0,1,0,0,0
0.025158846188249522,0.0,-0.13134599417181114,-0.31956599076173975,0.8868204654737241,ROI_96_jpg.rf.ad400a22bc99d5baba3b43c82ba323a4.jpg,0,1,0,0,0
0.1547750562796594,0.0,-0.13134599417181114,-0.31956599076173975,0.7586119849709941,ROI_98_jpg.rf.f596c60d6a991c003fac537a14fe30b3.jpg,0,1,0,0,0
0.07682991130529625,0.0,-0.13134599417181114,-0.31956599076173975,0.6057631911052509,ROI_98_jpg.rf.fc4e1fdb02b0392e776edd150e4931b5.jpg,0,1,0,0,0
0.022334721229746793,0.0,-0.13134599417181114,-0.31956599076173975,0.533773879292667,ROI_9_jpg.rf.40e77929c398f1034238be4ccfcc883a.jpg,0,1,0,0,0
0.0,0.0,-0.13134599417181114,0.4319370451275124,0.9528365403964422,Rusak804_jpg.rf.585da29d8067c792b9462d50b121303e.jpg,0,0,0,0,1
0.0,0.0,-0.13134599417181114,0.18143603316442836,0.94014276070304,Rusak807_jpg.rf.ffde5b9ec663651f0963bca926e75d73.jpg,0,0,0,0,1
0.0,0.0,0.16100476704931688,0.18143603316442836,0.9661746753010304,Rusak817_jpg.rf.b93dc5c61270e3823c8ddbdf0dccbd46.jpg,0,0,0,0,1
0.0,0.0,-0.13134599417181114,-0.0690649787986557,0.9549249603768558,Rusak916_jpg.rf.c2bbe0160f6ccfd232569a682b3b161d.jpg,0,0,0,0,1
0.0,0.0,-0.13134599417181114,1.1834400810167647,0.9307688566878309,Rusak949_jpg.rf.4866cb95f2850e00d006c753d4315918.jpg,0,0,0,0,1
0.0,0.0,-0.13134599417181114,-0.0690649787986557,0.9684346198957053,Rusak957_jpg.rf.d56cdd252027e0673d75c5ce919b302f.jpg,0,0,0,0,1
0.0,0.0,0.7457062894915729,1.1834400810167647,0.9421215822043691,Screenshot-2023-04-02-000524_png_jpg.rf.5cdfb3f777574691781f9d9c31f312bb.jpg,0,0,0,0,1
0.0,0.0,0.7457062894915729,-0.0690649787986557,0.8920121394389707,Screenshot-2023-04-02-002302_png_jpg.rf.084a7fb92de7efed4b63eab55f24a63f.jpg,0,0,0,0,1
0.0,0.0,0.7457062894915729,-0.0690649787986557,0.7877518848542807,Screenshot-2023-04-02-002333_png_jpg.rf.d03cef8d15bd8a4daed1b41bc1a78377.jpg,0,0,0,0,1
0.0,0.0,0.7457062894915729,-0.0690649787986557,0.8368990170393893,Screenshot-2023-04-02-002554_png_jpg.rf.d76ed29894de1e4acf9e8700a8eebafb.jpg,0,0,0,0,1
0.0,0.0,-0.13134599417181114,1.4339410929798488,0.9176307539800418,Screenshot-2023-04-18-044452_png_jpg.rf.4578af871dd6ab075b0420fdac86a80d.jpg,0,0,0,0,1
0.0,0.1281188265088008,-0.13134599417181114,-0.0690649787986557,0.9388280580730598,Snow-100-_jpg.rf.9baa4931d0e59b96cd091aaa5c24fbb2.jpg,0,0,0,0,1
0.0,0.04403744186740108,-0.13134599417181114,-0.0690649787986557,0.8864427998949771,Snow-104-_jpg.rf.43d8626d9e088f222fe210e5d8da6719.jpg,0,0,0,0,1
0.0,0.1895699633690882,-0.13134599417181114,-0.0690649787986557,0.9423170627703429,Snow-106-_jpg.rf.7621abeff63104e3bcb2e95c81ded97f.jpg,0,0,0,0,1
0.0,0.0520662437907683,-0.13134599417181114,0.18143603316442836,0.7813931967013612,Snow-107-_jpg.rf.25bba0974b20241e9a0e8b1dd1e12239.jpg,0,0,1,0,0
0.0,0.6540201717790812,-0.13134599417181114,3.1874481767214373,0.910816184066034,Snow-108-_jpg.rf.d59e3750703345f9c7c706fb62e58429.jpg,0,0,0,0,1
0.0,0.046176868693962814,-0.13134599417181114,1.1834400810167647,0.9037807402772374,Snow-113-_jpg.rf.09ee2ac3318f12735b296b830b3fd1fb.jpg,0,0,0,0,1
0.0,0.05391127185470555,-0.13134599417181114,1.6844421049429328,0.8616483898725734,Snow-113-_jpg.rf.578b4c69d9ffb7360d29c817f7ed49a1.jpg,0,0,0,0,1
0.0,0.0545989732637523,-0.13134599417181114,1.6844421049429328,0.9088240071216253,Snow-113-_jpg.rf.b725aa4c5b81e13f7fea5e78e67f0ce8.jpg,0,0,0,0,1
0.0,0.28622631739094295,-0.13134599417181114,1.4339410929798488,0.8851356433897862,Snow-114-_jpg.rf.de8ee8f95bbd3765e79bcf36624a7623.jpg,0,0,0,0,1
0.0,0.0,-0.13134599417181114,3.9389512126106894,0.928322954017988,Snow-12-_jpg.rf.270876db4318e1b023c9753a62c33b75.jpg,0,0,0,0,1
0.0,0.0,-0.13134599417181114,3.688450200647605,0.9072684872870554,Snow-12-_jpg.rf.7cdcc09d6d51616e4ab0946bf3945ec6.jpg,0,0,0,0,1
0.0,0.0075037209533775125,-0.13134599417181114,-0.0690649787986557,0.8695135480489314,Snow-120-_jpg.rf.6e6f73ec25c4e991c7dcb5558082272b.jpg,0,0,1,0,0
0.0,1.0,-0.13134599417181114,2.185444128869101,0.9636569047760501,Snow-121-_jpg.rf.bb7d55295398eedf4192d4e422918deb.jpg,0,0,0,0,1
0.0,0.03086523714911452,-0.13134599417181114,2.185444128869101,0.8726271030930007,Snow-16-_jpg.rf.9071b95935f223a02f5a646009c005f5.jpg,0,0,1,0,0
0.0,0.030425756050999096,-0.13134599417181114,0.9329390690536805,0.9254586007616076,Snow-2-_jpg.rf.07158eed2f1523cbac402bbb7bf1c383.jpg,0,0,0,0,1
0.0,0.015301500790505221,-0.13134599417181114,1.1834400810167647,0.9306316489743978,Snow-2-_jpg.rf.3d29dab44f92c2627b6f80ee0a93fea6.jpg,0,0,0,0,1
0.0,0.04409499096745407,-0.13134599417181114,0.9329390690536805,0.9437835263544215,Snow-2-_jpg.rf.73130529bace53d7f067e3e79f38cd10.jpg,0,0,0,0,1
0.0,0.024167288504153048,-0.13134599417181114,0.18143603316442836,0.8772565308715558,Snow-20-_jpg.rf.70d77fad708a7317a83d6c85d1ad7ab7.jpg,0,0,0,0,1
0.0,0.3065879462780406,-0.13134599417181114,1.4339410929798488,0.9324849412887535,Snow-23-_jpg.rf.14e8cfce4cb83ba913cb10bfe7aa93bc.jpg,0,0,0,0,1
0.0,0.24188870204635993,-0.13134599417181114,1.1834400810167647,0.9384614721219798,Snow-23-_jpg.rf.542f30f5e26c6cf1f90be7bcea8df6dd.jpg,0,0,0,0,1
0.0,0.1847020734441097,-0.13134599417181114,1.1834400810167647,0.9356182599929856,Snow-23-_jpg.rf.a1923a9a5a1fbb90120abfd66f44cd7e.jpg,0,0,0,0,1
0.0,0.2729179181883414,-0.13134599417181114,-0.0690649787986557,0.8250227940880543,Snow-26-_jpg.rf.613ba979d90b796c9bfb2b1e5c1e8280.jpg,0,0,0,0,1
0.0,0.031948517394127476,-0.13134599417181114,1.4339410929798488,0.8642623435436793,Snow-27-_jpg.rf.ba91c0f5815163a0217f515675a4e52b.jpg,0,0,1,0,0
0.0,0.08632623807283517,-0.13134599417181114,1.1834400810167647,0.8770020587744901,Snow-29-_JPG_jpg.rf.d338563faca9b0e575c50aa5fe3ab182.jpg,0,0,0,0,1
0.0,0.0079729880095122,0.16100476704931688,-0.31956599076173975,0.8559535810314858,Snow-30-_JPG_jpg.rf.c5e9354a5a2b3024669d5ae9c888f22f.jpg,0,0,1,0,0
0.0,0.08585762563873733,-0.13134599417181114,0.18143603316442836,0.7597371361330494,Snow-31-_JPG_jpg.rf.e06e2c0c3e561b1ca1aae37363355f31.jpg,0,0,0,0,1
0.0,0.10710743557977608,-0.13134599417181114,0.6824380570905965,0.63086291973223,Snow-34-_jpg.rf.6c0936e075deb0ed768078f7b4fe351e.jpg,0,0,0,0,1
0.0,0.11573102454044203,-0.13134599417181114,0.9329390690536805,0.7057554533328477,Snow-34-_jpg.rf.e874fd54c4f17527df88c98e65bc2bd5.jpg,0,0,0,0,1
0.0,0.006072614606058809,-0.13134599417181114,0.6824380570905965,0.9025437148206849,Snow-36-_JPG_jpg.rf.24668bfa5a354f35e5d4cb836f8d84b9.jpg,0,0,0,0,1
0.0,0.15895300851319702,-0.13134599417181114,-0.0690649787986557,0.8646055724418397,Snow-37-_jpg.rf.701feceffbd84f91d88c8f16b9d84798.jpg,0,0,0,0,1
0.0,0.041653528465000485,-0.13134599417181114,1.4339410929798488,0.9334717468296693,Snow-45-_jpg.rf.9782a07e1c495692dd7ab50e40e432b4.jpg,0,0,0,0,1
0.0,0.15565939211747715,-0.13134599417181114,0.4319370451275124,0.9171198334198941,Snow-63-_jpg.rf.113e3fa05445abc07eda763247a190bb.jpg,0,0,1,0,0
0.0,0.18375525590107752,-0.13134599417181114,-0.0690649787986557,0.9481698611129743,Snow-83-_jpg.rf.14d6abdf88617aa28ddc196bd25b572b.jpg,0,0,0,0,1
0.0,0.09053652938394512,-0.13134599417181114,-0.0690649787986557,0.9735979659480519,Snow_49_jpg.rf.c0d6ea3633e66d5697fd96721502bb80.jpg,0,0,0,0,1
0.0,0.03339885466268409,-0.13134599417181114,-0.0690649787986557,0.8615145958822593,Snow_54_jpg.rf.1444ac03ce940e80ee16eee69f6a802c.jpg,0,0,1,0,0
0.0,0.15565861581874127,-0.13134599417181114,0.4319370451275124,0.9171066576464523,Snow_57_jpg.rf.f8b9c01a0e0a2d0b58500cf85ba95bcd.jpg,0,0,1,0,0
0.0,0.09783857757984116,-0.13134599417181114,-0.0690649787986557,0.9284307558006941,Snow_60_jpg.rf.004ff1fb21df6844f220e193c2e85fe2.jpg,0,0,0,0,1
0.0,0.0,-0.13134599417181114,-0.31956599076173975,0.0,solar-street-light-led_jpg.rf.a8853ec7fb06e12799cc09fdec6042dc.jpg,0,0,0,0,0
0.005880323950643457,0.0,-0.13134599417181114,-0.0690649787986557,0.9242872745026265,solar_Fri_Jun_16_10__23__26_2017_L_0-869221820853_I_0-384305882353_jpg.rf.f47657efe89cfbf7f2cb5a86b8e9e61c.jpg,0,0,0,0,1
0.02837284923086414,0.0,-0.13134599417181114,-0.0690649787986557,0.9276280517486886,solar_Fri_Jun_16_10__32__11_2017_L_0-795547391483_I_0-409894117647_jpg.rf.51b0394a1fb9fdf61a19a20b1455cc73.jpg,0,0,0,0,1
0.013914994303387091,0.0,-0.13134599417181114,-0.0690649787986557,0.9153138541101705,solar_Fri_Jun_16_10__5__29_2017_L_0-883261205564_I_0-253725490196_jpg.rf.55ba3621e12193b3fdf9558e24560a98.jpg,0,0,0,0,1
0.001590691567379983,0.0,-0.13134599417181114,-0.0690649787986557,0.9210348947183834,solar_Fri_Jun_16_12__32__8_2017_L_0-450366592286_I_0-738117647059_jpg.rf.908f3e224916e4bcd11f91cdba6cdb6f.jpg,0,0,0,0,1
0.002313316861152104,0.0,-0.13134599417181114,-0.0690649787986557,0.920468875469297,solar_Fri_Jun_16_13__41__47_2017_L_0-282424526593_I_0-368003921569_jpg.rf.8fccae12978560e6d7906769ca6acb58.jpg,0,0,0,0,1
0.0,0.0,-0.13134599417181114,-0.0690649787986557,0.9154209372143253,solar_Fri_Jun_16_13__56__42_2017_L_0-541628060887_I_0-296274509804_jpg.rf.22ea09adaf302f4bd94d5bf0ea2d32a0.jpg,0,0,0,0,1
0.0,0.0,-0.13134599417181114,-0.0690649787986557,0.9288832238386633,solar_Fri_Jun_16_13__57__58_2017_L_0-804718307444_I_0-571823529412_jpg.rf.4678e7af2432c4eb41a490f45e7b63be.jpg,0,0,0,0,1
0.0,0.0,-0.13134599417181114,-0.0690649787986557,0.9357382793110651,solar_Fri_Jun_16_14__13__53_2017_L_0-608539270859_I_0-160274509804_jpg.rf.df7086b0ebcc885e105a18860168c2d6.jpg,0,0,0,0,1
0.0,0.0,-0.13134599417181114,-0.0690649787986557,0.9341122091987021,solar_Fri_Jun_16_14__3__57_2017_L_0-69553580987_I_0-439576470588_jpg.rf.fe75950ea513164237aabb115828e86a.jpg,0,0,0,0,1
0.0,0.038342064643675865,-0.13134599417181114,-0.0690649787986557,0.943156958437382,solar_Fri_Jun_23_15__30__16_2017_L_0-823312743452_I_0-481231372549_jpg.rf.baae3a2477a8781a100a6a1a6aea0ca2.jpg,0,0,1,0,0
0.0,0.01865904295498636,-0.13134599417181114,-0.0690649787986557,0.8538969625769705,solar_Fri_Jun_23_17__35__53_2017_L_0-285531615626_I_0-061337254902_jpg.rf.89dc3df41d79c1f3f14270a6de4b0235.jpg,0,0,0,0,1
0.0,0.015639446363276233,-0.13134599417181114,-0.0690649787986557,0.8850192773543429,solar_Fri_Jun_23_6__49__28_2017_L_0-595760945101_I_0-056431372549_jpg.rf.7d520e627beb0111e9cbe07382dbc219.jpg,0,0,0,0,1
0.06479923628486345,0.0,-0.13134599417181114,-0.0690649787986557,0.9186071386819626,solar_Fri_Jun_30_12__7__51_2017_L_0-771760066037_I_0-855137254902_jpg.rf.13ebc71559912b51d94f3dc588a73d47.jpg,0,0,0,0,1
0.12841249282533265,0.0,-0.13134599417181114,-0.0690649787986557,0.8132422152739315,solar_Fri_Jun_30_9__25__57_2017_L_0-922570473424_I_0-537262745098_jpg.rf.165169dc0791f97300342bc93a467569.jpg,0,1,0,0,0
0.0,0.0,-0.13134599417181114,-0.31956599076173975,0.0,solar_images1_18000051_png_jpg.rf.493e6517779631bc3b0fb2fd4ec6321a.jpg,0,0,0,0,0
0.0,0.0,-0.13134599417181114,-0.31956599076173975,0.0,solar_images1_18000151_png_jpg.rf.4dbf6eb6eae98863be04aa4afffc9246.jpg,0,0,0,0,0
0.0,0.0,-0.13134599417181114,-0.31956599076173975,0.0,solar_images1_18000201_png_jpg.rf.0f70b43c45c02993a42f0c4e38aa1fdd.jpg,0,0,0,0,0
0.0,0.0,-0.13134599417181114,-0.31956599076173975,0.0,solar_images1_18000251_png_jpg.rf.164e2bff60e2b68e3b597def992bb63e.jpg,0,0,0,0,0
0.0,0.0,-0.13134599417181114,-0.31956599076173975,0.0,solar_images1_18000301_png_jpg.rf.10ff4973efe91fa4a005caff1ccd7f82.jpg,0,0,0,0,0
0.0,0.0,-0.13134599417181114,-0.31956599076173975,0.0,solar_images1_18000351_png_jpg.rf.b200805ee6cec061693cc805a60794f2.jpg,0,0,0,0,0
0.008920326157833832,0.0,-0.13134599417181114,-0.0690649787986557,0.9227642748725063,solar_Thu_Jun_15_14__51__47_2017_L_0-405347035374_I_0-435792156863_jpg.rf.5dcff114f7291a229ff9b04a069302e4.jpg,0,0,0,0,1
0.0,0.003022931862563738,-0.13134599417181114,-0.0690649787986557,0.8794689229020815,solar_Thu_Jun_22_14__26__43_2017_L_0-1067948123_I_0-321121568627_jpg.rf.4467af87470d083379ff623a2f3c4da4.jpg,0,0,0,0,1
0.0,0.0,-0.13134599417181114,-0.0690649787986557,0.8783953968159665,solar_Wed_Jun_14_7__29__19_2017_L_0-127561659596_I_0-109074509804_jpg.rf.5f675c1f6097b9bdc155f807262c5172.jpg,0,0,0,0,1
0.0,0.0,-0.13134599417181114,-0.0690649787986557,0.9221601656601972,solar_Wed_Jun_14_9__10__4_2017_L_0-087244365082_I_0-232792156863_jpg.rf.1a4bb96c555c4a4df5e607882ba95b52.jpg,0,0,0,0,1
0.049441791942054544,0.0,-0.13134599417181114,-0.0690649787986557,0.9284141064142539,solar_Wed_Jun_14_9__54__27_2017_L_0-108195646473_I_0-299058823529_jpg.rf.5699c7fceb9b25e6a415505e2cade3eb.jpg,0,0,0,0,1
0.0038488304102368984,0.0,-0.13134599417181114,-0.0690649787986557,0.9197060580768928,solar_Wed_Jun_21_6__11__32_2017_L_0-09375_I_0-00752941176471_jpg.rf.d4e82aa21c136c19c32fbbf134034f2e.jpg,0,0,0,0,1
0.0036783061667513745,0.0,-0.13134599417181114,-0.0690649787986557,0.9264413337907322,solar_Wed_Jun_21_8__10__53_2017_L_0-331829268293_I_0-160784313725_jpg.rf.755a1f4c3277f0141a7494cde37c606a.jpg,0,0,0,0,1
0.003404351418404694,0.0,-0.13134599417181114,-0.0690649787986557,0.932125063004153,solar_Wed_Jun_21_8__34__33_2017_L_0-313713094756_I_0-397015686275_jpg.rf.a9d061a92449d46ca79920e51668a0b8.jpg,0,0,0,0,1
0.002701867539734101,0.0,-0.13134599417181114,-0.0690649787986557,0.9303639412140109,solar_Wed_Jun_21_8__48__27_2017_L_0-291727469927_I_0-397725490196_jpg.rf.d0f88289a93fe4d5ba54c8bf8cbf6b5e.jpg,0,0,0,0,1
0.002827887084475654,0.0,-0.13134599417181114,-0.0690649787986557,0.9328730277064955,solar_Wed_Jun_21_8__48__32_2017_L_0-329396907415_I_0-406792156863_jpg.rf.cff70433a4b4c9c8e94b63dc3f3eefa2.jpg,0,0,0,0,1
0.014510423402303243,0.0,-0.13134599417181114,-0.0690649787986557,0.924239242819443,solar_Wed_Jun_21_9__32__34_2017_L_0-0978287667856_I_0-238592156863_jpg.rf.d6aeefab81d502c76992c59dc04b98b9.jpg,0,0,0,0,1
