TIME,H_SIN,H_COS,DOY_SIN,DOY_COS,TEMP,HUMI,CLOU,WISP,WIDE_SIN,WIDE_COS,SUN_ELEV_CLIP,COS_ZEN,IRRADIANCE,EST_IRRADIANCE,IRRADIANCE_PROXY,IRRADIANCE_X_CAPA,CAPA,SEASONAL_SOLAR_PATTERN,WEATHER_ADJUSTED_PATTERN,EXPECTED_GEN_PROXY,GEN_LAG_2,dust_coverage_ratio,snow_coverage_ratio,bird_dropping_count,physical_damage_count,max_defect_confidence,cls_normal,cls_dust,cls_snow,cls_bird,cls_damage,PREDICTION,ACTUAL,ERROR,ANOMALY
2026-02-10 05:00:00,0.9659258262890683,0.25881904510252074,0.6486295610349814,0.7611042586607747,-0.62,72.0,100.0,1.55,0.19080899537654497,-0.981627183447664,0.0,0.0,0.0,0.0,0.0,0.0,968.375,0.018528428234627328,0.0,0.0,0.0,0.0,0.007540007459378,-0.1313459941718111,-0.0690649787986557,0.8668119754844372,0,0,1,0,0,-0.7524325961580264,0.0,0.7524325961580264,0
2026-02-10 06:00:00,1.0,6.123233995736766e-17,0.6486295610349814,0.7611042586607747,-1.05,80.0,75.0,2.36,0.2923717047227366,-0.9563047559630355,0.0,0.0,0.0,0.0,0.0,0.0,968.375,0.04263346666401537,0.01643213215413262,15.912465974758174,0.0,0.0,0.9500825958906324,-0.1313459941718111,2.185444128869101,0.9641321908580256,0,0,0,0,1,4.575626434077735,0.0,4.575626434077735,0
2026-02-10 07:00:00,0.9659258262890683,-0.25881904510252063,0.6486295610349814,0.7611042586607747,-0.88,79.0,80.0,2.41,0.4226182617406995,-0.9063077870366499,0.25881904510252074,0.25881904510252074,0.0,0.051763809020504134,0.25881904510252074,50.12677856023069,968.375,0.08778246535830897,0.027067056647322535,26.21106098085096,0.0,0.0,0.0642645858088042,-0.1313459941718111,-0.0690649787986557,0.940103113602956,0,0,0,0,1,13.770103836587342,1.61,12.160103836587343,0
2026-02-10 08:00:00,0.8660254037844387,-0.4999999999999998,0.6486295610349814,0.7611042586607747,-0.82,82.0,85.0,2.41,0.766044443118978,-0.6427876096865394,0.49999999999999994,0.49999999999999994,0.0,0.075,0.49999999999999994,72.628125,968.375,0.16173721372232067,0.037402831316594436,36.21996677620714,0.0,0.1201745939053852,0.0,-0.1313459941718111,1.6844421049429328,0.9211998314459235,0,0,0,0,1,50.857585227729466,32.78000000000001,18.077585227729458,0
2026-02-10 09:00:00,0.7071067811865476,-0.7071067811865475,0.6486295610349814,0.7611042586607747,-0.36,80.0,90.0,2.18,0.9271838545667874,-0.37460659341591207,0.7071067811865476,0.7071067811865476,0.0,0.07071067811865474,0.7071067811865476,68.47445292315228,968.375,0.2666595845277627,0.041111229050718734,39.81108643198976,1.61,0.1578954438194041,0.0,-0.1313459941718111,0.4319370451275124,0.9548082350021369,0,0,0,0,1,151.42284481923423,148.66999999999996,2.7528448192342694,0
2026-02-10 10:00:00,0.49999999999999994,-0.8660254037844387,0.6486295610349814,0.7611042586607747,0.7,75.0,95.0,2.9,0.9510565162951536,-0.30901699437494734,0.8660254037844386,0.8660254037844386,0.0,0.04330127018922197,0.8660254037844386,41.931867519487824,968.375,0.39341371556366306,0.030326532985631698,29.367456379961094,32.78000000000001,0.1629693832743922,0.0,-0.1313459941718111,-0.0690649787986557,0.9324016943565526,0,0,0,0,1,269.91709244670545,193.5600000000001,76.35709244670537,0
2026-02-10 11:00:00,0.258819045102521,-0.9659258262890682,0.6486295610349814,0.7611042586607747,2.09,73.0,100.0,2.96,0.9335804264972017,-0.35836794954530027,0.9659258262890683,0.9659258262890683,0.0,0.0,0.9659258262890683,0.0,968.375,0.5193819501582202,0.0,0.0,148.66999999999996,0.1354197724979192,0.0,-0.1313459941718111,0.1814360331644283,0.9421672182923814,0,0,0,0,1,298.1043226349128,152.12,145.98432263491281,0
2026-02-10 12:00:00,1.2246467991473532e-16,-1.0,0.6486295610349814,0.7611042586607747,2.22,82.0,100.0,2.23,0.8191520442889917,-0.5735764363510462,1.0,1.0,0.0,0.0,1.0,0.0,968.375,0.6135772750738794,0.0,0.0,193.5600000000001,0.0,0.0,-0.1313459941718111,1.6844421049429328,0.875886969112154,0,0,0,0,1,252.21949371288466,226.71000000000004,25.50949371288462,0
2026-02-10 13:00:00,-0.2588190451025208,-0.9659258262890683,0.6486295610349814,0.7611042586607747,2.76,84.0,100.0,2.33,0.8191520442889917,-0.5735764363510462,0.9659258262890683,0.9659258262890683,0.0,0.0,0.9659258262890683,0.0,968.375,0.6486295610349814,0.0,0.0,152.12,0.0,0.0,-0.1313459941718111,0.1814360331644283,0.8090712445212738,0,0,0,0,1,163.91763234295468,183.64999999999995,19.732367657045273,0
2026-02-10 14:00:00,-0.4999999999999997,-0.8660254037844388,0.6486295610349814,0.7611042586607747,4.3,78.0,100.0,1.67,0.6946583704589971,-0.7193398003386513,0.8660254037844387,0.8660254037844387,0.0,0.0,0.8660254037844387,0.0,968.375,0.6135772750738794,0.0,0.0,226.71000000000004,0.0,0.0,-0.1313459941718111,-0.0690649787986557,0.6305980866860486,0,0,0,0,1,168.15826718019068,152.33000000000013,15.82826718019055,0
2026-02-10 15:00:00,-0.7071067811865471,-0.7071067811865479,0.6486295610349814,0.7611042586607747,5.06,74.0,100.0,1.39,0.3090169943749475,-0.9510565162951535,0.7071067811865476,0.7071067811865476,0.0,0.0,0.7071067811865476,0.0,968.375,0.5193819501582202,0.0,0.0,183.64999999999995,0.0,0.0,-0.1313459941718111,0.9329390690536804,0.8302089581844071,0,0,0,0,1,142.4008903839315,109.28000000000002,33.120890383931496,0
2026-02-10 16:00:00,-0.8660254037844385,-0.5000000000000004,0.6486295610349814,0.7611042586607747,5.13,74.0,100.0,1.66,-0.1045284632676535,-0.9945218953682733,0.49999999999999994,0.49999999999999994,0.0,0.0,0.49999999999999994,0.0,968.375,0.39341371556366306,0.0,0.0,152.33000000000013,0.0,0.0,-0.1313459941718111,0.4319370451275124,0.5861957301869906,0,0,0,0,1,39.852284914475646,47.62000000000001,7.767715085524365,0
2026-02-10 17:00:00,-0.9659258262890683,-0.25881904510252063,0.6486295610349814,0.7611042586607747,4.49,81.0,99.0,2.0,-0.275637355816999,-0.9612616959383189,0.258819045102521,0.258819045102521,0.0,0.0025881904510252126,0.258819045102521,2.5063389280115405,968.375,0.2666595845277627,0.004111122905071878,3.9811086431989797,109.28000000000002,0.0,0.0,-0.1313459941718111,0.1814360331644283,0.8614745295530202,0,0,0,0,1,0.3035961228493307,17.99000000000001,17.686403877150678,0
2026-02-10 18:00:00,-1.0,-1.8369701987210297e-16,0.6486295610349814,0.7611042586607747,2.95,93.0,100.0,1.14,0.40673664307580043,-0.9135454576426008,1.2246467991473532e-16,1.2246467991473532e-16,0.0,0.0,1.2246467991473532e-16,0.0,968.375,0.16173721372232067,0.0,0.0,47.62000000000001,0.0,0.0,-0.1313459941718111,1.934943116906017,0.9634365699101748,0,0,0,0,1,-1.7963387909175024,0.06,1.8563387909175024,0
2026-02-10 19:00:00,-0.9659258262890684,0.2588190451025203,0.6486295610349814,0.7611042586607747,2.9,94.0,100.0,1.24,0.8480480961564261,-0.5299192642332048,0.0,0.0,0.0,0.0,0.0,0.0,968.375,0.08778246535830897,0.0,0.0,17.99000000000001,0.0,0.0,-0.1313459941718111,0.4319370451275124,0.9363934745904012,0,0,0,0,1,-10.469960741284817,0.0,10.469960741284817,0
2026-02-10 20:00:00,-0.8660254037844386,0.5000000000000001,0.6486295610349814,0.7611042586607747,2.83,95.0,100.0,0.91,0.6293203910498374,-0.7771459614569709,0.0,0.0,0.0,0.0,0.0,0.0,968.375,0.04263346666401537,0.0,0.0,0.06,0.0,0.0,-0.1313459941718111,0.6824380570905965,0.8614152984624112,0,0,0,0,1,-2.9496061975168093,0.0,2.9496061975168093,0
2026-02-10 21:00:00,-0.7071067811865477,0.7071067811865474,0.6486295610349814,0.7611042586607747,2.78,96.0,100.0,0.56,0.90630778703665,-0.42261826174069933,0.0,0.0,0.0,0.0,0.0,0.0,968.375,0.018528428234627328,0.0,0.0,0.0,0.0,0.0,-0.1313459941718111,1.183440081016765,0.9656039846413602,0,0,0,0,1,-0.9069615183703627,0.0,0.9069615183703627,0
2026-02-10 22:00:00,-0.5000000000000004,0.8660254037844384,0.6486295610349814,0.7611042586607747,2.67,97.0,100.0,0.82,0.48480962024633706,0.8746197071393957,0.0,0.0,0.0,0.0,0.0,0.0,968.375,0.007205623548139235,0.0,0.0,0.0,0.0,0.0,-0.1313459941718111,1.183440081016765,0.9388991473597664,0,0,0,0,1,-0.028393323674801095,0.0,0.028393323674801095,0
2026-02-10 23:00:00,-0.25881904510252157,0.9659258262890681,0.6486295610349814,0.7611042586607747,2.49,98.0,100.0,1.51,0.25881904510252074,0.9659258262890683,0.0,0.0,0.0,0.0,0.0,0.0,968.375,0.002507550083062541,0.0,0.0,0.0,0.0,0.0,-0.1313459941718111,0.6824380570905965,0.909390505489746,0,0,0,0,1,-0.002748648764379436,0.0,0.002748648764379436,0
2026-02-11 00:00:00,0.0,1.0,0.6616346182422783,0.7498264012045686,2.41,98.0,100.0,1.54,0.12186934340514748,0.992546151641322,0.0,0.0,0.0,0.0,0.0,0.0,968.375,5.534464228593831e-05,0.0,0.0,0.0,0.0,0.0,-0.1313459941718111,0.4319370451275124,0.7181122326755348,0,0,0,0,1,0.07278449886282767,0.0,0.07278449886282767,0
2026-02-11 01:00:00,0.25881904510252074,0.9659258262890683,0.6616346182422783,0.7498264012045686,2.5,98.0,100.0,2.05,-0.01745240643728356,0.9998476951563913,0.0,0.0,0.0,0.0,0.0,0.0,968.375,0.00022195368774682988,0.0,0.0,0.0,0.0,0.0,-0.1313459941718111,1.4339410929798488,0.9619010532952847,0,0,0,0,1,-0.2902435205045957,0.0,0.2902435205045957,0
2026-02-11 02:00:00,0.49999999999999994,0.8660254037844387,0.6616346182422783,0.7498264012045686,2.52,93.0,100.0,2.22,-0.3907311284892739,0.9205048534524403,0.0,0.0,0.0,0.0,0.0,0.0,968.375,0.0007965154480953091,0.0,0.0,0.0,0.0,0.0202609745619507,-0.1313459941718111,3.93895121261069,0.8559902336376058,0,0,1,0,0,-0.060686069592502424,0.0,0.060686069592502424,0
2026-02-11 03:00:00,0.7071067811865476,0.7071067811865476,0.6616346182422783,0.7498264012045686,2.28,85.0,100.0,1.75,-0.529919264233205,0.8480480961564258,0.0,0.0,0.0,0.0,0.0,0.0,968.375,0.0025578265956352265,0.0,0.0,0.0,0.0,0.0073815546624794,-0.1313459941718111,-0.0690649787986557,0.8796560188849558,0,0,1,0,0,-0.1322299731685284,0.0,0.1322299731685284,0
2026-02-11 04:00:00,0.8660254037844386,0.5000000000000001,0.6616346182422783,0.7498264012045686,1.69,85.0,9.0,1.84,-0.6560590289905074,0.7547095802227719,0.0,0.0,0.0,0.0,0.0,0.0,968.375,0.0073500966836347395,0.010109186849800498,9.789483815675558,0.0,0.0,0.028951043703237,-0.1313459941718111,0.6824380570905965,0.9260474979445792,0,0,0,0,1,0.37921898079236765,0.0,0.37921898079236765,0
2026-02-11 05:00:00,0.9659258262890683,0.25881904510252074,0.6616346182422783,0.7498264012045686,1.65,87.0,13.0,1.96,-0.4226182617406992,0.90630778703665,0.0,0.0,0.0,0.0,0.0,0.0,968.375,0.01889992420648549,0.02485198568255883,24.066041635347904,0.0,0.1056812373321514,0.0,-0.1313459941718111,-0.0690649787986557,0.8691997849713774,0,0,0,0,1,-0.014504780204143189,0.0,0.014504780204143189,0
2026-02-11 06:00:00,1.0,6.123233995736766e-17,0.6616346182422783,0.7498264012045686,1.95,93.0,100.0,3.44,-0.6946583704589976,0.7193398003386509,0.0,0.0,0.0,0.0,0.0,0.0,968.375,0.043488269938824806,0.0,0.0,0.0,0.0,0.0,-0.1313459941718111,3.1874481767214373,0.9041640355046368,0,0,0,0,1,1.9237818691461488,0.0,1.9237818691461488,0
2026-02-11 07:00:00,0.9659258262890683,-0.25881904510252063,0.6616346182422783,0.7498264012045686,1.93,91.0,94.0,3.21,-0.5877852522924734,0.8090169943749473,0.25881904510252074,0.25881904510252074,0.0,0.015529142706151258,0.25881904510252074,15.038033568069224,968.375,0.08954250845896686,0.00812011699419677,7.863318294255297,0.0,0.0,0.0,-0.1313459941718111,0.4319370451275124,0.8800061950091128,0,0,0,0,1,-1.6593094692081536,3.5500000000000007,5.209309469208154,0
2026-02-11 08:00:00,0.8660254037844387,-0.4999999999999998,0.6616346182422783,0.7498264012045686,1.95,91.0,84.0,3.05,-0.5735764363510465,0.8191520442889916,0.49999999999999994,0.49999999999999994,0.0,0.08,0.49999999999999994,77.47,968.375,0.16498005346223527,0.0398963534043674,38.63463122795429,0.0,0.0,0.0,-0.1313459941718111,1.934943116906017,0.8904430246018041,0,0,0,0,1,28.480775817822913,29.43000000000001,0.9492241821770975,0
2026-02-11 09:00:00,0.7071067811865476,-0.7071067811865475,0.6616346182422783,0.7498264012045686,2.67,88.0,71.0,3.15,-0.5000000000000004,0.8660254037844384,0.7071067811865476,0.7071067811865476,0.0,0.20506096654409883,0.7071067811865476,198.5759134771417,968.375,0.2720061233844316,0.11922256424708437,115.45215065277033,3.5500000000000007,0.0,0.0,1.622758573154957,-0.0690649787986557,0.8316496691203948,0,0,0,0,1,168.56906328749224,31.2,137.36906328749225,0
2026-02-11 10:00:00,0.49999999999999994,-0.8660254037844387,0.6616346182422783,0.7498264012045686,3.53,81.0,67.0,3.92,-0.4848096202463369,0.8746197071393959,0.8660254037844386,0.8660254037844386,0.0,0.2857883832488647,0.8660254037844386,276.75032562861935,968.375,0.40130168149120543,0.200155117705169,193.82521210774303,29.43000000000001,0.0,0.0,1.915109334376085,-0.0690649787986557,0.8337805510252189,0,0,0,0,1,253.5954243355208,142.64000000000007,110.95542433552072,0
2026-02-11 11:00:00,0.258819045102521,-0.9659258262890682,0.6616346182422783,0.7498264012045686,3.68,77.0,80.0,2.51,-0.4226182617406992,0.90630778703665,0.9659258262890683,0.9659258262890683,0.0,0.19318516525781362,0.9659258262890683,187.07568440653526,968.375,0.5297955858911757,0.1601474805833616,155.0828165099128,31.2,0.0,0.1272396315532422,-0.1313459941718111,-0.0690649787986557,0.9409701393853094,0,0,0,0,1,249.3888371647195,227.45,21.9388371647195,0
2026-02-11 12:00:00,1.2246467991473532e-16,-1.0,0.6616346182422783,0.7498264012045686,3.97,76.0,87.0,2.78,-0.7313537016191703,0.6819983600624986,1.0,1.0,0.0,0.13,1.0,125.88875,968.375,0.6258795320827961,0.1229747309578795,119.08565509133656,142.64000000000007,0.0,0.1285128887795435,-0.1313459941718111,-0.0690649787986557,0.94915834357051,0,0,0,0,1,321.7229545261444,487.84,166.11704547385557,0
2026-02-11 13:00:00,-0.2588190451025208,-0.9659258262890683,0.6616346182422783,0.7498264012045686,4.24,76.0,90.0,2.93,-0.9271838545667874,0.37460659341591196,0.9659258262890683,0.9659258262890683,0.0,0.09659258262890681,0.9659258262890683,93.53784220326763,968.375,0.6616346182422783,0.09999999999999998,96.83749999999998,227.45,0.0,0.0,-0.1313459941718111,1.934943116906017,0.9189610279786352,0,0,0,0,1,278.97573547678246,417.36,138.38426452321755,0
2026-02-11 14:00:00,-0.4999999999999997,-0.8660254037844388,0.6616346182422783,0.7498264012045686,4.25,80.0,92.0,3.47,-0.9612616959383188,0.2756373558169994,0.8660254037844387,0.8660254037844387,0.0,0.06928203230275506,0.8660254037844387,67.09098803118043,968.375,0.6258795320827961,0.0756767575125412,73.28348005620708,487.84,0.1286217675603484,0.0,-0.1313459941718111,-0.0690649787986557,0.745238095808475,0,0,0,0,1,305.4920578744702,314.6700000000001,9.177942125529853,0
2026-02-11 15:00:00,-0.7071067811865471,-0.7071067811865479,0.6616346182422783,0.7498264012045686,4.49,77.0,93.0,4.84,-0.8829475928589271,0.4694715627858904,0.7071067811865476,0.7071067811865476,0.0,0.0494974746830583,0.7071067811865476,47.93211704620658,968.375,0.5297955858911757,0.05605161820417653,54.27898577846945,417.36,0.0,0.0,3.9615646629239816,-0.0690649787986557,0.9137512672698456,0,0,0,0,1,212.44663413970778,329.93,117.48336586029222,0
2026-02-11 16:00:00,-0.8660254037844385,-0.5000000000000004,0.6616346182422783,0.7498264012045686,4.41,73.0,72.0,5.32,-0.798635510047293,0.6018150231520479,0.49999999999999994,0.49999999999999994,0.0,0.13999999999999999,0.49999999999999994,135.5725,968.375,0.40130168149120543,0.16982858471953738,164.457755727782,314.6700000000001,0.0,0.0851684292093629,-0.1313459941718111,-0.0690649787986557,0.9279452285493616,0,0,1,0,0,56.771703697881044,235.64000000000004,178.868296302119,0
2026-02-11 17:00:00,-0.9659258262890683,-0.25881904510252063,0.6616346182422783,0.7498264012045686,3.4,77.0,40.0,5.05,-0.7880107536067218,0.6156614753256585,0.258819045102521,0.258819045102521,0.0,0.1552914270615126,0.258819045102521,150.38033568069227,968.375,0.2720061233844316,0.24666737430431246,238.8665185919386,329.93,0.0,0.0863486733048438,-0.1313459941718111,-0.0690649787986557,0.9354845258925508,0,0,1,0,0,14.641875080208665,64.40999999999998,49.76812491979132,0
2026-02-11 18:00:00,-1.0,-1.8369701987210297e-16,0.6616346182422783,0.7498264012045686,4.95,65.0,0.0,4.43,-0.7431448254773946,0.6691306063588578,1.2246467991473532e-16,1.2246467991473532e-16,0.0,1.2246467991473532e-16,1.2246467991473532e-16,1.185917344124318e-13,968.375,0.16498005346223527,0.24935220877729622,241.46644517471424,235.64000000000004,0.0,0.0,-0.1313459941718111,0.6824380570905965,0.8740147515959454,0,0,0,0,1,10.203481413602987,1.4,8.803481413602986,0
2026-02-11 19:00:00,-0.9659258262890684,0.2588190451025203,0.6616346182422783,0.7498264012045686,4.25,69.0,7.0,3.64,-0.7193398003386511,0.6946583704589973,0.0,0.0,0.0,0.0,0.0,0.0,968.375,0.08954250845896686,0.12586181341004982,121.88143356095699,64.40999999999998,0.0,0.0,-0.1313459941718111,0.4319370451275124,0.9059338413272746,0,0,0,0,1,-5.364648154625753,0.0,5.364648154625753,0
2026-02-11 20:00:00,-0.8660254037844386,0.5000000000000001,0.6616346182422783,0.7498264012045686,3.41,73.0,12.0,3.38,-0.6293203910498378,0.7771459614569706,0.0,0.0,0.0,0.0,0.0,0.0,968.375,0.043488269938824806,0.057841105182546815,56.01188023114877,1.4,0.0,0.0,12.73208749955782,-0.0690649787986557,0.8728839707852377,0,0,0,1,0,0.22879360029325865,0.0,0.22879360029325865,0
2026-02-11 21:00:00,-0.7071067811865477,0.7071067811865474,0.6616346182422783,0.7498264012045686,2.47,76.0,16.0,2.97,-0.5150380749100545,0.8571673007021121,0.0,0.0,0.0,0.0,0.0,0.0,968.375,0.01889992420648549,0.023995020659022315,23.236178130680734,0.0,0.0858674792942885,0.0,-0.1313459941718111,-0.0690649787986557,0.9109123672121596,0,0,0,0,1,-0.2940267108794983,0.0,0.2940267108794983,0
2026-02-11 22:00:00,-0.5000000000000004,0.8660254037844384,0.6616346182422783,0.7498264012045686,1.45,80.0,5.0,2.08,-0.2588190451025207,0.9659258262890683,0.0,0.0,0.0,0.0,0.0,0.0,968.375,0.0073500966836347395,0.01055354671133019,10.219790796584373,0.0,0.0,0.0379818341102787,-0.1313459941718111,-0.0690649787986557,0.8943039454494232,0,0,1,0,0,-0.3496526075720078,0.0,0.3496526075720078,0
2026-02-11 23:00:00,-0.25881904510252157,0.9659258262890681,0.6616346182422783,0.7498264012045686,0.46,82.0,6.0,1.4,-0.10452846326765342,0.9945218953682733,0.0,0.0,0.0,0.0,0.0,0.0,968.375,0.0025578265956352265,0.0036339649311044387,3.519040790158261,0.0,0.0,0.0870768472039064,-0.1313459941718111,-0.0690649787986557,0.9403334500786712,0,0,1,0,0,-2.016545246832877,0.0,2.016545246832877,0
2026-02-12 00:00:00,0.0,1.0,0.6744436188329455,0.7383263540031065,0.38,81.0,6.0,1.18,0.01745240643728351,0.9998476951563913,0.0,0.0,0.0,0.0,0.0,0.0,968.375,5.641609401501222e-05,7.862944639594387e-05,0.07614279015367215,0.0,0.0,0.1095721241701266,-0.1313459941718111,-0.0690649787986557,0.8888118638497022,0,0,0,0,1,-3.9012471725914653,0.0,3.9012471725914653,0
2026-02-12 01:00:00,0.25881904510252074,0.9659258262890683,0.6744436188329455,0.7383263540031065,0.32,80.0,6.0,0.86,0.12186934340514748,0.992546151641322,0.0,0.0,0.0,0.0,0.0,0.0,968.375,0.0002262506287457799,0.0003153348702283611,0.3053624049573892,0.0,0.0,0.0,-0.1313459941718111,2.185444128869101,0.9225501685540762,0,0,0,0,1,1.36582922288199,0.0,1.36582922288199,0
2026-02-12 02:00:00,0.49999999999999994,0.8660254037844387,0.6744436188329455,0.7383263540031065,0.3,79.0,5.0,0.89,0.01745240643728351,0.9998476951563913,0.0,0.0,0.0,0.0,0.0,0.0,968.375,0.0008119356914801442,0.0011436669950867927,1.1074985263671728,0.0,0.0,0.0,-0.1313459941718111,0.1814360331644283,0.915011709669197,0,0,0,0,1,0.2001337196015233,0.0,0.2001337196015233,0
2026-02-12 03:00:00,0.7071067811865476,0.7071067811865476,0.6744436188329455,0.7383263540031065,0.3,78.0,5.0,1.12,-0.13917310096006588,0.9902680687415703,0.0,0.0,0.0,0.0,0.0,0.0,968.375,0.0026073451689852057,0.0036726241324991672,3.556477394308881,0.0,0.1176994066173444,0.0,-0.1313459941718111,-0.0690649787986557,0.8290776982546652,0,0,0,0,1,0.17746666952911003,0.0,0.17746666952911003,0
2026-02-12 04:00:00,0.8660254037844386,0.5000000000000001,0.6744436188329455,0.7383263540031065,0.28,76.0,8.0,0.93,-0.3090169943749477,0.9510565162951535,0.0,0.0,0.0,0.0,0.0,0.0,968.375,0.007492391826854804,0.010220276815182922,9.897060560902762,0.0,0.0,0.0,-0.1313459941718111,1.6844421049429328,0.917863845390204,0,0,0,0,1,0.00995072036256108,0.0,0.00995072036256108,0
2026-02-12 05:00:00,0.9659258262890683,0.25881904510252074,0.6744436188329455,0.7383263540031065,0.28,75.0,5.0,1.0,0.08715574274765817,0.9961946980917455,0.0,0.0,0.0,0.0,0.0,0.0,968.375,0.019265819722907498,0.027137225745322856,26.279010981127023,0.0,0.0,0.0,-0.1313459941718111,2.435945140832185,0.9050714270656258,0,0,0,0,1,0.21205551410089993,0.0,0.21205551410089993,0
2026-02-12 06:00:00,1.0,6.123233995736766e-17,0.6744436188329455,0.7383263540031065,-5.05,93.0,100.0,0.96,0.5150380749100542,0.8571673007021123,0.0,0.0,0.0,0.0,0.0,0.0,968.375,0.044330186700697626,0.0,0.0,0.0,0.0,0.0635002280018067,-0.1313459941718111,-0.0690649787986557,0.8933651715916908,0,0,0,0,1,-3.6856475595154228,0.0,3.6856475595154228,0
2026-02-12 07:00:00,0.9659258262890683,-0.25881904510252063,0.6744436188329455,0.7383263540031065,-3.97,89.0,81.0,0.71,0.9945218953682733,-0.10452846326765355,0.25881904510252074,0.25881904510252074,0.0,0.04917561856947893,0.25881904510252074,47.62043963221915,968.375,0.09127601818188273,0.025713703814956405,24.90050793180841,0.0,0.1137183100420831,0.0,-0.1313459941718111,-0.0690649787986557,0.8540648339085956,0,1,0,0,0,2.4963447403739947,6.530000000000001,4.0336552596260065,0
2026-02-12 08:00:00,0.8660254037844387,-0.4999999999999998,0.6744436188329455,0.7383263540031065,-2.85,87.0,62.0,1.5,0.777145961456971,-0.6293203910498373,0.49999999999999994,0.49999999999999994,0.0,0.18999999999999997,0.49999999999999994,183.99124999999998,968.375,0.16817400605174782,0.09475383933537257,91.75724916639142,0.0,0.0,0.097461912944287,-0.1313459941718111,-0.0690649787986557,0.9574248837178104,0,0,1,0,0,57.32736265136352,69.56000000000002,12.232637348636494,0
2026-02-12 09:00:00,0.7071067811865476,-0.7071067811865475,0.6744436188329455,0.7383263540031065,-0.92,80.0,42.0,1.7,0.8090169943749475,-0.587785252292473,0.7071067811865476,0.7071067811865476,0.0,0.41012193308819767,0.7071067811865476,397.1518269542834,968.375,0.2772720609563687,0.23844512849416874,230.90430130554066,6.530000000000001,0.0,0.0,-0.1313459941718111,0.4319370451275124,0.8517535636873766,0,0,0,0,1,211.64022709024766,201.05,10.590227090247652,0
2026-02-12 10:00:00,0.49999999999999994,-0.8660254037844387,0.6744436188329455,0.7383263540031065,1.64,71.0,23.0,1.9,0.7313537016191706,-0.6819983600624984,0.8660254037844386,0.8660254037844386,0.0,0.6668395609140177,0.8660254037844386,645.750759800112,968.375,0.4090707330697223,0.46702860797872775,452.2588282514005,69.56000000000002,0.0,0.0,-0.1313459941718111,3.1874481767214373,0.8749433441741999,0,0,0,0,1,311.81017149338294,434.8999999999999,123.08982850661698,0
2026-02-12 11:00:00,0.258819045102521,-0.9659258262890682,0.6744436188329455,0.7383263540031065,4.68,57.0,4.0,1.62,0.06975647374412552,-0.9975640502598242,0.9659258262890683,0.9659258262890683,0.0,0.9272887932375056,0.9659258262890683,897.9632851513694,968.375,0.5400522317581063,0.7687079068001357,744.3975192475814,201.05,0.0,0.0634310480704696,-0.1313459941718111,-0.0690649787986557,0.9094641700412616,0,0,1,0,0,489.58654866056617,601.58,111.99345133943388,0
2026-02-12 12:00:00,1.2246467991473532e-16,-1.0,0.6744436188329455,0.7383263540031065,5.67,52.0,3.0,2.23,-0.7660444431189779,-0.6427876096865395,1.0,1.0,0.0,0.97,1.0,939.32375,968.375,0.63799632747877,0.9175806848395625,888.5621956815113,434.8999999999999,0.0,0.0,-0.1313459941718111,5.942959308315361,0.8530211329823626,0,0,0,0,1,452.6246226788143,656.61,203.9853773211857,0
2026-02-12 13:00:00,-0.2588190451025208,-0.9659258262890683,0.6744436188329455,0.7383263540031065,6.28,50.0,2.0,2.82,-0.9271838545667873,-0.3746065934159123,0.9659258262890683,0.9659258262890683,0.0,0.9466073097632869,0.9659258262890683,916.6708535920229,968.375,0.6744436188329455,0.98,949.0074999999999,601.58,0.1073590271239159,0.0,-0.1313459941718111,-0.0690649787986557,0.7127914960204372,0,1,0,0,0,385.5114029717732,652.9999999999999,267.4885970282267,1
2026-02-12 14:00:00,-0.4999999999999997,-0.8660254037844388,0.6744436188329455,0.7383263540031065,6.2,51.0,2.0,3.51,-0.9271838545667873,-0.3746065934159123,0.8660254037844387,0.8660254037844387,0.0,0.84870489570875,0.8660254037844387,821.8646033819607,968.375,0.63799632747877,0.9270402795286301,897.7226306885372,656.61,0.0763283123974563,0.0,-0.1313459941718111,-0.0690649787986557,0.9390375528707854,0,0,0,0,1,372.5521998392757,588.28,215.72780016072426,1
2026-02-12 15:00:00,-0.7071067811865471,-0.7071067811865479,0.6744436188329455,0.7383263540031065,5.97,53.0,1.0,3.89,-0.913545457642601,-0.4067366430758001,0.7071067811865476,0.7071067811865476,0.0,0.7000357133746821,0.7071067811865476,677.8970839392077,968.375,0.5400522317581063,0.79273002888764,767.6599417240684,652.9999999999999,0.0,0.0,-0.1313459941718111,1.4339410929798488,0.8594055138934937,0,0,0,0,1,329.1429200029342,446.86,117.71707999706581,0
2026-02-12 16:00:00,-0.8660254037844385,-0.5000000000000004,0.6744436188329455,0.7383263540031065,5.76,55.0,0.0,3.21,-0.913545457642601,-0.4067366430758001,0.49999999999999994,0.49999999999999994,0.0,0.49999999999999994,0.49999999999999994,484.18749999999994,968.375,0.4090707330697223,0.6065306597126334,587.3491275992214,588.28,0.0,0.0,0.1610047670493168,-0.0690649787986557,0.9176739944728828,0,0,0,0,1,144.46563416586113,242.34,97.87436583413887,0
2026-02-12 17:00:00,-0.9659258262890683,-0.25881904510252063,0.6744436188329455,0.7383263540031065,5.29,59.0,0.0,3.19,-0.8660254037844385,-0.5000000000000004,0.258819045102521,0.258819045102521,0.0,0.258819045102521,0.258819045102521,250.6338928011538,968.375,0.2772720609563687,0.41111229050718745,398.11086431989764,446.86,0.0,0.0143241193387874,-0.1313459941718111,-0.0690649787986557,0.9001720756011506,0,0,0,0,1,60.27344772853416,59.95999999999999,0.3134477285341717,0
2026-02-12 18:00:00,-1.0,-1.8369701987210297e-16,0.6744436188329455,0.7383263540031065,6.95,65.0,0.0,2.62,-0.6946583704589973,-0.7193398003386511,1.2246467991473532e-16,1.2246467991473532e-16,0.0,1.2246467991473532e-16,1.2246467991473532e-16,1.185917344124318e-13,968.375,0.16817400605174782,0.24935220877729622,241.46644517471424,242.34,0.1422604920160907,0.0,-0.1313459941718111,-0.0690649787986557,0.8935163336469966,0,1,0,0,0,12.252619765713312,1.12,11.132619765713311,0
2026-02-12 19:00:00,-0.9659258262890684,0.2588190451025203,0.6744436188329455,0.7383263540031065,6.19,68.0,0.0,2.35,-0.5591929034707467,-0.8290375725550417,0.0,0.0,0.0,0.0,0.0,0.0,968.375,0.09127601818188273,0.1353352832366127,131.05530490425483,59.95999999999999,0.1422555760786295,0.0,-0.1313459941718111,-0.0690649787986557,0.8933987698139676,0,1,0,0,0,10.808403165994386,0.0,10.808403165994386,0
2026-02-12 20:00:00,-0.8660254037844386,0.5000000000000001,0.6744436188329455,0.7383263540031065,5.39,71.0,0.0,2.57,-0.45399049973954664,-0.8910065241883679,0.0,0.0,0.0,0.0,0.0,0.0,968.375,0.044330186700697626,0.06572852861653047,63.649863899032695,1.12,0.0035660980507224,0.0,-0.1313459941718111,-0.0690649787986557,0.9012543456096406,0,0,0,0,1,0.5525761174497787,0.0,0.5525761174497787,0
2026-02-12 21:00:00,-0.7071067811865477,0.7071067811865474,0.6744436188329455,0.7383263540031065,4.41,73.0,0.0,2.53,-0.017452406437283637,-0.9998476951563913,0.0,0.0,0.0,0.0,0.0,0.0,968.375,0.019265819722907498,0.028565500784550377,27.66211682223897,0.0,0.0034301709461046,0.0,-0.1313459941718111,-0.0690649787986557,0.9026100129170492,0,0,0,0,1,-0.6657081308589554,0.0,0.6657081308589554,0
2026-02-12 22:00:00,-0.5000000000000004,0.8660254037844384,0.6744436188329455,0.7383263540031065,3.08,76.0,0.0,2.6,0.45399049973954686,-0.8910065241883678,0.0,0.0,0.0,0.0,0.0,0.0,968.375,0.007492391826854804,0.011108996538242306,10.757674522720393,0.0,0.0,0.0160025615860456,-0.1313459941718111,-0.0690649787986557,0.9039094436278126,0,0,0,0,1,0.1564835315799057,0.0,0.1564835315799057,0
2026-02-12 23:00:00,-0.25881904510252157,0.9659258262890681,0.6744436188329455,0.7383263540031065,1.62,79.0,0.0,2.31,0.48480962024633717,-0.8746197071393957,0.0,0.0,0.0,0.0,0.0,0.0,968.375,0.0026073451689852057,0.0038659201394728076,3.74366041506198,0.0,0.1291532357042027,0.0,-0.1313459941718111,-0.0690649787986557,0.9075645828502216,0,0,0,0,1,2.1370466931208254,0.0,2.1370466931208254,0
2026-02-13 00:00:00,0.0,1.0,0.6870527672236669,0.7266075247685656,1.54,78.0,0.0,2.33,0.3420201433256689,-0.9396926207859083,0.0,0.0,0.0,0.0,0.0,0.0,968.375,5.747082843787045e-05,8.364834722972752e-05,0.0810029682485874,0.0,0.0534162014085534,0.0,-0.1313459941718111,-0.0690649787986557,0.895816224791152,0,0,0,0,1,0.17004555884189457,0.0,0.17004555884189457,0
2026-02-13 01:00:00,0.25881904510252074,0.9659258262890683,0.6870527672236669,0.7266075247685656,1.53,78.0,0.0,2.08,0.4226182617406995,-0.9063077870366499,0.0,0.0,0.0,0.0,0.0,0.0,968.375,0.00023048052680054408,0.00033546262790251185,0.3248536222950949,0.0,0.0,0.0,-0.1313459941718111,3.1874481767214373,0.9054404086118772,0,0,0,0,1,0.2582775478070727,0.0,0.2582775478070727,0
2026-02-13 02:00:00,0.49999999999999994,0.8660254037844387,0.6870527672236669,0.7266075247685656,1.4,77.0,0.0,2.28,0.5735764363510459,-0.8191520442889919,0.0,0.0,0.0,0.0,0.0,0.0,968.375,0.0008271153407965862,0.001203859994828203,1.165787922491761,0.0,0.0,0.074584574757163,-0.1313459941718111,-0.0690649787986557,0.8731111929872305,0,0,1,0,0,0.7878086765819697,0.0,0.7878086765819697,0
2026-02-13 03:00:00,0.7071067811865476,0.7071067811865476,0.6870527672236669,0.7266075247685656,1.2,76.0,0.0,2.23,0.6427876096865395,-0.7660444431189779,0.0,0.0,0.0,0.0,0.0,0.0,968.375,0.002656091129690497,0.0038659201394728076,3.74366041506198,0.0,0.0,0.0280045535061232,-0.1313459941718111,-0.0690649787986557,0.8675287375596742,0,0,1,0,0,0.11908161849575244,0.0,0.11908161849575244,0
2026-02-13 04:00:00,0.8660254037844386,0.5000000000000001,0.6870527672236669,0.7266075247685656,1.14,75.0,0.0,2.34,0.49999999999999994,-0.8660254037844387,0.0,0.0,0.0,0.0,0.0,0.0,968.375,0.007632466812677513,0.011108996538242306,10.757674522720393,0.0,0.0341692655029507,0.0,-0.1313459941718111,-0.0690649787986557,0.8920563980597594,0,0,0,0,1,0.384393207990088,0.0,0.384393207990088,0
2026-02-13 05:00:00,0.9659258262890683,0.25881904510252074,0.6870527672236669,0.7266075247685656,1.17,75.0,0.0,2.42,0.4226182617406995,-0.9063077870366499,0.0,0.0,0.0,0.0,0.0,0.0,968.375,0.019626006361155166,0.028565500784550377,27.66211682223897,0.0,0.0,0.0701651314299628,-0.1313459941718111,-0.0690649787986557,0.8555878934285949,0,0,0,0,1,-1.6992074685318064,0.0,1.6992074685318064,0
2026-02-13 06:00:00,1.0,6.123233995736766e-17,0.6870527672236669,0.7266075247685656,-1.05,74.0,40.0,2.25,0.6691306063588583,-0.7431448254773941,0.0,0.0,0.0,0.0,0.0,0.0,968.375,0.04515896747152724,0.03943711716991828,38.18991833941961,0.0,0.0,0.0709416569378866,-0.1313459941718111,-0.0690649787986557,0.933012032116307,0,0,1,0,0,-3.788338182343745,0.0,3.788338182343745,0
2026-02-13 07:00:00,0.9659258262890683,-0.25881904510252063,0.6870527672236669,0.7266075247685656,-0.6,75.0,32.0,2.45,0.5446390350150273,-0.8386705679454239,0.25881904510252074,0.25881904510252074,0.0,0.17599695066971408,0.25881904510252074,170.43104710478437,968.375,0.0929824808507135,0.09202799260089663,89.11760733489326,0.0,0.1377471763875279,0.0,-0.1313459941718111,-0.0690649787986557,0.8406412960361523,0,1,0,0,0,-0.6859277036155392,9.14,9.82592770361554,0
2026-02-13 08:00:00,0.8660254037844387,-0.4999999999999998,0.6870527672236669,0.7266075247685656,0.0,74.0,24.0,2.62,0.6560590289905073,-0.754709580222772,0.49999999999999994,0.49999999999999994,0.0,0.37999999999999995,0.49999999999999994,367.98249999999996,968.375,0.1713181250537749,0.18950767867074514,183.51449833278284,0.0,0.0949680593599972,0.0,-0.1313459941718111,-0.0690649787986557,0.8133363621641615,0,0,0,0,1,53.6201301274268,94.47000000000004,40.849869872573244,0
2026-02-13 09:00:00,0.7071067811865476,-0.7071067811865475,0.6870527672236669,0.7266075247685656,1.49,70.0,27.0,2.53,0.6156614753256584,-0.7880107536067219,0.7071067811865476,0.7071067811865476,0.0,0.5161879502661797,0.7071067811865476,499.86350633901174,968.375,0.2824558368326232,0.3001119720702468,290.62093095352526,9.14,0.0,0.0,4.838616946587366,-0.0690649787986557,0.9167018619523908,0,0,0,0,1,204.06295108429342,239.33,35.267048915706596,0
2026-02-13 10:00:00,0.49999999999999994,-0.8660254037844387,0.6870527672236669,0.7266075247685656,4.02,65.0,47.0,3.17,0.3255681544571566,-0.9455185755993168,0.8660254037844386,0.8660254037844386,0.0,0.45899346400575247,0.8660254037844386,444.47779570657053,968.375,0.41671856816156105,0.32146124964769573,311.29503762758736,94.47000000000004,0.0,0.0,-0.1313459941718111,-0.3195659907617397,0.0,0,0,0,0,0,345.1652467126731,437.81000000000006,92.64475328732698,0
2026-02-13 11:00:00,0.258819045102521,-0.9659258262890682,0.6870527672236669,0.7266075247685656,7.04,62.0,49.0,3.13,-0.12186934340514731,-0.9925461516413221,0.9659258262890683,0.9659258262890683,0.0,0.49262217140742487,0.9659258262890683,477.04299523666504,968.375,0.5501488484934853,0.4083760754875721,395.46118210027765,239.33,0.0,0.0,-0.1313459941718111,-0.3195659907617397,0.0,0,0,0,0,0,483.3303892771991,549.0199999999999,65.68961072280075,0
2026-02-13 12:00:00,1.2246467991473532e-16,-1.0,0.6870527672236669,0.7266075247685656,8.06,61.0,60.0,3.73,-0.5591929034707467,-0.8290375725550417,1.0,1.0,0.0,0.4,1.0,387.35,968.375,0.6499240707938235,0.3783837875627062,366.4174002810356,437.81000000000006,0.0,0.0,-0.1313459941718111,-0.3195659907617397,0.0,0,0,0,0,0,481.2156826540098,575.86,94.6443173459902,0
2026-02-13 13:00:00,-0.2588190451025208,-0.9659258262890683,0.6870527672236669,0.7266075247685656,8.33,63.0,64.0,4.99,-0.6819983600624984,-0.7313537016191706,0.9659258262890683,0.9659258262890683,0.0,0.34773329746406456,0.9659258262890683,336.73623193176354,968.375,0.6870527672236669,0.36,348.615,549.0199999999999,0.0,0.0,6.5927215139141335,-0.0690649787986557,0.8904632673810011,0,0,0,0,1,379.9205105478534,575.85,195.92948945214664,0
2026-02-13 14:00:00,-0.4999999999999997,-0.8660254037844388,0.6870527672236669,0.7266075247685656,8.46,64.0,69.0,4.41,-0.7071067811865475,-0.7071067811865477,0.8660254037844387,0.8660254037844387,0.0,0.26846787517317605,0.8660254037844387,259.9775786208244,968.375,0.6499240707938235,0.2932474353610973,283.9734852178026,575.86,0.0,0.0259170847162925,-0.1313459941718111,-0.0690649787986557,0.9038094275294132,0,0,0,0,1,330.6849568419563,496.79,166.1050431580437,0
2026-02-13 15:00:00,-0.7071067811865471,-0.7071067811865479,0.6870527672236669,0.7266075247685656,8.35,66.0,72.0,4.1,-0.754709580222772,-0.6560590289905073,0.7071067811865476,0.7071067811865476,0.0,0.19798989873223333,0.7071067811865476,191.72846818482645,968.375,0.5501488484934853,0.22420647281670628,217.11594311387793,575.85,0.0,0.0826866632023989,-0.1313459941718111,-0.0690649787986557,0.9317496732408186,0,0,0,0,1,263.1123862234153,371.8,108.68761377658473,0
2026-02-13 16:00:00,-0.8660254037844385,-0.5000000000000004,0.6870527672236669,0.7266075247685656,8.12,69.0,82.0,4.17,-0.8290375725550418,-0.5591929034707466,0.49999999999999994,0.49999999999999994,0.0,0.09000000000000001,0.49999999999999994,87.15375000000002,968.375,0.41671856816156105,0.10917551874827404,105.72284296785988,496.79,0.0,0.1132156462934831,-0.1313459941718111,-0.0690649787986557,0.944522986693906,0,0,0,0,1,125.59612487311394,195.33,69.73387512688608,0
2026-02-13 17:00:00,-0.9659258262890683,-0.25881904510252063,0.6870527672236669,0.7266075247685656,7.41,75.0,75.0,3.35,-0.7313537016191705,-0.6819983600624986,0.258819045102521,0.258819045102521,0.0,0.06470476127563025,0.258819045102521,62.65847320028845,968.375,0.2824558368326232,0.10277807262679686,99.52771607997441,371.8,0.0,0.0,-0.1313459941718111,5.4419572843891935,0.8710588267141441,0,0,0,0,1,18.943646694019506,53.80999999999998,34.866353305980475,0
2026-02-13 18:00:00,-1.0,-1.8369701987210297e-16,0.6870527672236669,0.7266075247685656,8.95,61.0,0.0,2.63,-0.7880107536067221,-0.6156614753256581,1.2246467991473532e-16,1.2246467991473532e-16,0.0,1.2246467991473532e-16,1.2246467991473532e-16,1.185917344124318e-13,968.375,0.1713181250537749,0.24935220877729622,241.46644517471424,195.33,0.0,0.0,-0.1313459941718111,6.694462344204614,0.9237368266221532,0,0,0,0,1,10.52464635330265,1.11,9.41464635330265,0
2026-02-13 19:00:00,-0.9659258262890684,0.2588190451025203,0.6870527672236669,0.7266075247685656,8.17,66.0,7.0,2.37,-0.7986355100472928,-0.6018150231520483,0.0,0.0,0.0,0.0,0.0,0.0,968.375,0.0929824808507135,0.12586181341004982,121.88143356095699,53.80999999999998,0.1079491167978417,0.0,-0.1313459941718111,-0.0690649787986557,0.8669896687562644,0,0,0,0,1,2.7316482200292675,0.0,2.7316482200292675,0
2026-02-13 20:00:00,-0.8660254037844386,0.5000000000000001,0.6870527672236669,0.7266075247685656,7.32,70.0,20.0,1.01,-0.5150380749100542,-0.8571673007021123,0.0,0.0,0.0,0.0,0.0,0.0,968.375,0.04515896747152724,0.052582822893224385,50.919891119226165,1.11,0.0,0.0,-0.1313459941718111,0.1814360331644283,0.8924136411896717,0,0,0,0,1,-3.213963630986679,0.0,3.213963630986679,0
2026-02-13 21:00:00,-0.7071067811865477,0.7071067811865474,0.6870527672236669,0.7266075247685656,6.41,73.0,34.0,1.47,0.48480962024633717,-0.8746197071393957,0.0,0.0,0.0,0.0,0.0,0.0,968.375,0.019626006361155166,0.018853230517803247,18.25699710267772,0.0,0.0,0.0,-0.1313459941718111,1.934943116906017,0.9249003671968278,0,0,0,0,1,-0.8100130914121866,0.0,0.8100130914121866,0
2026-02-13 22:00:00,-0.5000000000000004,0.8660254037844384,0.6870527672236669,0.7266075247685656,5.28,77.0,78.0,1.85,0.6946583704589971,-0.7193398003386513,0.0,0.0,0.0,0.0,0.0,0.0,968.375,0.007632466812677513,0.002443979238413307,2.3666883949984863,0.0,0.0,0.0,-0.1313459941718111,0.4319370451275124,0.947397641009523,0,0,0,0,1,0.040474538470175445,0.0,0.040474538470175445,0
2026-02-13 23:00:00,-0.25881904510252157,0.9659258262890681,0.6870527672236669,0.7266075247685656,3.91,80.0,97.0,1.64,0.8290375725550417,-0.5591929034707467,0.0,0.0,0.0,0.0,0.0,0.0,968.375,0.002656091129690497,0.00011597760418418434,0.1123098124518595,0.0,0.0,0.0,-0.1313459941718111,2.435945140832185,0.8454239820157878,0,0,0,0,1,-0.19092151190275017,0.0,0.19092151190275017,0
2026-02-14 00:00:00,0.0,1.0,0.699458327051647,0.7146733860429609,3.74,80.0,95.0,1.91,0.6560590289905073,-0.754709580222772,0.0,0.0,0.0,0.0,0.0,0.0,968.375,5.850853301394048e-05,4.18241736148638e-06,0.004050148412429373,0.0,0.0,0.0,1.038057050712701,0.1814360331644283,0.8993603281773737,0,0,0,0,1,0.06657572709768356,0.0,0.06657572709768356,0
2026-02-14 01:00:00,0.25881904510252074,0.9659258262890683,0.699458327051647,0.7146733860429609,3.59,80.0,96.0,1.69,0.6560590289905073,-0.754709580222772,0.0,0.0,0.0,0.0,0.0,0.0,968.375,0.0002346421285010401,1.3418505116100486e-05,0.012994144891803809,0.0,0.0140794075245314,0.0,0.4533555282704449,-0.3195659907617397,0.7122209251405256,0,1,0,0,0,0.3544183026275405,0.0,0.3544183026275405,0
2026-02-14 02:00:00,0.49999999999999994,0.8660254037844387,0.699458327051647,0.7146733860429609,3.59,80.0,97.0,1.33,0.7547095802227721,-0.6560590289905072,0.0,0.0,0.0,0.0,0.0,0.0,968.375,0.0008420498979869392,3.611579984484612e-05,0.03497363767475286,0.0,0.0,0.0,-0.1313459941718111,-0.3195659907617397,0.0,0,0,0,0,0,0.3120210612934982,0.0,0.3120210612934982,0
2026-02-14 03:00:00,0.7071067811865476,0.7071067811865476,0.699458327051647,0.7146733860429609,3.69,79.0,97.0,1.56,0.7986355100472927,-0.6018150231520484,0.0,0.0,0.0,0.0,0.0,0.0,968.375,0.00270405003327092,0.00011597760418418434,0.1123098124518595,0.0,0.0,0.0,-0.1313459941718111,-0.3195659907617397,0.0,0,0,0,0,0,0.22412714319455088,0.0,0.22412714319455088,0
2026-02-14 04:00:00,0.8660254037844386,0.5000000000000001,0.699458327051647,0.7146733860429609,3.59,78.0,100.0,1.69,0.9961946980917455,-0.08715574274765824,0.0,0.0,0.0,0.0,0.0,0.0,968.375,0.007770280133861502,0.0,0.0,0.0,0.0,0.0,-0.1313459941718111,-0.3195659907617397,0.0,0,0,0,0,0,1.8732428146923032,0.0,1.8732428146923032,0
2026-02-14 05:00:00,0.9659258262890683,0.25881904510252074,0.699458327051647,0.7146733860429609,3.38,78.0,100.0,2.18,0.981627183447664,-0.1908089953765448,0.0,0.0,0.0,0.0,0.0,0.0,968.375,0.019980377390154118,0.0,0.0,0.0,0.0,0.0,-0.1313459941718111,-0.3195659907617397,0.0,0,0,0,0,0,-0.005340029025006814,0.0,0.005340029025006814,0
2026-02-14 06:00:00,1.0,6.123233995736766e-17,0.699458327051647,0.7146733860429609,2.95,87.0,75.0,2.5,0.9510565162951536,-0.30901699437494734,0.0,0.0,0.0,0.0,0.0,0.0,968.375,0.04597436666568471,0.01643213215413262,15.912465974758174,0.0,0.0,0.0,-0.1313459941718111,-0.3195659907617397,0.0,0,0,0,0,0,-1.9553048546769003,0.0,1.9553048546769003,0
2026-02-14 07:00:00,0.9659258262890683,-0.25881904510252063,0.699458327051647,0.7146733860429609,3.1,85.0,80.0,2.24,0.9335804264972017,-0.35836794954530027,0.25881904510252074,0.25881904510252074,0.0,0.051763809020504134,0.25881904510252074,50.12677856023069,968.375,0.09466139080374193,0.027067056647322535,26.21106098085096,0.0,0.0,0.0,-0.1313459941718111,-0.3195659907617397,0.0,0,0,0,0,0,-15.518288925799926,4.060000000000001,19.578288925799928,0
2026-02-14 08:00:00,0.8660254037844387,-0.4999999999999998,0.699458327051647,0.7146733860429609,3.41,82.0,85.0,2.32,0.9335804264972017,-0.35836794954530027,0.49999999999999994,0.49999999999999994,0.0,0.075,0.49999999999999994,72.628125,968.375,0.17441147879800062,0.037402831316594436,36.21996677620714,0.0,0.0,0.0,-0.1313459941718111,-0.3195659907617397,0.0,0,0,0,0,0,25.88801233218925,92.41,66.52198766781075,0
2026-02-14 09:00:00,0.7071067811865476,-0.7071067811865475,0.699458327051647,0.7146733860429609,4.28,77.0,90.0,2.3,0.9781476007338057,-0.20791169081775934,0.7071067811865476,0.7071067811865476,0.0,0.07071067811865474,0.7071067811865476,68.47445292315228,968.375,0.28755591494852806,0.041111229050718734,39.81108643198976,4.060000000000001,0.0,0.0,-0.1313459941718111,-0.3195659907617397,0.0,0,0,0,0,0,139.11439189872837,180.94,41.82560810127163,0
2026-02-14 10:00:00,0.49999999999999994,-0.8660254037844387,0.699458327051647,0.7146733860429609,5.92,68.0,95.0,2.23,0.8910065241883679,-0.45399049973954675,0.8660254037844386,0.8660254037844386,0.0,0.04330127018922197,0.8660254037844386,41.931867519487824,968.375,0.4242429205481304,0.030326532985631698,29.367456379961094,92.41,0.0,0.0,-0.1313459941718111,-0.3195659907617397,0.0,0,0,0,0,0,213.59638442380162,285.76,72.16361557619837,0
2026-02-14 11:00:00,0.258819045102521,-0.9659258262890682,0.699458327051647,0.7146733860429609,7.85,62.0,100.0,2.61,0.7313537016191706,-0.6819983600624984,0.9659258262890683,0.9659258262890683,0.0,0.0,0.9659258262890683,0.0,968.375,0.5600824442518711,0.0,0.0,180.94,0.0,0.0,-0.1313459941718111,-0.3195659907617397,0.0,0,0,0,0,0,328.11139861376034,419.05,90.93860138623967,0
2026-02-14 12:00:00,1.2246467991473532e-16,-1.0,0.699458327051647,0.7146733860429609,9.71,62.0,100.0,2.03,0.39073112848927377,-0.9205048534524404,1.0,1.0,0.0,0.0,1.0,0.0,968.375,0.6616592275801906,0.0,0.0,285.76,0.0,0.0,-0.1313459941718111,-0.3195659907617397,0.0,0,0,0,0,0,325.666780556326,448.84,123.17321944367399,0
2026-02-14 13:00:00,-0.2588190451025208,-0.9659258262890683,0.699458327051647,0.7146733860429609,10.41,65.0,100.0,1.54,-0.32556815445715676,-0.9455185755993167,0.9659258262890683,0.9659258262890683,0.0,0.0,0.9659258262890683,0.0,968.375,0.699458327051647,0.0,0.0,419.05,0.0,0.0,-0.1313459941718111,-0.3195659907617397,0.0,0,0,0,0,0,277.49023674271103,245.28000000000003,32.210236742711004,0
2026-02-14 14:00:00,-0.4999999999999997,-0.8660254037844388,0.699458327051647,0.7146733860429609,10.29,67.0,100.0,1.48,-0.6427876096865393,-0.766044443118978,0.8660254037844387,0.8660254037844387,0.0,0.0,0.8660254037844387,0.0,968.375,0.6616592275801906,0.0,0.0,448.84,0.0,0.0,-0.1313459941718111,-0.3195659907617397,0.0,0,0,0,0,0,250.88569282446164,188.88,62.00569282446165,0
2026-02-14 15:00:00,-0.7071067811865471,-0.7071067811865479,0.699458327051647,0.7146733860429609,10.19,69.0,100.0,1.91,-0.7431448254773944,-0.6691306063588581,0.7071067811865476,0.7071067811865476,0.0,0.0,0.7071067811865476,0.0,968.375,0.5600824442518711,0.0,0.0,245.28000000000003,0.0,0.0,-0.1313459941718111,-0.3195659907617397,0.0,0,0,0,0,0,134.58193684674367,228.74,94.15806315325634,0
2026-02-14 16:00:00,-0.8660254037844385,-0.5000000000000004,0.699458327051647,0.7146733860429609,10.05,71.0,100.0,1.81,-0.8290375725550418,-0.5591929034707466,0.49999999999999994,0.49999999999999994,0.0,0.0,0.49999999999999994,0.0,968.375,0.4242429205481304,0.0,0.0,188.88,0.0,0.0,-0.1313459941718111,-0.3195659907617397,0.0,0,0,0,0,0,49.68769393638023,88.57999999999996,38.89230606361973,0
2026-02-14 17:00:00,-0.9659258262890683,-0.25881904510252063,0.699458327051647,0.7146733860429609,9.84,74.0,75.0,1.58,-0.9455185755993168,-0.32556815445715664,0.258819045102521,0.258819045102521,0.0,0.06470476127563025,0.258819045102521,62.65847320028845,968.375,0.28755591494852806,0.10277807262679686,99.52771607997441,228.74,0.0,0.0,-0.1313459941718111,-0.3195659907617397,0.0,0,0,0,0,0,17.48010158067424,22.17,4.689898419325761,0
2026-02-14 18:00:00,-1.0,-1.8369701987210297e-16,0.699458327051647,0.7146733860429609,12.95,58.0,75.0,1.56,-0.9612616959383188,0.2756373558169994,1.2246467991473532e-16,1.2246467991473532e-16,0.0,3.061616997868383e-17,1.2246467991473532e-16,2.964793360310795e-14,968.375,0.17441147879800062,0.062338052194324055,60.36661129367856,88.57999999999996,0.0,0.0,-0.1313459941718111,-0.3195659907617397,0.0,0,0,0,0,0,1.6159229356147709,0.91,0.7059229356147708,0
2026-02-14 19:00:00,-0.9659258262890684,0.2588190451025203,0.699458327051647,0.7146733860429609,11.76,64.0,66.0,0.89,-0.9945218953682734,0.10452846326765299,0.0,0.0,0.0,0.0,0.0,0.0,968.375,0.09466139080374193,0.046013996300448314,44.55880366744663,22.17,0.0,0.0,-0.1313459941718111,-0.3195659907617397,0.0,0,0,0,0,0,4.438931367253634,0.0,4.438931367253634,0
2026-02-14 20:00:00,-0.8660254037844386,0.5000000000000001,0.699458327051647,0.7146733860429609,10.47,70.0,55.0,0.7,-0.8829475928589271,0.4694715627858904,0.0,0.0,0.0,0.0,0.0,0.0,968.375,0.04597436666568471,0.02957783787743871,28.64243875456471,0.91,0.0,0.0,-0.1313459941718111,-0.3195659907617397,0.0,0,0,0,0,0,-4.511262743952821,0.0,4.511262743952821,0
2026-02-14 21:00:00,-0.7071067811865477,0.7071067811865474,0.699458327051647,0.7146733860429609,9.12,77.0,42.0,0.23,-0.7660444431189779,-0.6427876096865395,0.0,0.0,0.0,0.0,0.0,0.0,968.375,0.019980377390154118,0.01656799045503922,16.044027756898604,0.0,0.0,0.0,-0.1313459941718111,-0.3195659907617397,0.0,0,0,0,0,0,0.9610960001583847,0.0,0.9610960001583847,0
2026-02-14 22:00:00,-0.5000000000000004,0.8660254037844384,0.699458327051647,0.7146733860429609,7.72,84.0,17.0,0.6,-0.9781476007338056,0.20791169081775943,0.0,0.0,0.0,0.0,0.0,0.0,968.375,0.007770280133861502,0.009220467126741114,8.928869853857925,0.0,0.0,0.0,-0.1313459941718111,-0.3195659907617397,0.0,0,0,0,0,0,1.751923237751996,0.0,1.751923237751996,0
2026-02-14 23:00:00,-0.25881904510252157,0.9659258262890681,0.699458327051647,0.7146733860429609,6.26,90.0,12.0,0.87,-0.7071067811865477,0.7071067811865474,0.0,0.0,0.0,0.0,0.0,0.0,968.375,0.00270405003327092,0.0034020097227360708,3.2944211652545423,0.0,0.0,0.0,-0.1313459941718111,-0.3195659907617397,0.0,0,0,0,0,0,-0.264964511605535,0.0,0.264964511605535,0
2026-02-15 00:00:00,0.0,1.0,0.7116566222817746,0.7025274741691571,6.09,91.0,17.0,0.88,-0.529919264233205,0.8480480961564258,0.0,0.0,0.0,0.0,0.0,0.0,968.375,5.952890024896093e-05,6.942812820067385e-05,0.06723246364632754,0.0,0.0,0.0,-0.1313459941718111,-0.3195659907617397,0.0,0,0,0,0,0,-0.17152625840777735,0.0,0.17152625840777735,0
2026-02-15 01:00:00,0.25881904510252074,0.9659258262890683,0.7116566222817746,0.7025274741691571,5.88,92.0,20.0,0.59,-0.6018150231520483,0.7986355100472928,0.0,0.0,0.0,0.0,0.0,0.0,968.375,0.00023873420067486938,0.0002683701023220095,0.259882897836076,0.0,0.0,0.0,-0.1313459941718111,-0.3195659907617397,0.0,0,0,0,0,0,-0.1048512503428621,0.0,0.1048512503428621,0
2026-02-15 02:00:00,0.49999999999999994,0.8660254037844387,0.7116566222817746,0.7025274741691571,5.67,93.0,20.0,0.38,-0.9063077870366498,0.4226182617406996,0.0,0.0,0.0,0.0,0.0,0.0,968.375,0.0008567349376195936,0.0009630879958625624,0.9326303379934089,0.0,0.0,0.0,-0.1313459941718111,-0.3195659907617397,0.0,0,0,0,0,0,-0.05077860928288472,0.0,0.05077860928288472,0
2026-02-15 03:00:00,0.7071067811865476,0.7071067811865476,0.7116566222817746,0.7025274741691571,5.43,94.0,19.0,0.39,-0.3090169943749477,0.9510565162951535,0.0,0.0,0.0,0.0,0.0,0.0,968.375,0.0027512076684683053,0.0031313953129729743,3.032364936200204,0.0,0.0,0.0,-0.1313459941718111,-0.3195659907617397,0.0,0,0,0,0,0,-0.052383301635241374,0.0,0.052383301635241374,0
2026-02-15 04:00:00,0.8660254037844386,0.5000000000000001,0.7116566222817746,0.7025274741691571,5.22,95.0,9.0,0.73,-0.13917310096006588,0.9902680687415703,0.0,0.0,0.0,0.0,0.0,0.0,968.375,0.007905790953345447,0.010109186849800498,9.789483815675558,0.0,0.0,0.0,-0.1313459941718111,-0.3195659907617397,0.0,0,0,0,0,0,0.1497214921030974,0.0,0.1497214921030974,0
2026-02-15 05:00:00,0.9659258262890683,0.25881904510252074,0.7116566222817746,0.7025274741691571,5.09,95.0,4.0,1.25,-0.19080899537654467,0.981627183447664,0.0,0.0,0.0,0.0,0.0,0.0,968.375,0.020328827802120503,0.02742288075316836,26.55563214934941,0.0,0.0,0.0,-0.1313459941718111,-0.3195659907617397,0.0,0,0,0,0,0,0.241106535087896,0.0,0.241106535087896,0
2026-02-15 06:00:00,1.0,6.123233995736766e-17,0.7116566222817746,0.7025274741691571,6.95,93.0,100.0,0.61,0.9612616959383189,0.27563735581699916,0.0,0.0,0.0,0.0,0.0,0.0,968.375,0.046776142662791044,0.0,0.0,0.0,0.0,0.0,-0.1313459941718111,-0.3195659907617397,0.0,0,0,0,0,0,-7.395708065236852,0.0,7.395708065236852,0
2026-02-15 07:00:00,0.9659258262890683,-0.25881904510252063,0.7116566222817746,0.7025274741691571,6.47,94.0,80.0,0.66,0.9702957262759965,0.24192189559966767,0.25881904510252074,0.25881904510252074,0.0,0.051763809020504134,0.25881904510252074,50.12677856023069,968.375,0.09631225054371507,0.027067056647322535,26.21106098085096,0.0,0.0,0.0,-0.1313459941718111,-0.3195659907617397,0.0,0,0,0,0,0,-9.934920236910605,3.620000000000001,13.554920236910606,0
2026-02-15 08:00:00,0.8660254037844387,-0.4999999999999998,0.7116566222817746,0.7025274741691571,6.07,94.0,60.0,0.78,0.8829475928589269,0.46947156278589086,0.49999999999999994,0.49999999999999994,0.0,0.19999999999999998,0.49999999999999994,193.67499999999998,968.375,0.1774531506569505,0.09974088351091849,96.58657806988569,0.0,0.0,0.0,-0.1313459941718111,-0.3195659907617397,0.0,0,0,0,0,0,26.38268318553388,33.870000000000005,7.487316814466123,0
2026-02-15 09:00:00,0.7071067811865476,-0.7071067811865475,0.7116566222817746,0.7025274741691571,6.55,91.0,40.0,0.96,0.7313537016191705,0.6819983600624985,0.7071067811865476,0.7071067811865476,0.0,0.4242640687119285,0.7071067811865476,410.84671753891377,968.375,0.29257078404086867,0.24666737430431246,238.8665185919386,3.620000000000001,0.0,0.0,-0.1313459941718111,-0.3195659907617397,0.0,0,0,0,0,0,184.36534715308304,89.88,94.48534715308304,0
2026-02-15 10:00:00,0.49999999999999994,-0.8660254037844387,0.7116566222817746,0.7025274741691571,7.72,86.0,20.0,0.64,-0.12186934340514723,0.9925461516413221,0.8660254037844386,0.8660254037844386,0.0,0.6928203230275509,0.8660254037844386,670.9098803118046,968.375,0.43164156060142916,0.4852245277701068,469.87930207937717,33.870000000000005,0.0,0.0,-0.1313459941718111,-0.3195659907617397,0.0,0,0,0,0,0,210.3250841487915,169.04000000000002,41.28508414879147,0
2026-02-15 11:00:00,0.258819045102521,-0.9659258262890682,0.7116566222817746,0.7025274741691571,9.29,78.0,0.0,2.44,-0.7071067811865477,0.7071067811865474,0.9659258262890683,0.9659258262890683,0.0,0.9659258262890683,0.9659258262890683,935.3784220326766,968.375,0.5698500754944561,0.8007374029168081,775.414082549564,89.88,0.0,0.0,-0.1313459941718111,-0.3195659907617397,0.0,0,0,0,0,0,298.1507775361676,205.04,93.1107775361676,0
2026-02-15 12:00:00,1.2246467991473532e-16,-1.0,0.7116566222817746,0.7025274741691571,9.67,74.0,0.0,3.74,-0.7660444431189781,0.6427876096865393,1.0,1.0,0.0,1.0,1.0,968.375,968.375,0.67319832045765,0.9459594689067654,916.043500702589,169.04000000000002,0.0,0.0,-0.1313459941718111,-0.3195659907617397,0.0,0,0,0,0,0,413.8941602441867,128.79000000000002,285.1041602441867,1
2026-02-15 13:00:00,-0.2588190451025208,-0.9659258262890683,0.7116566222817746,0.7025274741691571,9.54,75.0,1.0,5.19,-0.8480480961564261,0.5299192642332047,0.9659258262890683,0.9659258262890683,0.0,0.9562665680261776,0.9659258262890683,926.0246378123497,968.375,0.7116566222817746,0.99,958.69125,205.04,0.0,0.0,-0.1313459941718111,-0.3195659907617397,0.0,0,0,0,0,0,359.7234197783093,277.15000000000003,82.57341977830924,0
2026-02-15 14:00:00,-0.4999999999999997,-0.8660254037844388,0.7116566222817746,0.7025274741691571,9.57,73.0,2.0,6.31,-0.7660444431189781,0.6427876096865393,0.8660254037844387,0.8660254037844387,0.0,0.84870489570875,0.8660254037844387,821.8646033819607,968.375,0.67319832045765,0.9270402795286301,897.7226306885372,128.79000000000002,0.0,0.0,-0.1313459941718111,-0.3195659907617397,0.0,0,0,0,0,0,288.962519552811,349.63000000000005,60.667480447189064,0
2026-02-15 15:00:00,-0.7071067811865471,-0.7071067811865479,0.7116566222817746,0.7025274741691571,9.77,57.0,3.0,7.69,-0.6018150231520483,0.7986355100472928,0.7071067811865476,0.7071067811865476,0.0,0.6858935777509512,0.7071067811865476,664.2021933545774,968.375,0.5698500754944561,0.7767152808293037,752.151660073077,277.15000000000003,0.0,0.0,-0.1313459941718111,-0.3195659907617397,0.0,0,0,0,0,0,238.19847701614333,392.11,153.91152298385668,0
2026-02-15 16:00:00,-0.8660254037844385,-0.5000000000000004,0.7116566222817746,0.7025274741691571,8.61,48.0,4.0,6.74,-0.529919264233205,0.8480480961564258,0.49999999999999994,0.49999999999999994,0.0,0.4799999999999999,0.49999999999999994,464.81999999999994,968.375,0.43164156060142916,0.5822694333241281,563.8551624952526,349.63000000000005,0.0,0.0,-0.1313459941718111,-0.3195659907617397,0.0,0,0,0,0,0,89.21499909417939,230.72,141.50500090582062,0
2026-02-15 17:00:00,-0.9659258262890683,-0.25881904510252063,0.7116566222817746,0.7025274741691571,6.95,48.0,52.0,6.73,-0.6691306063588581,0.7431448254773942,0.258819045102521,0.258819045102521,0.0,0.12423314164921008,0.258819045102521,120.3042685445538,968.375,0.29257078404086867,0.19733389944344998,191.09321487355086,392.11,0.0,0.0,-0.1313459941718111,-0.3195659907617397,0.0,0,0,0,0,0,39.016735468145384,54.06999999999999,15.053264531854609,0
2026-02-15 18:00:00,-1.0,-1.8369701987210297e-16,0.7116566222817746,0.7025274741691571,5.95,61.0,20.0,6.22,-0.6819983600624983,0.7313537016191707,1.2246467991473532e-16,1.2246467991473532e-16,0.0,9.797174393178826e-17,1.2246467991473532e-16,9.487338752994545e-14,968.375,0.1774531506569505,0.19948176702183698,193.17315613977138,230.72,0.0,0.0,-0.1313459941718111,-0.3195659907617397,0.0,0,0,0,0,0,7.318727894125246,1.2000000000000002,6.118727894125246,0
2026-02-15 19:00:00,-0.9659258262890684,0.2588190451025203,0.7116566222817746,0.7025274741691571,5.47,59.0,31.0,5.81,-0.6293203910498378,0.7771459614569706,0.0,0.0,0.0,0.0,0.0,0.0,968.375,0.09631225054371507,0.09338134543326276,90.42816038393583,54.06999999999999,0.0,0.0,-0.1313459941718111,-0.3195659907617397,0.0,0,0,0,0,0,4.594834973635852,0.0,4.594834973635852,0
2026-02-15 20:00:00,-0.8660254037844386,0.5000000000000001,0.7116566222817746,0.7025274741691571,4.87,57.0,44.0,5.49,-0.529919264233205,0.8480480961564258,0.0,0.0,0.0,0.0,0.0,0.0,968.375,0.046776142662791044,0.036807976025257066,35.64392378345831,1.2000000000000002,0.0,0.0,-0.1313459941718111,-0.3195659907617397,0.0,0,0,0,0,0,-0.45248532353073806,0.0,0.45248532353073806,0
2026-02-15 21:00:00,-0.7071067811865477,0.7071067811865474,0.7116566222817746,0.7025274741691571,4.22,56.0,58.0,4.55,-0.4694715627858908,0.882947592858927,0.0,0.0,0.0,0.0,0.0,0.0,968.375,0.020328827802120503,0.011997510329511159,11.618089065340369,0.0,0.0,0.0,-0.1313459941718111,-0.3195659907617397,0.0,0,0,0,0,0,-0.6179399164480321,0.0,0.6179399164480321,0
2026-02-15 22:00:00,-0.5000000000000004,0.8660254037844384,0.7116566222817746,0.7025274741691571,3.34,56.0,84.0,3.48,-0.3255681544571567,0.9455185755993168,0.0,0.0,0.0,0.0,0.0,0.0,968.375,0.007905790953345447,0.0017774394461187693,1.7212279236352632,0.0,0.0,0.0,-0.1313459941718111,-0.3195659907617397,0.0,0,0,0,0,0,-0.05456600370205763,0.0,0.05456600370205763,0
2026-02-15 23:00:00,-0.25881904510252157,0.9659258262890681,0.7116566222817746,0.7025274741691571,2.09,57.0,80.0,3.62,-0.3255681544571567,0.9455185755993168,0.0,0.0,0.0,0.0,0.0,0.0,968.375,0.0027512076684683053,0.0007731840278945613,0.7487320830123958,0.0,0.0,0.0,-0.1313459941718111,-0.3195659907617397,0.0,0,0,0,0,0,-0.05456600370205763,0.0,0.05456600370205763,0
2026-02-16 00:00:00,0.0,1.0,0.7236440382959124,0.6901733882429719,1.48,60.0,57.0,4.04,-0.2588190451025207,0.9659258262890683,0.0,0.0,0.0,0.0,0.0,0.0,968.375,6.053162778609872e-05,3.596878930878284e-05,0.034831276346892585,0.0,0.0,0.0,-0.1313459941718111,-0.3195659907617397,0.0,0,0,0,0,0,-0.29612009089324826,0.0,0.29612009089324826,0
2026-02-16 01:00:00,0.25881904510252074,0.9659258262890683,0.7236440382959124,0.6901733882429719,1.06,61.0,64.0,3.69,-0.29237170472273716,0.9563047559630353,0.0,0.0,0.0,0.0,0.0,0.0,968.375,0.0002427555307527327,0.00012076654604490427,0.11694730402623417,0.0,0.0,0.0,-0.1313459941718111,-0.3195659907617397,0.0,0,0,0,0,0,-0.17702978391494875,0.0,0.17702978391494875,0
2026-02-16 02:00:00,0.49999999999999994,0.8660254037844387,0.7236440382959124,0.6901733882429719,0.8,61.0,72.0,3.86,-0.35836794954530077,0.9335804264972015,0.0,0.0,0.0,0.0,0.0,0.0,968.375,0.000871166108200377,0.0003370807985518969,0.32642061829769314,0.0,0.0,0.0,-0.1313459941718111,-0.3195659907617397,0.0,0,0,0,0,0,-0.19322637072125706,0.0,0.19322637072125706,0
2026-02-16 03:00:00,0.7071067811865476,0.7071067811865476,0.7236440382959124,0.6901733882429719,0.66,60.0,76.0,3.56,-0.3090169943749477,0.9510565162951535,0.0,0.0,0.0,0.0,0.0,0.0,968.375,0.002797550061457599,0.0009278208334734738,0.8984784996148752,0.0,0.0,0.0,-0.1313459941718111,-0.3195659907617397,0.0,0,0,0,0,0,0.17334367270812404,0.0,0.17334367270812404,0
2026-02-16 04:00:00,0.8660254037844386,0.5000000000000001,0.7236440382959124,0.6901733882429719,0.59,60.0,100.0,3.28,-0.3090169943749477,0.9510565162951535,0.0,0.0,0.0,0.0,0.0,0.0,968.375,0.008038959116348974,0.0,0.0,0.0,0.0,0.0,-0.1313459941718111,-0.3195659907617397,0.0,0,0,0,0,0,0.17334367270812404,0.0,0.17334367270812404,0
2026-02-16 05:00:00,0.9659258262890683,0.25881904510252074,0.7236440382959124,0.6901733882429719,0.56,59.0,100.0,3.49,-0.1736481776669304,0.984807753012208,0.0,0.0,0.0,0.0,0.0,0.0,968.375,0.020671254343677087,0.0,0.0,0.0,0.0,0.0,-0.1313459941718111,-0.3195659907617397,0.0,0,0,0,0,0,0.3859355084531652,0.0,0.3859355084531652,0
2026-02-16 06:00:00,1.0,6.123233995736766e-17,0.7236440382959124,0.6901733882429719,0.95,60.0,75.0,2.95,-0.19080899537654467,0.981627183447664,0.0,0.0,0.0,0.0,0.0,0.0,968.375,0.04756405787931455,0.01643213215413262,15.912465974758174,0.0,0.0,0.0,-0.1313459941718111,-0.3195659907617397,0.0,0,0,0,0,0,0.3859355084531652,0.0,0.3859355084531652,0
2026-02-16 07:00:00,0.9659258262890683,-0.25881904510252063,0.7236440382959124,0.6901733882429719,0.84,59.0,80.0,2.59,-0.13917310096006588,0.9902680687415703,0.25881904510252074,0.25881904510252074,0.0,0.051763809020504134,0.25881904510252074,50.12677856023069,968.375,0.09793457088526351,0.027067056647322535,26.21106098085096,0.0,0.0,0.0,-0.1313459941718111,-0.3195659907617397,0.0,0,0,0,0,0,13.977064645418324,10.340000000000003,3.63706464541832,0
2026-02-16 08:00:00,0.8660254037844387,-0.4999999999999998,0.7236440382959124,0.6901733882429719,0.7,59.0,85.0,2.54,-0.05233595624294437,0.9986295347545738,0.49999999999999994,0.49999999999999994,0.0,0.075,0.49999999999999994,72.628125,968.375,0.18044223931760808,0.037402831316594436,36.21996677620714,0.0,0.0,0.0,-0.1313459941718111,-0.3195659907617397,0.0,0,0,0,0,0,58.579484016155604,89.36000000000003,30.780515983844424,0
2026-02-16 09:00:00,0.7071067811865476,-0.7071067811865475,0.7236440382959124,0.6901733882429719,0.94,55.0,90.0,2.41,-0.13917310096006588,0.9902680687415703,0.7071067811865476,0.7071067811865476,0.0,0.07071067811865474,0.7071067811865476,68.47445292315228,968.375,0.2974989580957034,0.041111229050718734,39.81108643198976,10.340000000000003,0.0,0.0,-0.1313459941718111,-0.3195659907617397,0.0,0,0,0,0,0,224.8864683701762,266.6,41.71353162982382,0
2026-02-16 10:00:00,0.49999999999999994,-0.8660254037844387,0.7236440382959124,0.6901733882429719,1.46,50.0,95.0,3.29,0.03489949670250097,0.9993908270190958,0.8660254037844386,0.8660254037844386,0.0,0.04330127018922197,0.8660254037844386,41.931867519487824,968.375,0.4389122959447339,0.030326532985631698,29.367456379961094,89.36000000000003,0.0,0.0,-0.1313459941718111,-0.3195659907617397,0.0,0,0,0,0,0,323.37143084173795,423.2,99.82856915826204,0
2026-02-16 11:00:00,0.258819045102521,-0.9659258262890682,0.7236440382959124,0.6901733882429719,2.6,44.0,92.0,2.54,-0.08715574274765832,0.9961946980917455,0.9659258262890683,0.9659258262890683,0.0,0.07727406610312543,0.9659258262890683,74.83027376261408,968.375,0.5794488478613001,0.06405899223334462,62.033126603965094,266.6,0.0,0.0,-0.1313459941718111,-0.3195659907617397,0.0,0,0,0,0,0,403.82440008307634,485.85,82.02559991692368,0
2026-02-16 12:00:00,1.2246467991473532e-16,-1.0,0.7236440382959124,0.6901733882429719,3.5,41.0,95.0,2.94,-0.6156614753256582,0.788010753606722,1.0,1.0,0.0,0.050000000000000044,1.0,48.418750000000045,968.375,0.6845379301439483,0.047297973445338315,45.802175035129494,423.2,0.0,0.0,-0.1313459941718111,-0.3195659907617397,0.0,0,0,0,0,0,403.00845340320245,584.75,181.74154659679755,0
2026-02-16 13:00:00,-0.2588190451025208,-0.9659258262890683,0.7236440382959124,0.6901733882429719,3.99,40.0,96.0,4.54,-0.7193398003386511,0.6946583704589973,0.9659258262890683,0.9659258262890683,0.0,0.03863703305156277,0.9659258262890683,37.4151368813071,968.375,0.7236440382959124,0.040000000000000036,38.735000000000035,485.85,0.0,0.0,-0.1313459941718111,-0.3195659907617397,0.0,0,0,0,0,0,374.92864653022025,673.1600000000001,298.23135346977983,1
2026-02-16 14:00:00,-0.4999999999999997,-0.8660254037844388,0.7236440382959124,0.6901733882429719,4.25,40.0,96.0,5.82,-0.6819983600624983,0.7313537016191707,0.8660254037844387,0.8660254037844387,0.0,0.03464101615137758,0.8660254037844387,33.545494015590265,968.375,0.6845379301439483,0.03783837875627065,36.64174002810359,584.75,0.0,0.0,-0.1313459941718111,-0.3195659907617397,0.0,0,0,0,0,0,397.91356419317884,615.54,217.62643580682112,1
2026-02-16 15:00:00,-0.7071067811865471,-0.7071067811865479,0.7236440382959124,0.6901733882429719,4.07,42.0,95.0,6.42,-0.7071067811865477,0.7071067811865474,0.7071067811865476,0.7071067811865476,0.0,0.03535533905932741,0.7071067811865476,34.23722646157618,968.375,0.5794488478613001,0.04003687014584044,38.77070412747823,673.1600000000001,0.0,0.0,-0.1313459941718111,-0.3195659907617397,0.0,0,0,0,0,0,293.1609845177107,494.22,201.05901548228934,0
2026-02-16 16:00:00,-0.8660254037844385,-0.5000000000000004,0.7236440382959124,0.6901733882429719,3.79,43.0,92.0,6.11,-0.6293203910498378,0.7771459614569706,0.49999999999999994,0.49999999999999994,0.0,0.03999999999999997,0.49999999999999994,38.73499999999997,968.375,0.4389122959447339,0.04852245277701065,46.98793020793769,615.54,0.0,0.0,-0.1313459941718111,-0.3195659907617397,0.0,0,0,0,0,0,83.46064926740644,256.52000000000004,173.0593507325936,0
2026-02-16 17:00:00,-0.9659258262890683,-0.25881904510252063,0.7236440382959124,0.6901733882429719,3.38,44.0,96.0,5.48,-0.6018150231520483,0.7986355100472928,0.258819045102521,0.258819045102521,0.0,0.01035276180410085,0.258819045102521,10.025355712046162,968.375,0.2974989580957034,0.01644449162028751,15.924434572795919,494.22,0.0,0.0,-0.1313459941718111,-0.3195659907617397,0.0,0,0,0,0,0,18.77452353017233,73.58999999999999,54.81547646982766,0
2026-02-16 18:00:00,-1.0,-1.8369701987210297e-16,0.7236440382959124,0.6901733882429719,2.95,56.0,0.0,4.67,-0.4848096202463369,0.8746197071393959,1.2246467991473532e-16,1.2246467991473532e-16,0.0,1.2246467991473532e-16,1.2246467991473532e-16,1.185917344124318e-13,968.375,0.18044223931760808,0.24935220877729622,241.46644517471424,256.52000000000004,0.0,0.0,-0.1313459941718111,-0.3195659907617397,0.0,0,0,0,0,0,7.317092329699733,2.16,5.157092329699733,0
2026-02-16 19:00:00,-0.9659258262890684,0.2588190451025203,0.7236440382959124,0.6901733882429719,2.76,55.0,14.0,4.08,-0.22495105434386534,0.9743700647852351,0.0,0.0,0.0,0.0,0.0,0.0,968.375,0.09793457088526351,0.11638834358348692,112.70756221765915,73.58999999999999,0.0,0.0,-0.1313459941718111,-0.3195659907617397,0.0,0,0,0,0,0,3.266102468211761,0.0,3.266102468211761,0
2026-02-16 20:00:00,-0.8660254037844386,0.5000000000000001,0.7236440382959124,0.6901733882429719,2.41,54.0,30.0,3.79,-0.1736481776669304,0.984807753012208,0.0,0.0,0.0,0.0,0.0,0.0,968.375,0.04756405787931455,0.046009970031571326,44.554904729322885,2.16,0.0,0.0,-0.1313459941718111,-0.3195659907617397,0.0,0,0,0,0,0,-0.1831507467711442,0.0,0.1831507467711442,0
2026-02-16 21:00:00,-0.7071067811865477,0.7071067811865474,0.7236440382959124,0.6901733882429719,1.93,54.0,48.0,3.56,-0.2588190451025207,0.9659258262890683,0.0,0.0,0.0,0.0,0.0,0.0,968.375,0.020671254343677087,0.014854060407966196,14.384300747564264,0.0,0.0,0.0,-0.1313459941718111,-0.3195659907617397,0.0,0,0,0,0,0,-0.2528046255113252,0.0,0.2528046255113252,0
2026-02-16 22:00:00,-0.5000000000000004,0.8660254037844384,0.7236440382959124,0.6901733882429719,1.44,54.0,79.0,2.83,-0.13917310096006588,0.9902680687415703,0.0,0.0,0.0,0.0,0.0,0.0,968.375,0.008038959116348974,0.002332889273030884,2.259111649771282,0.0,0.0,0.0,-0.1313459941718111,-0.3195659907617397,0.0,0,0,0,0,0,0.15802583204298296,0.0,0.15802583204298296,0
2026-02-16 23:00:00,-0.25881904510252157,0.9659258262890681,0.7236440382959124,0.6901733882429719,0.66,54.0,99.0,2.12,-0.13917310096006588,0.9902680687415703,0.0,0.0,0.0,0.0,0.0,0.0,968.375,0.002797550061457599,3.865920139472811e-05,0.037436604150619834,0.0,0.0,0.0,-0.1313459941718111,-0.3195659907617397,0.0,0,0,0,0,0,0.000912422492186581,0.0,0.000912422492186581,0
2026-02-17 00:00:00,0.0,1.0,0.7354170229639855,0.6776147890466889,0.73,53.0,100.0,2.25,-0.10452846326765342,0.9945218953682733,0.0,0.0,0.0,0.0,0.0,0.0,968.375,6.151641849554396e-05,0.0,0.0,0.0,0.0,0.0,-0.1313459941718111,-0.3195659907617397,0.0,0,0,0,0,0,0.10351954222429852,0.0,0.10351954222429852,0
2026-02-17 01:00:00,0.25881904510252074,0.9659258262890683,0.7354170229639855,0.6776147890466889,0.62,53.0,100.0,2.25,-0.05233595624294437,0.9986295347545738,0.0,0.0,0.0,0.0,0.0,0.0,968.375,0.00024670492712774045,0.0,0.0,0.0,0.217674905421173,0.0,-0.1313459941718111,-0.0690649787986557,0.5420609017786815,0,1,0,0,0,0.3370865325824341,0.0,0.3370865325824341,0
2026-02-17 02:00:00,0.49999999999999994,0.8660254037844387,0.7354170229639855,0.6776147890466889,0.34,55.0,85.0,2.33,-0.1564344650402311,0.9876883405951377,0.0,0.0,0.0,0.0,0.0,0.0,968.375,0.000885339133461996,0.00018057899922423046,0.17486818837376417,0.0,0.0,0.0,-0.1313459941718111,-0.0690649787986557,0.6891360118323236,0,0,0,0,1,0.37401371395378863,0.0,0.37401371395378863,0
2026-02-17 03:00:00,0.7071067811865476,0.7071067811865476,0.7354170229639855,0.6776147890466889,0.16,56.0,71.0,2.23,0.03489949670250097,0.9993908270190958,0.0,0.0,0.0,0.0,0.0,0.0,968.375,0.0028430634799876077,0.0011211168404471144,1.0856615203679745,0.0,0.0,0.0,-0.1313459941718111,-0.3195659907617397,0.0,0,0,0,0,0,0.22882209890236851,0.0,0.22882209890236851,0
2026-02-17 04:00:00,0.8660254037844386,0.5000000000000001,0.7354170229639855,0.6776147890466889,-0.05,56.0,5.0,1.7,0.25881904510252074,0.9659258262890683,0.0,0.0,0.0,0.0,0.0,0.0,968.375,0.008169745162271378,0.01055354671133019,10.219790796584373,0.0,0.2912452163155946,0.0,-0.1313459941718111,-0.3195659907617397,0.6560161899112863,0,1,0,0,0,0.5155173563793398,0.0,0.5155173563793398,0
2026-02-17 05:00:00,0.9659258262890683,0.25881904510252074,0.7354170229639855,0.6776147890466889,-0.25,56.0,4.0,1.79,0.15643446504023087,0.9876883405951378,0.0,0.0,0.0,0.0,0.0,0.0,968.375,0.021007555546449428,0.02742288075316836,26.55563214934941,0.0,0.0,0.0,-0.1313459941718111,0.4319370451275124,0.9633977013785212,0,0,0,0,1,-0.20704052843550386,0.0,0.20704052843550386,0
2026-02-17 06:00:00,1.0,6.123233995736766e-17,0.7354170229639855,0.6776147890466889,-3.05,80.0,0.0,1.36,0.5877852522924731,0.8090169943749475,0.0,0.0,0.0,0.0,0.0,0.0,968.375,0.04833787883897197,0.06572852861653047,63.649863899032695,0.0,0.1593902727372099,0.0,-0.1313459941718111,-0.0690649787986557,0.8975125457319117,0,1,0,0,0,-3.439794696120095,0.0,3.439794696120095,0
2026-02-17 07:00:00,0.9659258262890683,-0.25881904510252063,0.7354170229639855,0.6776147890466889,-2.56,75.0,1.0,1.23,0.224951054343865,0.9743700647852352,0.25881904510252074,0.25881904510252074,0.0,0.25623085465149553,0.25881904510252074,248.12755387314198,968.375,0.09952787109985749,0.13398193040424658,129.7447518552123,0.0,0.1525988526978683,0.0,-0.1313459941718111,-0.0690649787986557,0.845359480615802,0,0,0,0,1,8.692414050979238,12.720000000000006,4.027585949020768,0
2026-02-17 08:00:00,0.8660254037844387,-0.4999999999999998,0.7354170229639855,0.6776147890466889,-1.9,70.0,3.0,0.99,0.27563735581699916,0.9612616959383189,0.49999999999999994,0.49999999999999994,0.0,0.48499999999999993,0.49999999999999994,469.66187499999995,968.375,0.18337785904849335,0.24187164251397733,234.2224518194728,0.0,0.2517177551343398,0.0,-0.1313459941718111,-0.3195659907617397,0.7482769082832015,0,1,0,0,0,68.01537411404861,129.25000000000003,61.23462588595142,0
2026-02-17 09:00:00,0.7071067811865476,-0.7071067811865475,0.7354170229639855,0.6776147890466889,-0.48,61.0,10.0,0.88,-0.40673664307580015,0.913545457642601,0.7071067811865476,0.7071067811865476,0.0,0.6363961030678928,0.7071067811865476,616.2700763083708,968.375,0.3023389767887009,0.3700010614564687,358.2997778879079,12.720000000000006,0.2259621272474648,0.0,-0.1313459941718111,0.1814360331644283,0.6365617411952295,0,1,0,0,0,244.60004095008995,350.3,105.69995904991006,0
2026-02-17 10:00:00,0.49999999999999994,-0.8660254037844387,0.7354170229639855,0.6776147890466889,1.39,51.0,74.0,1.38,-0.7771459614569708,0.6293203910498375,0.8660254037844386,0.8660254037844386,0.0,0.22516660498395405,0.8660254037844386,218.0457111013365,968.375,0.446052972102247,0.1576979715252847,152.71077317579756,129.25000000000003,0.1056207138207555,0.0,-0.1313459941718111,2.936947164758353,0.8944504959840242,0,0,0,0,1,299.53448967201575,555.58,256.0455103279843,1
2026-02-17 11:00:00,0.258819045102521,-0.9659258262890682,0.7354170229639855,0.6776147890466889,3.7,39.0,56.0,2.26,-0.8386705679454243,0.5446390350150266,0.9659258262890683,0.9659258262890683,0.0,0.42500736356719,0.9659258262890683,411.5665056943776,968.375,0.5888759170289923,0.3523244572833955,341.18219632180814,350.3,0.0,0.0,-0.1313459941718111,0.6824380570905965,0.899185509619752,0,0,0,0,1,462.04959615280495,687.79,225.740403847195,1
2026-02-17 12:00:00,1.2246467991473532e-16,-1.0,0.7354170229639855,0.6776147890466889,4.55,38.0,37.0,3.45,-0.8746197071393956,0.4848096202463373,1.0,1.0,0.0,0.63,1.0,610.07625,968.375,0.6956746964680062,0.5959544654112622,577.107405442631,555.58,0.0,0.0,-0.1313459941718111,0.6824380570905965,0.920543198809485,0,0,0,0,1,464.8511920744336,760.5300000000002,295.6788079255666,1
2026-02-17 13:00:00,-0.2588190451025208,-0.9659258262890683,0.7354170229639855,0.6776147890466889,4.83,40.0,30.0,4.48,-0.9063077870366498,0.4226182617406996,0.9659258262890683,0.9659258262890683,0.0,0.6761480784023478,0.9659258262890683,654.7648954228736,968.375,0.7354170229639855,0.7,677.8625,687.79,0.0,0.0,-0.1313459941718111,0.6824380570905965,0.9232284813268148,0,0,0,0,1,437.92069000646393,768.0799999999999,330.159309993536,1
2026-02-17 14:00:00,-0.4999999999999997,-0.8660254037844388,0.7354170229639855,0.6776147890466889,4.65,43.0,25.0,5.06,-0.9135454576426011,0.40673664307579976,0.8660254037844387,0.8660254037844387,0.0,0.649519052838329,0.8660254037844387,628.9780127923168,968.375,0.6956746964680062,0.7094696016800741,687.0326255269417,760.5300000000002,0.0,0.0,-0.1313459941718111,-0.0690649787986557,0.4331451373730094,0,0,0,0,1,381.60611455302194,695.54,313.933885446978,1
2026-02-17 15:00:00,-0.7071067811865471,-0.7071067811865479,0.7354170229639855,0.6776147890466889,4.5,46.0,21.0,5.43,-0.8660254037844386,0.5000000000000001,0.7071067811865476,0.7071067811865476,0.0,0.5586143571373726,0.7071067811865476,540.9481780929032,968.375,0.5888759170289923,0.6325825483042784,612.5771252141556,768.0799999999999,0.025528207607367,0.0,-0.1313459941718111,-0.0690649787986557,0.9454673303104116,0,1,0,0,0,310.86977084865765,564.7,253.8302291513424,1
2026-02-17 16:00:00,-0.8660254037844385,-0.5000000000000004,0.7354170229639855,0.6776147890466889,4.27,51.0,0.0,5.4,-0.8386705679454243,0.5446390350150266,0.49999999999999994,0.49999999999999994,0.0,0.49999999999999994,0.49999999999999994,484.18749999999994,968.375,0.446052972102247,0.6065306597126334,587.3491275992214,695.54,0.0,0.0,-0.1313459941718111,-0.3195659907617397,0.0,0,0,0,0,0,109.7175444629605,332.25999999999993,222.54245553703942,1
2026-02-17 17:00:00,-0.9659258262890683,-0.25881904510252063,0.7354170229639855,0.6776147890466889,3.77,56.0,0.0,5.07,-0.8480480961564261,0.5299192642332047,0.258819045102521,0.258819045102521,0.0,0.258819045102521,0.258819045102521,250.6338928011538,968.375,0.3023389767887009,0.41111229050718745,398.11086431989764,564.7,0.0,0.0,-0.1313459941718111,-0.3195659907617397,0.0,0,0,0,0,0,34.378484830348675,85.57999999999998,51.20151516965131,0
2026-02-17 18:00:00,-1.0,-1.8369701987210297e-16,0.7354170229639855,0.6776147890466889,4.95,56.0,0.0,3.96,-0.8571673007021123,0.5150380749100542,1.2246467991473532e-16,1.2246467991473532e-16,0.0,1.2246467991473532e-16,1.2246467991473532e-16,1.185917344124318e-13,968.375,0.18337785904849335,0.24935220877729622,241.46644517471424,332.25999999999993,0.0870107497068696,0.0,-0.1313459941718111,-0.0690649787986557,0.7176620404529782,0,0,0,0,1,2.3272762205419686,2.5,0.1727237794580314,0
2026-02-17 19:00:00,-0.9659258262890684,0.2588190451025203,0.7354170229639855,0.6776147890466889,4.3,59.0,0.0,3.46,-0.9135454576426011,0.40673664307579976,0.0,0.0,0.0,0.0,0.0,0.0,968.375,0.09952787109985749,0.1353352832366127,131.05530490425483,85.57999999999998,0.0,0.0,-0.1313459941718111,-0.3195659907617397,0.0,0,0,0,0,0,2.3529052443109184,0.0,2.3529052443109184,0
2026-02-17 20:00:00,-0.8660254037844386,0.5000000000000001,0.7354170229639855,0.6776147890466889,3.64,62.0,0.0,3.08,-0.8829475928589271,0.4694715627858904,0.0,0.0,0.0,0.0,0.0,0.0,968.375,0.04833787883897197,0.06572852861653047,63.649863899032695,2.5,0.0,0.0,-0.1313459941718111,-0.3195659907617397,0.0,0,0,0,0,0,-0.0843105877490003,0.0,0.0843105877490003,0
2026-02-17 21:00:00,-0.7071067811865477,0.7071067811865474,0.7354170229639855,0.6776147890466889,2.97,67.0,2.0,2.89,-0.9396926207859083,0.342020143325669,0.0,0.0,0.0,0.0,0.0,0.0,968.375,0.021007555546449428,0.027994190768859367,27.10887448579419,0.0,0.0,0.0,-0.1313459941718111,-0.3195659907617397,0.0,0,0,0,0,0,1.9173431780706511,0.0,1.9173431780706511,0
2026-02-17 22:00:00,-0.5000000000000004,0.8660254037844384,0.7354170229639855,0.6776147890466889,2.31,70.0,49.0,2.52,-0.9135454576426011,0.40673664307579976,0.0,0.0,0.0,0.0,0.0,0.0,968.375,0.008169745162271378,0.005665588234503576,5.486414006587401,0.0,0.0,0.0,-0.1313459941718111,-0.3195659907617397,0.0,0,0,0,0,0,-0.0717745602117953,0.0,0.0717745602117953,0
2026-02-17 23:00:00,-0.25881904510252157,0.9659258262890681,0.7354170229639855,0.6776147890466889,1.64,70.0,55.0,2.55,-0.9945218953682734,0.10452846326765299,0.0,0.0,0.0,0.0,0.0,0.0,968.375,0.0028430634799876077,0.0017396640627627632,1.684647186777891,0.0,0.0,0.0,-0.1313459941718111,-0.3195659907617397,0.0,0,0,0,0,0,1.5788811512103298,0.0,1.5788811512103298,0
2026-02-18 00:00:00,0.0,1.0,0.7469720876965552,0.6648553979642865,1.7,65.0,52.0,2.65,-0.992546151641322,0.12186934340514768,0.0,0.0,0.0,0.0,0.0,0.0,968.375,6.248298056255593e-05,4.015120667026921e-05,0.03888142475932195,0.0,0.0,0.0,-0.1313459941718111,-0.3195659907617397,0.0,0,0,0,0,0,-0.7976522947494188,0.0,0.7976522947494188,0
2026-02-18 01:00:00,0.25881904510252074,0.9659258262890683,0.7469720876965552,0.6648553979642865,1.8,62.0,39.0,2.87,-0.9781476007338056,0.20791169081775943,0.0,0.0,0.0,0.0,0.0,0.0,968.375,0.00025058121950851194,0.00020463220302053222,0.1981607096000079,0.0,0.0,0.0,-0.1313459941718111,-0.3195659907617397,0.0,0,0,0,0,0,-0.594111453924121,0.0,0.594111453924121,0
2026-02-18 02:00:00,0.49999999999999994,0.8660254037844387,0.7469720876965552,0.6648553979642865,1.89,62.0,31.0,2.86,-0.9986295347545738,0.052335956242943946,0.0,0.0,0.0,0.0,0.0,0.0,968.375,0.0008992498136311869,0.00083066339643146,0.8043936665193151,0.0,0.0,0.0,-0.1313459941718111,-0.3195659907617397,0.0,0,0,0,0,0,-1.4276247542041058,0.0,1.4276247542041058,0
2026-02-18 03:00:00,0.7071067811865476,0.7071067811865476,0.7469720876965552,0.6648553979642865,2.0,64.0,26.0,3.01,-0.981627183447664,-0.1908089953765446,0.0,0.0,0.0,0.0,0.0,0.0,968.375,0.002887734437450161,0.0028607809032098774,2.770308707145865,0.0,0.0,0.0,-0.1313459941718111,-0.3195659907617397,0.0,0,0,0,0,0,-1.4157029597047293,0.0,1.4157029597047293,0
2026-02-18 04:00:00,0.8660254037844386,0.5000000000000001,0.7469720876965552,0.6648553979642865,2.21,67.0,0.0,3.41,-0.9271838545667873,-0.3746065934159123,0.0,0.0,0.0,0.0,0.0,0.0,968.375,0.00829811033638466,0.011108996538242306,10.757674522720393,0.0,0.0,0.0,-0.1313459941718111,-0.3195659907617397,0.0,0,0,0,0,0,-0.6889776661816727,0.0,0.6889776661816727,0
2026-02-18 05:00:00,0.9659258262890683,0.25881904510252074,0.7469720876965552,0.6648553979642865,2.49,73.0,0.0,3.86,-0.9335804264972016,-0.3583679495453007,0.0,0.0,0.0,0.0,0.0,0.0,968.375,0.021337631757133182,0.028565500784550377,27.66211682223897,0.0,0.0,0.0,-0.1313459941718111,-0.0690649787986557,0.644947162752903,0,0,0,0,1,1.9842614820519882,0.0,1.9842614820519882,0
2026-02-18 06:00:00,1.0,6.123233995736766e-17,0.7469720876965552,0.6648553979642865,-2.05,93.0,0.0,4.36,-0.9961946980917455,-0.08715574274765825,0.0,0.0,0.0,0.0,0.0,0.0,968.375,0.04909737624191254,0.06572852861653047,63.649863899032695,0.0,0.0663025725652958,0.0,-0.1313459941718111,-0.0690649787986557,0.8899156942147334,0,0,0,0,1,-1.7241373689288824,0.0,1.7241373689288824,0
2026-02-18 07:00:00,0.9659258262890683,-0.25881904510252063,0.7469720876965552,0.6648553979642865,-0.94,89.0,0.0,5.05,-1.0,-1.8369701987210297e-16,0.25881904510252074,0.25881904510252074,0.0,0.25881904510252074,0.25881904510252074,250.6338928011535,968.375,0.10109167905825721,0.1353352832366127,131.05530490425483,0.0,0.0,0.0,-0.1313459941718111,-0.3195659907617397,0.0,0,0,0,0,0,11.184362642015332,13.020000000000008,1.8356373579846768,0
2026-02-18 08:00:00,0.8660254037844387,-0.4999999999999998,0.7469720876965552,0.6648553979642865,0.52,84.0,0.0,6.0,-0.9902680687415704,0.13917310096006547,0.49999999999999994,0.49999999999999994,0.0,0.49999999999999994,0.49999999999999994,484.18749999999994,968.375,0.18625913996212426,0.24935220877729622,241.46644517471424,0.0,0.0,0.0,-0.1313459941718111,-0.3195659907617397,0.0,0,0,0,0,0,63.89120703074644,103.64,39.74879296925356,0
2026-02-18 09:00:00,0.7071067811865476,-0.7071067811865475,0.7469720876965552,0.6648553979642865,2.68,77.0,0.0,7.36,-0.945518575599317,0.3255681544571563,0.7071067811865476,0.7071067811865476,0.0,0.7071067811865476,0.7071067811865476,684.744529231523,968.375,0.3070894059178665,0.41111229050718745,398.11086431989764,13.020000000000008,0.0,0.0,-0.1313459941718111,-0.3195659907617397,0.0,0,0,0,0,0,205.2691147867744,288.91,83.64088521322563,0
2026-02-18 10:00:00,0.49999999999999994,-0.8660254037844387,0.7469720876965552,0.6648553979642865,4.65,68.0,0.0,7.51,-0.8480480961564261,0.5299192642332047,0.8660254037844386,0.8660254037844386,0.0,0.8660254037844386,0.8660254037844386,838.6373503897557,968.375,0.4530614731375147,0.6065306597126334,587.3491275992214,103.64,0.0,0.0,-0.1313459941718111,-0.3195659907617397,0.0,0,0,0,0,0,347.8123942657908,507.2999999999999,159.48760573420913,0
2026-02-18 11:00:00,0.258819045102521,-0.9659258262890682,0.7469720876965552,0.6648553979642865,6.48,58.0,0.0,6.96,-0.7313537016191703,0.6819983600624986,0.9659258262890683,0.9659258262890683,0.0,0.9659258262890683,0.9659258262890683,935.3784220326766,968.375,0.5981284895534859,0.8007374029168081,775.414082549564,288.91,0.0,0.0,-0.1313459941718111,-0.3195659907617397,0.0,0,0,0,0,0,479.49098872814596,643.85,164.35901127185406,0
2026-02-18 12:00:00,1.2246467991473532e-16,-1.0,0.7469720876965552,0.6648553979642865,6.95,45.0,0.0,6.75,-0.6293203910498378,0.7771459614569706,1.0,1.0,0.0,1.0,1.0,968.375,968.375,0.7066053193656112,0.9459594689067654,916.043500702589,507.2999999999999,0.0,0.0,-0.1313459941718111,-0.3195659907617397,0.0,0,0,0,0,0,539.2659527033111,736.3599999999999,197.0940472966888,0
2026-02-18 13:00:00,-0.2588190451025208,-0.9659258262890683,0.7469720876965552,0.6648553979642865,7.13,39.0,0.0,7.6,-0.6427876096865396,0.7660444431189778,0.9659258262890683,0.9659258262890683,0.0,0.9659258262890683,0.9659258262890683,935.3784220326766,968.375,0.7469720876965552,1.0,968.375,643.85,0.0,0.0,-0.1313459941718111,-0.3195659907617397,0.0,0,0,0,0,0,524.7619992227123,730.7600000000001,205.99800077728776,0
2026-02-18 14:00:00,-0.4999999999999997,-0.8660254037844388,0.7469720876965552,0.6648553979642865,6.3,36.0,0.0,8.26,-0.6560590289905074,0.7547095802227719,0.8660254037844387,0.8660254037844387,0.0,0.8660254037844387,0.8660254037844387,838.6373503897559,968.375,0.7066053193656112,0.9459594689067654,916.043500702589,736.3599999999999,0.0,0.0,-0.1313459941718111,-0.3195659907617397,0.0,0,0,0,0,0,468.2016592471448,670.23,202.02834075285523,0
2026-02-18 15:00:00,-0.7071067811865471,-0.7071067811865479,0.7469720876965552,0.6648553979642865,5.36,36.0,0.0,8.44,-0.6427876096865396,0.7660444431189778,0.7071067811865476,0.7071067811865476,0.0,0.7071067811865476,0.7071067811865476,684.744529231523,968.375,0.5981284895534859,0.8007374029168081,775.414082549564,730.7600000000001,0.0,0.0,-0.1313459941718111,-0.3195659907617397,0.0,0,0,0,0,0,353.4273852491525,565.2600000000001,211.8326147508476,0
2026-02-18 16:00:00,-0.8660254037844385,-0.5000000000000004,0.7469720876965552,0.6648553979642865,4.55,37.0,0.0,8.05,-0.6427876096865396,0.7660444431189778,0.49999999999999994,0.49999999999999994,0.0,0.49999999999999994,0.49999999999999994,484.18749999999994,968.375,0.4530614731375147,0.6065306597126334,587.3491275992214,670.23,0.0,0.0,-0.1313459941718111,-0.3195659907617397,0.0,0,0,0,0,0,126.87540050312711,343.8,216.9245994968729,1
2026-02-18 17:00:00,-0.9659258262890683,-0.25881904510252063,0.7469720876965552,0.6648553979642865,3.74,39.0,0.0,7.52,-0.6560590289905074,0.7547095802227719,0.258819045102521,0.258819045102521,0.0,0.258819045102521,0.258819045102521,250.6338928011538,968.375,0.3070894059178665,0.41111229050718745,398.11086431989764,565.2600000000001,0.0,0.0,-0.1313459941718111,-0.3195659907617397,0.0,0,0,0,0,0,68.25643787295239,92.43000000000004,24.173562127047646,0
2026-02-18 18:00:00,-1.0,-1.8369701987210297e-16,0.7469720876965552,0.6648553979642865,4.95,42.0,0.0,6.66,-0.6427876096865396,0.7660444431189778,1.2246467991473532e-16,1.2246467991473532e-16,0.0,1.2246467991473532e-16,1.2246467991473532e-16,1.185917344124318e-13,968.375,0.18625913996212426,0.24935220877729622,241.46644517471424,343.8,0.0,0.0,-0.1313459941718111,-0.3195659907617397,0.0,0,0,0,0,0,20.60788023603497,3.2200000000000006,17.387880236034967,0
2026-02-18 19:00:00,-0.9659258262890684,0.2588190451025203,0.7469720876965552,0.6648553979642865,4.31,44.0,0.0,5.47,-0.6018150231520483,0.7986355100472928,0.0,0.0,0.0,0.0,0.0,0.0,968.375,0.10109167905825721,0.1353352832366127,131.05530490425483,92.43000000000004,0.0,0.0,-0.1313459941718111,-0.3195659907617397,0.0,0,0,0,0,0,-3.825268330627876,0.0,3.825268330627876,0
2026-02-18 20:00:00,-0.8660254037844386,0.5000000000000001,0.7469720876965552,0.6648553979642865,3.46,48.0,0.0,4.24,-0.5591929034707466,0.8290375725550418,0.0,0.0,0.0,0.0,0.0,0.0,968.375,0.04909737624191254,0.06572852861653047,63.649863899032695,3.2200000000000006,0.0,0.0,-0.1313459941718111,-0.3195659907617397,0.0,0,0,0,0,0,-0.3207636077144624,0.0,0.3207636077144624,0
2026-02-18 21:00:00,-0.7071067811865477,0.7071067811865474,0.7469720876965552,0.6648553979642865,2.39,52.0,0.0,3.42,-0.544639035015027,0.838670567945424,0.0,0.0,0.0,0.0,0.0,0.0,968.375,0.021337631757133182,0.028565500784550377,27.66211682223897,0.0,0.0,0.0,-0.1313459941718111,-0.3195659907617397,0.0,0,0,0,0,0,-0.34220402359661145,0.0,0.34220402359661145,0
2026-02-18 22:00:00,-0.5000000000000004,0.8660254037844384,0.7469720876965552,0.6648553979642865,1.25,57.0,0.0,2.84,-0.5735764363510465,0.8191520442889916,0.0,0.0,0.0,0.0,0.0,0.0,968.375,0.00829811033638466,0.011108996538242306,10.757674522720393,0.0,0.0,0.0,-0.1313459941718111,-0.3195659907617397,0.0,0,0,0,0,0,-0.05456600370205763,0.0,0.05456600370205763,0
2026-02-18 23:00:00,-0.25881904510252157,0.9659258262890681,0.7469720876965552,0.6648553979642865,0.17,61.0,0.0,2.68,-0.5735764363510465,0.8191520442889916,0.0,0.0,0.0,0.0,0.0,0.0,968.375,0.002887734437450161,0.0038659201394728076,3.74366041506198,0.0,0.0,0.0,-0.1313459941718111,-0.3195659907617397,0.0,0,0,0,0,0,-0.05456600370205763,0.0,0.05456600370205763,0
2026-02-19 00:00:00,0.0,1.0,0.7583058084785624,0.6518989958787126,0.15,60.0,0.0,2.26,-0.6018150231520483,0.7986355100472928,0.0,0.0,0.0,0.0,0.0,0.0,968.375,6.343102757393404e-05,8.364834722972752e-05,0.0810029682485874,0.0,0.0,0.0,-0.1313459941718111,-0.3195659907617397,0.0,0,0,0,0,0,-0.10907229352074252,0.0,0.10907229352074252,0
2026-02-19 01:00:00,0.25881904510252074,0.9659258262890683,0.7583058084785624,0.6518989958787126,0.15,61.0,0.0,2.16,-0.6293203910498378,0.7771459614569706,0.0,0.0,0.0,0.0,0.0,0.0,968.375,0.0002543832592659574,0.00033546262790251185,0.3248536222950949,0.0,0.0,0.0,-0.1313459941718111,-0.3195659907617397,0.0,0,0,0,0,0,-0.0832432411082075,0.0,0.0832432411082075,0
2026-02-19 02:00:00,0.49999999999999994,0.8660254037844387,0.7583058084785624,0.6518989958787126,0.13,62.0,0.0,1.68,-0.529919264233205,0.8480480961564258,0.0,0.0,0.0,0.0,0.0,0.0,968.375,0.0009128940266731984,0.001203859994828203,1.165787922491761,0.0,0.0,0.0,-0.1313459941718111,-0.3195659907617397,0.0,0,0,0,0,0,0.1302713437472357,0.0,0.1302713437472357,0
2026-02-19 03:00:00,0.7071067811865476,0.7071067811865476,0.7583058084785624,0.6518989958787126,-0.03,63.0,0.0,1.39,-0.034899496702500823,0.9993908270190958,0.0,0.0,0.0,0.0,0.0,0.0,968.375,0.0029315496968764843,0.0038659201394728076,3.74366041506198,0.0,0.0,0.0,-0.1313459941718111,-0.3195659907617397,0.0,0,0,0,0,0,0.2718415784493669,0.0,0.2718415784493669,0
2026-02-19 04:00:00,0.8660254037844386,0.5000000000000001,0.7583058084785624,0.6518989958787126,-0.36,64.0,2.0,1.75,0.27563735581699916,0.9612616959383189,0.0,0.0,0.0,0.0,0.0,0.0,968.375,0.008424016601317382,0.01088681660747746,10.542521032265984,0.0,0.0,0.0,-0.1313459941718111,-0.3195659907617397,0.0,0,0,0,0,0,0.22882209890236851,0.0,0.22882209890236851,0
2026-02-19 05:00:00,0.9659258262890683,0.25881904510252074,0.7583058084785624,0.6518989958787126,-0.67,64.0,2.0,1.49,0.5299192642332049,0.848048096156426,0.0,0.0,0.0,0.0,0.0,0.0,968.375,0.021661385167023484,0.027994190768859367,27.10887448579419,0.0,0.0,0.0,-0.1313459941718111,-0.3195659907617397,0.0,0,0,0,0,0,0.11312622211470619,0.0,0.11312622211470619,0
2026-02-19 06:00:00,1.0,6.123233995736766e-17,0.7583058084785624,0.6518989958787126,-5.05,93.0,0.0,1.25,0.9271838545667874,0.37460659341591196,0.0,0.0,0.0,0.0,0.0,0.0,968.375,0.04984232503266447,0.06572852861653047,63.649863899032695,0.0,0.0,0.0,-0.1313459941718111,-0.3195659907617397,0.0,0,0,0,0,0,-4.297067064571861,0.0,4.297067064571861,0
2026-02-19 07:00:00,0.9659258262890683,-0.25881904510252063,0.7583058084785624,0.6518989958787126,-4.29,87.0,0.0,1.12,0.9975640502598242,-0.06975647374412533,0.25881904510252074,0.25881904510252074,0.0,0.25881904510252074,0.25881904510252074,250.6338928011535,968.375,0.10262553137041483,0.1353352832366127,131.05530490425483,0.0,0.0,0.0,-0.1313459941718111,-0.3195659907617397,0.0,0,0,0,0,0,5.669644725679863,14.120000000000006,8.450355274320144,0
2026-02-19 08:00:00,0.8660254037844387,-0.4999999999999998,0.7583058084785624,0.6518989958787126,-3.34,81.0,0.0,0.96,0.9998476951563913,-0.017452406437283477,0.49999999999999994,0.49999999999999994,0.0,0.49999999999999994,0.49999999999999994,484.18749999999994,968.375,0.1890852282727829,0.24935220877729622,241.46644517471424,0.0,0.0,0.0,-0.1313459941718111,-0.3195659907617397,0.0,0,0,0,0,0,52.59529119805355,135.14,82.54470880194643,0
2026-02-19 09:00:00,0.7071067811865476,-0.7071067811865475,0.7583058084785624,0.6518989958787126,-1.63,71.0,0.0,0.52,0.9961946980917455,0.08715574274765814,0.7071067811865476,0.7071067811865476,0.0,0.7071067811865476,0.7071067811865476,684.744529231523,968.375,0.3117488378285264,0.41111229050718745,398.11086431989764,14.120000000000006,0.0,0.0,-0.1313459941718111,-0.3195659907617397,0.0,0,0,0,0,0,244.69367476703977,358.5,113.80632523296023,0
2026-02-19 10:00:00,0.49999999999999994,-0.8660254037844387,0.7583058084785624,0.6518989958787126,0.7,61.0,0.0,1.07,-0.7660444431189779,-0.6427876096865395,0.8660254037844386,0.8660254037844386,0.0,0.8660254037844386,0.8660254037844386,838.6373503897557,968.375,0.45993572228042434,0.6065306597126334,587.3491275992214,135.14,0.0,0.0,-0.1313459941718111,-0.3195659907617397,0.0,0,0,0,0,0,393.4123222826971,567.1300000000001,173.717677717303,0
2026-02-19 11:00:00,0.258819045102521,-0.9659258262890682,0.7583058084785624,0.6518989958787126,3.24,49.0,0.0,2.14,-0.8746197071393959,-0.48480962024633684,0.9659258262890683,0.9659258262890683,0.0,0.9659258262890683,0.9659258262890683,935.3784220326766,968.375,0.6072038236978545,0.8007374029168081,775.414082549564,358.5,0.0,0.0,-0.1313459941718111,-0.3195659907617397,0.0,0,0,0,0,0,430.8248713057638,663.2500000000001,232.42512869423632,1
2026-02-19 12:00:00,1.2246467991473532e-16,-1.0,0.7583058084785624,0.6518989958787126,4.26,47.0,0.0,3.18,-0.9271838545667873,-0.3746065934159123,1.0,1.0,0.0,1.0,1.0,968.375,968.375,0.7173265598572963,0.9459594689067654,916.043500702589,567.1300000000001,0.0,0.0,-0.1313459941718111,-0.3195659907617397,0.0,0,0,0,0,0,475.9587322328539,769.1700000000003,293.2112677671464,1
2026-02-19 13:00:00,-0.2588190451025208,-0.9659258262890683,0.7583058084785624,0.6518989958787126,4.31,49.0,0.0,3.36,-0.9925461516413221,-0.12186934340514717,0.9659258262890683,0.9659258262890683,0.0,0.9659258262890683,0.9659258262890683,935.3784220326766,968.375,0.7583058084785624,1.0,968.375,663.2500000000001,0.0,0.0,-0.1313459941718111,-0.3195659907617397,0.0,0,0,0,0,0,387.38852632646785,764.3699999999999,376.98147367353204,1
2026-02-19 14:00:00,-0.4999999999999997,-0.8660254037844388,0.7583058084785624,0.6518989958787126,4.51,50.0,0.0,3.97,-0.9781476007338056,-0.2079116908177598,0.8660254037844387,0.8660254037844387,0.0,0.8660254037844387,0.8660254037844387,838.6373503897559,968.375,0.7173265598572963,0.9459594689067654,916.043500702589,769.1700000000003,0.0,0.0,-0.1313459941718111,-0.3195659907617397,0.0,0,0,0,0,0,355.5712348064714,686.5400000000001,330.96876519352867,1
2026-02-19 15:00:00,-0.7071067811865471,-0.7071067811865479,0.7583058084785624,0.6518989958787126,4.52,52.0,0.0,3.48,-0.9961946980917455,0.08715574274765789,0.7071067811865476,0.7071067811865476,0.0,0.7071067811865476,0.7071067811865476,684.744529231523,968.375,0.6072038236978545,0.8007374029168081,775.414082549564,764.3699999999999,0.0,0.0,-0.1313459941718111,-0.3195659907617397,0.0,0,0,0,0,0,306.6254412025892,558.1600000000001,251.5345587974109,1
2026-02-19 16:00:00,-0.8660254037844385,-0.5000000000000004,0.7583058084785624,0.6518989958787126,4.56,51.0,1.0,2.27,-0.9396926207859083,0.342020143325669,0.49999999999999994,0.49999999999999994,0.0,0.49499999999999994,0.49999999999999994,479.3456249999999,968.375,0.45993572228042434,0.6004653531155071,581.4756363232292,686.5400000000001,0.0,0.0,-0.1313459941718111,-0.3195659907617397,0.0,0,0,0,0,0,94.54365938955928,334.47,239.92634061044075,1
2026-02-19 17:00:00,-0.9659258262890683,-0.25881904510252063,0.7583058084785624,0.6518989958787126,4.26,53.0,2.0,2.13,-0.9945218953682734,-0.10452846326765336,0.258819045102521,0.258819045102521,0.0,0.2536426642004706,0.258819045102521,245.62121494513073,968.375,0.3117488378285264,0.4028900446970437,390.1486470334997,558.1600000000001,0.0,0.0,-0.1313459941718111,-0.3195659907617397,0.0,0,0,0,0,0,5.94053880602198,92.13,86.18946119397802,0
2026-02-19 18:00:00,-1.0,-1.8369701987210297e-16,0.7583058084785624,0.6518989958787126,4.95,56.0,0.0,2.53,-0.8987940462991668,-0.43837114678907774,1.2246467991473532e-16,1.2246467991473532e-16,0.0,1.2246467991473532e-16,1.2246467991473532e-16,1.185917344124318e-13,968.375,0.1890852282727829,0.24935220877729622,241.46644517471424,334.47,0.0,0.0,-0.1313459941718111,-0.3195659907617397,0.0,0,0,0,0,0,2.19368702535511,3.3200000000000007,1.1263129746448906,0
2026-02-19 19:00:00,-0.9659258262890684,0.2588190451025203,0.7583058084785624,0.6518989958787126,4.33,59.0,0.0,1.61,-0.882947592858927,-0.46947156278589075,0.0,0.0,0.0,0.0,0.0,0.0,968.375,0.10262553137041483,0.1353352832366127,131.05530490425483,92.13,0.0,0.0,-0.1313459941718111,-0.3195659907617397,0.0,0,0,0,0,0,-1.9959954939740285,0.0,1.9959954939740285,0
2026-02-19 20:00:00,-0.8660254037844386,0.5000000000000001,0.7583058084785624,0.6518989958787126,3.67,61.0,2.0,1.32,-0.6946583704589973,-0.7193398003386511,0.0,0.0,0.0,0.0,0.0,0.0,968.375,0.04984232503266447,0.06441395804419986,62.37686662105204,3.3200000000000007,0.0,0.0,-0.1313459941718111,-0.3195659907617397,0.0,0,0,0,0,0,-1.7612027574462097,0.0,1.7612027574462097,0
2026-02-19 21:00:00,-0.7071067811865477,0.7071067811865474,0.7583058084785624,0.6518989958787126,3.02,62.0,3.0,0.99,-0.22495105434386498,-0.9743700647852352,0.0,0.0,0.0,0.0,0.0,0.0,968.375,0.021661385167023484,0.027708535761013866,26.8322533175718,0.0,0.0,0.0,-0.1313459941718111,-0.3195659907617397,0.0,0,0,0,0,0,-0.5568122385995462,0.0,0.5568122385995462,0
2026-02-19 22:00:00,-0.5000000000000004,0.8660254037844384,0.7583058084785624,0.6518989958787126,2.27,65.0,1.0,1.49,0.2923717047227366,-0.9563047559630355,0.0,0.0,0.0,0.0,0.0,0.0,968.375,0.008424016601317382,0.010997906572859883,10.650097777493189,0.0,0.0,0.0,-0.1313459941718111,-0.3195659907617397,0.0,0,0,0,0,0,0.3495594358499117,0.0,0.3495594358499117,0
2026-02-19 23:00:00,-0.25881904510252157,0.9659258262890681,0.7583058084785624,0.6518989958787126,1.35,67.0,1.0,1.72,0.48480962024633717,-0.8746197071393957,0.0,0.0,0.0,0.0,0.0,0.0,968.375,0.0029315496968764843,0.0038272609380780795,3.7062238109113603,0.0,0.0,0.0,-0.1313459941718111,-0.3195659907617397,0.0,0,0,0,0,0,0.7236463505402925,0.0,0.7236463505402925,0
2026-02-20 00:00:00,0.0,1.0,0.7694148268839378,0.6387494220515272,1.11,67.0,1.0,2.03,0.5299192642332049,-0.848048096156426,0.0,0.0,0.0,0.0,0.0,0.0,968.375,6.436027860288832e-05,8.281186375743025e-05,0.08019293856610152,0.0,0.0,0.0,-0.1313459941718111,-0.3195659907617397,0.0,0,0,0,0,0,0.6112455027129968,0.0,0.6112455027129968,0
2026-02-20 01:00:00,0.25881904510252074,0.9659258262890683,0.7694148268839378,0.6387494220515272,0.98,66.0,2.0,2.14,0.5591929034707469,-0.8290375725550416,0.0,0.0,0.0,0.0,0.0,0.0,968.375,0.000258109919773642,0.0003287533753444616,0.31835654984919304,0.0,0.0,0.0,-0.1313459941718111,-0.3195659907617397,0.0,0,0,0,0,0,0.773125203153569,0.0,0.773125203153569,0
2026-02-20 02:00:00,0.49999999999999994,0.8660254037844387,0.7694148268839378,0.6387494220515272,0.98,65.0,2.0,2.19,0.5299192642332049,-0.848048096156426,0.0,0.0,0.0,0.0,0.0,0.0,968.375,0.00092626772951324,0.0011797827949316388,1.1424721640419258,0.0,0.0,0.0,-0.1313459941718111,-0.3195659907617397,0.0,0,0,0,0,0,0.8136713573618136,0.0,0.8136713573618136,0
2026-02-20 03:00:00,0.7071067811865476,0.7071067811865476,0.7694148268839378,0.6387494220515272,0.9,64.0,1.0,2.39,0.6691306063588583,-0.7431448254773941,0.0,0.0,0.0,0.0,0.0,0.0,968.375,0.002974496274859599,0.0038272609380780795,3.7062238109113603,0.0,0.0,0.0,-0.1313459941718111,-0.3195659907617397,0.0,0,0,0,0,0,-0.5477256975990519,0.0,0.5477256975990519,0
2026-02-20 04:00:00,0.8660254037844386,0.5000000000000001,0.7694148268839378,0.6387494220515272,0.71,62.0,0.0,2.5,0.8480480961564261,-0.5299192642332048,0.0,0.0,0.0,0.0,0.0,0.0,968.375,0.008547426648325968,0.011108996538242306,10.757674522720393,0.0,0.0,0.0,-0.1313459941718111,-0.3195659907617397,0.0,0,0,0,0,0,-0.8253374107760251,0.0,0.8253374107760251,0
2026-02-20 05:00:00,0.9659258262890683,0.25881904510252074,0.7694148268839378,0.6387494220515272,0.65,59.0,0.0,2.59,0.8829475928589269,-0.4694715627858909,0.0,0.0,0.0,0.0,0.0,0.0,968.375,0.021978719840997817,0.028565500784550377,27.66211682223897,0.0,0.0,0.0,-0.1313459941718111,-0.3195659907617397,0.0,0,0,0,0,0,0.7209785892726316,0.0,0.7209785892726316,0
2026-02-20 06:00:00,1.0,6.123233995736766e-17,0.7694148268839378,0.6387494220515272,-2.05,80.0,0.0,2.51,0.8746197071393959,-0.484809620246337,0.0,0.0,0.0,0.0,0.0,0.0,968.375,0.050572504466823744,0.06572852861653047,63.649863899032695,0.0,0.0,0.0,-0.1313459941718111,-0.3195659907617397,0.0,0,0,0,0,0,-4.191708048031409,0.0,4.191708048031409,0
2026-02-20 07:00:00,0.9659258262890683,-0.25881904510252063,0.7694148268839378,0.6387494220515272,-1.5,75.0,0.0,2.56,0.8829475928589269,-0.4694715627858909,0.25881904510252074,0.25881904510252074,0.0,0.25881904510252074,0.25881904510252074,250.6338928011535,968.375,0.10412897352278705,0.1353352832366127,131.05530490425483,0.0,0.0,0.0,-0.1313459941718111,-0.3195659907617397,0.0,0,0,0,0,0,12.441653848921085,14.420000000000009,1.9783461510789238,0
2026-02-20 08:00:00,0.8660254037844387,-0.4999999999999998,0.7694148268839378,0.6387494220515272,-0.68,70.0,0.0,2.8,0.8746197071393959,-0.484809620246337,0.49999999999999994,0.49999999999999994,0.0,0.49999999999999994,0.49999999999999994,484.18749999999994,968.375,0.1918552865495109,0.24935220877729622,241.46644517471424,0.0,0.0,0.0,-0.1313459941718111,-0.3195659907617397,0.0,0,0,0,0,0,70.0319385754591,117.15000000000002,47.118061424540926,0
2026-02-20 09:00:00,0.7071067811865476,-0.7071067811865475,0.7694148268839378,0.6387494220515272,1.27,62.0,0.0,3.24,0.788010753606722,-0.6156614753256583,0.7071067811865476,0.7071067811865476,0.0,0.7071067811865476,0.7071067811865476,684.744529231523,968.375,0.3163158918304468,0.41111229050718745,398.11086431989764,14.420000000000009,0.0,0.0,-0.1313459941718111,-0.3195659907617397,0.0,0,0,0,0,0,259.53984261195444,311.87,52.33015738804556,0
2026-02-20 10:00:00,0.49999999999999994,-0.8660254037844387,0.7694148268839378,0.6387494220515272,4.19,59.0,0.0,3.54,0.5877852522924732,-0.8090169943749473,0.8660254037844386,0.8660254037844386,0.0,0.8660254037844386,0.8660254037844386,838.6373503897557,968.375,0.46667368254259645,0.6065306597126334,587.3491275992214,117.15000000000002,0.0,0.0,-0.1313459941718111,-0.3195659907617397,0.0,0,0,0,0,0,433.2969085301195,512.03,78.73309146988049,0
2026-02-20 11:00:00,0.258819045102521,-0.9659258262890682,0.7694148268839378,0.6387494220515272,7.66,58.0,0.0,3.36,0.17364817766693028,-0.984807753012208,0.9659258262890683,0.9659258262890683,0.0,0.9659258262890683,0.9659258262890683,935.3784220326766,968.375,0.6160992302447298,0.8007374029168081,775.414082549564,311.87,0.0,0.0,-0.1313459941718111,-0.3195659907617397,0.0,0,0,0,0,0,510.1145515978222,630.9700000000001,120.85544840217796,0
2026-02-20 12:00:00,1.2246467991473532e-16,-1.0,0.7694148268839378,0.6387494220515272,9.01,57.0,0.0,3.97,-0.34202014332566866,-0.9396926207859084,1.0,1.0,0.0,1.0,1.0,968.375,968.375,0.7278352410081207,0.9459594689067654,916.043500702589,512.03,0.0,0.0,-0.1313459941718111,-0.3195659907617397,0.0,0,0,0,0,0,544.1309450635983,686.02,141.88905493640164,0
2026-02-20 13:00:00,-0.2588190451025208,-0.9659258262890683,0.7694148268839378,0.6387494220515272,9.68,55.0,0.0,4.87,-0.5735764363510462,-0.8191520442889918,0.9659258262890683,0.9659258262890683,0.0,0.9659258262890683,0.9659258262890683,935.3784220326766,968.375,0.7694148268839378,1.0,968.375,630.9700000000001,0.0,0.0,-0.1313459941718111,-0.3195659907617397,0.0,0,0,0,0,0,443.9942991666886,696.1799999999998,252.18570083331122,1
2026-02-20 14:00:00,-0.4999999999999997,-0.8660254037844388,0.7694148268839378,0.6387494220515272,9.83,54.0,0.0,5.34,-0.656059028990507,-0.7547095802227721,0.8660254037844387,0.8660254037844387,0.0,0.8660254037844387,0.8660254037844387,838.6373503897559,968.375,0.7278352410081207,0.9459594689067654,916.043500702589,686.02,0.0,0.0,-0.1313459941718111,-0.3195659907617397,0.0,0,0,0,0,0,398.441708240019,634.27,235.82829175998097,1
2026-02-20 15:00:00,-0.7071067811865471,-0.7071067811865479,0.7694148268839378,0.6387494220515272,9.82,54.0,0.0,5.4,-0.6427876096865393,-0.766044443118978,0.7071067811865476,0.7071067811865476,0.0,0.7071067811865476,0.7071067811865476,684.744529231523,968.375,0.6160992302447298,0.8007374029168081,775.414082549564,696.1799999999998,0.0,0.0,-0.1313459941718111,-0.3195659907617397,0.0,0,0,0,0,0,321.04772794842336,505.03,183.98227205157662,0
2026-02-20 16:00:00,-0.8660254037844385,-0.5000000000000004,0.7694148268839378,0.6387494220515272,9.59,56.0,0.0,5.24,-0.6691306063588582,-0.7431448254773942,0.49999999999999994,0.49999999999999994,0.0,0.49999999999999994,0.49999999999999994,484.18749999999994,968.375,0.46667368254259645,0.6065306597126334,587.3491275992214,634.27,0.0,0.0,-0.1313459941718111,-0.3195659907617397,0.0,0,0,0,0,0,131.91524656068975,291.64000000000004,159.7247534393103,0
2026-02-20 17:00:00,-0.9659258262890683,-0.25881904510252063,0.7694148268839378,0.6387494220515272,8.99,61.0,0.0,4.59,-0.5446390350150271,-0.838670567945424,0.258819045102521,0.258819045102521,0.0,0.258819045102521,0.258819045102521,250.6338928011538,968.375,0.3163158918304468,0.41111229050718745,398.11086431989764,505.03,0.1676249202509997,0.0,-0.1313459941718111,-0.3195659907617397,0.9697403390437932,0,1,0,0,0,55.928558528009745,81.32,25.391441471990248,0
2026-02-20 18:00:00,-1.0,-1.8369701987210297e-16,0.7694148268839378,0.6387494220515272,10.95,50.0,0.0,3.98,-0.5446390350150271,-0.838670567945424,1.2246467991473532e-16,1.2246467991473532e-16,0.0,1.2246467991473532e-16,1.2246467991473532e-16,1.185917344124318e-13,968.375,0.1918552865495109,0.24935220877729622,241.46644517471424,291.64000000000004,0.1487562413581813,0.0,-0.1313459941718111,-0.0690649787986557,0.968542122229015,0,1,0,0,0,14.1269658512768,3.790000000000002,10.336965851276798,0
2026-02-20 19:00:00,-0.9659258262890684,0.2588190451025203,0.7694148268839378,0.6387494220515272,10.01,55.0,0.0,3.53,-0.35836794954530043,-0.9335804264972017,0.0,0.0,0.0,0.0,0.0,0.0,968.375,0.10412897352278705,0.1353352832366127,131.05530490425483,81.32,0.0947534688579401,0.0,-0.1313459941718111,-0.3195659907617397,0.9028833503260884,0,1,0,0,0,10.250737847103139,0.0,10.250737847103139,0
2026-02-20 20:00:00,-0.8660254037844386,0.5000000000000001,0.7694148268839378,0.6387494220515272,8.97,60.0,0.0,3.26,-0.06975647374412527,-0.9975640502598242,0.0,0.0,0.0,0.0,0.0,0.0,968.375,0.050572504466823744,0.06572852861653047,63.649863899032695,3.790000000000002,0.1388233996348713,0.0,-0.1313459941718111,-0.3195659907617397,0.8344292781975925,0,1,0,0,0,2.711923283493663,0.0,2.711923283493663,0
2026-02-20 21:00:00,-0.7071067811865477,0.7071067811865474,0.7694148268839378,0.6387494220515272,7.76,65.0,0.0,3.02,0.10452846326765373,-0.9945218953682733,0.0,0.0,0.0,0.0,0.0,0.0,968.375,0.021978719840997817,0.028565500784550377,27.66211682223897,0.0,0.1705094743707444,0.0,-0.1313459941718111,-0.3195659907617397,0.8885999734568054,0,1,0,0,0,-0.7094778735028507,0.0,0.7094778735028507,0
2026-02-20 22:00:00,-0.5000000000000004,0.8660254037844384,0.7694148268839378,0.6387494220515272,6.45,68.0,0.0,3.04,0.3255681544571566,-0.9455185755993168,0.0,0.0,0.0,0.0,0.0,0.0,968.375,0.008547426648325968,0.011108996538242306,10.757674522720393,0.0,0.1201954836951537,0.0,-0.1313459941718111,-0.3195659907617397,0.8993205014076516,0,1,0,0,0,-0.32216589175592353,0.0,0.32216589175592353,0
2026-02-20 23:00:00,-0.25881904510252157,0.9659258262890681,0.7694148268839378,0.6387494220515272,4.99,69.0,0.0,3.02,0.4694715627858907,-0.882947592858927,0.0,0.0,0.0,0.0,0.0,0.0,968.375,0.002974496274859599,0.0038659201394728076,3.74366041506198,0.0,0.11828138806692,0.0,-0.1313459941718111,-0.3195659907617397,0.914876657991418,0,1,0,0,0,0.166011251793855,0.0,0.166011251793855,0
2026-02-21 00:00:00,0.0,1.0,0.7802958510707755,0.6254105729852463,4.69,70.0,0.0,3.08,0.5446390350150273,-0.8386705679454239,0.0,0.0,0.0,0.0,0.0,0.0,968.375,6.527045829228398e-05,8.364834722972752e-05,0.0810029682485874,0.0,0.1129869758578524,0.0,-0.1313459941718111,-0.3195659907617397,0.9149699065334588,0,1,0,0,0,0.10353839235106196,0.0,0.10353839235106196,0
2026-02-21 01:00:00,0.25881904510252074,0.9659258262890683,0.7802958510707755,0.6254105729852463,4.43,71.0,1.0,3.05,0.6427876096865395,-0.7660444431189779,0.0,0.0,0.0,0.0,0.0,0.0,968.375,0.00026176009674162934,0.00033210800162348673,0.32160508607214394,0.0,0.1223302983608129,0.0,-0.1313459941718111,-0.3195659907617397,0.9267636012311442,0,1,0,0,0,0.1899491963299447,0.0,0.1899491963299447,0
2026-02-21 02:00:00,0.49999999999999994,0.8660254037844387,0.7802958510707755,0.6254105729852463,4.18,73.0,1.0,3.09,0.6819983600624985,-0.7313537016191705,0.0,0.0,0.0,0.0,0.0,0.0,968.375,0.0009393669592345319,0.0011918213948799209,1.1541300432668433,0.0,0.1234056957306628,0.0,-0.1313459941718111,-0.3195659907617397,0.922820451579272,0,1,0,0,0,0.10863026144019747,0.0,0.10863026144019747,0
2026-02-21 03:00:00,0.7071067811865476,0.7071067811865476,0.7802958510707755,0.6254105729852463,3.97,76.0,1.0,3.04,0.6560590289905073,-0.754709580222772,0.0,0.0,0.0,0.0,0.0,0.0,968.375,0.0030165614454015855,0.0038272609380780795,3.7062238109113603,0.0,0.1314260673623929,0.0,-0.1313459941718111,-0.3195659907617397,0.8897085950121791,0,1,0,0,0,0.20958411232926336,0.0,0.20958411232926336,0
2026-02-21 04:00:00,0.8660254037844386,0.5000000000000001,0.7802958510707755,0.6254105729852463,3.81,77.0,0.0,3.09,0.6560590289905073,-0.754709580222772,0.0,0.0,0.0,0.0,0.0,0.0,968.375,0.00866830390835008,0.011108996538242306,10.757674522720393,0.0,0.115088099965444,0.0,-0.1313459941718111,-0.3195659907617397,0.8564740240824391,0,1,0,0,0,0.3274130545201017,0.0,0.3274130545201017,0
2026-02-21 05:00:00,0.9659258262890683,0.25881904510252074,0.7802958510707755,0.6254105729852463,3.71,78.0,0.0,3.28,0.7193398003386511,-0.6946583704589974,0.0,0.0,0.0,0.0,0.0,0.0,968.375,0.02228954174594364,0.028565500784550377,27.66211682223897,0.0,0.1155171367687262,0.0,-0.1313459941718111,-0.3195659907617397,0.8871548905596301,0,1,0,0,0,0.3567781568256959,0.0,0.3567781568256959,0
2026-02-21 06:00:00,1.0,6.123233995736766e-17,0.7802958510707755,0.6254105729852463,4.95,75.0,0.0,3.49,0.766044443118978,-0.6427876096865394,0.0,0.0,0.0,0.0,0.0,0.0,968.375,0.05128769817646547,0.06572852861653047,63.649863899032695,0.0,0.1566811520389978,0.0,-0.1313459941718111,-0.0690649787986557,0.9292339389717338,0,1,0,0,0,2.0823279948680784,0.0,2.0823279948680784,0
2026-02-21 07:00:00,0.9659258262890683,-0.25881904510252063,0.7802958510707755,0.6254105729852463,4.66,76.0,0.0,3.46,0.8191520442889917,-0.5735764363510462,0.25881904510252074,0.25881904510252074,0.0,0.25881904510252074,0.25881904510252074,250.6338928011535,968.375,0.10560156001301717,0.1353352832366127,131.05530490425483,0.0,0.1293241829231406,0.0,-0.1313459941718111,-0.3195659907617397,0.9200971389885988,0,1,0,0,0,18.46702217382228,17.690000000000005,0.7770221738222745,0
2026-02-21 08:00:00,0.8660254037844387,-0.4999999999999998,0.7802958510707755,0.6254105729852463,4.57,76.0,0.0,3.5,0.8090169943749475,-0.587785252292473,0.49999999999999994,0.49999999999999994,0.0,0.49999999999999994,0.49999999999999994,484.18749999999994,968.375,0.19456849396425804,0.24935220877729622,241.46644517471424,0.0,0.129783016862021,0.0,-0.1313459941718111,-0.3195659907617397,0.8514909465667287,0,1,0,0,0,78.10317374570047,120.78,42.67682625429953,0
2026-02-21 09:00:00,0.7071067811865476,-0.7071067811865475,0.7802958510707755,0.6254105729852463,5.78,73.0,0.0,3.63,0.6691306063588583,-0.7431448254773941,0.7071067811865476,0.7071067811865476,0.0,0.7071067811865476,0.7071067811865476,684.744529231523,968.375,0.32078921460696175,0.41111229050718745,398.11086431989764,17.690000000000005,0.1159632679252068,0.0,-0.1313459941718111,-0.3195659907617397,0.8637035709699861,0,1,0,0,0,251.3831442131412,300.77,49.386855786858774,0
2026-02-21 10:00:00,0.49999999999999994,-0.8660254037844387,0.7802958510707755,0.6254105729852463,8.18,68.0,0.0,4.94,0.258819045102521,-0.9659258262890682,0.8660254037844386,0.8660254037844386,0.0,0.8660254037844386,0.8660254037844386,838.6373503897557,968.375,0.4732733573209882,0.6065306597126334,587.3491275992214,120.78,0.1446126042267023,0.0,-0.1313459941718111,-0.3195659907617397,0.9149076210590064,0,1,0,0,0,419.604710884499,495.88,76.27528911550098,0
2026-02-21 11:00:00,0.258819045102521,-0.9659258262890682,0.7802958510707755,0.6254105729852463,11.32,59.0,0.0,6.06,-0.052335956242943564,-0.9986295347545738,0.9659258262890683,0.9659258262890683,0.0,0.9659258262890683,0.9659258262890683,935.3784220326766,968.375,0.6248120732931732,0.8007374029168081,775.414082549564,300.77,0.1713805915980392,0.0,-0.1313459941718111,-0.3195659907617397,0.8566708821156362,0,1,0,0,0,502.9796251220353,630.73,127.7503748779647,0
2026-02-21 12:00:00,1.2246467991473532e-16,-1.0,0.7802958510707755,0.6254105729852463,12.47,52.0,0.0,7.36,-0.275637355816999,-0.9612616959383189,1.0,1.0,0.0,1.0,1.0,968.375,968.375,0.7381282488690633,0.9459594689067654,916.043500702589,495.88,0.1691629401088668,0.0,-0.1313459941718111,-0.3195659907617397,0.9191555503065404,0,1,0,0,0,568.1305075085234,705.2899999999998,137.1594924914765,0
2026-02-21 13:00:00,-0.2588190451025208,-0.9659258262890683,0.7802958510707755,0.6254105729852463,13.3,50.0,0.0,8.21,-0.34202014332566866,-0.9396926207859084,0.9659258262890683,0.9659258262890683,0.0,0.9659258262890683,0.9659258262890683,935.3784220326766,968.375,0.7802958510707755,1.0,968.375,630.73,0.1573031164465914,0.0,-0.1313459941718111,-0.0690649787986557,0.9064785397793368,0,1,0,0,0,487.9691727336216,705.7499999999999,217.7808272663783,1
2026-02-21 14:00:00,-0.4999999999999997,-0.8660254037844388,0.7802958510707755,0.6254105729852463,13.37,48.0,1.0,8.61,-0.5000000000000001,-0.8660254037844386,0.8660254037844387,0.8660254037844387,0.0,0.8573651497465943,0.8660254037844387,830.2509768858582,968.375,0.7381282488690633,0.9364998742176978,906.8830656955631,705.2899999999998,0.1278580012980401,0.0,-0.1313459941718111,-0.3195659907617397,0.8738447242286662,0,1,0,0,0,436.11601339376324,628.3000000000001,192.18398660623683,0
2026-02-21 15:00:00,-0.7071067811865471,-0.7071067811865479,0.7802958510707755,0.6254105729852463,13.47,50.0,1.0,8.39,-0.5150380749100542,-0.8571673007021123,0.7071067811865476,0.7071067811865476,0.0,0.7000357133746821,0.7071067811865476,677.8970839392077,968.375,0.6248120732931732,0.79273002888764,767.6599417240684,705.7499999999999,0.143928921862929,0.0,-0.1313459941718111,-0.3195659907617397,0.909782065520486,0,1,0,0,0,330.64676300976197,501.58,170.93323699023802,0
2026-02-21 16:00:00,-0.8660254037844385,-0.5000000000000004,0.7802958510707755,0.6254105729852463,12.97,51.0,38.0,7.56,-0.5150380749100542,-0.8571673007021123,0.49999999999999994,0.49999999999999994,0.0,0.30999999999999994,0.49999999999999994,300.19624999999996,968.375,0.4732733573209882,0.37604900902183275,364.1564591115173,628.3000000000001,0.1707051549000341,0.0,-0.1313459941718111,-0.3195659907617397,0.9022256995617018,0,1,0,0,0,125.48994971449945,296.2,170.71005028550053,0
2026-02-21 17:00:00,-0.9659258262890683,-0.25881904510252063,0.7802958510707755,0.6254105729852463,11.97,57.0,22.0,6.78,-0.46947156278589086,-0.8829475928589269,0.258819045102521,0.258819045102521,0.0,0.2018788551799664,0.258819045102521,195.49443638489996,968.375,0.32078921460696175,0.32066758659560624,310.5264741695202,501.58,0.1713866349238248,0.0,-0.1313459941718111,-0.3195659907617397,0.8674389027407524,0,1,0,0,0,38.5209560308917,85.37000000000005,46.849043969108344,0
2026-02-21 18:00:00,-1.0,-1.8369701987210297e-16,0.7802958510707755,0.6254105729852463,15.95,39.0,0.0,7.17,-0.2419218955996675,-0.9702957262759965,1.2246467991473532e-16,1.2246467991473532e-16,0.0,1.2246467991473532e-16,1.2246467991473532e-16,1.185917344124318e-13,968.375,0.19456849396425804,0.24935220877729622,241.46644517471424,296.2,0.1398221477078259,0.0,-0.1313459941718111,-0.3195659907617397,0.8574781377984672,0,1,0,0,0,69.39760778601921,4.010000000000001,65.3876077860192,0
2026-02-21 19:00:00,-0.9659258262890684,0.2588190451025203,0.7802958510707755,0.6254105729852463,14.85,44.0,3.0,6.44,-0.13917310096006552,-0.9902680687415703,0.0,0.0,0.0,0.0,0.0,0.0,968.375,0.10560156001301717,0.1312752247395143,127.12364575712716,85.37000000000005,0.1341756495032025,0.0,-0.1313459941718111,-0.3195659907617397,0.9478218410244714,0,1,0,0,0,6.852839542355628,0.0,6.852839542355628,0
2026-02-21 20:00:00,-0.8660254037844386,0.5000000000000001,0.7802958510707755,0.6254105729852463,13.61,48.0,4.0,6.31,-0.0348994967025009,-0.9993908270190958,0.0,0.0,0.0,0.0,0.0,0.0,968.375,0.05128769817646547,0.06309938747186926,61.103869343071395,4.010000000000001,0.12834437759587,0.0,-0.1313459941718111,-0.3195659907617397,0.9089692999687614,0,1,0,0,0,-1.4125354658232276,0.0,1.4125354658232276,0
2026-02-21 21:00:00,-0.7071067811865477,0.7071067811865474,0.7802958510707755,0.6254105729852463,12.36,53.0,6.0,6.48,0.03489949670250114,-0.9993908270190958,0.0,0.0,0.0,0.0,0.0,0.0,968.375,0.02228954174594364,0.02685157073747735,26.00238981290463,0.0,0.1121101692522692,0.0,-0.1313459941718111,-0.3195659907617397,0.8942987350299257,0,1,0,0,0,-0.5330226427999416,0.0,0.5330226427999416,0
2026-02-21 22:00:00,-0.5000000000000004,0.8660254037844384,0.7802958510707755,0.6254105729852463,10.83,59.0,5.0,5.74,0.06975647374412552,-0.9975640502598242,0.0,0.0,0.0,0.0,0.0,0.0,968.375,0.00866830390835008,0.01055354671133019,10.219790796584373,0.0,0.1195202436346471,0.0,-0.1313459941718111,-0.3195659907617397,0.9213874664377116,0,1,0,0,0,2.277104995635832,0.0,2.277104995635832,0
2026-02-21 23:00:00,-0.25881904510252157,0.9659258262890681,0.7802958510707755,0.6254105729852463,9.16,64.0,8.0,5.49,0.10452846326765373,-0.9945218953682733,0.0,0.0,0.0,0.0,0.0,0.0,968.375,0.0030165614454015855,0.003556646528314983,3.444167581857022,0.0,0.1329515679661921,0.0,-0.1313459941718111,-0.0690649787986557,0.9310595621618616,0,1,0,0,0,1.3563668629187455,0.0,1.3563668629187455,0
2026-02-22 00:00:00,0.0,1.0,0.7909456567567772,0.6118864012687243,8.95,63.0,16.0,5.51,0.13917310096006533,-0.9902680687415704,0.0,0.0,0.0,0.0,0.0,0.0,968.375,6.616129693623578e-05,7.026461167297112e-05,0.0680424933288134,0.0,0.1293563134903871,0.0,-0.1313459941718111,-0.0690649787986557,0.9217913637835838,0,1,0,0,0,1.0522669364651742,0.0,1.0522669364651742,0
2026-02-22 01:00:00,0.25881904510252074,0.9659258262890683,0.7909456567567772,0.6118864012687243,8.86,66.0,17.0,6.04,0.12186934340514755,-0.992546151641322,0.0,0.0,0.0,0.0,0.0,0.0,968.375,0.00026533270854370663,0.00027843398115908483,0.26962850650492876,0.0,0.1306222919237336,0.0,-0.1313459941718111,-0.3195659907617397,0.9154269860921326,0,1,0,0,0,0.0931312789955806,0.0,0.0931312789955806,0
2026-02-22 02:00:00,0.49999999999999994,0.8660254037844387,0.7909456567567772,0.6118864012687243,9.48,69.0,28.0,7.01,0.01745240643728344,-0.9998476951563913,0.0,0.0,0.0,0.0,0.0,0.0,968.375,0.0009521878342526034,0.0008667791962763061,0.8393673041940679,0.0,0.1712041028885981,0.0,-0.1313459941718111,-0.3195659907617397,0.9365684728176606,0,1,0,0,0,-0.13498739996179188,0.0,0.13498739996179188,0
2026-02-22 03:00:00,0.7071067811865476,0.7071067811865476,0.7909456567567772,0.6118864012687243,9.55,75.0,30.0,7.03,-0.0348994967025009,-0.9993908270190958,0.0,0.0,0.0,0.0,0.0,0.0,968.375,0.0030577327436845715,0.002706144097630965,2.620562290543386,0.0,0.1712186147359836,0.0,-0.1313459941718111,-0.3195659907617397,0.918739076086019,0,1,0,0,0,0.983366587714115,0.0,0.983366587714115,0
2026-02-22 04:00:00,0.8660254037844386,0.5000000000000001,0.7909456567567772,0.6118864012687243,9.33,81.0,98.0,6.65,0.01745240643728344,-0.9998476951563913,0.0,0.0,0.0,0.0,0.0,0.0,968.375,0.008786612562848826,0.00022217993076484633,0.21515349045440807,0.0,0.1701913804440871,0.0,-0.1313459941718111,-0.3195659907617397,0.8905107600552711,0,1,0,0,0,-0.4979084778241827,0.0,0.4979084778241827,0
2026-02-22 05:00:00,0.9659258262890683,0.25881904510252074,0.7909456567567772,0.6118864012687243,9.2,86.0,75.0,6.21,1.2246467991473532e-16,-1.0,0.0,0.0,0.0,0.0,0.0,0.0,968.375,0.022593758778622432,0.007141375196137594,6.915529205559743,0.0,0.169842453757673,0.0,-0.1313459941718111,-0.3195659907617397,0.7697583299635294,0,1,0,0,0,-0.5043020619911744,0.0,0.5043020619911744,0
2026-02-22 06:00:00,1.0,6.123233995736766e-17,0.7909456567567772,0.6118864012687243,11.95,76.0,0.0,6.05,1.2246467991473532e-16,-1.0,0.0,0.0,0.0,0.0,0.0,0.0,968.375,0.05198769423425832,0.06572852861653047,63.649863899032695,0.0,0.1672184574325394,0.0,-0.1313459941718111,-0.0690649787986557,0.5171056275405287,0,1,0,0,0,1.1715442318289333,0.0,1.1715442318289333,0
2026-02-22 07:00:00,0.9659258262890683,-0.25881904510252063,0.7909456567567772,0.6118864012687243,11.32,79.0,8.0,5.94,0.0871557427476582,-0.9961946980917455,0.25881904510252074,0.25881904510252074,0.0,0.23811352149431908,0.25881904510252074,230.58318137706124,968.375,0.10704285448194709,0.1245084605776837,120.57088051191445,0.0,0.1551668466634436,0.0,-0.1313459941718111,-0.3195659907617397,0.8798881520570496,0,1,0,0,0,20.240414074443557,28.80000000000001,8.559585925556455,0
2026-02-22 08:00:00,0.8660254037844387,-0.4999999999999998,0.7909456567567772,0.6118864012687243,11.08,82.0,22.0,6.5,-0.017452406437283637,-0.9998476951563913,0.49999999999999994,0.49999999999999994,0.0,0.38999999999999996,0.49999999999999994,377.66624999999993,968.375,0.19722404653511158,0.19449472284629105,188.3438272362771,0.0,0.114610375717546,0.0,-0.1313459941718111,-0.3195659907617397,0.8689588479870293,0,1,0,0,0,72.32713963078142,71.05,1.27713963078142,0
2026-02-22 09:00:00,0.7071067811865476,-0.7071067811865475,0.7909456567567772,0.6118864012687243,11.31,84.0,37.0,7.12,-0.6018150231520484,-0.7986355100472928,0.7071067811865476,0.7071067811865476,0.0,0.44547727214752497,0.7071067811865476,431.3890534158595,968.375,0.3251674806159904,0.2590007430195281,250.8098445215355,28.80000000000001,0.1164966930218321,0.0,-0.1313459941718111,-0.3195659907617397,0.9292168104662594,0,1,0,0,0,230.81639673846493,47.62,183.19639673846493,0
2026-02-22 10:00:00,0.49999999999999994,-0.8660254037844387,0.7909456567567772,0.6118864012687243,10.53,88.0,76.0,9.82,-0.7986355100472928,-0.6018150231520483,0.8660254037844386,0.8660254037844386,0.0,0.20784609690826525,0.8660254037844386,201.27296409354136,968.375,0.4797327909895302,0.14556735833103202,140.96379062381314,71.05,0.1095444169541762,0.0,-0.1313459941718111,-0.3195659907617397,0.943518214189206,0,1,0,0,0,305.7546239602308,156.23999999999998,149.5146239602308,0
2026-02-22 11:00:00,0.258819045102521,-0.9659258262890682,0.7909456567567772,0.6118864012687243,8.92,95.0,98.0,7.19,-0.848048096156426,-0.529919264233205,0.9659258262890683,0.9659258262890683,0.0,0.019318516525781385,0.9659258262890683,18.70756844065355,968.375,0.6333397710397509,0.016014748058336175,15.508281650991293,47.62,0.1115792480064575,0.0,-0.1313459941718111,-0.3195659907617397,0.9332806981147624,0,1,0,0,0,183.22128127916167,381.8500000000001,198.6287187208384,0
2026-02-22 12:00:00,1.2246467991473532e-16,-1.0,0.7909456567567772,0.6118864012687243,8.58,87.0,100.0,5.83,-0.981627183447664,-0.1908089953765446,1.0,1.0,0.0,0.0,1.0,0.0,968.375,0.7482025333997537,0.0,0.0,156.23999999999998,0.1635576046872519,0.0,-0.1313459941718111,-0.3195659907617397,0.9223985872696157,0,1,0,0,0,275.00554789712254,494.62,219.61445210287746,1
2026-02-22 13:00:00,-0.2588190451025208,-0.9659258262890683,0.7909456567567772,0.6118864012687243,8.66,58.0,75.0,7.97,-0.9063077870366498,0.4226182617406996,0.9659258262890683,0.9659258262890683,0.0,0.24148145657226708,0.9659258262890683,233.84460550816914,968.375,0.7909456567567772,0.25,242.09375,381.8500000000001,0.0938021038675284,0.0,-0.1313459941718111,-0.3195659907617397,0.8895593494330105,0,1,0,0,0,365.36818443097184,492.74000000000007,127.37181556902823,0
2026-02-22 14:00:00,-0.4999999999999997,-0.8660254037844388,0.7909456567567772,0.6118864012687243,7.71,58.0,60.0,8.83,-0.8571673007021123,0.5150380749100542,0.8660254037844387,0.8660254037844387,0.0,0.3464101615137755,0.8660254037844387,335.45494015590236,968.375,0.7482025333997537,0.3783837875627062,366.4174002810356,494.62,0.1394938417404158,0.0,-0.1313459941718111,-0.3195659907617397,0.4256133861546097,0,1,0,0,0,375.3364549852148,439.99,64.65354501478521,0
2026-02-22 15:00:00,-0.7071067811865471,-0.7071067811865479,0.7909456567567772,0.6118864012687243,7.26,55.0,50.0,8.55,-0.8480480961564261,0.5299192642332047,0.7071067811865476,0.7071067811865476,0.0,0.3535533905932738,0.7071067811865476,342.3722646157615,968.375,0.6333397710397509,0.40036870145840403,387.707041274782,492.74000000000007,0.2032762360251757,0.0,-0.1313459941718111,-0.3195659907617397,0.5074068808200984,0,1,0,0,0,258.1979023988376,404.65,146.4520976011624,0
2026-02-22 16:00:00,-0.8660254037844385,-0.5000000000000004,0.7909456567567772,0.6118864012687243,6.34,56.0,0.0,8.7,-0.8090169943749476,0.5877852522924729,0.49999999999999994,0.49999999999999994,0.0,0.49999999999999994,0.49999999999999994,484.18749999999994,968.375,0.4797327909895302,0.6065306597126334,587.3491275992214,439.99,0.0681808211775623,0.0,-0.1313459941718111,-0.0690649787986557,0.938097880664864,0,1,0,0,0,130.16919568459264,290.91,160.7408043154074,0
2026-02-22 17:00:00,-0.9659258262890683,-0.25881904510252063,0.7909456567567772,0.6118864012687243,5.45,54.0,0.0,8.09,-0.7660444431189781,0.6427876096865393,0.258819045102521,0.258819045102521,0.0,0.258819045102521,0.258819045102521,250.6338928011538,968.375,0.3251674806159904,0.41111229050718745,398.11086431989764,404.65,0.0391475042782625,0.0,-0.1313459941718111,-0.0690649787986557,0.9408265234547932,0,0,0,0,1,46.072710047569316,97.38,51.30728995243068,0
2026-02-22 18:00:00,-1.0,-1.8369701987210297e-16,0.7909456567567772,0.6118864012687243,6.95,53.0,0.0,7.16,-0.5877852522924734,0.8090169943749473,1.2246467991473532e-16,1.2246467991473532e-16,0.0,1.2246467991473532e-16,1.2246467991473532e-16,1.185917344124318e-13,968.375,0.19722404653511158,0.24935220877729622,241.46644517471424,290.91,0.0,0.0,-0.1313459941718111,-0.3195659907617397,0.0,0,0,0,0,0,20.609184749626326,5.150000000000002,15.459184749626324,0
2026-02-22 19:00:00,-0.9659258262890684,0.2588190451025203,0.7909456567567772,0.6118864012687243,6.22,52.0,0.0,6.09,-0.4848096202463369,0.8746197071393959,0.0,0.0,0.0,0.0,0.0,0.0,968.375,0.10704285448194709,0.1353352832366127,131.05530490425483,97.38,0.0,0.0,-0.1313459941718111,-0.3195659907617397,0.0,0,0,0,0,0,3.7269135223690406,0.0,3.7269135223690406,0
2026-02-22 20:00:00,-0.8660254037844386,0.5000000000000001,0.7909456567567772,0.6118864012687243,5.25,51.0,0.0,5.56,-0.4694715627858908,0.882947592858927,0.0,0.0,0.0,0.0,0.0,0.0,968.375,0.05198769423425832,0.06572852861653047,63.649863899032695,5.150000000000002,0.0,0.0,-0.1313459941718111,-0.3195659907617397,0.0,0,0,0,0,0,-0.3942791667149221,0.0,0.3942791667149221,0
2026-02-22 21:00:00,-0.7071067811865477,0.7071067811865474,0.7909456567567772,0.6118864012687243,4.3,50.0,0.0,5.43,-0.5150380749100545,0.8571673007021121,0.0,0.0,0.0,0.0,0.0,0.0,968.375,0.022593758778622432,0.028565500784550377,27.66211682223897,0.0,0.0,0.0,-0.1313459941718111,-0.3195659907617397,0.0,0,0,0,0,0,-0.5597337596322163,0.0,0.5597337596322163,0
2026-02-22 22:00:00,-0.5000000000000004,0.8660254037844384,0.7909456567567772,0.6118864012687243,3.25,48.0,0.0,5.55,-0.5000000000000004,0.8660254037844384,0.0,0.0,0.0,0.0,0.0,0.0,968.375,0.008786612562848826,0.011108996538242306,10.757674522720393,0.0,0.0,0.0,-0.1313459941718111,-0.3195659907617397,0.0,0,0,0,0,0,-0.2774925368157865,0.0,0.2774925368157865,0
2026-02-22 23:00:00,-0.25881904510252157,0.9659258262890681,0.7909456567567772,0.6118864012687243,1.91,48.0,0.0,3.64,-0.37460659341591235,0.9271838545667873,0.0,0.0,0.0,0.0,0.0,0.0,968.375,0.0030577327436845715,0.0038659201394728076,3.74366041506198,0.0,0.0,0.0,-0.1313459941718111,-0.3195659907617397,0.0,0,0,0,0,0,-0.059962800780182006,0.0,0.059962800780182006,0
2026-02-23 00:00:00,0.0,1.0,0.8013610881746766,0.5981809144059165,1.64,51.0,7.0,1.8,-0.06975647374412564,0.9975640502598242,0.0,0.0,0.0,0.0,0.0,0.0,968.375,6.703253056002764e-05,7.77929629236466e-05,0.07533276047118627,0.0,0.0,0.0,-0.1313459941718111,-0.3195659907617397,0.0,0,0,0,0,0,0.024607186145714326,0.0,0.024607186145714326,0
2026-02-23 01:00:00,0.25881904510252074,0.9659258262890683,0.8013610881746766,0.5981809144059165,1.53,52.0,20.0,0.97,-0.1736481776669304,0.984807753012208,0.0,0.0,0.0,0.0,0.0,0.0,968.375,0.0002688266965378935,0.0002683701023220095,0.259882897836076,0.0,0.0,0.0,-0.1313459941718111,-0.3195659907617397,0.0,0,0,0,0,0,-1.1997466005533783,0.0,1.1997466005533783,0
2026-02-23 02:00:00,0.49999999999999994,0.8660254037844387,0.8013610881746766,0.5981809144059165,1.41,53.0,16.0,1.13,-0.5000000000000004,0.8660254037844384,0.0,0.0,0.0,0.0,0.0,0.0,968.375,0.0009647265554654892,0.0010112423956556904,0.9792618548930792,0.0,0.0,0.0,-0.1313459941718111,-0.3195659907617397,0.0,0,0,0,0,0,0.02876396922465535,0.0,0.02876396922465535,0
2026-02-23 03:00:00,0.7071067811865476,0.7071067811865476,0.8013610881746766,0.5981809144059165,1.09,53.0,14.0,0.92,-0.19080899537654467,0.981627183447664,0.0,0.0,0.0,0.0,0.0,0.0,968.375,0.0030979979697643265,0.0033246913199466146,3.2195479569533028,0.0,0.0,0.0,-0.1313459941718111,-0.3195659907617397,0.0,0,0,0,0,0,-1.068366295767173,0.0,1.068366295767173,0
2026-02-23 04:00:00,0.8660254037844386,0.5000000000000001,0.8013610881746766,0.5981809144059165,0.83,54.0,1.0,0.93,-0.27563735581699894,0.9612616959383189,0.0,0.0,0.0,0.0,0.0,0.0,968.375,0.00890231755441457,0.010997906572859883,10.650097777493189,0.0,0.0941235734045758,0.0,-0.1313459941718111,-0.0690649787986557,0.8597420351251746,0,1,0,0,0,-1.270471089505512,0.0,1.270471089505512,0
2026-02-23 05:00:00,0.9659258262890683,0.25881904510252074,0.8013610881746766,0.5981809144059165,0.65,53.0,4.0,0.41,0.24192189559966773,0.9702957262759965,0.0,0.0,0.0,0.0,0.0,0.0,968.375,0.022891280792961866,0.02742288075316836,26.55563214934941,0.0,0.0968653359275303,0.0,-0.1313459941718111,-0.0690649787986557,0.8071757298420248,0,1,0,0,0,-2.475791082339683,0.0,2.475791082339683,0
2026-02-23 06:00:00,1.0,6.123233995736766e-17,0.8013610881746766,0.5981809144059165,-1.05,74.0,0.0,1.38,0.12186934340514748,0.992546151641322,0.0,0.0,0.0,0.0,0.0,0.0,968.375,0.05267228521626323,0.06572852861653047,63.649863899032695,0.0,0.0695830890610836,0.0,-0.1313459941718111,-0.0690649787986557,0.8689849599743958,0,1,0,0,0,-2.1948389187235327,0.0,2.1948389187235327,0
2026-02-23 07:00:00,0.9659258262890683,-0.25881904510252063,0.8013610881746766,0.5981809144059165,-0.67,69.0,0.0,1.2,0.24192189559966773,0.9702957262759965,0.25881904510252074,0.25881904510252074,0.0,0.25881904510252074,0.25881904510252074,250.6338928011535,968.375,0.10845242984292001,0.1353352832366127,131.05530490425483,0.0,0.0,0.0,-0.1313459941718111,1.183440081016765,0.8911525998915274,0,0,0,0,1,13.215432079360374,21.11000000000001,7.894567920639636,0
2026-02-23 08:00:00,0.8660254037844387,-0.4999999999999998,0.8013610881746766,0.5981809144059165,0.0,64.0,1.0,1.13,0.5446390350150271,0.838670567945424,0.49999999999999994,0.49999999999999994,0.0,0.49499999999999994,0.49999999999999994,479.3456249999999,968.375,0.19982115736453324,0.24685868668952327,239.0517807229671,0.0,0.1715340606109952,0.0,-0.1313459941718111,-0.0690649787986557,0.9238970320492303,0,0,0,0,1,69.15650932682239,143.4,74.24349067317762,0
2026-02-23 09:00:00,0.7071067811865476,-0.7071067811865475,0.8013610881746766,0.5981809144059165,1.55,54.0,1.0,1.22,0.03489949670250097,0.9993908270190958,0.7071067811865476,0.7071067811865476,0.0,0.7000357133746821,0.7071067811865476,677.8970839392077,968.375,0.3294493924828235,0.4070011676021156,394.12975567669866,21.11000000000001,0.0,0.0,0.1610047670493168,-0.0690649787986557,0.8731047248802681,0,0,0,0,1,267.4099003096666,342.49000000000007,75.08009969033344,0
2026-02-23 10:00:00,0.49999999999999994,-0.8660254037844387,0.8013610881746766,0.5981809144059165,3.56,45.0,0.0,2.62,-0.3090169943749477,0.9510565162951535,0.8660254037844386,0.8660254037844386,0.0,0.8660254037844386,0.8660254037844386,838.6373503897557,968.375,0.4860500694786204,0.6065306597126334,587.3491275992214,143.4,0.0,0.0,-0.1313459941718111,-0.3195659907617397,0.0,0,0,0,0,0,502.7059340831217,541.23,38.52406591687833,0
2026-02-23 11:00:00,0.258819045102521,-0.9659258262890682,0.8013610881746766,0.5981809144059165,5.82,36.0,5.0,3.21,-0.6293203910498378,0.7771459614569706,0.9659258262890683,0.9659258262890683,0.0,0.9176295349746149,0.9659258262890683,888.6095009310427,968.375,0.6416797965435778,0.7607005327709676,736.6433784220858,342.49000000000007,0.1050746434223533,0.0,-0.1313459941718111,-0.3195659907617397,0.5106860912702595,0,1,0,0,0,491.38298017871426,674.3499999999999,182.96701982128565,0
2026-02-23 12:00:00,1.2246467991473532e-16,-1.0,0.8013610881746766,0.5981809144059165,6.38,37.0,31.0,3.88,-0.8290375725550416,0.559192903470747,1.0,1.0,0.0,0.69,1.0,668.1787499999999,968.375,0.7580551093722646,0.6527120335456681,632.0700154847864,541.23,0.0224028069635846,0.0,-0.1313459941718111,-0.3195659907617397,0.2863815744713879,0,1,0,0,0,486.56359759066794,662.24,175.67640240933207,0
2026-02-23 13:00:00,-0.2588190451025208,-0.9659258262890683,0.8013610881746766,0.5981809144059165,6.4,39.0,49.0,4.34,-0.9135454576426011,0.40673664307579976,0.9659258262890683,0.9659258262890683,0.0,0.49262217140742487,0.9659258262890683,477.04299523666504,968.375,0.8013610881746766,0.51,493.87125000000003,674.3499999999999,0.0,0.0,-0.1313459941718111,-0.0690649787986557,0.9211718628722994,0,0,0,0,1,487.73568090335493,502.67,14.934319096645083,0
2026-02-23 14:00:00,-0.4999999999999997,-0.8660254037844388,0.8013610881746766,0.5981809144059165,6.41,42.0,59.0,5.04,-0.9205048534524405,0.3907311284892735,0.8660254037844387,0.8660254037844387,0.0,0.3550704155516199,0.8660254037844387,343.84131365979994,968.375,0.7580551093722646,0.38784338225177384,375.57783528806146,662.24,0.0,0.0400254069044382,-0.1313459941718111,3.437949188684521,0.938482792919004,0,0,0,0,1,430.29713766487265,290.57000000000005,139.7271376648726,0
2026-02-23 15:00:00,-0.7071067811865471,-0.7071067811865479,0.8013610881746766,0.5981809144059165,6.23,39.0,66.0,4.89,-0.8480480961564261,0.5299192642332047,0.7071067811865476,0.7071067811865476,0.0,0.24041630560342614,0.7071067811865476,232.8131399387178,968.375,0.6416797965435778,0.2722507169917147,263.6407880668517,502.67,0.0,0.0446648659628387,-0.1313459941718111,0.1814360331644283,0.6540303612940813,0,0,0,0,1,285.18995496667134,223.94,61.24995496667134,0
2026-02-23 16:00:00,-0.8660254037844385,-0.5000000000000004,0.8013610881746766,0.5981809144059165,6.91,31.0,100.0,4.67,-0.6819983600624983,0.7313537016191707,0.49999999999999994,0.49999999999999994,0.0,0.0,0.49999999999999994,0.0,968.375,0.4860500694786204,0.0,0.0,290.57000000000005,0.0,0.7186172831535698,-0.1313459941718111,2.435945140832185,0.9427576726122144,0,0,0,0,1,85.51019610467753,138.54999999999998,53.03980389532245,0
2026-02-23 17:00:00,-0.9659258262890683,-0.25881904510252063,0.8013610881746766,0.5981809144059165,6.98,30.0,100.0,3.38,0.01745240643728351,0.9998476951563913,0.258819045102521,0.258819045102521,0.0,0.0,0.258819045102521,0.0,968.375,0.3294493924828235,0.0,0.0,223.94,0.0,0.037721438125724,-0.1313459941718111,2.185444128869101,0.7948651255962635,0,0,1,0,0,37.772305459046585,61.74999999999999,23.977694540953408,0
2026-02-23 18:00:00,-1.0,-1.8369701987210297e-16,0.8013610881746766,0.5981809144059165,4.95,42.0,40.0,3.37,0.052335956242943835,0.9986295347545738,1.2246467991473532e-16,1.2246467991473532e-16,0.0,7.347880794884119e-17,1.2246467991473532e-16,7.115504064745908e-14,968.375,0.19982115736453324,0.14961132526637771,144.87986710482852,138.54999999999998,0.0,0.1032321225090089,-0.1313459941718111,0.4319370451275124,0.6847911807601127,0,0,0,0,1,11.04237118526428,4.510000000000002,6.532371185264278,0
2026-02-23 19:00:00,-0.9659258262890684,0.2588190451025203,0.8013610881746766,0.5981809144059165,4.83,40.0,52.0,2.92,0.35836794954530027,0.9335804264972017,0.0,0.0,0.0,0.0,0.0,0.0,968.375,0.10845242984292001,0.06496093595357409,62.90654635404231,61.74999999999999,0.0112432077946396,0.0,-0.1313459941718111,-0.0690649787986557,0.9189195841821725,0,0,0,0,1,13.421955160527911,0.0,13.421955160527911,0
2026-02-23 20:00:00,-0.8660254037844386,0.5000000000000001,0.8013610881746766,0.5981809144059165,4.49,38.0,64.0,2.99,0.3420201433256687,0.9396926207859084,0.0,0.0,0.0,0.0,0.0,0.0,968.375,0.05267228521626323,0.02366227030195097,22.91395100365177,4.510000000000002,0.1180001833349716,0.0,-0.1313459941718111,-0.0690649787986557,0.8305209245655827,0,1,0,0,0,8.733172978237082,0.0,8.733172978237082,0
2026-02-23 21:00:00,-0.7071067811865477,0.7071067811865474,0.8013610881746766,0.5981809144059165,3.83,37.0,76.0,3.29,0.39073112848927377,0.9205048534524404,0.0,0.0,0.0,0.0,0.0,0.0,968.375,0.022891280792961866,0.00685572018829209,6.638908037337353,0.0,0.0,0.0,-0.1313459941718111,-0.3195659907617397,0.0,0,0,0,0,0,10.105275124342029,0.0,10.105275124342029,0
2026-02-23 22:00:00,-0.5000000000000004,0.8660254037844384,0.8013610881746766,0.5981809144059165,3.15,35.0,88.0,3.24,0.5150380749100542,0.8571673007021123,0.0,0.0,0.0,0.0,0.0,0.0,968.375,0.00890231755441457,0.0013330795845890766,1.290920942726447,0.0,0.0,0.0,-0.1313459941718111,-0.3195659907617397,0.0,0,0,0,0,0,11.29585560794885,0.0,11.29585560794885,0
2026-02-23 23:00:00,-0.25881904510252157,0.9659258262890681,0.8013610881746766,0.5981809144059165,2.23,35.0,100.0,3.17,0.49999999999999994,0.8660254037844387,0.0,0.0,0.0,0.0,0.0,0.0,968.375,0.0030979979697643265,0.0,0.0,0.0,0.0081550368766508,0.0,-0.1313459941718111,-0.0690649787986557,0.9344964027742908,0,0,0,0,1,9.321313476446246,0.0,9.321313476446246,0
2026-02-24 00:00:00,0.0,1.0,0.8115390590073611,0.5842981736283684,2.12,36.0,100.0,3.68,0.4383711467890774,0.898794046299167,0.0,0.0,0.0,0.0,0.0,0.0,968.375,6.788390099833407e-05,0.0,0.0,0.0,0.0070711167562659,0.0,-0.1313459941718111,-0.0690649787986557,0.8963272052411789,0,0,0,0,1,10.70890993276002,0.0,10.70890993276002,0
2026-02-24 01:00:00,0.25881904510252074,0.9659258262890683,0.8115390590073611,0.5842981736283684,2.32,36.0,100.0,4.33,0.5446390350150271,0.838670567945424,0.0,0.0,0.0,0.0,0.0,0.0,968.375,0.000272241025380141,0.0,0.0,0.0,0.0037193780049169,0.0,-0.1313459941718111,-0.0690649787986557,0.927177021067822,0,0,0,0,1,11.018692168935344,0.0,11.018692168935344,0
